id,pseudonym,district_id,education_level,languages,consent_json,source,source_ref,fetched_at,license_note,is_synthetic
2e0eff49-62d6-50c1-8954-d7d1437b7a37,C-ITI-A-electrician-2024-001,fd3a219f-22fb-5952-b605-24e02df41044,CLASS_12,"[""mr""]","{""analytics"":true,""contact_by_employers"":false}",Y08,"KaushalSetu synthetic generator v2, seed 20260929",2026-09-28T12:00:00+05:30,"SYNTHETIC demo data (KaushalSetu SIH prototype): fictional entities, team-assumed numbers, not real or official statistics.",true
d467e331-be86-51b8-839b-098f27fb537c,C-ITI-A-electrician-2024-002,fd3a219f-22fb-5952-b605-24e02df41044,CLASS_10,"[""mr"",""hi""]","{""analytics"":true,""contact_by_employers"":true}",Y08,"KaushalSetu synthetic generator v2, seed 20260929",2026-09-28T12:00:00+05:30,"SYNTHETIC demo data (KaushalSetu SIH prototype): fictional entities, team-assumed numbers, not real or official statistics.",true
73231a6c-9cfe-50fb-898a-a24e42ac77b7,C-ITI-A-electrician-2024-003,fd3a219f-22fb-5952-b605-24e02df41044,CLASS_10,"[""mr"",""hi"",""en""]","{""analytics"":true,""contact_by_employers"":true}",Y08,"KaushalSetu synthetic generator v2, seed 20260929",2026-09-28T12:00:00+05:30,"SYNTHETIC demo data (KaushalSetu SIH prototype): fictional entities, team-assumed numbers, not real or official statistics.",true
7c8700d9-bb22-57bd-b2a1-f7286a0d46e4,C-ITI-A-electrician-2024-004,fd3a219f-22fb-5952-b605-24e02df41044,CLASS_10,"[""mr"",""hi""]","{""analytics"":true,""contact_by_employers"":true}",Y08,"KaushalSetu synthetic generator v2, seed 20260929",2026-09-28T12:00:00+05:30,"SYNTHETIC demo data (KaushalSetu SIH prototype): fictional entities, team-assumed numbers, not real or official statistics.",true
966b862f-24b5-5f0f-9dde-c94277a0679a,C-ITI-A-electrician-2024-005,fd3a219f-22fb-5952-b605-24e02df41044,CLASS_10,"[""mr""]","{""analytics"":true,""contact_by_employers"":true}",Y08,"KaushalSetu synthetic generator v2, seed 20260929",2026-09-28T12:00:00+05:30,"SYNTHETIC demo data (KaushalSetu SIH prototype): fictional entities, team-assumed numbers, not real or official statistics.",true
86dae277-5bd5-5df6-80a8-ebea742892b7,C-ITI-A-electrician-2024-006,fd3a219f-22fb-5952-b605-24e02df41044,CLASS_10,"[""mr"",""hi"",""en""]","{""analytics"":true,""contact_by_employers"":false}",Y08,"KaushalSetu synthetic generator v2, seed 20260929",2026-09-28T12:00:00+05:30,"SYNTHETIC demo data (KaushalSetu SIH prototype): fictional entities, team-assumed numbers, not real or official statistics.",true
1e5eb149-8d63-5253-9477-d644e8a57d6e,C-ITI-A-electrician-2024-007,fd3a219f-22fb-5952-b605-24e02df41044,CLASS_10,"[""mr"",""hi""]","{""analytics"":true,""contact_by_employers"":true}",Y08,"KaushalSetu synthetic generator v2, seed 20260929",2026-09-28T12:00:00+05:30,"SYNTHETIC demo data (KaushalSetu SIH prototype): fictional entities, team-assumed numbers, not real or official statistics.",true
ed3c4f80-8afb-5015-acea-9c7049f38b2e,C-ITI-A-electrician-2024-008,fd3a219f-22fb-5952-b605-24e02df41044,CLASS_12,"[""mr"",""en""]","{""analytics"":true,""contact_by_employers"":true}",Y08,"KaushalSetu synthetic generator v2, seed 20260929",2026-09-28T12:00:00+05:30,"SYNTHETIC demo data (KaushalSetu SIH prototype): fictional entities, team-assumed numbers, not real or official statistics.",true
39ffb2b0-906e-5103-8571-43596bff0748,C-ITI-A-electrician-2024-009,fd3a219f-22fb-5952-b605-24e02df41044,CLASS_10,"[""mr"",""hi""]","{""analytics"":true,""contact_by_employers"":true}",Y08,"KaushalSetu synthetic generator v2, seed 20260929",2026-09-28T12:00:00+05:30,"SYNTHETIC demo data (KaushalSetu SIH prototype): fictional entities, team-assumed numbers, not real or official statistics.",true
0725285f-819f-5039-8513-17b00499c07b,C-ITI-A-electrician-2024-010,fd3a219f-22fb-5952-b605-24e02df41044,CLASS_12,"[""mr"",""hi""]","{""analytics"":true,""contact_by_employers"":true}",Y08,"KaushalSetu synthetic generator v2, seed 20260929",2026-09-28T12:00:00+05:30,"SYNTHETIC demo data (KaushalSetu SIH prototype): fictional entities, team-assumed numbers, not real or official statistics.",true
0a8a70f0-7fcb-5a06-8602-d7c3b42b9c32,C-ITI-A-electrician-2024-011,fd3a219f-22fb-5952-b605-24e02df41044,CLASS_12,"[""mr"",""hi""]","{""analytics"":true,""contact_by_employers"":true}",Y08,"KaushalSetu synthetic generator v2, seed 20260929",2026-09-28T12:00:00+05:30,"SYNTHETIC demo data (KaushalSetu SIH prototype): fictional entities, team-assumed numbers, not real or official statistics.",true
90cbe720-0d34-5bec-9749-4003de2ebd7a,C-ITI-A-electrician-2024-012,fd3a219f-22fb-5952-b605-24e02df41044,CLASS_10,"[""mr"",""hi"",""en""]","{""analytics"":true,""contact_by_employers"":true}",Y08,"KaushalSetu synthetic generator v2, seed 20260929",2026-09-28T12:00:00+05:30,"SYNTHETIC demo data (KaushalSetu SIH prototype): fictional entities, team-assumed numbers, not real or official statistics.",true
aaee2a5f-65b9-5c21-91b0-13dc0ac3ae0a,C-ITI-A-electrician-2024-013,fd3a219f-22fb-5952-b605-24e02df41044,CLASS_12,"[""mr"",""hi""]","{""analytics"":true,""contact_by_employers"":true}",Y08,"KaushalSetu synthetic generator v2, seed 20260929",2026-09-28T12:00:00+05:30,"SYNTHETIC demo data (KaushalSetu SIH prototype): fictional entities, team-assumed numbers, not real or official statistics.",true
5991348d-7cc0-5b78-a1b1-e0636f3f2242,C-ITI-A-electrician-2024-014,fd3a219f-22fb-5952-b605-24e02df41044,CLASS_12,"[""mr"",""hi""]","{""analytics"":true,""contact_by_employers"":true}",Y08,"KaushalSetu synthetic generator v2, seed 20260929",2026-09-28T12:00:00+05:30,"SYNTHETIC demo data (KaushalSetu SIH prototype): fictional entities, team-assumed numbers, not real or official statistics.",true
143ba7aa-7e20-53e1-9fd6-10d3cf577131,C-ITI-A-electrician-2024-015,fd3a219f-22fb-5952-b605-24e02df41044,CLASS_12,"[""mr"",""hi""]","{""analytics"":true,""contact_by_employers"":true}",Y08,"KaushalSetu synthetic generator v2, seed 20260929",2026-09-28T12:00:00+05:30,"SYNTHETIC demo data (KaushalSetu SIH prototype): fictional entities, team-assumed numbers, not real or official statistics.",true
ea323116-866f-57b6-92c8-1a77803f1b23,C-ITI-A-electrician-2024-016,fd3a219f-22fb-5952-b605-24e02df41044,CLASS_12,"[""mr"",""hi""]","{""analytics"":true,""contact_by_employers"":false}",Y08,"KaushalSetu synthetic generator v2, seed 20260929",2026-09-28T12:00:00+05:30,"SYNTHETIC demo data (KaushalSetu SIH prototype): fictional entities, team-assumed numbers, not real or official statistics.",true
932677a5-f3f4-5195-98ca-81351fd99027,C-ITI-A-electrician-2024-017,fd3a219f-22fb-5952-b605-24e02df41044,CLASS_10,"[""mr"",""hi""]","{""analytics"":true,""contact_by_employers"":false}",Y08,"KaushalSetu synthetic generator v2, seed 20260929",2026-09-28T12:00:00+05:30,"SYNTHETIC demo data (KaushalSetu SIH prototype): fictional entities, team-assumed numbers, not real or official statistics.",true
d0976b1f-40cb-510b-b8b3-11643d75492f,C-ITI-A-electrician-2024-018,fd3a219f-22fb-5952-b605-24e02df41044,CLASS_10,"[""mr"",""hi""]","{""analytics"":true,""contact_by_employers"":true}",Y08,"KaushalSetu synthetic generator v2, seed 20260929",2026-09-28T12:00:00+05:30,"SYNTHETIC demo data (KaushalSetu SIH prototype): fictional entities, team-assumed numbers, not real or official statistics.",true
131e830c-c527-580d-a85f-38bf5df8ebc0,C-ITI-A-electrician-2024-019,fd3a219f-22fb-5952-b605-24e02df41044,CLASS_10,"[""mr"",""hi""]","{""analytics"":true,""contact_by_employers"":true}",Y08,"KaushalSetu synthetic generator v2, seed 20260929",2026-09-28T12:00:00+05:30,"SYNTHETIC demo data (KaushalSetu SIH prototype): fictional entities, team-assumed numbers, not real or official statistics.",true
636a9815-3608-50ca-b9ab-9b50710bfe7d,C-ITI-A-electrician-2024-020,fd3a219f-22fb-5952-b605-24e02df41044,CLASS_10,"[""mr"",""hi"",""en""]","{""analytics"":true,""contact_by_employers"":true}",Y08,"KaushalSetu synthetic generator v2, seed 20260929",2026-09-28T12:00:00+05:30,"SYNTHETIC demo data (KaushalSetu SIH prototype): fictional entities, team-assumed numbers, not real or official statistics.",true
495292ed-f2ed-5a52-a982-05654154568b,C-ITI-A-electrician-2024-021,fd3a219f-22fb-5952-b605-24e02df41044,CLASS_10,"[""mr"",""hi"",""en""]","{""analytics"":true,""contact_by_employers"":true}",Y08,"KaushalSetu synthetic generator v2, seed 20260929",2026-09-28T12:00:00+05:30,"SYNTHETIC demo data (KaushalSetu SIH prototype): fictional entities, team-assumed numbers, not real or official statistics.",true
a9b78c80-ee44-5401-8276-e5446ce3601b,C-ITI-A-electrician-2024-022,fd3a219f-22fb-5952-b605-24e02df41044,CLASS_12,"[""mr"",""hi"",""en""]","{""analytics"":true,""contact_by_employers"":true}",Y08,"KaushalSetu synthetic generator v2, seed 20260929",2026-09-28T12:00:00+05:30,"SYNTHETIC demo data (KaushalSetu SIH prototype): fictional entities, team-assumed numbers, not real or official statistics.",true
70f1ed33-83cd-57eb-8953-193847e11955,C-ITI-A-electrician-2024-023,fd3a219f-22fb-5952-b605-24e02df41044,CLASS_10,"[""mr""]","{""analytics"":true,""contact_by_employers"":true}",Y08,"KaushalSetu synthetic generator v2, seed 20260929",2026-09-28T12:00:00+05:30,"SYNTHETIC demo data (KaushalSetu SIH prototype): fictional entities, team-assumed numbers, not real or official statistics.",true
8fe5dadc-9b2c-581f-852c-4f3133a044f6,C-ITI-A-electrician-2024-024,fd3a219f-22fb-5952-b605-24e02df41044,CLASS_12,"[""mr"",""hi""]","{""analytics"":true,""contact_by_employers"":true}",Y08,"KaushalSetu synthetic generator v2, seed 20260929",2026-09-28T12:00:00+05:30,"SYNTHETIC demo data (KaushalSetu SIH prototype): fictional entities, team-assumed numbers, not real or official statistics.",true
3c721ce1-9c64-5d3f-b115-d922c8d3dc3b,C-ITI-A-electrician-2024-025,fd3a219f-22fb-5952-b605-24e02df41044,CLASS_10,"[""mr"",""hi"",""en""]","{""analytics"":true,""contact_by_employers"":false}",Y08,"KaushalSetu synthetic generator v2, seed 20260929",2026-09-28T12:00:00+05:30,"SYNTHETIC demo data (KaushalSetu SIH prototype): fictional entities, team-assumed numbers, not real or official statistics.",true
2b93aa50-9214-52ef-871d-0d1b1a13baef,C-ITI-A-electrician-2024-026,fd3a219f-22fb-5952-b605-24e02df41044,CLASS_10,"[""mr"",""hi""]","{""analytics"":true,""contact_by_employers"":true}",Y08,"KaushalSetu synthetic generator v2, seed 20260929",2026-09-28T12:00:00+05:30,"SYNTHETIC demo data (KaushalSetu SIH prototype): fictional entities, team-assumed numbers, not real or official statistics.",true
14217410-17eb-5eec-9e08-a480990c4985,C-ITI-A-electrician-2024-027,fd3a219f-22fb-5952-b605-24e02df41044,CLASS_12,"[""mr""]","{""analytics"":true,""contact_by_employers"":true}",Y08,"KaushalSetu synthetic generator v2, seed 20260929",2026-09-28T12:00:00+05:30,"SYNTHETIC demo data (KaushalSetu SIH prototype): fictional entities, team-assumed numbers, not real or official statistics.",true
ab7fb08e-2cb7-5b5c-bd88-eca2d409bdfa,C-ITI-A-electrician-2024-028,fd3a219f-22fb-5952-b605-24e02df41044,CLASS_10,"[""mr"",""hi""]","{""analytics"":true,""contact_by_employers"":true}",Y08,"KaushalSetu synthetic generator v2, seed 20260929",2026-09-28T12:00:00+05:30,"SYNTHETIC demo data (KaushalSetu SIH prototype): fictional entities, team-assumed numbers, not real or official statistics.",true
1471006a-4240-5eaa-8a23-e50abfa10c79,C-ITI-A-electrician-2024-029,fd3a219f-22fb-5952-b605-24e02df41044,CLASS_10,"[""mr"",""hi""]","{""analytics"":true,""contact_by_employers"":true}",Y08,"KaushalSetu synthetic generator v2, seed 20260929",2026-09-28T12:00:00+05:30,"SYNTHETIC demo data (KaushalSetu SIH prototype): fictional entities, team-assumed numbers, not real or official statistics.",true
ba7763b2-a2db-5ebd-9a9e-18cc2c0b4b6f,C-ITI-A-electrician-2024-030,fd3a219f-22fb-5952-b605-24e02df41044,CLASS_10,"[""mr"",""hi"",""en""]","{""analytics"":true,""contact_by_employers"":true}",Y08,"KaushalSetu synthetic generator v2, seed 20260929",2026-09-28T12:00:00+05:30,"SYNTHETIC demo data (KaushalSetu SIH prototype): fictional entities, team-assumed numbers, not real or official statistics.",true
07883e7c-1999-5a0e-985a-507ee12f5797,C-ITI-A-electrician-2024-031,fd3a219f-22fb-5952-b605-24e02df41044,CLASS_12,"[""mr"",""hi"",""en""]","{""analytics"":true,""contact_by_employers"":true}",Y08,"KaushalSetu synthetic generator v2, seed 20260929",2026-09-28T12:00:00+05:30,"SYNTHETIC demo data (KaushalSetu SIH prototype): fictional entities, team-assumed numbers, not real or official statistics.",true
59afab35-3838-53c1-86ef-5710e57bf60d,C-ITI-A-electrician-2024-032,fd3a219f-22fb-5952-b605-24e02df41044,CLASS_12,"[""mr"",""hi""]","{""analytics"":true,""contact_by_employers"":true}",Y08,"KaushalSetu synthetic generator v2, seed 20260929",2026-09-28T12:00:00+05:30,"SYNTHETIC demo data (KaushalSetu SIH prototype): fictional entities, team-assumed numbers, not real or official statistics.",true
d930aa91-6ce1-5f05-91e5-43cd007b55e5,C-ITI-A-electrician-2024-033,fd3a219f-22fb-5952-b605-24e02df41044,CLASS_10,"[""mr"",""hi""]","{""analytics"":true,""contact_by_employers"":false}",Y08,"KaushalSetu synthetic generator v2, seed 20260929",2026-09-28T12:00:00+05:30,"SYNTHETIC demo data (KaushalSetu SIH prototype): fictional entities, team-assumed numbers, not real or official statistics.",true
a3b28269-023d-5c6c-a3f0-fa2da5cb76e3,C-ITI-A-electrician-2024-034,fd3a219f-22fb-5952-b605-24e02df41044,CLASS_12,"[""mr"",""hi"",""en""]","{""analytics"":true,""contact_by_employers"":false}",Y08,"KaushalSetu synthetic generator v2, seed 20260929",2026-09-28T12:00:00+05:30,"SYNTHETIC demo data (KaushalSetu SIH prototype): fictional entities, team-assumed numbers, not real or official statistics.",true
1f325f32-2cfd-5d65-b62a-27cc899f0752,C-ITI-A-electrician-2024-035,fd3a219f-22fb-5952-b605-24e02df41044,CLASS_10,"[""mr"",""en""]","{""analytics"":true,""contact_by_employers"":false}",Y08,"KaushalSetu synthetic generator v2, seed 20260929",2026-09-28T12:00:00+05:30,"SYNTHETIC demo data (KaushalSetu SIH prototype): fictional entities, team-assumed numbers, not real or official statistics.",true
5ce2361a-6939-5acf-b8b5-7464c999bf3c,C-ITI-A-electrician-2024-036,fd3a219f-22fb-5952-b605-24e02df41044,CLASS_10,"[""mr""]","{""analytics"":true,""contact_by_employers"":true}",Y08,"KaushalSetu synthetic generator v2, seed 20260929",2026-09-28T12:00:00+05:30,"SYNTHETIC demo data (KaushalSetu SIH prototype): fictional entities, team-assumed numbers, not real or official statistics.",true
cd97892a-d798-5de6-9464-14bd0b47d038,C-ITI-A-electrician-2024-037,fd3a219f-22fb-5952-b605-24e02df41044,CLASS_10,"[""mr"",""hi"",""en""]","{""analytics"":true,""contact_by_employers"":true}",Y08,"KaushalSetu synthetic generator v2, seed 20260929",2026-09-28T12:00:00+05:30,"SYNTHETIC demo data (KaushalSetu SIH prototype): fictional entities, team-assumed numbers, not real or official statistics.",true
be9e88b5-8e16-5dd6-981d-ef32e3667bd6,C-ITI-A-electrician-2024-038,fd3a219f-22fb-5952-b605-24e02df41044,CLASS_10,"[""mr"",""en""]","{""analytics"":true,""contact_by_employers"":true}",Y08,"KaushalSetu synthetic generator v2, seed 20260929",2026-09-28T12:00:00+05:30,"SYNTHETIC demo data (KaushalSetu SIH prototype): fictional entities, team-assumed numbers, not real or official statistics.",true
cc2a1585-dfff-56a4-ab00-6bcf7c897fab,C-ITI-A-electrician-2024-039,fd3a219f-22fb-5952-b605-24e02df41044,CLASS_10,"[""mr"",""hi""]","{""analytics"":true,""contact_by_employers"":true}",Y08,"KaushalSetu synthetic generator v2, seed 20260929",2026-09-28T12:00:00+05:30,"SYNTHETIC demo data (KaushalSetu SIH prototype): fictional entities, team-assumed numbers, not real or official statistics.",true
e7986a9e-ecd6-596f-bb96-9733f0b6f822,C-ITI-A-electrician-2024-040,fd3a219f-22fb-5952-b605-24e02df41044,CLASS_10,"[""mr"",""hi""]","{""analytics"":true,""contact_by_employers"":false}",Y08,"KaushalSetu synthetic generator v2, seed 20260929",2026-09-28T12:00:00+05:30,"SYNTHETIC demo data (KaushalSetu SIH prototype): fictional entities, team-assumed numbers, not real or official statistics.",true
7504e220-d802-56ef-9b8d-6563c3bb48b6,C-ITI-A-electrician-2024-041,fd3a219f-22fb-5952-b605-24e02df41044,CLASS_10,"[""mr""]","{""analytics"":true,""contact_by_employers"":true}",Y08,"KaushalSetu synthetic generator v2, seed 20260929",2026-09-28T12:00:00+05:30,"SYNTHETIC demo data (KaushalSetu SIH prototype): fictional entities, team-assumed numbers, not real or official statistics.",true
cfad0ed5-70fc-5fb3-9a98-3d53beb3e624,C-ITI-A-electrician-2024-042,fd3a219f-22fb-5952-b605-24e02df41044,CLASS_12,"[""mr"",""hi""]","{""analytics"":true,""contact_by_employers"":false}",Y08,"KaushalSetu synthetic generator v2, seed 20260929",2026-09-28T12:00:00+05:30,"SYNTHETIC demo data (KaushalSetu SIH prototype): fictional entities, team-assumed numbers, not real or official statistics.",true
73e17046-589c-5145-8b4f-408f093942fe,C-ITI-A-electrician-2024-043,fd3a219f-22fb-5952-b605-24e02df41044,CLASS_10,"[""mr"",""hi"",""en""]","{""analytics"":true,""contact_by_employers"":true}",Y08,"KaushalSetu synthetic generator v2, seed 20260929",2026-09-28T12:00:00+05:30,"SYNTHETIC demo data (KaushalSetu SIH prototype): fictional entities, team-assumed numbers, not real or official statistics.",true
c22753fd-3bad-581a-888b-177da174f1c3,C-ITI-A-electrician-2024-044,fd3a219f-22fb-5952-b605-24e02df41044,CLASS_10,"[""mr""]","{""analytics"":true,""contact_by_employers"":true}",Y08,"KaushalSetu synthetic generator v2, seed 20260929",2026-09-28T12:00:00+05:30,"SYNTHETIC demo data (KaushalSetu SIH prototype): fictional entities, team-assumed numbers, not real or official statistics.",true
b44bcad5-348b-5758-bbac-2d77ee1bd052,C-ITI-A-electrician-2024-045,fd3a219f-22fb-5952-b605-24e02df41044,CLASS_10,"[""mr""]","{""analytics"":true,""contact_by_employers"":true}",Y08,"KaushalSetu synthetic generator v2, seed 20260929",2026-09-28T12:00:00+05:30,"SYNTHETIC demo data (KaushalSetu SIH prototype): fictional entities, team-assumed numbers, not real or official statistics.",true
0286232f-de79-5af0-8810-c3e86d6453eb,C-ITI-A-electrician-2024-046,fd3a219f-22fb-5952-b605-24e02df41044,CLASS_12,"[""mr"",""hi"",""en""]","{""analytics"":true,""contact_by_employers"":false}",Y08,"KaushalSetu synthetic generator v2, seed 20260929",2026-09-28T12:00:00+05:30,"SYNTHETIC demo data (KaushalSetu SIH prototype): fictional entities, team-assumed numbers, not real or official statistics.",true
159d8c31-5120-56a7-a774-7d6b43c9e2d4,C-ITI-A-electrician-2024-047,fd3a219f-22fb-5952-b605-24e02df41044,CLASS_10,"[""mr"",""hi""]","{""analytics"":true,""contact_by_employers"":true}",Y08,"KaushalSetu synthetic generator v2, seed 20260929",2026-09-28T12:00:00+05:30,"SYNTHETIC demo data (KaushalSetu SIH prototype): fictional entities, team-assumed numbers, not real or official statistics.",true
193e4fef-00bf-5a15-9154-caa0b558f232,C-ITI-A-electrician-2024-048,fd3a219f-22fb-5952-b605-24e02df41044,CLASS_12,"[""mr"",""hi""]","{""analytics"":true,""contact_by_employers"":false}",Y08,"KaushalSetu synthetic generator v2, seed 20260929",2026-09-28T12:00:00+05:30,"SYNTHETIC demo data (KaushalSetu SIH prototype): fictional entities, team-assumed numbers, not real or official statistics.",true
0e367a0a-8697-5150-974d-dc67901e947d,C-ITI-A-electrician-2024-049,fd3a219f-22fb-5952-b605-24e02df41044,CLASS_10,"[""mr""]","{""analytics"":true,""contact_by_employers"":true}",Y08,"KaushalSetu synthetic generator v2, seed 20260929",2026-09-28T12:00:00+05:30,"SYNTHETIC demo data (KaushalSetu SIH prototype): fictional entities, team-assumed numbers, not real or official statistics.",true
1c31138e-af9b-584f-aa1d-89c8238140eb,C-ITI-A-electrician-2024-050,fd3a219f-22fb-5952-b605-24e02df41044,CLASS_10,"[""mr"",""en""]","{""analytics"":true,""contact_by_employers"":false}",Y08,"KaushalSetu synthetic generator v2, seed 20260929",2026-09-28T12:00:00+05:30,"SYNTHETIC demo data (KaushalSetu SIH prototype): fictional entities, team-assumed numbers, not real or official statistics.",true
09dec5c7-e741-5780-9377-6f873ec54f1b,C-ITI-A-electrician-2024-051,fd3a219f-22fb-5952-b605-24e02df41044,CLASS_10,"[""mr"",""hi"",""en""]","{""analytics"":true,""contact_by_employers"":true}",Y08,"KaushalSetu synthetic generator v2, seed 20260929",2026-09-28T12:00:00+05:30,"SYNTHETIC demo data (KaushalSetu SIH prototype): fictional entities, team-assumed numbers, not real or official statistics.",true
9675bf8b-2a69-5223-961a-5dd8fe35e2b3,C-ITI-A-electrician-2024-052,fd3a219f-22fb-5952-b605-24e02df41044,CLASS_12,"[""mr"",""hi"",""en""]","{""analytics"":true,""contact_by_employers"":false}",Y08,"KaushalSetu synthetic generator v2, seed 20260929",2026-09-28T12:00:00+05:30,"SYNTHETIC demo data (KaushalSetu SIH prototype): fictional entities, team-assumed numbers, not real or official statistics.",true
2302a5e6-6ff2-53ce-8f10-2cb312bff3ad,C-ITI-A-electrician-2024-053,fd3a219f-22fb-5952-b605-24e02df41044,CLASS_10,"[""mr""]","{""analytics"":true,""contact_by_employers"":true}",Y08,"KaushalSetu synthetic generator v2, seed 20260929",2026-09-28T12:00:00+05:30,"SYNTHETIC demo data (KaushalSetu SIH prototype): fictional entities, team-assumed numbers, not real or official statistics.",true
5323554b-d7e9-5740-8ce9-5754ac3e6627,C-ITI-A-electrician-2024-054,fd3a219f-22fb-5952-b605-24e02df41044,CLASS_10,"[""mr"",""hi""]","{""analytics"":true,""contact_by_employers"":true}",Y08,"KaushalSetu synthetic generator v2, seed 20260929",2026-09-28T12:00:00+05:30,"SYNTHETIC demo data (KaushalSetu SIH prototype): fictional entities, team-assumed numbers, not real or official statistics.",true
6e08777b-f9e5-5823-bdc6-4caed3ed5c25,C-ITI-A-electrician-2024-055,fd3a219f-22fb-5952-b605-24e02df41044,CLASS_10,"[""mr""]","{""analytics"":true,""contact_by_employers"":true}",Y08,"KaushalSetu synthetic generator v2, seed 20260929",2026-09-28T12:00:00+05:30,"SYNTHETIC demo data (KaushalSetu SIH prototype): fictional entities, team-assumed numbers, not real or official statistics.",true
199d9d77-7f80-5ffd-89ef-be24797f2ebd,C-ITI-A-electrician-2024-056,fd3a219f-22fb-5952-b605-24e02df41044,CLASS_10,"[""mr"",""en""]","{""analytics"":true,""contact_by_employers"":true}",Y08,"KaushalSetu synthetic generator v2, seed 20260929",2026-09-28T12:00:00+05:30,"SYNTHETIC demo data (KaushalSetu SIH prototype): fictional entities, team-assumed numbers, not real or official statistics.",true
689809c0-e020-55e5-8f05-cf935605a560,C-ITI-A-electrician-2024-057,fd3a219f-22fb-5952-b605-24e02df41044,CLASS_10,"[""mr"",""hi"",""en""]","{""analytics"":true,""contact_by_employers"":true}",Y08,"KaushalSetu synthetic generator v2, seed 20260929",2026-09-28T12:00:00+05:30,"SYNTHETIC demo data (KaushalSetu SIH prototype): fictional entities, team-assumed numbers, not real or official statistics.",true
2ff15518-c209-5c3c-85cd-15a4872d223c,C-ITI-A-electrician-2024-058,fd3a219f-22fb-5952-b605-24e02df41044,CLASS_10,"[""mr"",""hi"",""en""]","{""analytics"":true,""contact_by_employers"":true}",Y08,"KaushalSetu synthetic generator v2, seed 20260929",2026-09-28T12:00:00+05:30,"SYNTHETIC demo data (KaushalSetu SIH prototype): fictional entities, team-assumed numbers, not real or official statistics.",true
bdb0ce28-18e1-5de8-a9ae-a0a98543348c,C-ITI-A-electrician-2025-001,fd3a219f-22fb-5952-b605-24e02df41044,CLASS_12,"[""mr"",""hi""]","{""analytics"":true,""contact_by_employers"":true}",Y08,"KaushalSetu synthetic generator v2, seed 20260929",2026-09-28T12:00:00+05:30,"SYNTHETIC demo data (KaushalSetu SIH prototype): fictional entities, team-assumed numbers, not real or official statistics.",true
7cb940be-8f83-51b3-8dd6-90c90ada3b1b,C-ITI-A-electrician-2025-002,fd3a219f-22fb-5952-b605-24e02df41044,CLASS_10,"[""mr"",""hi"",""en""]","{""analytics"":true,""contact_by_employers"":true}",Y08,"KaushalSetu synthetic generator v2, seed 20260929",2026-09-28T12:00:00+05:30,"SYNTHETIC demo data (KaushalSetu SIH prototype): fictional entities, team-assumed numbers, not real or official statistics.",true
e2e86d41-1f38-5c42-b1e5-c9d30a3bf3c6,C-ITI-A-electrician-2025-003,fd3a219f-22fb-5952-b605-24e02df41044,CLASS_10,"[""mr"",""hi"",""en""]","{""analytics"":true,""contact_by_employers"":true}",Y08,"KaushalSetu synthetic generator v2, seed 20260929",2026-09-28T12:00:00+05:30,"SYNTHETIC demo data (KaushalSetu SIH prototype): fictional entities, team-assumed numbers, not real or official statistics.",true
b9a666f8-6b88-50d9-be45-597277b975fa,C-ITI-A-electrician-2025-004,fd3a219f-22fb-5952-b605-24e02df41044,CLASS_10,"[""mr"",""hi"",""en""]","{""analytics"":true,""contact_by_employers"":true}",Y08,"KaushalSetu synthetic generator v2, seed 20260929",2026-09-28T12:00:00+05:30,"SYNTHETIC demo data (KaushalSetu SIH prototype): fictional entities, team-assumed numbers, not real or official statistics.",true
0b1cfacc-2ab0-509c-9cc9-e3ad14cdec4a,C-ITI-A-electrician-2025-005,fd3a219f-22fb-5952-b605-24e02df41044,CLASS_10,"[""mr"",""hi""]","{""analytics"":true,""contact_by_employers"":true}",Y08,"KaushalSetu synthetic generator v2, seed 20260929",2026-09-28T12:00:00+05:30,"SYNTHETIC demo data (KaushalSetu SIH prototype): fictional entities, team-assumed numbers, not real or official statistics.",true
a4f720d6-8087-55da-aeae-66766340d988,C-ITI-A-electrician-2025-006,fd3a219f-22fb-5952-b605-24e02df41044,CLASS_10,"[""mr"",""hi""]","{""analytics"":true,""contact_by_employers"":true}",Y08,"KaushalSetu synthetic generator v2, seed 20260929",2026-09-28T12:00:00+05:30,"SYNTHETIC demo data (KaushalSetu SIH prototype): fictional entities, team-assumed numbers, not real or official statistics.",true
0a6a9477-0106-5043-8086-e7f753ad8d96,C-ITI-A-electrician-2025-007,fd3a219f-22fb-5952-b605-24e02df41044,CLASS_10,"[""mr"",""hi"",""en""]","{""analytics"":true,""contact_by_employers"":true}",Y08,"KaushalSetu synthetic generator v2, seed 20260929",2026-09-28T12:00:00+05:30,"SYNTHETIC demo data (KaushalSetu SIH prototype): fictional entities, team-assumed numbers, not real or official statistics.",true
92763413-a5de-5553-8cb1-76fbe4acad49,C-ITI-A-electrician-2025-008,fd3a219f-22fb-5952-b605-24e02df41044,CLASS_10,"[""mr"",""hi"",""en""]","{""analytics"":true,""contact_by_employers"":true}",Y08,"KaushalSetu synthetic generator v2, seed 20260929",2026-09-28T12:00:00+05:30,"SYNTHETIC demo data (KaushalSetu SIH prototype): fictional entities, team-assumed numbers, not real or official statistics.",true
42cb7237-04eb-5959-a39d-115dae4dc052,C-ITI-A-electrician-2025-009,fd3a219f-22fb-5952-b605-24e02df41044,CLASS_12,"[""mr"",""hi""]","{""analytics"":true,""contact_by_employers"":true}",Y08,"KaushalSetu synthetic generator v2, seed 20260929",2026-09-28T12:00:00+05:30,"SYNTHETIC demo data (KaushalSetu SIH prototype): fictional entities, team-assumed numbers, not real or official statistics.",true
bd571fcc-1925-5b72-a2ca-437eb7af8bbc,C-ITI-A-electrician-2025-010,fd3a219f-22fb-5952-b605-24e02df41044,CLASS_10,"[""mr"",""hi""]","{""analytics"":true,""contact_by_employers"":true}",Y08,"KaushalSetu synthetic generator v2, seed 20260929",2026-09-28T12:00:00+05:30,"SYNTHETIC demo data (KaushalSetu SIH prototype): fictional entities, team-assumed numbers, not real or official statistics.",true
17cf73ab-2baf-5b8f-8897-bf776a692ae1,C-ITI-A-electrician-2025-011,fd3a219f-22fb-5952-b605-24e02df41044,CLASS_10,"[""mr""]","{""analytics"":true,""contact_by_employers"":false}",Y08,"KaushalSetu synthetic generator v2, seed 20260929",2026-09-28T12:00:00+05:30,"SYNTHETIC demo data (KaushalSetu SIH prototype): fictional entities, team-assumed numbers, not real or official statistics.",true
125630bf-e380-53e1-af84-8afe2c6bdcd3,C-ITI-A-electrician-2025-012,fd3a219f-22fb-5952-b605-24e02df41044,CLASS_12,"[""mr""]","{""analytics"":true,""contact_by_employers"":true}",Y08,"KaushalSetu synthetic generator v2, seed 20260929",2026-09-28T12:00:00+05:30,"SYNTHETIC demo data (KaushalSetu SIH prototype): fictional entities, team-assumed numbers, not real or official statistics.",true
a412ebb5-faea-5337-b360-22b83163a542,C-ITI-A-electrician-2025-013,fd3a219f-22fb-5952-b605-24e02df41044,CLASS_10,"[""mr"",""hi""]","{""analytics"":true,""contact_by_employers"":false}",Y08,"KaushalSetu synthetic generator v2, seed 20260929",2026-09-28T12:00:00+05:30,"SYNTHETIC demo data (KaushalSetu SIH prototype): fictional entities, team-assumed numbers, not real or official statistics.",true
e0cd4c34-a224-54c0-8334-fdd891da5bd9,C-ITI-A-electrician-2025-014,fd3a219f-22fb-5952-b605-24e02df41044,CLASS_12,"[""mr""]","{""analytics"":true,""contact_by_employers"":true}",Y08,"KaushalSetu synthetic generator v2, seed 20260929",2026-09-28T12:00:00+05:30,"SYNTHETIC demo data (KaushalSetu SIH prototype): fictional entities, team-assumed numbers, not real or official statistics.",true
b8ce57eb-0d6c-52c9-a219-47d24fa536b5,C-ITI-A-electrician-2025-015,fd3a219f-22fb-5952-b605-24e02df41044,CLASS_10,"[""mr"",""hi"",""en""]","{""analytics"":true,""contact_by_employers"":true}",Y08,"KaushalSetu synthetic generator v2, seed 20260929",2026-09-28T12:00:00+05:30,"SYNTHETIC demo data (KaushalSetu SIH prototype): fictional entities, team-assumed numbers, not real or official statistics.",true
bcd8eb1e-babc-5ee1-a4a8-9c077fec7bc4,C-ITI-A-electrician-2025-016,fd3a219f-22fb-5952-b605-24e02df41044,CLASS_10,"[""mr"",""hi"",""en""]","{""analytics"":true,""contact_by_employers"":false}",Y08,"KaushalSetu synthetic generator v2, seed 20260929",2026-09-28T12:00:00+05:30,"SYNTHETIC demo data (KaushalSetu SIH prototype): fictional entities, team-assumed numbers, not real or official statistics.",true
ded06133-fd39-5c3d-9ec5-2cc7b4302861,C-ITI-A-electrician-2025-017,fd3a219f-22fb-5952-b605-24e02df41044,CLASS_10,"[""mr"",""hi""]","{""analytics"":true,""contact_by_employers"":true}",Y08,"KaushalSetu synthetic generator v2, seed 20260929",2026-09-28T12:00:00+05:30,"SYNTHETIC demo data (KaushalSetu SIH prototype): fictional entities, team-assumed numbers, not real or official statistics.",true
0da74428-ae6c-55e4-8c8e-ee0c650505ed,C-ITI-A-electrician-2025-018,fd3a219f-22fb-5952-b605-24e02df41044,CLASS_12,"[""mr"",""hi"",""en""]","{""analytics"":true,""contact_by_employers"":true}",Y08,"KaushalSetu synthetic generator v2, seed 20260929",2026-09-28T12:00:00+05:30,"SYNTHETIC demo data (KaushalSetu SIH prototype): fictional entities, team-assumed numbers, not real or official statistics.",true
21b4fa5b-ded9-5c05-ab7e-e9932d26f6c2,C-ITI-A-electrician-2025-019,fd3a219f-22fb-5952-b605-24e02df41044,CLASS_10,"[""mr""]","{""analytics"":true,""contact_by_employers"":true}",Y08,"KaushalSetu synthetic generator v2, seed 20260929",2026-09-28T12:00:00+05:30,"SYNTHETIC demo data (KaushalSetu SIH prototype): fictional entities, team-assumed numbers, not real or official statistics.",true
48ee7108-b396-5cfd-a5e6-5fd2c6b2fcf3,C-ITI-A-electrician-2025-020,fd3a219f-22fb-5952-b605-24e02df41044,CLASS_10,"[""mr"",""hi"",""en""]","{""analytics"":true,""contact_by_employers"":true}",Y08,"KaushalSetu synthetic generator v2, seed 20260929",2026-09-28T12:00:00+05:30,"SYNTHETIC demo data (KaushalSetu SIH prototype): fictional entities, team-assumed numbers, not real or official statistics.",true
846b6856-46b4-59de-8786-ac140523a702,C-ITI-A-electrician-2025-021,fd3a219f-22fb-5952-b605-24e02df41044,CLASS_10,"[""mr"",""hi"",""en""]","{""analytics"":true,""contact_by_employers"":true}",Y08,"KaushalSetu synthetic generator v2, seed 20260929",2026-09-28T12:00:00+05:30,"SYNTHETIC demo data (KaushalSetu SIH prototype): fictional entities, team-assumed numbers, not real or official statistics.",true
df881bc9-0e68-5d7c-8f93-33903e597f88,C-ITI-A-electrician-2025-022,fd3a219f-22fb-5952-b605-24e02df41044,CLASS_12,"[""mr"",""en""]","{""analytics"":true,""contact_by_employers"":true}",Y08,"KaushalSetu synthetic generator v2, seed 20260929",2026-09-28T12:00:00+05:30,"SYNTHETIC demo data (KaushalSetu SIH prototype): fictional entities, team-assumed numbers, not real or official statistics.",true
f55af6bd-18bf-53b0-a327-c3b5e93c805a,C-ITI-A-electrician-2025-023,fd3a219f-22fb-5952-b605-24e02df41044,CLASS_10,"[""mr"",""en""]","{""analytics"":true,""contact_by_employers"":true}",Y08,"KaushalSetu synthetic generator v2, seed 20260929",2026-09-28T12:00:00+05:30,"SYNTHETIC demo data (KaushalSetu SIH prototype): fictional entities, team-assumed numbers, not real or official statistics.",true
b37de517-db43-53bd-ad9b-3b22972edbb1,C-ITI-A-electrician-2025-024,fd3a219f-22fb-5952-b605-24e02df41044,CLASS_10,"[""mr"",""en""]","{""analytics"":true,""contact_by_employers"":true}",Y08,"KaushalSetu synthetic generator v2, seed 20260929",2026-09-28T12:00:00+05:30,"SYNTHETIC demo data (KaushalSetu SIH prototype): fictional entities, team-assumed numbers, not real or official statistics.",true
5e665893-50f2-50a8-a59b-cc1621a70ea3,C-ITI-A-electrician-2025-025,fd3a219f-22fb-5952-b605-24e02df41044,CLASS_12,"[""mr""]","{""analytics"":true,""contact_by_employers"":true}",Y08,"KaushalSetu synthetic generator v2, seed 20260929",2026-09-28T12:00:00+05:30,"SYNTHETIC demo data (KaushalSetu SIH prototype): fictional entities, team-assumed numbers, not real or official statistics.",true
623a7f9b-7ae6-570e-bd4d-f986f49f1e37,C-ITI-A-electrician-2025-026,fd3a219f-22fb-5952-b605-24e02df41044,CLASS_10,"[""mr"",""en""]","{""analytics"":true,""contact_by_employers"":false}",Y08,"KaushalSetu synthetic generator v2, seed 20260929",2026-09-28T12:00:00+05:30,"SYNTHETIC demo data (KaushalSetu SIH prototype): fictional entities, team-assumed numbers, not real or official statistics.",true
75b13884-9ffd-5aea-a627-870cec4f7981,C-ITI-A-electrician-2025-027,fd3a219f-22fb-5952-b605-24e02df41044,CLASS_10,"[""mr"",""hi""]","{""analytics"":true,""contact_by_employers"":false}",Y08,"KaushalSetu synthetic generator v2, seed 20260929",2026-09-28T12:00:00+05:30,"SYNTHETIC demo data (KaushalSetu SIH prototype): fictional entities, team-assumed numbers, not real or official statistics.",true
088a52ba-2077-5494-8a74-28b2b58475cd,C-ITI-A-electrician-2025-028,fd3a219f-22fb-5952-b605-24e02df41044,CLASS_10,"[""mr""]","{""analytics"":true,""contact_by_employers"":false}",Y08,"KaushalSetu synthetic generator v2, seed 20260929",2026-09-28T12:00:00+05:30,"SYNTHETIC demo data (KaushalSetu SIH prototype): fictional entities, team-assumed numbers, not real or official statistics.",true
43d32390-76b3-530c-ba44-0cf9930d0bbc,C-ITI-A-electrician-2025-029,fd3a219f-22fb-5952-b605-24e02df41044,CLASS_10,"[""mr"",""hi""]","{""analytics"":true,""contact_by_employers"":false}",Y08,"KaushalSetu synthetic generator v2, seed 20260929",2026-09-28T12:00:00+05:30,"SYNTHETIC demo data (KaushalSetu SIH prototype): fictional entities, team-assumed numbers, not real or official statistics.",true
c8f686f8-29af-5f25-8bff-52a804f6ee02,C-ITI-A-electrician-2025-030,fd3a219f-22fb-5952-b605-24e02df41044,CLASS_12,"[""mr"",""hi""]","{""analytics"":true,""contact_by_employers"":true}",Y08,"KaushalSetu synthetic generator v2, seed 20260929",2026-09-28T12:00:00+05:30,"SYNTHETIC demo data (KaushalSetu SIH prototype): fictional entities, team-assumed numbers, not real or official statistics.",true
c97cfffa-7a9a-5c73-81a6-ee9c81727b6f,C-ITI-A-electrician-2025-031,fd3a219f-22fb-5952-b605-24e02df41044,CLASS_10,"[""mr"",""hi"",""en""]","{""analytics"":true,""contact_by_employers"":false}",Y08,"KaushalSetu synthetic generator v2, seed 20260929",2026-09-28T12:00:00+05:30,"SYNTHETIC demo data (KaushalSetu SIH prototype): fictional entities, team-assumed numbers, not real or official statistics.",true
26900881-5ac4-5caf-b76b-b918462e3344,C-ITI-A-electrician-2025-032,fd3a219f-22fb-5952-b605-24e02df41044,CLASS_12,"[""mr"",""hi""]","{""analytics"":true,""contact_by_employers"":true}",Y08,"KaushalSetu synthetic generator v2, seed 20260929",2026-09-28T12:00:00+05:30,"SYNTHETIC demo data (KaushalSetu SIH prototype): fictional entities, team-assumed numbers, not real or official statistics.",true
eef47610-8ad9-5734-8820-f34110332f72,C-ITI-A-electrician-2025-033,fd3a219f-22fb-5952-b605-24e02df41044,CLASS_12,"[""mr"",""hi""]","{""analytics"":true,""contact_by_employers"":true}",Y08,"KaushalSetu synthetic generator v2, seed 20260929",2026-09-28T12:00:00+05:30,"SYNTHETIC demo data (KaushalSetu SIH prototype): fictional entities, team-assumed numbers, not real or official statistics.",true
02297b6d-4096-5b63-88f8-00d99e0f9bb0,C-ITI-A-electrician-2025-034,fd3a219f-22fb-5952-b605-24e02df41044,CLASS_10,"[""mr""]","{""analytics"":true,""contact_by_employers"":true}",Y08,"KaushalSetu synthetic generator v2, seed 20260929",2026-09-28T12:00:00+05:30,"SYNTHETIC demo data (KaushalSetu SIH prototype): fictional entities, team-assumed numbers, not real or official statistics.",true
e2399619-8161-52e7-aed7-e5816b868793,C-ITI-A-electrician-2025-035,fd3a219f-22fb-5952-b605-24e02df41044,CLASS_10,"[""mr"",""hi""]","{""analytics"":true,""contact_by_employers"":true}",Y08,"KaushalSetu synthetic generator v2, seed 20260929",2026-09-28T12:00:00+05:30,"SYNTHETIC demo data (KaushalSetu SIH prototype): fictional entities, team-assumed numbers, not real or official statistics.",true
d543cdd5-8049-5f75-bfaf-0bf57698ee5e,C-ITI-A-electrician-2025-036,fd3a219f-22fb-5952-b605-24e02df41044,CLASS_12,"[""mr"",""hi""]","{""analytics"":true,""contact_by_employers"":true}",Y08,"KaushalSetu synthetic generator v2, seed 20260929",2026-09-28T12:00:00+05:30,"SYNTHETIC demo data (KaushalSetu SIH prototype): fictional entities, team-assumed numbers, not real or official statistics.",true
a7df22f4-913a-5121-bcce-2347b2c19f8c,C-ITI-A-electrician-2025-037,fd3a219f-22fb-5952-b605-24e02df41044,CLASS_10,"[""mr"",""en""]","{""analytics"":true,""contact_by_employers"":true}",Y08,"KaushalSetu synthetic generator v2, seed 20260929",2026-09-28T12:00:00+05:30,"SYNTHETIC demo data (KaushalSetu SIH prototype): fictional entities, team-assumed numbers, not real or official statistics.",true
c9d1bcfc-02c0-56b0-b55b-6a7843488a64,C-ITI-A-electrician-2025-038,fd3a219f-22fb-5952-b605-24e02df41044,CLASS_10,"[""mr"",""hi""]","{""analytics"":true,""contact_by_employers"":true}",Y08,"KaushalSetu synthetic generator v2, seed 20260929",2026-09-28T12:00:00+05:30,"SYNTHETIC demo data (KaushalSetu SIH prototype): fictional entities, team-assumed numbers, not real or official statistics.",true
592c3156-c513-59f3-a345-8ce7145bd78a,C-ITI-A-electrician-2025-039,fd3a219f-22fb-5952-b605-24e02df41044,CLASS_12,"[""mr"",""en""]","{""analytics"":true,""contact_by_employers"":false}",Y08,"KaushalSetu synthetic generator v2, seed 20260929",2026-09-28T12:00:00+05:30,"SYNTHETIC demo data (KaushalSetu SIH prototype): fictional entities, team-assumed numbers, not real or official statistics.",true
01567504-ec68-5e87-a70b-f7b4c652f6ec,C-ITI-A-electrician-2025-040,fd3a219f-22fb-5952-b605-24e02df41044,CLASS_10,"[""mr"",""hi""]","{""analytics"":true,""contact_by_employers"":true}",Y08,"KaushalSetu synthetic generator v2, seed 20260929",2026-09-28T12:00:00+05:30,"SYNTHETIC demo data (KaushalSetu SIH prototype): fictional entities, team-assumed numbers, not real or official statistics.",true
79af50d9-50db-5a41-bd1f-e6a6abdd663d,C-ITI-A-electrician-2025-041,fd3a219f-22fb-5952-b605-24e02df41044,CLASS_10,"[""mr"",""hi"",""en""]","{""analytics"":true,""contact_by_employers"":true}",Y08,"KaushalSetu synthetic generator v2, seed 20260929",2026-09-28T12:00:00+05:30,"SYNTHETIC demo data (KaushalSetu SIH prototype): fictional entities, team-assumed numbers, not real or official statistics.",true
f5f44bd0-c94a-5b8d-ab4d-b87f81cd0d44,C-ITI-A-electrician-2025-042,fd3a219f-22fb-5952-b605-24e02df41044,CLASS_12,"[""mr"",""hi"",""en""]","{""analytics"":true,""contact_by_employers"":true}",Y08,"KaushalSetu synthetic generator v2, seed 20260929",2026-09-28T12:00:00+05:30,"SYNTHETIC demo data (KaushalSetu SIH prototype): fictional entities, team-assumed numbers, not real or official statistics.",true
c063dd1a-e02f-50ab-9751-42d10a11d728,C-ITI-A-electrician-2025-043,fd3a219f-22fb-5952-b605-24e02df41044,CLASS_10,"[""mr""]","{""analytics"":true,""contact_by_employers"":true}",Y08,"KaushalSetu synthetic generator v2, seed 20260929",2026-09-28T12:00:00+05:30,"SYNTHETIC demo data (KaushalSetu SIH prototype): fictional entities, team-assumed numbers, not real or official statistics.",true
e83fadbc-48d4-526c-b119-592fbbac74d1,C-ITI-A-electrician-2025-044,fd3a219f-22fb-5952-b605-24e02df41044,CLASS_10,"[""mr"",""hi"",""en""]","{""analytics"":true,""contact_by_employers"":true}",Y08,"KaushalSetu synthetic generator v2, seed 20260929",2026-09-28T12:00:00+05:30,"SYNTHETIC demo data (KaushalSetu SIH prototype): fictional entities, team-assumed numbers, not real or official statistics.",true
654b7897-a6e2-5885-8f30-1f62ff0cfb3f,C-ITI-A-electrician-2025-045,fd3a219f-22fb-5952-b605-24e02df41044,CLASS_10,"[""mr"",""hi""]","{""analytics"":true,""contact_by_employers"":false}",Y08,"KaushalSetu synthetic generator v2, seed 20260929",2026-09-28T12:00:00+05:30,"SYNTHETIC demo data (KaushalSetu SIH prototype): fictional entities, team-assumed numbers, not real or official statistics.",true
6669cb41-aecf-5258-9e22-e8590490fe53,C-ITI-A-electrician-2025-046,fd3a219f-22fb-5952-b605-24e02df41044,CLASS_12,"[""mr""]","{""analytics"":true,""contact_by_employers"":true}",Y08,"KaushalSetu synthetic generator v2, seed 20260929",2026-09-28T12:00:00+05:30,"SYNTHETIC demo data (KaushalSetu SIH prototype): fictional entities, team-assumed numbers, not real or official statistics.",true
0765848e-9fa4-5b8e-b12e-681d6449703a,C-ITI-A-electrician-2025-047,fd3a219f-22fb-5952-b605-24e02df41044,CLASS_12,"[""mr"",""hi""]","{""analytics"":true,""contact_by_employers"":true}",Y08,"KaushalSetu synthetic generator v2, seed 20260929",2026-09-28T12:00:00+05:30,"SYNTHETIC demo data (KaushalSetu SIH prototype): fictional entities, team-assumed numbers, not real or official statistics.",true
7a15fbb5-21c0-565b-8703-c6f56a89d1e0,C-ITI-A-electrician-2025-048,fd3a219f-22fb-5952-b605-24e02df41044,CLASS_10,"[""mr"",""hi""]","{""analytics"":true,""contact_by_employers"":true}",Y08,"KaushalSetu synthetic generator v2, seed 20260929",2026-09-28T12:00:00+05:30,"SYNTHETIC demo data (KaushalSetu SIH prototype): fictional entities, team-assumed numbers, not real or official statistics.",true
2e4fab15-757f-5cae-b685-270d8cb8edf4,C-ITI-A-electrician-2025-049,fd3a219f-22fb-5952-b605-24e02df41044,CLASS_10,"[""mr""]","{""analytics"":true,""contact_by_employers"":true}",Y08,"KaushalSetu synthetic generator v2, seed 20260929",2026-09-28T12:00:00+05:30,"SYNTHETIC demo data (KaushalSetu SIH prototype): fictional entities, team-assumed numbers, not real or official statistics.",true
bc9acfbb-476d-5679-8979-b8721ea32438,C-ITI-A-electrician-2025-050,fd3a219f-22fb-5952-b605-24e02df41044,CLASS_10,"[""mr"",""hi"",""en""]","{""analytics"":true,""contact_by_employers"":true}",Y08,"KaushalSetu synthetic generator v2, seed 20260929",2026-09-28T12:00:00+05:30,"SYNTHETIC demo data (KaushalSetu SIH prototype): fictional entities, team-assumed numbers, not real or official statistics.",true
44a49516-4536-595c-a15b-d85c5d2b64df,C-ITI-A-electrician-2025-051,fd3a219f-22fb-5952-b605-24e02df41044,CLASS_10,"[""mr"",""hi""]","{""analytics"":true,""contact_by_employers"":true}",Y08,"KaushalSetu synthetic generator v2, seed 20260929",2026-09-28T12:00:00+05:30,"SYNTHETIC demo data (KaushalSetu SIH prototype): fictional entities, team-assumed numbers, not real or official statistics.",true
9d42c4fc-0ca1-5afe-b61b-e2e4be193a43,C-ITI-A-electrician-2025-052,fd3a219f-22fb-5952-b605-24e02df41044,CLASS_10,"[""mr"",""hi""]","{""analytics"":true,""contact_by_employers"":true}",Y08,"KaushalSetu synthetic generator v2, seed 20260929",2026-09-28T12:00:00+05:30,"SYNTHETIC demo data (KaushalSetu SIH prototype): fictional entities, team-assumed numbers, not real or official statistics.",true
235bedb2-1200-52aa-933c-900f3f29c8ec,C-ITI-A-electrician-2025-053,fd3a219f-22fb-5952-b605-24e02df41044,CLASS_10,"[""mr"",""hi"",""en""]","{""analytics"":true,""contact_by_employers"":false}",Y08,"KaushalSetu synthetic generator v2, seed 20260929",2026-09-28T12:00:00+05:30,"SYNTHETIC demo data (KaushalSetu SIH prototype): fictional entities, team-assumed numbers, not real or official statistics.",true
e7cd06f0-ac6d-5e1a-b3e6-f95fe95da0b6,C-ITI-A-electrician-2025-054,fd3a219f-22fb-5952-b605-24e02df41044,CLASS_10,"[""mr"",""hi"",""en""]","{""analytics"":true,""contact_by_employers"":false}",Y08,"KaushalSetu synthetic generator v2, seed 20260929",2026-09-28T12:00:00+05:30,"SYNTHETIC demo data (KaushalSetu SIH prototype): fictional entities, team-assumed numbers, not real or official statistics.",true
1d1d5d51-70bf-55c0-9717-23ae0d30ea6f,C-ITI-A-electrician-2025-055,fd3a219f-22fb-5952-b605-24e02df41044,CLASS_10,"[""mr""]","{""analytics"":true,""contact_by_employers"":true}",Y08,"KaushalSetu synthetic generator v2, seed 20260929",2026-09-28T12:00:00+05:30,"SYNTHETIC demo data (KaushalSetu SIH prototype): fictional entities, team-assumed numbers, not real or official statistics.",true
41f3975a-a280-50d6-8abd-0c13c691cd08,C-ITI-A-electrician-2025-056,fd3a219f-22fb-5952-b605-24e02df41044,CLASS_10,"[""mr"",""hi""]","{""analytics"":true,""contact_by_employers"":false}",Y08,"KaushalSetu synthetic generator v2, seed 20260929",2026-09-28T12:00:00+05:30,"SYNTHETIC demo data (KaushalSetu SIH prototype): fictional entities, team-assumed numbers, not real or official statistics.",true
fae4b777-f459-571c-ac8d-df1ac25809a9,C-ITI-A-electrician-2025-057,fd3a219f-22fb-5952-b605-24e02df41044,CLASS_10,"[""mr"",""hi""]","{""analytics"":true,""contact_by_employers"":true}",Y08,"KaushalSetu synthetic generator v2, seed 20260929",2026-09-28T12:00:00+05:30,"SYNTHETIC demo data (KaushalSetu SIH prototype): fictional entities, team-assumed numbers, not real or official statistics.",true
6f1383cb-8b94-584e-b8c1-464dc178d785,C-ITI-A-wireman-2024-001,fd3a219f-22fb-5952-b605-24e02df41044,CLASS_10,"[""mr""]","{""analytics"":true,""contact_by_employers"":false}",Y08,"KaushalSetu synthetic generator v2, seed 20260929",2026-09-28T12:00:00+05:30,"SYNTHETIC demo data (KaushalSetu SIH prototype): fictional entities, team-assumed numbers, not real or official statistics.",true
67121421-e673-5efc-8314-c05d4126fcf1,C-ITI-A-wireman-2024-002,fd3a219f-22fb-5952-b605-24e02df41044,CLASS_10,"[""mr"",""hi"",""en""]","{""analytics"":true,""contact_by_employers"":false}",Y08,"KaushalSetu synthetic generator v2, seed 20260929",2026-09-28T12:00:00+05:30,"SYNTHETIC demo data (KaushalSetu SIH prototype): fictional entities, team-assumed numbers, not real or official statistics.",true
a4f81393-750e-53e2-ac66-b38b96c650ef,C-ITI-A-wireman-2024-003,fd3a219f-22fb-5952-b605-24e02df41044,CLASS_10,"[""mr"",""hi"",""en""]","{""analytics"":true,""contact_by_employers"":false}",Y08,"KaushalSetu synthetic generator v2, seed 20260929",2026-09-28T12:00:00+05:30,"SYNTHETIC demo data (KaushalSetu SIH prototype): fictional entities, team-assumed numbers, not real or official statistics.",true
1cea8805-5370-57e8-9d43-fca5805932f1,C-ITI-A-wireman-2024-004,fd3a219f-22fb-5952-b605-24e02df41044,CLASS_10,"[""mr""]","{""analytics"":true,""contact_by_employers"":true}",Y08,"KaushalSetu synthetic generator v2, seed 20260929",2026-09-28T12:00:00+05:30,"SYNTHETIC demo data (KaushalSetu SIH prototype): fictional entities, team-assumed numbers, not real or official statistics.",true
26abb2e3-6702-59de-8baa-2ce72979b4dd,C-ITI-A-wireman-2024-005,fd3a219f-22fb-5952-b605-24e02df41044,CLASS_10,"[""mr"",""hi"",""en""]","{""analytics"":true,""contact_by_employers"":true}",Y08,"KaushalSetu synthetic generator v2, seed 20260929",2026-09-28T12:00:00+05:30,"SYNTHETIC demo data (KaushalSetu SIH prototype): fictional entities, team-assumed numbers, not real or official statistics.",true
81f10e13-e13b-552a-8703-91629fc2c100,C-ITI-A-wireman-2024-006,fd3a219f-22fb-5952-b605-24e02df41044,CLASS_10,"[""mr"",""hi""]","{""analytics"":true,""contact_by_employers"":false}",Y08,"KaushalSetu synthetic generator v2, seed 20260929",2026-09-28T12:00:00+05:30,"SYNTHETIC demo data (KaushalSetu SIH prototype): fictional entities, team-assumed numbers, not real or official statistics.",true
7517ffd9-5d40-570d-b271-6558ab72502c,C-ITI-A-wireman-2024-007,fd3a219f-22fb-5952-b605-24e02df41044,CLASS_12,"[""mr"",""hi""]","{""analytics"":true,""contact_by_employers"":true}",Y08,"KaushalSetu synthetic generator v2, seed 20260929",2026-09-28T12:00:00+05:30,"SYNTHETIC demo data (KaushalSetu SIH prototype): fictional entities, team-assumed numbers, not real or official statistics.",true
cc4c8fcb-96d2-5fab-836c-5d6cea6e4b79,C-ITI-A-wireman-2024-008,fd3a219f-22fb-5952-b605-24e02df41044,CLASS_12,"[""mr""]","{""analytics"":true,""contact_by_employers"":false}",Y08,"KaushalSetu synthetic generator v2, seed 20260929",2026-09-28T12:00:00+05:30,"SYNTHETIC demo data (KaushalSetu SIH prototype): fictional entities, team-assumed numbers, not real or official statistics.",true
91dd6555-444a-5afb-bda0-923a13cc7826,C-ITI-A-wireman-2024-009,fd3a219f-22fb-5952-b605-24e02df41044,CLASS_10,"[""mr"",""en""]","{""analytics"":true,""contact_by_employers"":true}",Y08,"KaushalSetu synthetic generator v2, seed 20260929",2026-09-28T12:00:00+05:30,"SYNTHETIC demo data (KaushalSetu SIH prototype): fictional entities, team-assumed numbers, not real or official statistics.",true
78953207-055c-5a8c-9a11-0e2df7f6c9dc,C-ITI-A-wireman-2024-010,fd3a219f-22fb-5952-b605-24e02df41044,CLASS_10,"[""mr""]","{""analytics"":true,""contact_by_employers"":true}",Y08,"KaushalSetu synthetic generator v2, seed 20260929",2026-09-28T12:00:00+05:30,"SYNTHETIC demo data (KaushalSetu SIH prototype): fictional entities, team-assumed numbers, not real or official statistics.",true
e34d4e54-b641-5dc2-8aaf-e8a9e4c97528,C-ITI-A-wireman-2024-011,fd3a219f-22fb-5952-b605-24e02df41044,CLASS_12,"[""mr"",""hi""]","{""analytics"":true,""contact_by_employers"":true}",Y08,"KaushalSetu synthetic generator v2, seed 20260929",2026-09-28T12:00:00+05:30,"SYNTHETIC demo data (KaushalSetu SIH prototype): fictional entities, team-assumed numbers, not real or official statistics.",true
84d373e7-f877-5c5f-b05d-046722288973,C-ITI-A-wireman-2024-012,fd3a219f-22fb-5952-b605-24e02df41044,CLASS_10,"[""mr""]","{""analytics"":true,""contact_by_employers"":true}",Y08,"KaushalSetu synthetic generator v2, seed 20260929",2026-09-28T12:00:00+05:30,"SYNTHETIC demo data (KaushalSetu SIH prototype): fictional entities, team-assumed numbers, not real or official statistics.",true
cecfc8eb-4911-51b0-986e-64d9627cd52d,C-ITI-A-wireman-2024-013,fd3a219f-22fb-5952-b605-24e02df41044,CLASS_10,"[""mr""]","{""analytics"":true,""contact_by_employers"":false}",Y08,"KaushalSetu synthetic generator v2, seed 20260929",2026-09-28T12:00:00+05:30,"SYNTHETIC demo data (KaushalSetu SIH prototype): fictional entities, team-assumed numbers, not real or official statistics.",true
2faa2189-1ac4-5331-8601-8f398dfe176d,C-ITI-A-wireman-2024-014,fd3a219f-22fb-5952-b605-24e02df41044,CLASS_10,"[""mr""]","{""analytics"":true,""contact_by_employers"":false}",Y08,"KaushalSetu synthetic generator v2, seed 20260929",2026-09-28T12:00:00+05:30,"SYNTHETIC demo data (KaushalSetu SIH prototype): fictional entities, team-assumed numbers, not real or official statistics.",true
d362ff3a-3132-5204-833c-2bf5204ab7a8,C-ITI-A-wireman-2024-015,fd3a219f-22fb-5952-b605-24e02df41044,CLASS_10,"[""mr"",""hi"",""en""]","{""analytics"":true,""contact_by_employers"":true}",Y08,"KaushalSetu synthetic generator v2, seed 20260929",2026-09-28T12:00:00+05:30,"SYNTHETIC demo data (KaushalSetu SIH prototype): fictional entities, team-assumed numbers, not real or official statistics.",true
0a25d1cb-b5ed-52ad-a3d0-4eb2a2d9df40,C-ITI-A-wireman-2024-016,fd3a219f-22fb-5952-b605-24e02df41044,CLASS_12,"[""mr"",""hi""]","{""analytics"":true,""contact_by_employers"":true}",Y08,"KaushalSetu synthetic generator v2, seed 20260929",2026-09-28T12:00:00+05:30,"SYNTHETIC demo data (KaushalSetu SIH prototype): fictional entities, team-assumed numbers, not real or official statistics.",true
d36a66f1-fde5-5bf3-808e-9b0b80819126,C-ITI-A-wireman-2024-017,fd3a219f-22fb-5952-b605-24e02df41044,CLASS_12,"[""mr"",""hi"",""en""]","{""analytics"":true,""contact_by_employers"":true}",Y08,"KaushalSetu synthetic generator v2, seed 20260929",2026-09-28T12:00:00+05:30,"SYNTHETIC demo data (KaushalSetu SIH prototype): fictional entities, team-assumed numbers, not real or official statistics.",true
ee670c23-69e4-5315-a476-541fac916b43,C-ITI-A-wireman-2024-018,fd3a219f-22fb-5952-b605-24e02df41044,CLASS_10,"[""mr""]","{""analytics"":true,""contact_by_employers"":true}",Y08,"KaushalSetu synthetic generator v2, seed 20260929",2026-09-28T12:00:00+05:30,"SYNTHETIC demo data (KaushalSetu SIH prototype): fictional entities, team-assumed numbers, not real or official statistics.",true
6afe8285-423d-507b-87fa-c686ce6306d5,C-ITI-A-wireman-2024-019,fd3a219f-22fb-5952-b605-24e02df41044,CLASS_10,"[""mr"",""hi""]","{""analytics"":true,""contact_by_employers"":true}",Y08,"KaushalSetu synthetic generator v2, seed 20260929",2026-09-28T12:00:00+05:30,"SYNTHETIC demo data (KaushalSetu SIH prototype): fictional entities, team-assumed numbers, not real or official statistics.",true
a7ed5be3-81cf-5f03-be3b-c30d0247df6f,C-ITI-A-wireman-2024-020,fd3a219f-22fb-5952-b605-24e02df41044,CLASS_10,"[""mr""]","{""analytics"":true,""contact_by_employers"":false}",Y08,"KaushalSetu synthetic generator v2, seed 20260929",2026-09-28T12:00:00+05:30,"SYNTHETIC demo data (KaushalSetu SIH prototype): fictional entities, team-assumed numbers, not real or official statistics.",true
6822bafd-3213-52f9-b91e-0b2a41568133,C-ITI-A-wireman-2024-021,fd3a219f-22fb-5952-b605-24e02df41044,CLASS_10,"[""mr"",""hi""]","{""analytics"":true,""contact_by_employers"":true}",Y08,"KaushalSetu synthetic generator v2, seed 20260929",2026-09-28T12:00:00+05:30,"SYNTHETIC demo data (KaushalSetu SIH prototype): fictional entities, team-assumed numbers, not real or official statistics.",true
aa1f5214-2323-5973-b4b8-5751e0756ec4,C-ITI-A-wireman-2024-022,fd3a219f-22fb-5952-b605-24e02df41044,CLASS_10,"[""mr"",""hi"",""en""]","{""analytics"":true,""contact_by_employers"":true}",Y08,"KaushalSetu synthetic generator v2, seed 20260929",2026-09-28T12:00:00+05:30,"SYNTHETIC demo data (KaushalSetu SIH prototype): fictional entities, team-assumed numbers, not real or official statistics.",true
4f6d89ff-e46f-50b4-aed6-575dc8afd80e,C-ITI-A-wireman-2024-023,fd3a219f-22fb-5952-b605-24e02df41044,CLASS_10,"[""mr"",""hi""]","{""analytics"":true,""contact_by_employers"":true}",Y08,"KaushalSetu synthetic generator v2, seed 20260929",2026-09-28T12:00:00+05:30,"SYNTHETIC demo data (KaushalSetu SIH prototype): fictional entities, team-assumed numbers, not real or official statistics.",true
f86cfe4f-4a7d-59fe-8076-39c1c251a9e2,C-ITI-A-wireman-2024-024,fd3a219f-22fb-5952-b605-24e02df41044,CLASS_12,"[""mr""]","{""analytics"":true,""contact_by_employers"":true}",Y08,"KaushalSetu synthetic generator v2, seed 20260929",2026-09-28T12:00:00+05:30,"SYNTHETIC demo data (KaushalSetu SIH prototype): fictional entities, team-assumed numbers, not real or official statistics.",true
9ebeb861-663f-5d6b-a945-c0b6f7250aa2,C-ITI-A-wireman-2024-025,fd3a219f-22fb-5952-b605-24e02df41044,CLASS_10,"[""mr"",""en""]","{""analytics"":true,""contact_by_employers"":true}",Y08,"KaushalSetu synthetic generator v2, seed 20260929",2026-09-28T12:00:00+05:30,"SYNTHETIC demo data (KaushalSetu SIH prototype): fictional entities, team-assumed numbers, not real or official statistics.",true
6b37e601-9b78-53f0-bcad-c1181683f786,C-ITI-A-wireman-2024-026,fd3a219f-22fb-5952-b605-24e02df41044,CLASS_10,"[""mr""]","{""analytics"":true,""contact_by_employers"":true}",Y08,"KaushalSetu synthetic generator v2, seed 20260929",2026-09-28T12:00:00+05:30,"SYNTHETIC demo data (KaushalSetu SIH prototype): fictional entities, team-assumed numbers, not real or official statistics.",true
5d5cdf41-66e6-5ebe-9cd5-32be060f26ea,C-ITI-A-wireman-2024-027,fd3a219f-22fb-5952-b605-24e02df41044,CLASS_12,"[""mr""]","{""analytics"":true,""contact_by_employers"":true}",Y08,"KaushalSetu synthetic generator v2, seed 20260929",2026-09-28T12:00:00+05:30,"SYNTHETIC demo data (KaushalSetu SIH prototype): fictional entities, team-assumed numbers, not real or official statistics.",true
200b1488-2f78-5b16-b5b6-c44e66653cc9,C-ITI-A-wireman-2024-028,fd3a219f-22fb-5952-b605-24e02df41044,CLASS_10,"[""mr"",""hi"",""en""]","{""analytics"":true,""contact_by_employers"":true}",Y08,"KaushalSetu synthetic generator v2, seed 20260929",2026-09-28T12:00:00+05:30,"SYNTHETIC demo data (KaushalSetu SIH prototype): fictional entities, team-assumed numbers, not real or official statistics.",true
9f0b7209-6f92-5b9b-9f2f-9c5b42ae6480,C-ITI-A-wireman-2024-029,fd3a219f-22fb-5952-b605-24e02df41044,CLASS_10,"[""mr""]","{""analytics"":true,""contact_by_employers"":true}",Y08,"KaushalSetu synthetic generator v2, seed 20260929",2026-09-28T12:00:00+05:30,"SYNTHETIC demo data (KaushalSetu SIH prototype): fictional entities, team-assumed numbers, not real or official statistics.",true
1006477b-45f2-5cae-b352-85f5530ed3b7,C-ITI-A-wireman-2024-030,fd3a219f-22fb-5952-b605-24e02df41044,CLASS_12,"[""mr"",""hi"",""en""]","{""analytics"":true,""contact_by_employers"":false}",Y08,"KaushalSetu synthetic generator v2, seed 20260929",2026-09-28T12:00:00+05:30,"SYNTHETIC demo data (KaushalSetu SIH prototype): fictional entities, team-assumed numbers, not real or official statistics.",true
f1080c66-5782-5552-9579-a02b5f7ba669,C-ITI-A-wireman-2024-031,fd3a219f-22fb-5952-b605-24e02df41044,CLASS_10,"[""mr"",""hi""]","{""analytics"":true,""contact_by_employers"":true}",Y08,"KaushalSetu synthetic generator v2, seed 20260929",2026-09-28T12:00:00+05:30,"SYNTHETIC demo data (KaushalSetu SIH prototype): fictional entities, team-assumed numbers, not real or official statistics.",true
bae0eda6-3dcf-5439-a6b3-f667e1604805,C-ITI-A-wireman-2024-032,fd3a219f-22fb-5952-b605-24e02df41044,CLASS_10,"[""mr"",""en""]","{""analytics"":true,""contact_by_employers"":true}",Y08,"KaushalSetu synthetic generator v2, seed 20260929",2026-09-28T12:00:00+05:30,"SYNTHETIC demo data (KaushalSetu SIH prototype): fictional entities, team-assumed numbers, not real or official statistics.",true
6fb1709a-da76-549d-927e-15a451725c98,C-ITI-A-wireman-2024-033,fd3a219f-22fb-5952-b605-24e02df41044,CLASS_10,"[""mr"",""en""]","{""analytics"":true,""contact_by_employers"":false}",Y08,"KaushalSetu synthetic generator v2, seed 20260929",2026-09-28T12:00:00+05:30,"SYNTHETIC demo data (KaushalSetu SIH prototype): fictional entities, team-assumed numbers, not real or official statistics.",true
93c83648-64ed-5d06-9c6a-42c4c020bc92,C-ITI-A-wireman-2024-034,fd3a219f-22fb-5952-b605-24e02df41044,CLASS_12,"[""mr"",""hi"",""en""]","{""analytics"":true,""contact_by_employers"":false}",Y08,"KaushalSetu synthetic generator v2, seed 20260929",2026-09-28T12:00:00+05:30,"SYNTHETIC demo data (KaushalSetu SIH prototype): fictional entities, team-assumed numbers, not real or official statistics.",true
47521db6-bf6b-555a-8900-897abf1afcd7,C-ITI-A-wireman-2024-035,fd3a219f-22fb-5952-b605-24e02df41044,CLASS_10,"[""mr""]","{""analytics"":true,""contact_by_employers"":true}",Y08,"KaushalSetu synthetic generator v2, seed 20260929",2026-09-28T12:00:00+05:30,"SYNTHETIC demo data (KaushalSetu SIH prototype): fictional entities, team-assumed numbers, not real or official statistics.",true
ed836025-864a-534e-b4ed-25907a938544,C-ITI-A-wireman-2024-036,fd3a219f-22fb-5952-b605-24e02df41044,CLASS_10,"[""mr""]","{""analytics"":true,""contact_by_employers"":true}",Y08,"KaushalSetu synthetic generator v2, seed 20260929",2026-09-28T12:00:00+05:30,"SYNTHETIC demo data (KaushalSetu SIH prototype): fictional entities, team-assumed numbers, not real or official statistics.",true
9525af28-91bf-5ad3-86cc-89ccbbc11ca7,C-ITI-A-wireman-2024-037,fd3a219f-22fb-5952-b605-24e02df41044,CLASS_12,"[""mr"",""hi""]","{""analytics"":true,""contact_by_employers"":false}",Y08,"KaushalSetu synthetic generator v2, seed 20260929",2026-09-28T12:00:00+05:30,"SYNTHETIC demo data (KaushalSetu SIH prototype): fictional entities, team-assumed numbers, not real or official statistics.",true
ffed649b-4383-5164-89ed-19ab06a9ae9d,C-ITI-A-wireman-2024-038,fd3a219f-22fb-5952-b605-24e02df41044,CLASS_10,"[""mr"",""hi"",""en""]","{""analytics"":true,""contact_by_employers"":true}",Y08,"KaushalSetu synthetic generator v2, seed 20260929",2026-09-28T12:00:00+05:30,"SYNTHETIC demo data (KaushalSetu SIH prototype): fictional entities, team-assumed numbers, not real or official statistics.",true
e79459c5-bbe8-5a09-a83b-99f1abf1e29d,C-ITI-A-wireman-2024-039,fd3a219f-22fb-5952-b605-24e02df41044,CLASS_10,"[""mr""]","{""analytics"":true,""contact_by_employers"":false}",Y08,"KaushalSetu synthetic generator v2, seed 20260929",2026-09-28T12:00:00+05:30,"SYNTHETIC demo data (KaushalSetu SIH prototype): fictional entities, team-assumed numbers, not real or official statistics.",true
62ad88c6-c969-5847-bc7d-f9d8c2f1e16a,C-ITI-A-wireman-2024-040,fd3a219f-22fb-5952-b605-24e02df41044,CLASS_10,"[""mr"",""hi"",""en""]","{""analytics"":true,""contact_by_employers"":true}",Y08,"KaushalSetu synthetic generator v2, seed 20260929",2026-09-28T12:00:00+05:30,"SYNTHETIC demo data (KaushalSetu SIH prototype): fictional entities, team-assumed numbers, not real or official statistics.",true
0bdeadfd-773a-5f4d-812b-f758bcd69ec8,C-ITI-A-wireman-2024-041,fd3a219f-22fb-5952-b605-24e02df41044,CLASS_10,"[""mr"",""hi"",""en""]","{""analytics"":true,""contact_by_employers"":true}",Y08,"KaushalSetu synthetic generator v2, seed 20260929",2026-09-28T12:00:00+05:30,"SYNTHETIC demo data (KaushalSetu SIH prototype): fictional entities, team-assumed numbers, not real or official statistics.",true
b343a2f8-d983-517f-8606-a9988c099a20,C-ITI-A-wireman-2024-042,fd3a219f-22fb-5952-b605-24e02df41044,CLASS_10,"[""mr"",""hi"",""en""]","{""analytics"":true,""contact_by_employers"":true}",Y08,"KaushalSetu synthetic generator v2, seed 20260929",2026-09-28T12:00:00+05:30,"SYNTHETIC demo data (KaushalSetu SIH prototype): fictional entities, team-assumed numbers, not real or official statistics.",true
ba79b01c-f616-5e25-a229-d4d8d940294f,C-ITI-A-wireman-2024-043,fd3a219f-22fb-5952-b605-24e02df41044,CLASS_10,"[""mr"",""en""]","{""analytics"":true,""contact_by_employers"":true}",Y08,"KaushalSetu synthetic generator v2, seed 20260929",2026-09-28T12:00:00+05:30,"SYNTHETIC demo data (KaushalSetu SIH prototype): fictional entities, team-assumed numbers, not real or official statistics.",true
5ce40512-681b-556c-a603-ee9da0089584,C-ITI-A-wireman-2024-044,fd3a219f-22fb-5952-b605-24e02df41044,CLASS_12,"[""mr"",""hi""]","{""analytics"":true,""contact_by_employers"":true}",Y08,"KaushalSetu synthetic generator v2, seed 20260929",2026-09-28T12:00:00+05:30,"SYNTHETIC demo data (KaushalSetu SIH prototype): fictional entities, team-assumed numbers, not real or official statistics.",true
590e9d16-e6e7-5e32-ad1e-89f3164c0930,C-ITI-A-wireman-2024-045,fd3a219f-22fb-5952-b605-24e02df41044,CLASS_12,"[""mr"",""hi""]","{""analytics"":true,""contact_by_employers"":true}",Y08,"KaushalSetu synthetic generator v2, seed 20260929",2026-09-28T12:00:00+05:30,"SYNTHETIC demo data (KaushalSetu SIH prototype): fictional entities, team-assumed numbers, not real or official statistics.",true
77fc6a9a-fb15-56cc-ade0-19cfac1d10f3,C-ITI-A-wireman-2024-046,fd3a219f-22fb-5952-b605-24e02df41044,CLASS_12,"[""mr""]","{""analytics"":true,""contact_by_employers"":false}",Y08,"KaushalSetu synthetic generator v2, seed 20260929",2026-09-28T12:00:00+05:30,"SYNTHETIC demo data (KaushalSetu SIH prototype): fictional entities, team-assumed numbers, not real or official statistics.",true
4f145d76-3224-5681-b9c2-51c57efa9dd1,C-ITI-A-wireman-2024-047,fd3a219f-22fb-5952-b605-24e02df41044,CLASS_10,"[""mr""]","{""analytics"":true,""contact_by_employers"":false}",Y08,"KaushalSetu synthetic generator v2, seed 20260929",2026-09-28T12:00:00+05:30,"SYNTHETIC demo data (KaushalSetu SIH prototype): fictional entities, team-assumed numbers, not real or official statistics.",true
5597f4ef-dcf5-5204-80a1-14ceeb93e804,C-ITI-A-wireman-2024-048,fd3a219f-22fb-5952-b605-24e02df41044,CLASS_10,"[""mr"",""hi"",""en""]","{""analytics"":true,""contact_by_employers"":true}",Y08,"KaushalSetu synthetic generator v2, seed 20260929",2026-09-28T12:00:00+05:30,"SYNTHETIC demo data (KaushalSetu SIH prototype): fictional entities, team-assumed numbers, not real or official statistics.",true
e2549eff-b7ce-5fb5-9b15-e52fc6310512,C-ITI-A-wireman-2024-049,fd3a219f-22fb-5952-b605-24e02df41044,CLASS_12,"[""mr""]","{""analytics"":true,""contact_by_employers"":true}",Y08,"KaushalSetu synthetic generator v2, seed 20260929",2026-09-28T12:00:00+05:30,"SYNTHETIC demo data (KaushalSetu SIH prototype): fictional entities, team-assumed numbers, not real or official statistics.",true
eb224b21-0784-5cb8-a044-e1656989fc17,C-ITI-A-wireman-2024-050,fd3a219f-22fb-5952-b605-24e02df41044,CLASS_12,"[""mr"",""hi"",""en""]","{""analytics"":true,""contact_by_employers"":true}",Y08,"KaushalSetu synthetic generator v2, seed 20260929",2026-09-28T12:00:00+05:30,"SYNTHETIC demo data (KaushalSetu SIH prototype): fictional entities, team-assumed numbers, not real or official statistics.",true
4b483d49-5183-5b7c-b26f-07f9baf4685a,C-ITI-A-wireman-2024-051,fd3a219f-22fb-5952-b605-24e02df41044,CLASS_12,"[""mr"",""en""]","{""analytics"":true,""contact_by_employers"":false}",Y08,"KaushalSetu synthetic generator v2, seed 20260929",2026-09-28T12:00:00+05:30,"SYNTHETIC demo data (KaushalSetu SIH prototype): fictional entities, team-assumed numbers, not real or official statistics.",true
05b7924b-91f4-57f4-b95b-d879b51ae2af,C-ITI-A-wireman-2024-052,fd3a219f-22fb-5952-b605-24e02df41044,CLASS_10,"[""mr"",""hi""]","{""analytics"":true,""contact_by_employers"":true}",Y08,"KaushalSetu synthetic generator v2, seed 20260929",2026-09-28T12:00:00+05:30,"SYNTHETIC demo data (KaushalSetu SIH prototype): fictional entities, team-assumed numbers, not real or official statistics.",true
52cde316-038a-57fa-9911-2a087af52cdb,C-ITI-A-wireman-2024-053,fd3a219f-22fb-5952-b605-24e02df41044,CLASS_10,"[""mr"",""hi"",""en""]","{""analytics"":true,""contact_by_employers"":false}",Y08,"KaushalSetu synthetic generator v2, seed 20260929",2026-09-28T12:00:00+05:30,"SYNTHETIC demo data (KaushalSetu SIH prototype): fictional entities, team-assumed numbers, not real or official statistics.",true
21e04895-d9c9-52a0-a056-25d9ce523ab2,C-ITI-A-wireman-2025-001,fd3a219f-22fb-5952-b605-24e02df41044,CLASS_10,"[""mr""]","{""analytics"":true,""contact_by_employers"":true}",Y08,"KaushalSetu synthetic generator v2, seed 20260929",2026-09-28T12:00:00+05:30,"SYNTHETIC demo data (KaushalSetu SIH prototype): fictional entities, team-assumed numbers, not real or official statistics.",true
f1427aba-93ec-57be-afa1-4a54d57e4f45,C-ITI-A-wireman-2025-002,fd3a219f-22fb-5952-b605-24e02df41044,CLASS_10,"[""mr"",""hi"",""en""]","{""analytics"":true,""contact_by_employers"":true}",Y08,"KaushalSetu synthetic generator v2, seed 20260929",2026-09-28T12:00:00+05:30,"SYNTHETIC demo data (KaushalSetu SIH prototype): fictional entities, team-assumed numbers, not real or official statistics.",true
3886e8b6-cf46-5555-b0d9-5e161e0a6fbb,C-ITI-A-wireman-2025-003,fd3a219f-22fb-5952-b605-24e02df41044,CLASS_10,"[""mr"",""hi""]","{""analytics"":true,""contact_by_employers"":true}",Y08,"KaushalSetu synthetic generator v2, seed 20260929",2026-09-28T12:00:00+05:30,"SYNTHETIC demo data (KaushalSetu SIH prototype): fictional entities, team-assumed numbers, not real or official statistics.",true
71ab72fa-897f-5127-a28d-9a39ee6435cd,C-ITI-A-wireman-2025-004,fd3a219f-22fb-5952-b605-24e02df41044,CLASS_10,"[""mr"",""en""]","{""analytics"":true,""contact_by_employers"":true}",Y08,"KaushalSetu synthetic generator v2, seed 20260929",2026-09-28T12:00:00+05:30,"SYNTHETIC demo data (KaushalSetu SIH prototype): fictional entities, team-assumed numbers, not real or official statistics.",true
f524a433-6adc-550e-a86a-1283aee3b529,C-ITI-A-wireman-2025-005,fd3a219f-22fb-5952-b605-24e02df41044,CLASS_10,"[""mr"",""en""]","{""analytics"":true,""contact_by_employers"":true}",Y08,"KaushalSetu synthetic generator v2, seed 20260929",2026-09-28T12:00:00+05:30,"SYNTHETIC demo data (KaushalSetu SIH prototype): fictional entities, team-assumed numbers, not real or official statistics.",true
6888504c-1793-578f-b90c-8156ce32dcc4,C-ITI-A-wireman-2025-006,fd3a219f-22fb-5952-b605-24e02df41044,CLASS_10,"[""mr"",""hi"",""en""]","{""analytics"":true,""contact_by_employers"":true}",Y08,"KaushalSetu synthetic generator v2, seed 20260929",2026-09-28T12:00:00+05:30,"SYNTHETIC demo data (KaushalSetu SIH prototype): fictional entities, team-assumed numbers, not real or official statistics.",true
fb249352-62c6-541a-b139-4e0bfec46ac4,C-ITI-A-wireman-2025-007,fd3a219f-22fb-5952-b605-24e02df41044,CLASS_10,"[""mr"",""hi""]","{""analytics"":true,""contact_by_employers"":true}",Y08,"KaushalSetu synthetic generator v2, seed 20260929",2026-09-28T12:00:00+05:30,"SYNTHETIC demo data (KaushalSetu SIH prototype): fictional entities, team-assumed numbers, not real or official statistics.",true
77da519d-f6df-52e4-b0ad-0c15aa435e1a,C-ITI-A-wireman-2025-008,fd3a219f-22fb-5952-b605-24e02df41044,CLASS_10,"[""mr"",""hi"",""en""]","{""analytics"":true,""contact_by_employers"":true}",Y08,"KaushalSetu synthetic generator v2, seed 20260929",2026-09-28T12:00:00+05:30,"SYNTHETIC demo data (KaushalSetu SIH prototype): fictional entities, team-assumed numbers, not real or official statistics.",true
cf37c6cd-5a78-581b-a27c-b644afdadaa1,C-ITI-A-wireman-2025-009,fd3a219f-22fb-5952-b605-24e02df41044,CLASS_10,"[""mr"",""hi""]","{""analytics"":true,""contact_by_employers"":true}",Y08,"KaushalSetu synthetic generator v2, seed 20260929",2026-09-28T12:00:00+05:30,"SYNTHETIC demo data (KaushalSetu SIH prototype): fictional entities, team-assumed numbers, not real or official statistics.",true
6c67e32e-248a-5fd7-985c-525c3b03e958,C-ITI-A-wireman-2025-010,fd3a219f-22fb-5952-b605-24e02df41044,CLASS_10,"[""mr"",""hi"",""en""]","{""analytics"":true,""contact_by_employers"":false}",Y08,"KaushalSetu synthetic generator v2, seed 20260929",2026-09-28T12:00:00+05:30,"SYNTHETIC demo data (KaushalSetu SIH prototype): fictional entities, team-assumed numbers, not real or official statistics.",true
de2ee98d-5aeb-5c49-b419-b9227dfd7399,C-ITI-A-wireman-2025-011,fd3a219f-22fb-5952-b605-24e02df41044,CLASS_12,"[""mr"",""hi""]","{""analytics"":true,""contact_by_employers"":false}",Y08,"KaushalSetu synthetic generator v2, seed 20260929",2026-09-28T12:00:00+05:30,"SYNTHETIC demo data (KaushalSetu SIH prototype): fictional entities, team-assumed numbers, not real or official statistics.",true
c914f638-d38b-50c2-80f1-b33115ef8fbb,C-ITI-A-wireman-2025-012,fd3a219f-22fb-5952-b605-24e02df41044,CLASS_10,"[""mr"",""hi"",""en""]","{""analytics"":true,""contact_by_employers"":false}",Y08,"KaushalSetu synthetic generator v2, seed 20260929",2026-09-28T12:00:00+05:30,"SYNTHETIC demo data (KaushalSetu SIH prototype): fictional entities, team-assumed numbers, not real or official statistics.",true
f16cd2ea-0764-58c7-8eea-ed0e8b6c5eb1,C-ITI-A-wireman-2025-013,fd3a219f-22fb-5952-b605-24e02df41044,CLASS_10,"[""mr""]","{""analytics"":true,""contact_by_employers"":false}",Y08,"KaushalSetu synthetic generator v2, seed 20260929",2026-09-28T12:00:00+05:30,"SYNTHETIC demo data (KaushalSetu SIH prototype): fictional entities, team-assumed numbers, not real or official statistics.",true
c0e3dcdc-bbca-5cba-966b-2f969875cf03,C-ITI-A-wireman-2025-014,fd3a219f-22fb-5952-b605-24e02df41044,CLASS_12,"[""mr"",""hi""]","{""analytics"":true,""contact_by_employers"":true}",Y08,"KaushalSetu synthetic generator v2, seed 20260929",2026-09-28T12:00:00+05:30,"SYNTHETIC demo data (KaushalSetu SIH prototype): fictional entities, team-assumed numbers, not real or official statistics.",true
13ea427e-8c9f-5f8f-9647-297a845c096e,C-ITI-A-wireman-2025-015,fd3a219f-22fb-5952-b605-24e02df41044,CLASS_10,"[""mr""]","{""analytics"":true,""contact_by_employers"":true}",Y08,"KaushalSetu synthetic generator v2, seed 20260929",2026-09-28T12:00:00+05:30,"SYNTHETIC demo data (KaushalSetu SIH prototype): fictional entities, team-assumed numbers, not real or official statistics.",true
3161520e-4d15-555a-8694-8747a24bec3e,C-ITI-A-wireman-2025-016,fd3a219f-22fb-5952-b605-24e02df41044,CLASS_10,"[""mr"",""hi""]","{""analytics"":true,""contact_by_employers"":false}",Y08,"KaushalSetu synthetic generator v2, seed 20260929",2026-09-28T12:00:00+05:30,"SYNTHETIC demo data (KaushalSetu SIH prototype): fictional entities, team-assumed numbers, not real or official statistics.",true
ba7e33f0-108b-5a60-91fc-1e831bbf65ef,C-ITI-A-wireman-2025-017,fd3a219f-22fb-5952-b605-24e02df41044,CLASS_10,"[""mr"",""hi""]","{""analytics"":true,""contact_by_employers"":false}",Y08,"KaushalSetu synthetic generator v2, seed 20260929",2026-09-28T12:00:00+05:30,"SYNTHETIC demo data (KaushalSetu SIH prototype): fictional entities, team-assumed numbers, not real or official statistics.",true
7676c6be-3cbc-507a-b98a-a5cd9e86b11b,C-ITI-A-wireman-2025-018,fd3a219f-22fb-5952-b605-24e02df41044,CLASS_10,"[""mr"",""en""]","{""analytics"":true,""contact_by_employers"":true}",Y08,"KaushalSetu synthetic generator v2, seed 20260929",2026-09-28T12:00:00+05:30,"SYNTHETIC demo data (KaushalSetu SIH prototype): fictional entities, team-assumed numbers, not real or official statistics.",true
3324e25a-4264-5106-bcce-848a074efb41,C-ITI-A-wireman-2025-019,fd3a219f-22fb-5952-b605-24e02df41044,CLASS_10,"[""mr"",""hi""]","{""analytics"":true,""contact_by_employers"":true}",Y08,"KaushalSetu synthetic generator v2, seed 20260929",2026-09-28T12:00:00+05:30,"SYNTHETIC demo data (KaushalSetu SIH prototype): fictional entities, team-assumed numbers, not real or official statistics.",true
e4e98174-4ab7-59e9-92b7-888e97abd673,C-ITI-A-wireman-2025-020,fd3a219f-22fb-5952-b605-24e02df41044,CLASS_12,"[""mr"",""hi"",""en""]","{""analytics"":true,""contact_by_employers"":true}",Y08,"KaushalSetu synthetic generator v2, seed 20260929",2026-09-28T12:00:00+05:30,"SYNTHETIC demo data (KaushalSetu SIH prototype): fictional entities, team-assumed numbers, not real or official statistics.",true
49871120-3157-53a2-94ed-f881852f1d20,C-ITI-A-wireman-2025-021,fd3a219f-22fb-5952-b605-24e02df41044,CLASS_10,"[""mr"",""hi""]","{""analytics"":true,""contact_by_employers"":true}",Y08,"KaushalSetu synthetic generator v2, seed 20260929",2026-09-28T12:00:00+05:30,"SYNTHETIC demo data (KaushalSetu SIH prototype): fictional entities, team-assumed numbers, not real or official statistics.",true
6b7bbbb2-ef3a-5147-b42d-70ab51479f95,C-ITI-A-wireman-2025-022,fd3a219f-22fb-5952-b605-24e02df41044,CLASS_10,"[""mr""]","{""analytics"":true,""contact_by_employers"":false}",Y08,"KaushalSetu synthetic generator v2, seed 20260929",2026-09-28T12:00:00+05:30,"SYNTHETIC demo data (KaushalSetu SIH prototype): fictional entities, team-assumed numbers, not real or official statistics.",true
3ea1b798-2378-5676-ae1a-91d3f516869c,C-ITI-A-wireman-2025-023,fd3a219f-22fb-5952-b605-24e02df41044,CLASS_10,"[""mr"",""en""]","{""analytics"":true,""contact_by_employers"":true}",Y08,"KaushalSetu synthetic generator v2, seed 20260929",2026-09-28T12:00:00+05:30,"SYNTHETIC demo data (KaushalSetu SIH prototype): fictional entities, team-assumed numbers, not real or official statistics.",true
77998bb9-3637-5c2d-a786-652eb037cbad,C-ITI-A-wireman-2025-024,fd3a219f-22fb-5952-b605-24e02df41044,CLASS_10,"[""mr""]","{""analytics"":true,""contact_by_employers"":false}",Y08,"KaushalSetu synthetic generator v2, seed 20260929",2026-09-28T12:00:00+05:30,"SYNTHETIC demo data (KaushalSetu SIH prototype): fictional entities, team-assumed numbers, not real or official statistics.",true
8e16e0f1-3681-5ff3-b2c7-ac3760ad20dd,C-ITI-A-wireman-2025-025,fd3a219f-22fb-5952-b605-24e02df41044,CLASS_10,"[""mr"",""hi""]","{""analytics"":true,""contact_by_employers"":true}",Y08,"KaushalSetu synthetic generator v2, seed 20260929",2026-09-28T12:00:00+05:30,"SYNTHETIC demo data (KaushalSetu SIH prototype): fictional entities, team-assumed numbers, not real or official statistics.",true
01887438-794c-5605-9e95-8bdbf624002b,C-ITI-A-wireman-2025-026,fd3a219f-22fb-5952-b605-24e02df41044,CLASS_12,"[""mr"",""en""]","{""analytics"":true,""contact_by_employers"":true}",Y08,"KaushalSetu synthetic generator v2, seed 20260929",2026-09-28T12:00:00+05:30,"SYNTHETIC demo data (KaushalSetu SIH prototype): fictional entities, team-assumed numbers, not real or official statistics.",true
bfe044a4-beeb-529c-972f-cf90a4e3a067,C-ITI-A-wireman-2025-027,fd3a219f-22fb-5952-b605-24e02df41044,CLASS_12,"[""mr"",""hi"",""en""]","{""analytics"":true,""contact_by_employers"":false}",Y08,"KaushalSetu synthetic generator v2, seed 20260929",2026-09-28T12:00:00+05:30,"SYNTHETIC demo data (KaushalSetu SIH prototype): fictional entities, team-assumed numbers, not real or official statistics.",true
e8f2ba52-1ecf-5e4c-9e9e-8d9404a78d66,C-ITI-A-wireman-2025-028,fd3a219f-22fb-5952-b605-24e02df41044,CLASS_10,"[""mr"",""hi""]","{""analytics"":true,""contact_by_employers"":true}",Y08,"KaushalSetu synthetic generator v2, seed 20260929",2026-09-28T12:00:00+05:30,"SYNTHETIC demo data (KaushalSetu SIH prototype): fictional entities, team-assumed numbers, not real or official statistics.",true
d4057cdf-fea4-53ba-ab5e-3d9cd849b9ce,C-ITI-A-wireman-2025-029,fd3a219f-22fb-5952-b605-24e02df41044,CLASS_10,"[""mr""]","{""analytics"":true,""contact_by_employers"":false}",Y08,"KaushalSetu synthetic generator v2, seed 20260929",2026-09-28T12:00:00+05:30,"SYNTHETIC demo data (KaushalSetu SIH prototype): fictional entities, team-assumed numbers, not real or official statistics.",true
309afc65-6f88-5be0-a1a1-b331fef64063,C-ITI-A-wireman-2025-030,fd3a219f-22fb-5952-b605-24e02df41044,CLASS_10,"[""mr"",""hi""]","{""analytics"":true,""contact_by_employers"":true}",Y08,"KaushalSetu synthetic generator v2, seed 20260929",2026-09-28T12:00:00+05:30,"SYNTHETIC demo data (KaushalSetu SIH prototype): fictional entities, team-assumed numbers, not real or official statistics.",true
dfa1ea53-226a-5837-98aa-2ad41137a892,C-ITI-A-wireman-2025-031,fd3a219f-22fb-5952-b605-24e02df41044,CLASS_10,"[""mr""]","{""analytics"":true,""contact_by_employers"":true}",Y08,"KaushalSetu synthetic generator v2, seed 20260929",2026-09-28T12:00:00+05:30,"SYNTHETIC demo data (KaushalSetu SIH prototype): fictional entities, team-assumed numbers, not real or official statistics.",true
7b1561f7-21bb-531d-bb60-4c6faa047e81,C-ITI-A-wireman-2025-032,fd3a219f-22fb-5952-b605-24e02df41044,CLASS_12,"[""mr""]","{""analytics"":true,""contact_by_employers"":false}",Y08,"KaushalSetu synthetic generator v2, seed 20260929",2026-09-28T12:00:00+05:30,"SYNTHETIC demo data (KaushalSetu SIH prototype): fictional entities, team-assumed numbers, not real or official statistics.",true
18426dd5-644c-5ae3-9329-87c870caa509,C-ITI-A-wireman-2025-033,fd3a219f-22fb-5952-b605-24e02df41044,CLASS_12,"[""mr"",""hi"",""en""]","{""analytics"":true,""contact_by_employers"":true}",Y08,"KaushalSetu synthetic generator v2, seed 20260929",2026-09-28T12:00:00+05:30,"SYNTHETIC demo data (KaushalSetu SIH prototype): fictional entities, team-assumed numbers, not real or official statistics.",true
4f13d3d4-98b4-5e8c-a22b-2f5688f8fb55,C-ITI-A-wireman-2025-034,fd3a219f-22fb-5952-b605-24e02df41044,CLASS_10,"[""mr"",""hi""]","{""analytics"":true,""contact_by_employers"":false}",Y08,"KaushalSetu synthetic generator v2, seed 20260929",2026-09-28T12:00:00+05:30,"SYNTHETIC demo data (KaushalSetu SIH prototype): fictional entities, team-assumed numbers, not real or official statistics.",true
915cc6af-9b98-5a3e-b713-9fa3bfcd8c6f,C-ITI-A-wireman-2025-035,fd3a219f-22fb-5952-b605-24e02df41044,CLASS_10,"[""mr"",""hi""]","{""analytics"":true,""contact_by_employers"":true}",Y08,"KaushalSetu synthetic generator v2, seed 20260929",2026-09-28T12:00:00+05:30,"SYNTHETIC demo data (KaushalSetu SIH prototype): fictional entities, team-assumed numbers, not real or official statistics.",true
cc7c4a92-9511-5861-99b4-951ed0c65372,C-ITI-A-wireman-2025-036,fd3a219f-22fb-5952-b605-24e02df41044,CLASS_10,"[""mr"",""hi""]","{""analytics"":true,""contact_by_employers"":true}",Y08,"KaushalSetu synthetic generator v2, seed 20260929",2026-09-28T12:00:00+05:30,"SYNTHETIC demo data (KaushalSetu SIH prototype): fictional entities, team-assumed numbers, not real or official statistics.",true
32fa9033-97bd-5979-86aa-5e164f4b373c,C-ITI-A-wireman-2025-037,fd3a219f-22fb-5952-b605-24e02df41044,CLASS_10,"[""mr""]","{""analytics"":true,""contact_by_employers"":false}",Y08,"KaushalSetu synthetic generator v2, seed 20260929",2026-09-28T12:00:00+05:30,"SYNTHETIC demo data (KaushalSetu SIH prototype): fictional entities, team-assumed numbers, not real or official statistics.",true
f5e450a9-947c-5377-911a-8cfd062524ca,C-ITI-A-wireman-2025-038,fd3a219f-22fb-5952-b605-24e02df41044,CLASS_10,"[""mr"",""hi""]","{""analytics"":true,""contact_by_employers"":true}",Y08,"KaushalSetu synthetic generator v2, seed 20260929",2026-09-28T12:00:00+05:30,"SYNTHETIC demo data (KaushalSetu SIH prototype): fictional entities, team-assumed numbers, not real or official statistics.",true
8385cbd7-26d8-5068-ab44-ba6e5149bef9,C-ITI-A-wireman-2025-039,fd3a219f-22fb-5952-b605-24e02df41044,CLASS_10,"[""mr"",""hi"",""en""]","{""analytics"":true,""contact_by_employers"":true}",Y08,"KaushalSetu synthetic generator v2, seed 20260929",2026-09-28T12:00:00+05:30,"SYNTHETIC demo data (KaushalSetu SIH prototype): fictional entities, team-assumed numbers, not real or official statistics.",true
2cb85a29-8f34-5d8d-959d-982b4050bdfe,C-ITI-A-wireman-2025-040,fd3a219f-22fb-5952-b605-24e02df41044,CLASS_10,"[""mr"",""hi""]","{""analytics"":true,""contact_by_employers"":true}",Y08,"KaushalSetu synthetic generator v2, seed 20260929",2026-09-28T12:00:00+05:30,"SYNTHETIC demo data (KaushalSetu SIH prototype): fictional entities, team-assumed numbers, not real or official statistics.",true
e89eec3c-c438-53a7-9bb8-13f7b45b7da2,C-ITI-A-wireman-2025-041,fd3a219f-22fb-5952-b605-24e02df41044,CLASS_10,"[""mr"",""hi"",""en""]","{""analytics"":true,""contact_by_employers"":true}",Y08,"KaushalSetu synthetic generator v2, seed 20260929",2026-09-28T12:00:00+05:30,"SYNTHETIC demo data (KaushalSetu SIH prototype): fictional entities, team-assumed numbers, not real or official statistics.",true
874e5bbc-4353-5122-a2ed-ed595a4f8369,C-ITI-A-wireman-2025-042,fd3a219f-22fb-5952-b605-24e02df41044,CLASS_10,"[""mr"",""hi"",""en""]","{""analytics"":true,""contact_by_employers"":true}",Y08,"KaushalSetu synthetic generator v2, seed 20260929",2026-09-28T12:00:00+05:30,"SYNTHETIC demo data (KaushalSetu SIH prototype): fictional entities, team-assumed numbers, not real or official statistics.",true
cd4c15b8-402a-5cd4-86ba-1db342b938e4,C-ITI-A-wireman-2025-043,fd3a219f-22fb-5952-b605-24e02df41044,CLASS_10,"[""mr"",""en""]","{""analytics"":true,""contact_by_employers"":true}",Y08,"KaushalSetu synthetic generator v2, seed 20260929",2026-09-28T12:00:00+05:30,"SYNTHETIC demo data (KaushalSetu SIH prototype): fictional entities, team-assumed numbers, not real or official statistics.",true
20256f06-af70-5dba-b796-9c4a1cc65b87,C-ITI-A-wireman-2025-044,fd3a219f-22fb-5952-b605-24e02df41044,CLASS_12,"[""mr""]","{""analytics"":true,""contact_by_employers"":true}",Y08,"KaushalSetu synthetic generator v2, seed 20260929",2026-09-28T12:00:00+05:30,"SYNTHETIC demo data (KaushalSetu SIH prototype): fictional entities, team-assumed numbers, not real or official statistics.",true
4cba3303-21ef-560b-af14-6dcc442fa94b,C-ITI-A-wireman-2025-045,fd3a219f-22fb-5952-b605-24e02df41044,CLASS_10,"[""mr"",""hi""]","{""analytics"":true,""contact_by_employers"":true}",Y08,"KaushalSetu synthetic generator v2, seed 20260929",2026-09-28T12:00:00+05:30,"SYNTHETIC demo data (KaushalSetu SIH prototype): fictional entities, team-assumed numbers, not real or official statistics.",true
9af151ba-08e9-56b0-808a-2301e86a3b24,C-ITI-A-wireman-2025-046,fd3a219f-22fb-5952-b605-24e02df41044,CLASS_10,"[""mr"",""en""]","{""analytics"":true,""contact_by_employers"":true}",Y08,"KaushalSetu synthetic generator v2, seed 20260929",2026-09-28T12:00:00+05:30,"SYNTHETIC demo data (KaushalSetu SIH prototype): fictional entities, team-assumed numbers, not real or official statistics.",true
bf857a1c-9475-509c-bf80-5dad948d0352,C-ITI-A-wireman-2025-047,fd3a219f-22fb-5952-b605-24e02df41044,CLASS_10,"[""mr"",""hi"",""en""]","{""analytics"":true,""contact_by_employers"":true}",Y08,"KaushalSetu synthetic generator v2, seed 20260929",2026-09-28T12:00:00+05:30,"SYNTHETIC demo data (KaushalSetu SIH prototype): fictional entities, team-assumed numbers, not real or official statistics.",true
9e9a6a96-f177-5f57-9cc0-4515273ac4ec,C-ITI-A-wireman-2025-048,fd3a219f-22fb-5952-b605-24e02df41044,CLASS_10,"[""mr"",""hi""]","{""analytics"":true,""contact_by_employers"":true}",Y08,"KaushalSetu synthetic generator v2, seed 20260929",2026-09-28T12:00:00+05:30,"SYNTHETIC demo data (KaushalSetu SIH prototype): fictional entities, team-assumed numbers, not real or official statistics.",true
3913f588-cd2f-5f3d-9aa6-39194d71afad,C-ITI-A-wireman-2025-049,fd3a219f-22fb-5952-b605-24e02df41044,CLASS_10,"[""mr"",""en""]","{""analytics"":true,""contact_by_employers"":true}",Y08,"KaushalSetu synthetic generator v2, seed 20260929",2026-09-28T12:00:00+05:30,"SYNTHETIC demo data (KaushalSetu SIH prototype): fictional entities, team-assumed numbers, not real or official statistics.",true
01c402bc-f077-5505-980e-a68d3dfee0ce,C-ITI-A-wireman-2025-050,fd3a219f-22fb-5952-b605-24e02df41044,CLASS_10,"[""mr""]","{""analytics"":true,""contact_by_employers"":false}",Y08,"KaushalSetu synthetic generator v2, seed 20260929",2026-09-28T12:00:00+05:30,"SYNTHETIC demo data (KaushalSetu SIH prototype): fictional entities, team-assumed numbers, not real or official statistics.",true
06e7eb2f-2a08-5dca-9f2a-4fca9f5dc950,C-ITI-A-wireman-2025-051,fd3a219f-22fb-5952-b605-24e02df41044,CLASS_10,"[""mr""]","{""analytics"":true,""contact_by_employers"":true}",Y08,"KaushalSetu synthetic generator v2, seed 20260929",2026-09-28T12:00:00+05:30,"SYNTHETIC demo data (KaushalSetu SIH prototype): fictional entities, team-assumed numbers, not real or official statistics.",true
0d19ad54-92ee-5a9f-a9b0-429b7fc8ba02,C-ITI-A-wireman-2025-052,fd3a219f-22fb-5952-b605-24e02df41044,CLASS_10,"[""mr"",""hi""]","{""analytics"":true,""contact_by_employers"":true}",Y08,"KaushalSetu synthetic generator v2, seed 20260929",2026-09-28T12:00:00+05:30,"SYNTHETIC demo data (KaushalSetu SIH prototype): fictional entities, team-assumed numbers, not real or official statistics.",true
16d96c60-a79d-5d6e-9179-8428bbbb35e7,C-ITI-B-electrician-2024-001,fd3a219f-22fb-5952-b605-24e02df41044,CLASS_12,"[""mr"",""hi""]","{""analytics"":true,""contact_by_employers"":true}",Y08,"KaushalSetu synthetic generator v2, seed 20260929",2026-09-28T12:00:00+05:30,"SYNTHETIC demo data (KaushalSetu SIH prototype): fictional entities, team-assumed numbers, not real or official statistics.",true
4914af9c-db44-5db7-895e-2634ff573fd9,C-ITI-B-electrician-2024-002,fd3a219f-22fb-5952-b605-24e02df41044,CLASS_10,"[""mr"",""hi""]","{""analytics"":true,""contact_by_employers"":true}",Y08,"KaushalSetu synthetic generator v2, seed 20260929",2026-09-28T12:00:00+05:30,"SYNTHETIC demo data (KaushalSetu SIH prototype): fictional entities, team-assumed numbers, not real or official statistics.",true
8ae7038e-e030-5095-8498-b613664c3757,C-ITI-B-electrician-2024-003,fd3a219f-22fb-5952-b605-24e02df41044,CLASS_12,"[""mr"",""hi""]","{""analytics"":true,""contact_by_employers"":false}",Y08,"KaushalSetu synthetic generator v2, seed 20260929",2026-09-28T12:00:00+05:30,"SYNTHETIC demo data (KaushalSetu SIH prototype): fictional entities, team-assumed numbers, not real or official statistics.",true
f1094bc1-abf5-5b0b-ac8c-3c9ddba71df6,C-ITI-B-electrician-2024-004,fd3a219f-22fb-5952-b605-24e02df41044,CLASS_10,"[""mr"",""en""]","{""analytics"":true,""contact_by_employers"":false}",Y08,"KaushalSetu synthetic generator v2, seed 20260929",2026-09-28T12:00:00+05:30,"SYNTHETIC demo data (KaushalSetu SIH prototype): fictional entities, team-assumed numbers, not real or official statistics.",true
fb57347b-4d27-56ff-bf46-6ac941a3d40f,C-ITI-B-electrician-2024-005,fd3a219f-22fb-5952-b605-24e02df41044,CLASS_10,"[""mr"",""hi""]","{""analytics"":true,""contact_by_employers"":true}",Y08,"KaushalSetu synthetic generator v2, seed 20260929",2026-09-28T12:00:00+05:30,"SYNTHETIC demo data (KaushalSetu SIH prototype): fictional entities, team-assumed numbers, not real or official statistics.",true
8595ae50-09d3-5dfd-a0ae-dda62a3e50e2,C-ITI-B-electrician-2024-006,fd3a219f-22fb-5952-b605-24e02df41044,CLASS_10,"[""mr"",""en""]","{""analytics"":true,""contact_by_employers"":true}",Y08,"KaushalSetu synthetic generator v2, seed 20260929",2026-09-28T12:00:00+05:30,"SYNTHETIC demo data (KaushalSetu SIH prototype): fictional entities, team-assumed numbers, not real or official statistics.",true
f7ebbcf0-5fc6-57bc-90b8-0f5718cab69b,C-ITI-B-electrician-2024-007,fd3a219f-22fb-5952-b605-24e02df41044,CLASS_10,"[""mr""]","{""analytics"":true,""contact_by_employers"":true}",Y08,"KaushalSetu synthetic generator v2, seed 20260929",2026-09-28T12:00:00+05:30,"SYNTHETIC demo data (KaushalSetu SIH prototype): fictional entities, team-assumed numbers, not real or official statistics.",true
467c5a05-4a48-59e8-aa59-15e98d6daf95,C-ITI-B-electrician-2024-008,fd3a219f-22fb-5952-b605-24e02df41044,CLASS_10,"[""mr"",""hi""]","{""analytics"":true,""contact_by_employers"":true}",Y08,"KaushalSetu synthetic generator v2, seed 20260929",2026-09-28T12:00:00+05:30,"SYNTHETIC demo data (KaushalSetu SIH prototype): fictional entities, team-assumed numbers, not real or official statistics.",true
78d6d20d-928e-5ed9-a55b-4b8dc2c02120,C-ITI-B-electrician-2024-009,fd3a219f-22fb-5952-b605-24e02df41044,CLASS_10,"[""mr"",""hi"",""en""]","{""analytics"":true,""contact_by_employers"":false}",Y08,"KaushalSetu synthetic generator v2, seed 20260929",2026-09-28T12:00:00+05:30,"SYNTHETIC demo data (KaushalSetu SIH prototype): fictional entities, team-assumed numbers, not real or official statistics.",true
9a1a2c6e-4d0c-56a8-a41b-7d238542310d,C-ITI-B-electrician-2024-010,fd3a219f-22fb-5952-b605-24e02df41044,CLASS_10,"[""mr"",""hi""]","{""analytics"":true,""contact_by_employers"":false}",Y08,"KaushalSetu synthetic generator v2, seed 20260929",2026-09-28T12:00:00+05:30,"SYNTHETIC demo data (KaushalSetu SIH prototype): fictional entities, team-assumed numbers, not real or official statistics.",true
06c56787-0334-534a-97c5-a2dc84f3f82d,C-ITI-B-electrician-2024-011,fd3a219f-22fb-5952-b605-24e02df41044,CLASS_10,"[""mr""]","{""analytics"":true,""contact_by_employers"":true}",Y08,"KaushalSetu synthetic generator v2, seed 20260929",2026-09-28T12:00:00+05:30,"SYNTHETIC demo data (KaushalSetu SIH prototype): fictional entities, team-assumed numbers, not real or official statistics.",true
170a08c0-298d-567f-9613-6312901e4be9,C-ITI-B-electrician-2024-012,fd3a219f-22fb-5952-b605-24e02df41044,CLASS_12,"[""mr"",""hi""]","{""analytics"":true,""contact_by_employers"":true}",Y08,"KaushalSetu synthetic generator v2, seed 20260929",2026-09-28T12:00:00+05:30,"SYNTHETIC demo data (KaushalSetu SIH prototype): fictional entities, team-assumed numbers, not real or official statistics.",true
4a124a80-ce0f-5b53-8e19-5d7fb5ae5429,C-ITI-B-electrician-2024-013,fd3a219f-22fb-5952-b605-24e02df41044,CLASS_12,"[""mr""]","{""analytics"":true,""contact_by_employers"":true}",Y08,"KaushalSetu synthetic generator v2, seed 20260929",2026-09-28T12:00:00+05:30,"SYNTHETIC demo data (KaushalSetu SIH prototype): fictional entities, team-assumed numbers, not real or official statistics.",true
b9e9d642-b44b-5e77-bbde-37d3e42a110f,C-ITI-B-electrician-2024-014,fd3a219f-22fb-5952-b605-24e02df41044,CLASS_12,"[""mr"",""en""]","{""analytics"":true,""contact_by_employers"":true}",Y08,"KaushalSetu synthetic generator v2, seed 20260929",2026-09-28T12:00:00+05:30,"SYNTHETIC demo data (KaushalSetu SIH prototype): fictional entities, team-assumed numbers, not real or official statistics.",true
777a263d-3227-5ae1-8232-a5ed87deb3ee,C-ITI-B-electrician-2024-015,fd3a219f-22fb-5952-b605-24e02df41044,CLASS_12,"[""mr""]","{""analytics"":true,""contact_by_employers"":false}",Y08,"KaushalSetu synthetic generator v2, seed 20260929",2026-09-28T12:00:00+05:30,"SYNTHETIC demo data (KaushalSetu SIH prototype): fictional entities, team-assumed numbers, not real or official statistics.",true
c8b8dfea-e35e-5a6d-bbb7-20878b19e865,C-ITI-B-electrician-2024-016,fd3a219f-22fb-5952-b605-24e02df41044,CLASS_10,"[""mr""]","{""analytics"":true,""contact_by_employers"":true}",Y08,"KaushalSetu synthetic generator v2, seed 20260929",2026-09-28T12:00:00+05:30,"SYNTHETIC demo data (KaushalSetu SIH prototype): fictional entities, team-assumed numbers, not real or official statistics.",true
a09da1b7-138f-5f48-b774-2fe80efa0783,C-ITI-B-electrician-2024-017,fd3a219f-22fb-5952-b605-24e02df41044,CLASS_10,"[""mr"",""hi"",""en""]","{""analytics"":true,""contact_by_employers"":true}",Y08,"KaushalSetu synthetic generator v2, seed 20260929",2026-09-28T12:00:00+05:30,"SYNTHETIC demo data (KaushalSetu SIH prototype): fictional entities, team-assumed numbers, not real or official statistics.",true
b43c2d99-15d3-5be5-9399-cfd9076e056a,C-ITI-B-electrician-2024-018,fd3a219f-22fb-5952-b605-24e02df41044,CLASS_10,"[""mr"",""hi"",""en""]","{""analytics"":true,""contact_by_employers"":false}",Y08,"KaushalSetu synthetic generator v2, seed 20260929",2026-09-28T12:00:00+05:30,"SYNTHETIC demo data (KaushalSetu SIH prototype): fictional entities, team-assumed numbers, not real or official statistics.",true
0acf5c2b-07df-5cbb-9474-17cee6547579,C-ITI-B-electrician-2024-019,fd3a219f-22fb-5952-b605-24e02df41044,CLASS_12,"[""mr"",""hi""]","{""analytics"":true,""contact_by_employers"":true}",Y08,"KaushalSetu synthetic generator v2, seed 20260929",2026-09-28T12:00:00+05:30,"SYNTHETIC demo data (KaushalSetu SIH prototype): fictional entities, team-assumed numbers, not real or official statistics.",true
f91eda9f-f42e-54c2-9652-99973135f2ce,C-ITI-B-electrician-2024-020,fd3a219f-22fb-5952-b605-24e02df41044,CLASS_10,"[""mr""]","{""analytics"":true,""contact_by_employers"":true}",Y08,"KaushalSetu synthetic generator v2, seed 20260929",2026-09-28T12:00:00+05:30,"SYNTHETIC demo data (KaushalSetu SIH prototype): fictional entities, team-assumed numbers, not real or official statistics.",true
62599bad-d731-5bf3-ad2e-75c12b06d9a0,C-ITI-B-electrician-2024-021,fd3a219f-22fb-5952-b605-24e02df41044,CLASS_12,"[""mr"",""en""]","{""analytics"":true,""contact_by_employers"":true}",Y08,"KaushalSetu synthetic generator v2, seed 20260929",2026-09-28T12:00:00+05:30,"SYNTHETIC demo data (KaushalSetu SIH prototype): fictional entities, team-assumed numbers, not real or official statistics.",true
dd289eeb-107f-505e-a3df-a8540641537e,C-ITI-B-electrician-2024-022,fd3a219f-22fb-5952-b605-24e02df41044,CLASS_12,"[""mr""]","{""analytics"":true,""contact_by_employers"":true}",Y08,"KaushalSetu synthetic generator v2, seed 20260929",2026-09-28T12:00:00+05:30,"SYNTHETIC demo data (KaushalSetu SIH prototype): fictional entities, team-assumed numbers, not real or official statistics.",true
9914dd22-8ec9-5af3-9a19-53cc5828a882,C-ITI-B-electrician-2024-023,fd3a219f-22fb-5952-b605-24e02df41044,CLASS_10,"[""mr""]","{""analytics"":true,""contact_by_employers"":false}",Y08,"KaushalSetu synthetic generator v2, seed 20260929",2026-09-28T12:00:00+05:30,"SYNTHETIC demo data (KaushalSetu SIH prototype): fictional entities, team-assumed numbers, not real or official statistics.",true
32b5406b-034f-5053-a6a7-e0b67c5b6214,C-ITI-B-electrician-2024-024,fd3a219f-22fb-5952-b605-24e02df41044,CLASS_10,"[""mr"",""hi""]","{""analytics"":true,""contact_by_employers"":false}",Y08,"KaushalSetu synthetic generator v2, seed 20260929",2026-09-28T12:00:00+05:30,"SYNTHETIC demo data (KaushalSetu SIH prototype): fictional entities, team-assumed numbers, not real or official statistics.",true
c1b693c2-6f27-5df6-8c52-1dff55cd317b,C-ITI-B-electrician-2024-025,fd3a219f-22fb-5952-b605-24e02df41044,CLASS_10,"[""mr""]","{""analytics"":true,""contact_by_employers"":true}",Y08,"KaushalSetu synthetic generator v2, seed 20260929",2026-09-28T12:00:00+05:30,"SYNTHETIC demo data (KaushalSetu SIH prototype): fictional entities, team-assumed numbers, not real or official statistics.",true
0f6cd1dd-98ef-5691-b9dd-0188df30745d,C-ITI-B-electrician-2024-026,fd3a219f-22fb-5952-b605-24e02df41044,CLASS_10,"[""mr"",""hi""]","{""analytics"":true,""contact_by_employers"":true}",Y08,"KaushalSetu synthetic generator v2, seed 20260929",2026-09-28T12:00:00+05:30,"SYNTHETIC demo data (KaushalSetu SIH prototype): fictional entities, team-assumed numbers, not real or official statistics.",true
a3c1d22f-a7cf-517e-b595-70ac7277ba28,C-ITI-B-electrician-2024-027,fd3a219f-22fb-5952-b605-24e02df41044,CLASS_10,"[""mr"",""en""]","{""analytics"":true,""contact_by_employers"":true}",Y08,"KaushalSetu synthetic generator v2, seed 20260929",2026-09-28T12:00:00+05:30,"SYNTHETIC demo data (KaushalSetu SIH prototype): fictional entities, team-assumed numbers, not real or official statistics.",true
96d39cb4-5678-583e-ac62-8da4a7297822,C-ITI-B-electrician-2024-028,fd3a219f-22fb-5952-b605-24e02df41044,CLASS_10,"[""mr"",""en""]","{""analytics"":true,""contact_by_employers"":true}",Y08,"KaushalSetu synthetic generator v2, seed 20260929",2026-09-28T12:00:00+05:30,"SYNTHETIC demo data (KaushalSetu SIH prototype): fictional entities, team-assumed numbers, not real or official statistics.",true
769a8f9f-3397-5fbc-bb41-dcb032c88fae,C-ITI-B-electrician-2024-029,fd3a219f-22fb-5952-b605-24e02df41044,CLASS_10,"[""mr""]","{""analytics"":true,""contact_by_employers"":true}",Y08,"KaushalSetu synthetic generator v2, seed 20260929",2026-09-28T12:00:00+05:30,"SYNTHETIC demo data (KaushalSetu SIH prototype): fictional entities, team-assumed numbers, not real or official statistics.",true
fbd34524-9f6e-5c86-aa0f-e2a62a151ae8,C-ITI-B-electrician-2024-030,fd3a219f-22fb-5952-b605-24e02df41044,CLASS_12,"[""mr"",""en""]","{""analytics"":true,""contact_by_employers"":true}",Y08,"KaushalSetu synthetic generator v2, seed 20260929",2026-09-28T12:00:00+05:30,"SYNTHETIC demo data (KaushalSetu SIH prototype): fictional entities, team-assumed numbers, not real or official statistics.",true
bb59ab66-6800-56e4-bb75-b38916b3ec8b,C-ITI-B-electrician-2024-031,fd3a219f-22fb-5952-b605-24e02df41044,CLASS_12,"[""mr""]","{""analytics"":true,""contact_by_employers"":false}",Y08,"KaushalSetu synthetic generator v2, seed 20260929",2026-09-28T12:00:00+05:30,"SYNTHETIC demo data (KaushalSetu SIH prototype): fictional entities, team-assumed numbers, not real or official statistics.",true
cc90d40a-a228-5de6-9238-19c22931ff78,C-ITI-B-electrician-2024-032,fd3a219f-22fb-5952-b605-24e02df41044,CLASS_12,"[""mr"",""hi""]","{""analytics"":true,""contact_by_employers"":false}",Y08,"KaushalSetu synthetic generator v2, seed 20260929",2026-09-28T12:00:00+05:30,"SYNTHETIC demo data (KaushalSetu SIH prototype): fictional entities, team-assumed numbers, not real or official statistics.",true
bb83525d-2300-51b4-badf-1b9ab5ac6a99,C-ITI-B-electrician-2024-033,fd3a219f-22fb-5952-b605-24e02df41044,CLASS_10,"[""mr""]","{""analytics"":true,""contact_by_employers"":true}",Y08,"KaushalSetu synthetic generator v2, seed 20260929",2026-09-28T12:00:00+05:30,"SYNTHETIC demo data (KaushalSetu SIH prototype): fictional entities, team-assumed numbers, not real or official statistics.",true
d8ae8610-7d46-5fb2-93db-d4b642b35595,C-ITI-B-electrician-2024-034,fd3a219f-22fb-5952-b605-24e02df41044,CLASS_12,"[""mr""]","{""analytics"":true,""contact_by_employers"":true}",Y08,"KaushalSetu synthetic generator v2, seed 20260929",2026-09-28T12:00:00+05:30,"SYNTHETIC demo data (KaushalSetu SIH prototype): fictional entities, team-assumed numbers, not real or official statistics.",true
4a63393a-5eb1-5524-ab15-0dbf624a21fd,C-ITI-B-electrician-2024-035,fd3a219f-22fb-5952-b605-24e02df41044,CLASS_10,"[""mr""]","{""analytics"":true,""contact_by_employers"":false}",Y08,"KaushalSetu synthetic generator v2, seed 20260929",2026-09-28T12:00:00+05:30,"SYNTHETIC demo data (KaushalSetu SIH prototype): fictional entities, team-assumed numbers, not real or official statistics.",true
4fe4f6d2-9fae-5453-9512-fb215a1c7c60,C-ITI-B-electrician-2024-036,fd3a219f-22fb-5952-b605-24e02df41044,CLASS_10,"[""mr"",""hi""]","{""analytics"":true,""contact_by_employers"":true}",Y08,"KaushalSetu synthetic generator v2, seed 20260929",2026-09-28T12:00:00+05:30,"SYNTHETIC demo data (KaushalSetu SIH prototype): fictional entities, team-assumed numbers, not real or official statistics.",true
4e78ce52-241e-5fba-8a1d-4a51ca713d89,C-ITI-B-electrician-2025-001,fd3a219f-22fb-5952-b605-24e02df41044,CLASS_10,"[""mr"",""en""]","{""analytics"":true,""contact_by_employers"":true}",Y08,"KaushalSetu synthetic generator v2, seed 20260929",2026-09-28T12:00:00+05:30,"SYNTHETIC demo data (KaushalSetu SIH prototype): fictional entities, team-assumed numbers, not real or official statistics.",true
19e83a6d-315b-50cb-ae94-7fb338776753,C-ITI-B-electrician-2025-002,fd3a219f-22fb-5952-b605-24e02df41044,CLASS_10,"[""mr"",""hi""]","{""analytics"":true,""contact_by_employers"":true}",Y08,"KaushalSetu synthetic generator v2, seed 20260929",2026-09-28T12:00:00+05:30,"SYNTHETIC demo data (KaushalSetu SIH prototype): fictional entities, team-assumed numbers, not real or official statistics.",true
4b9558a2-ca0e-533e-821d-1a066df1bc59,C-ITI-B-electrician-2025-003,fd3a219f-22fb-5952-b605-24e02df41044,CLASS_10,"[""mr"",""en""]","{""analytics"":true,""contact_by_employers"":true}",Y08,"KaushalSetu synthetic generator v2, seed 20260929",2026-09-28T12:00:00+05:30,"SYNTHETIC demo data (KaushalSetu SIH prototype): fictional entities, team-assumed numbers, not real or official statistics.",true
ae37c496-9fd2-57a9-a0f7-4eaa72db6569,C-ITI-B-electrician-2025-004,fd3a219f-22fb-5952-b605-24e02df41044,CLASS_10,"[""mr"",""hi"",""en""]","{""analytics"":true,""contact_by_employers"":true}",Y08,"KaushalSetu synthetic generator v2, seed 20260929",2026-09-28T12:00:00+05:30,"SYNTHETIC demo data (KaushalSetu SIH prototype): fictional entities, team-assumed numbers, not real or official statistics.",true
579fdbc5-976a-55d4-9908-6f65c78aa5b4,C-ITI-B-electrician-2025-005,fd3a219f-22fb-5952-b605-24e02df41044,CLASS_12,"[""mr"",""hi""]","{""analytics"":true,""contact_by_employers"":true}",Y08,"KaushalSetu synthetic generator v2, seed 20260929",2026-09-28T12:00:00+05:30,"SYNTHETIC demo data (KaushalSetu SIH prototype): fictional entities, team-assumed numbers, not real or official statistics.",true
2aabf4f9-8dc0-566b-836c-cfe147ad887c,C-ITI-B-electrician-2025-006,fd3a219f-22fb-5952-b605-24e02df41044,CLASS_12,"[""mr"",""hi""]","{""analytics"":true,""contact_by_employers"":false}",Y08,"KaushalSetu synthetic generator v2, seed 20260929",2026-09-28T12:00:00+05:30,"SYNTHETIC demo data (KaushalSetu SIH prototype): fictional entities, team-assumed numbers, not real or official statistics.",true
a185a1db-0a77-56ed-9da8-6150d488e1d8,C-ITI-B-electrician-2025-007,fd3a219f-22fb-5952-b605-24e02df41044,CLASS_10,"[""mr""]","{""analytics"":true,""contact_by_employers"":true}",Y08,"KaushalSetu synthetic generator v2, seed 20260929",2026-09-28T12:00:00+05:30,"SYNTHETIC demo data (KaushalSetu SIH prototype): fictional entities, team-assumed numbers, not real or official statistics.",true
e447d364-746e-56a9-b171-92076787047f,C-ITI-B-electrician-2025-008,fd3a219f-22fb-5952-b605-24e02df41044,CLASS_10,"[""mr"",""hi"",""en""]","{""analytics"":true,""contact_by_employers"":true}",Y08,"KaushalSetu synthetic generator v2, seed 20260929",2026-09-28T12:00:00+05:30,"SYNTHETIC demo data (KaushalSetu SIH prototype): fictional entities, team-assumed numbers, not real or official statistics.",true
9e3c4bc0-697a-503e-b893-dd101db31853,C-ITI-B-electrician-2025-009,fd3a219f-22fb-5952-b605-24e02df41044,CLASS_10,"[""mr"",""hi""]","{""analytics"":true,""contact_by_employers"":true}",Y08,"KaushalSetu synthetic generator v2, seed 20260929",2026-09-28T12:00:00+05:30,"SYNTHETIC demo data (KaushalSetu SIH prototype): fictional entities, team-assumed numbers, not real or official statistics.",true
024ed3e5-b3d8-59b8-a522-0f313b59ff80,C-ITI-B-electrician-2025-010,fd3a219f-22fb-5952-b605-24e02df41044,CLASS_12,"[""mr"",""hi""]","{""analytics"":true,""contact_by_employers"":false}",Y08,"KaushalSetu synthetic generator v2, seed 20260929",2026-09-28T12:00:00+05:30,"SYNTHETIC demo data (KaushalSetu SIH prototype): fictional entities, team-assumed numbers, not real or official statistics.",true
f38659ae-e99b-5e33-9573-00cc7bdeb3b9,C-ITI-B-electrician-2025-011,fd3a219f-22fb-5952-b605-24e02df41044,CLASS_12,"[""mr"",""hi""]","{""analytics"":true,""contact_by_employers"":true}",Y08,"KaushalSetu synthetic generator v2, seed 20260929",2026-09-28T12:00:00+05:30,"SYNTHETIC demo data (KaushalSetu SIH prototype): fictional entities, team-assumed numbers, not real or official statistics.",true
366c0d67-e130-57c4-a8ba-023f8c731950,C-ITI-B-electrician-2025-012,fd3a219f-22fb-5952-b605-24e02df41044,CLASS_12,"[""mr"",""en""]","{""analytics"":true,""contact_by_employers"":false}",Y08,"KaushalSetu synthetic generator v2, seed 20260929",2026-09-28T12:00:00+05:30,"SYNTHETIC demo data (KaushalSetu SIH prototype): fictional entities, team-assumed numbers, not real or official statistics.",true
68b74b2c-db5d-53fe-9c33-d34d1c941132,C-ITI-B-electrician-2025-013,fd3a219f-22fb-5952-b605-24e02df41044,CLASS_10,"[""mr""]","{""analytics"":true,""contact_by_employers"":true}",Y08,"KaushalSetu synthetic generator v2, seed 20260929",2026-09-28T12:00:00+05:30,"SYNTHETIC demo data (KaushalSetu SIH prototype): fictional entities, team-assumed numbers, not real or official statistics.",true
4eb9c97f-78fc-5e94-931f-ea041d6754e1,C-ITI-B-electrician-2025-014,fd3a219f-22fb-5952-b605-24e02df41044,CLASS_10,"[""mr"",""en""]","{""analytics"":true,""contact_by_employers"":true}",Y08,"KaushalSetu synthetic generator v2, seed 20260929",2026-09-28T12:00:00+05:30,"SYNTHETIC demo data (KaushalSetu SIH prototype): fictional entities, team-assumed numbers, not real or official statistics.",true
38a3a0f4-4c62-5074-8f21-deb335632ec5,C-ITI-B-electrician-2025-015,fd3a219f-22fb-5952-b605-24e02df41044,CLASS_10,"[""mr"",""hi"",""en""]","{""analytics"":true,""contact_by_employers"":false}",Y08,"KaushalSetu synthetic generator v2, seed 20260929",2026-09-28T12:00:00+05:30,"SYNTHETIC demo data (KaushalSetu SIH prototype): fictional entities, team-assumed numbers, not real or official statistics.",true
a68fe46d-ca3a-5a91-b86c-6e98037649f2,C-ITI-B-electrician-2025-016,fd3a219f-22fb-5952-b605-24e02df41044,CLASS_10,"[""mr""]","{""analytics"":true,""contact_by_employers"":true}",Y08,"KaushalSetu synthetic generator v2, seed 20260929",2026-09-28T12:00:00+05:30,"SYNTHETIC demo data (KaushalSetu SIH prototype): fictional entities, team-assumed numbers, not real or official statistics.",true
9f7997ab-7f80-5fa5-9935-20a7aa6e197b,C-ITI-B-electrician-2025-017,fd3a219f-22fb-5952-b605-24e02df41044,CLASS_10,"[""mr"",""hi""]","{""analytics"":true,""contact_by_employers"":false}",Y08,"KaushalSetu synthetic generator v2, seed 20260929",2026-09-28T12:00:00+05:30,"SYNTHETIC demo data (KaushalSetu SIH prototype): fictional entities, team-assumed numbers, not real or official statistics.",true
dbc79c46-e912-5118-a6fd-0c19f7dc241a,C-ITI-B-electrician-2025-018,fd3a219f-22fb-5952-b605-24e02df41044,CLASS_10,"[""mr"",""hi""]","{""analytics"":true,""contact_by_employers"":true}",Y08,"KaushalSetu synthetic generator v2, seed 20260929",2026-09-28T12:00:00+05:30,"SYNTHETIC demo data (KaushalSetu SIH prototype): fictional entities, team-assumed numbers, not real or official statistics.",true
938f4897-cc15-517c-a5e5-61261e462312,C-ITI-B-electrician-2025-019,fd3a219f-22fb-5952-b605-24e02df41044,CLASS_12,"[""mr""]","{""analytics"":true,""contact_by_employers"":true}",Y08,"KaushalSetu synthetic generator v2, seed 20260929",2026-09-28T12:00:00+05:30,"SYNTHETIC demo data (KaushalSetu SIH prototype): fictional entities, team-assumed numbers, not real or official statistics.",true
b23bdbbf-ec59-5e77-a14b-e04a7ccc1219,C-ITI-B-electrician-2025-020,fd3a219f-22fb-5952-b605-24e02df41044,CLASS_12,"[""mr""]","{""analytics"":true,""contact_by_employers"":true}",Y08,"KaushalSetu synthetic generator v2, seed 20260929",2026-09-28T12:00:00+05:30,"SYNTHETIC demo data (KaushalSetu SIH prototype): fictional entities, team-assumed numbers, not real or official statistics.",true
831871f7-e4e9-588c-b29a-1ce39a781664,C-ITI-B-electrician-2025-021,fd3a219f-22fb-5952-b605-24e02df41044,CLASS_12,"[""mr"",""hi""]","{""analytics"":true,""contact_by_employers"":true}",Y08,"KaushalSetu synthetic generator v2, seed 20260929",2026-09-28T12:00:00+05:30,"SYNTHETIC demo data (KaushalSetu SIH prototype): fictional entities, team-assumed numbers, not real or official statistics.",true
2364a8cd-dc42-5993-9357-1496657845c3,C-ITI-B-electrician-2025-022,fd3a219f-22fb-5952-b605-24e02df41044,CLASS_10,"[""mr"",""hi""]","{""analytics"":true,""contact_by_employers"":true}",Y08,"KaushalSetu synthetic generator v2, seed 20260929",2026-09-28T12:00:00+05:30,"SYNTHETIC demo data (KaushalSetu SIH prototype): fictional entities, team-assumed numbers, not real or official statistics.",true
6c08676f-9b09-555f-93e3-8263b3c7adf0,C-ITI-B-electrician-2025-023,fd3a219f-22fb-5952-b605-24e02df41044,CLASS_10,"[""mr"",""hi""]","{""analytics"":true,""contact_by_employers"":false}",Y08,"KaushalSetu synthetic generator v2, seed 20260929",2026-09-28T12:00:00+05:30,"SYNTHETIC demo data (KaushalSetu SIH prototype): fictional entities, team-assumed numbers, not real or official statistics.",true
0d315adc-ab6a-511e-b005-4ebf99953cfd,C-ITI-B-electrician-2025-024,fd3a219f-22fb-5952-b605-24e02df41044,CLASS_10,"[""mr"",""hi""]","{""analytics"":true,""contact_by_employers"":true}",Y08,"KaushalSetu synthetic generator v2, seed 20260929",2026-09-28T12:00:00+05:30,"SYNTHETIC demo data (KaushalSetu SIH prototype): fictional entities, team-assumed numbers, not real or official statistics.",true
da5f8b45-c11c-502b-b71b-623cf2ef758d,C-ITI-B-electrician-2025-025,fd3a219f-22fb-5952-b605-24e02df41044,CLASS_12,"[""mr""]","{""analytics"":true,""contact_by_employers"":true}",Y08,"KaushalSetu synthetic generator v2, seed 20260929",2026-09-28T12:00:00+05:30,"SYNTHETIC demo data (KaushalSetu SIH prototype): fictional entities, team-assumed numbers, not real or official statistics.",true
a717a05e-2394-5cb8-b3ac-04831534afbd,C-ITI-B-electrician-2025-026,fd3a219f-22fb-5952-b605-24e02df41044,CLASS_10,"[""mr"",""hi"",""en""]","{""analytics"":true,""contact_by_employers"":false}",Y08,"KaushalSetu synthetic generator v2, seed 20260929",2026-09-28T12:00:00+05:30,"SYNTHETIC demo data (KaushalSetu SIH prototype): fictional entities, team-assumed numbers, not real or official statistics.",true
288db956-d9ef-59c9-8cca-9e16f8b695ac,C-ITI-B-electrician-2025-027,fd3a219f-22fb-5952-b605-24e02df41044,CLASS_12,"[""mr"",""hi"",""en""]","{""analytics"":true,""contact_by_employers"":true}",Y08,"KaushalSetu synthetic generator v2, seed 20260929",2026-09-28T12:00:00+05:30,"SYNTHETIC demo data (KaushalSetu SIH prototype): fictional entities, team-assumed numbers, not real or official statistics.",true
771e3cb1-060b-5e79-a043-ff2d7084e111,C-ITI-B-electrician-2025-028,fd3a219f-22fb-5952-b605-24e02df41044,CLASS_10,"[""mr"",""hi"",""en""]","{""analytics"":true,""contact_by_employers"":true}",Y08,"KaushalSetu synthetic generator v2, seed 20260929",2026-09-28T12:00:00+05:30,"SYNTHETIC demo data (KaushalSetu SIH prototype): fictional entities, team-assumed numbers, not real or official statistics.",true
671360c8-23f4-5a1a-a749-78e8041625c6,C-ITI-B-electrician-2025-029,fd3a219f-22fb-5952-b605-24e02df41044,CLASS_12,"[""mr""]","{""analytics"":true,""contact_by_employers"":true}",Y08,"KaushalSetu synthetic generator v2, seed 20260929",2026-09-28T12:00:00+05:30,"SYNTHETIC demo data (KaushalSetu SIH prototype): fictional entities, team-assumed numbers, not real or official statistics.",true
59b52755-77ef-53c4-a343-31d53e11c99d,C-ITI-B-electrician-2025-030,fd3a219f-22fb-5952-b605-24e02df41044,CLASS_12,"[""mr"",""hi"",""en""]","{""analytics"":true,""contact_by_employers"":true}",Y08,"KaushalSetu synthetic generator v2, seed 20260929",2026-09-28T12:00:00+05:30,"SYNTHETIC demo data (KaushalSetu SIH prototype): fictional entities, team-assumed numbers, not real or official statistics.",true
451482fb-a38f-51a9-afa0-9f1c60448d29,C-ITI-B-electrician-2025-031,fd3a219f-22fb-5952-b605-24e02df41044,CLASS_12,"[""mr"",""en""]","{""analytics"":true,""contact_by_employers"":false}",Y08,"KaushalSetu synthetic generator v2, seed 20260929",2026-09-28T12:00:00+05:30,"SYNTHETIC demo data (KaushalSetu SIH prototype): fictional entities, team-assumed numbers, not real or official statistics.",true
df7a2cb6-8f1b-5451-9105-e3264bfc9ae8,C-ITI-B-electrician-2025-032,fd3a219f-22fb-5952-b605-24e02df41044,CLASS_12,"[""mr"",""hi""]","{""analytics"":true,""contact_by_employers"":true}",Y08,"KaushalSetu synthetic generator v2, seed 20260929",2026-09-28T12:00:00+05:30,"SYNTHETIC demo data (KaushalSetu SIH prototype): fictional entities, team-assumed numbers, not real or official statistics.",true
0e85f616-6744-58e4-8dab-5d63b99c33d9,C-ITI-B-electrician-2025-033,fd3a219f-22fb-5952-b605-24e02df41044,CLASS_12,"[""mr"",""hi""]","{""analytics"":true,""contact_by_employers"":false}",Y08,"KaushalSetu synthetic generator v2, seed 20260929",2026-09-28T12:00:00+05:30,"SYNTHETIC demo data (KaushalSetu SIH prototype): fictional entities, team-assumed numbers, not real or official statistics.",true
2739a2f1-1b62-529c-ad97-6b6194e5e564,C-ITI-B-electrician-2025-034,fd3a219f-22fb-5952-b605-24e02df41044,CLASS_12,"[""mr""]","{""analytics"":true,""contact_by_employers"":true}",Y08,"KaushalSetu synthetic generator v2, seed 20260929",2026-09-28T12:00:00+05:30,"SYNTHETIC demo data (KaushalSetu SIH prototype): fictional entities, team-assumed numbers, not real or official statistics.",true
b19eb8c1-3252-5db7-823a-dc113b26146f,C-ITI-B-electrician-2025-035,fd3a219f-22fb-5952-b605-24e02df41044,CLASS_10,"[""mr"",""hi""]","{""analytics"":true,""contact_by_employers"":true}",Y08,"KaushalSetu synthetic generator v2, seed 20260929",2026-09-28T12:00:00+05:30,"SYNTHETIC demo data (KaushalSetu SIH prototype): fictional entities, team-assumed numbers, not real or official statistics.",true
da9f41fc-f1e5-55c4-87bc-11e4fc47ba82,C-TC-C-solar-pv-2024-001,fd3a219f-22fb-5952-b605-24e02df41044,ITI,"[""mr"",""hi""]","{""analytics"":true,""contact_by_employers"":true}",Y08,"KaushalSetu synthetic generator v2, seed 20260929",2026-09-28T12:00:00+05:30,"SYNTHETIC demo data (KaushalSetu SIH prototype): fictional entities, team-assumed numbers, not real or official statistics.",true
653669c0-f57a-542c-9bb6-8146d5f7fc52,C-TC-C-solar-pv-2024-002,fd3a219f-22fb-5952-b605-24e02df41044,ITI,"[""mr"",""hi"",""en""]","{""analytics"":true,""contact_by_employers"":true}",Y08,"KaushalSetu synthetic generator v2, seed 20260929",2026-09-28T12:00:00+05:30,"SYNTHETIC demo data (KaushalSetu SIH prototype): fictional entities, team-assumed numbers, not real or official statistics.",true
4adcc138-9e13-596e-a7a2-377aefbd88fc,C-TC-C-solar-pv-2024-003,fd3a219f-22fb-5952-b605-24e02df41044,ITI,"[""mr"",""hi"",""en""]","{""analytics"":true,""contact_by_employers"":false}",Y08,"KaushalSetu synthetic generator v2, seed 20260929",2026-09-28T12:00:00+05:30,"SYNTHETIC demo data (KaushalSetu SIH prototype): fictional entities, team-assumed numbers, not real or official statistics.",true
d9b688da-8d63-5f28-8e0c-d89c08ee6416,C-TC-C-solar-pv-2024-004,fd3a219f-22fb-5952-b605-24e02df41044,ITI,"[""mr"",""en""]","{""analytics"":true,""contact_by_employers"":false}",Y08,"KaushalSetu synthetic generator v2, seed 20260929",2026-09-28T12:00:00+05:30,"SYNTHETIC demo data (KaushalSetu SIH prototype): fictional entities, team-assumed numbers, not real or official statistics.",true
e462a530-7e6e-55ca-9812-db1f46b58dad,C-TC-C-solar-pv-2024-005,fd3a219f-22fb-5952-b605-24e02df41044,ITI,"[""mr"",""hi""]","{""analytics"":true,""contact_by_employers"":true}",Y08,"KaushalSetu synthetic generator v2, seed 20260929",2026-09-28T12:00:00+05:30,"SYNTHETIC demo data (KaushalSetu SIH prototype): fictional entities, team-assumed numbers, not real or official statistics.",true
d7c0008e-8607-52a0-8a27-00dbf7b8b923,C-TC-C-solar-pv-2024-006,fd3a219f-22fb-5952-b605-24e02df41044,ITI,"[""mr"",""hi"",""en""]","{""analytics"":true,""contact_by_employers"":false}",Y08,"KaushalSetu synthetic generator v2, seed 20260929",2026-09-28T12:00:00+05:30,"SYNTHETIC demo data (KaushalSetu SIH prototype): fictional entities, team-assumed numbers, not real or official statistics.",true
78d02331-4e23-5541-ad8f-2bd94b1ca5cd,C-TC-C-solar-pv-2024-007,fd3a219f-22fb-5952-b605-24e02df41044,CLASS_12,"[""mr"",""en""]","{""analytics"":true,""contact_by_employers"":true}",Y08,"KaushalSetu synthetic generator v2, seed 20260929",2026-09-28T12:00:00+05:30,"SYNTHETIC demo data (KaushalSetu SIH prototype): fictional entities, team-assumed numbers, not real or official statistics.",true
dc4d5450-1470-5e98-825a-8d52d294ae50,C-TC-C-solar-pv-2024-008,fd3a219f-22fb-5952-b605-24e02df41044,ITI,"[""mr"",""hi""]","{""analytics"":true,""contact_by_employers"":true}",Y08,"KaushalSetu synthetic generator v2, seed 20260929",2026-09-28T12:00:00+05:30,"SYNTHETIC demo data (KaushalSetu SIH prototype): fictional entities, team-assumed numbers, not real or official statistics.",true
b4cfdf11-f98e-5cf6-b6ff-77bff5470a3b,C-TC-C-solar-pv-2024-009,fd3a219f-22fb-5952-b605-24e02df41044,CLASS_12,"[""mr"",""hi""]","{""analytics"":true,""contact_by_employers"":false}",Y08,"KaushalSetu synthetic generator v2, seed 20260929",2026-09-28T12:00:00+05:30,"SYNTHETIC demo data (KaushalSetu SIH prototype): fictional entities, team-assumed numbers, not real or official statistics.",true
85c7acf2-d559-5c37-a792-680348d139a8,C-TC-C-solar-pv-2024-010,fd3a219f-22fb-5952-b605-24e02df41044,ITI,"[""mr"",""hi""]","{""analytics"":true,""contact_by_employers"":false}",Y08,"KaushalSetu synthetic generator v2, seed 20260929",2026-09-28T12:00:00+05:30,"SYNTHETIC demo data (KaushalSetu SIH prototype): fictional entities, team-assumed numbers, not real or official statistics.",true
91678e19-a897-50a9-9e9e-cb09561b5261,C-TC-C-solar-pv-2024-011,fd3a219f-22fb-5952-b605-24e02df41044,CLASS_12,"[""mr""]","{""analytics"":true,""contact_by_employers"":true}",Y08,"KaushalSetu synthetic generator v2, seed 20260929",2026-09-28T12:00:00+05:30,"SYNTHETIC demo data (KaushalSetu SIH prototype): fictional entities, team-assumed numbers, not real or official statistics.",true
cae94c7a-bc0e-5997-9f48-e4e1541f6b2d,C-TC-C-solar-pv-2024-012,fd3a219f-22fb-5952-b605-24e02df41044,ITI,"[""mr"",""hi""]","{""analytics"":true,""contact_by_employers"":true}",Y08,"KaushalSetu synthetic generator v2, seed 20260929",2026-09-28T12:00:00+05:30,"SYNTHETIC demo data (KaushalSetu SIH prototype): fictional entities, team-assumed numbers, not real or official statistics.",true
1bb73a6c-af2e-5c4b-9db6-568831a24a8e,C-TC-C-solar-pv-2024-013,fd3a219f-22fb-5952-b605-24e02df41044,ITI,"[""mr""]","{""analytics"":true,""contact_by_employers"":false}",Y08,"KaushalSetu synthetic generator v2, seed 20260929",2026-09-28T12:00:00+05:30,"SYNTHETIC demo data (KaushalSetu SIH prototype): fictional entities, team-assumed numbers, not real or official statistics.",true
53b89ae2-9b14-5df0-9e3a-9345905244f2,C-TC-C-solar-pv-2024-014,fd3a219f-22fb-5952-b605-24e02df41044,ITI,"[""mr"",""hi""]","{""analytics"":true,""contact_by_employers"":false}",Y08,"KaushalSetu synthetic generator v2, seed 20260929",2026-09-28T12:00:00+05:30,"SYNTHETIC demo data (KaushalSetu SIH prototype): fictional entities, team-assumed numbers, not real or official statistics.",true
89b7c2df-71bc-5fdc-86e4-9183c5c4b940,C-TC-C-solar-pv-2024-015,fd3a219f-22fb-5952-b605-24e02df41044,DIPLOMA,"[""mr"",""hi""]","{""analytics"":true,""contact_by_employers"":false}",Y08,"KaushalSetu synthetic generator v2, seed 20260929",2026-09-28T12:00:00+05:30,"SYNTHETIC demo data (KaushalSetu SIH prototype): fictional entities, team-assumed numbers, not real or official statistics.",true
5836efa3-5ecc-5921-9362-08919667fe72,C-TC-C-solar-pv-2024-016,fd3a219f-22fb-5952-b605-24e02df41044,ITI,"[""mr"",""hi""]","{""analytics"":true,""contact_by_employers"":true}",Y08,"KaushalSetu synthetic generator v2, seed 20260929",2026-09-28T12:00:00+05:30,"SYNTHETIC demo data (KaushalSetu SIH prototype): fictional entities, team-assumed numbers, not real or official statistics.",true
023e1f14-12aa-557d-b558-d2bbd968a008,C-TC-C-solar-pv-2024-017,fd3a219f-22fb-5952-b605-24e02df41044,ITI,"[""mr"",""hi""]","{""analytics"":true,""contact_by_employers"":false}",Y08,"KaushalSetu synthetic generator v2, seed 20260929",2026-09-28T12:00:00+05:30,"SYNTHETIC demo data (KaushalSetu SIH prototype): fictional entities, team-assumed numbers, not real or official statistics.",true
84654f60-a8a7-56f5-b210-6cc231260643,C-TC-C-solar-pv-2024-018,fd3a219f-22fb-5952-b605-24e02df41044,ITI,"[""mr"",""hi""]","{""analytics"":true,""contact_by_employers"":true}",Y08,"KaushalSetu synthetic generator v2, seed 20260929",2026-09-28T12:00:00+05:30,"SYNTHETIC demo data (KaushalSetu SIH prototype): fictional entities, team-assumed numbers, not real or official statistics.",true
52006940-e7c4-5c6c-b347-704ab3e7eb29,C-TC-C-solar-pv-2024-019,fd3a219f-22fb-5952-b605-24e02df41044,CLASS_10,"[""mr"",""hi""]","{""analytics"":true,""contact_by_employers"":true}",Y08,"KaushalSetu synthetic generator v2, seed 20260929",2026-09-28T12:00:00+05:30,"SYNTHETIC demo data (KaushalSetu SIH prototype): fictional entities, team-assumed numbers, not real or official statistics.",true
3dd573c9-c619-5bbe-8a05-2cd3d36d562b,C-TC-C-solar-pv-2024-020,fd3a219f-22fb-5952-b605-24e02df41044,ITI,"[""mr"",""hi""]","{""analytics"":true,""contact_by_employers"":true}",Y08,"KaushalSetu synthetic generator v2, seed 20260929",2026-09-28T12:00:00+05:30,"SYNTHETIC demo data (KaushalSetu SIH prototype): fictional entities, team-assumed numbers, not real or official statistics.",true
ad1305dc-5118-58ef-be59-124140492ef2,C-TC-C-solar-pv-2024-021,fd3a219f-22fb-5952-b605-24e02df41044,DIPLOMA,"[""mr"",""hi"",""en""]","{""analytics"":true,""contact_by_employers"":false}",Y08,"KaushalSetu synthetic generator v2, seed 20260929",2026-09-28T12:00:00+05:30,"SYNTHETIC demo data (KaushalSetu SIH prototype): fictional entities, team-assumed numbers, not real or official statistics.",true
86760cb0-c249-5d75-84a1-b14ce9198cd1,C-TC-C-solar-pv-2024-022,fd3a219f-22fb-5952-b605-24e02df41044,ITI,"[""mr"",""hi""]","{""analytics"":true,""contact_by_employers"":true}",Y08,"KaushalSetu synthetic generator v2, seed 20260929",2026-09-28T12:00:00+05:30,"SYNTHETIC demo data (KaushalSetu SIH prototype): fictional entities, team-assumed numbers, not real or official statistics.",true
2e972de7-0b01-5b5b-8e27-3f6db69c4d77,C-TC-C-solar-pv-2024-023,fd3a219f-22fb-5952-b605-24e02df41044,CLASS_12,"[""mr"",""hi"",""en""]","{""analytics"":true,""contact_by_employers"":true}",Y08,"KaushalSetu synthetic generator v2, seed 20260929",2026-09-28T12:00:00+05:30,"SYNTHETIC demo data (KaushalSetu SIH prototype): fictional entities, team-assumed numbers, not real or official statistics.",true
30347e74-7551-593e-b8f2-b9e4728f0dad,C-TC-C-solar-pv-2024-024,fd3a219f-22fb-5952-b605-24e02df41044,ITI,"[""mr"",""en""]","{""analytics"":true,""contact_by_employers"":true}",Y08,"KaushalSetu synthetic generator v2, seed 20260929",2026-09-28T12:00:00+05:30,"SYNTHETIC demo data (KaushalSetu SIH prototype): fictional entities, team-assumed numbers, not real or official statistics.",true
43eeae39-895e-53a6-b3b3-24493da474e0,C-TC-C-solar-pv-2024-025,fd3a219f-22fb-5952-b605-24e02df41044,DIPLOMA,"[""mr"",""hi"",""en""]","{""analytics"":true,""contact_by_employers"":true}",Y08,"KaushalSetu synthetic generator v2, seed 20260929",2026-09-28T12:00:00+05:30,"SYNTHETIC demo data (KaushalSetu SIH prototype): fictional entities, team-assumed numbers, not real or official statistics.",true
3272fa0e-e1f5-5be7-9f0c-c1180eff3692,C-TC-C-solar-pv-2024-026,fd3a219f-22fb-5952-b605-24e02df41044,ITI,"[""mr"",""hi"",""en""]","{""analytics"":true,""contact_by_employers"":true}",Y08,"KaushalSetu synthetic generator v2, seed 20260929",2026-09-28T12:00:00+05:30,"SYNTHETIC demo data (KaushalSetu SIH prototype): fictional entities, team-assumed numbers, not real or official statistics.",true
1058999f-27ef-5039-ba96-29eb2f7931c7,C-TC-C-solar-pv-2024-027,fd3a219f-22fb-5952-b605-24e02df41044,CLASS_12,"[""mr"",""hi""]","{""analytics"":true,""contact_by_employers"":true}",Y08,"KaushalSetu synthetic generator v2, seed 20260929",2026-09-28T12:00:00+05:30,"SYNTHETIC demo data (KaushalSetu SIH prototype): fictional entities, team-assumed numbers, not real or official statistics.",true
276cd6ce-34bf-5ccd-9532-aa21baf7753f,C-TC-C-solar-pv-2024-028,fd3a219f-22fb-5952-b605-24e02df41044,CLASS_12,"[""mr"",""hi""]","{""analytics"":true,""contact_by_employers"":false}",Y08,"KaushalSetu synthetic generator v2, seed 20260929",2026-09-28T12:00:00+05:30,"SYNTHETIC demo data (KaushalSetu SIH prototype): fictional entities, team-assumed numbers, not real or official statistics.",true
721f0fad-9df4-51df-86e1-dcbb1e39f92f,C-TC-C-solar-pv-2024-029,fd3a219f-22fb-5952-b605-24e02df41044,CLASS_12,"[""mr"",""hi"",""en""]","{""analytics"":true,""contact_by_employers"":true}",Y08,"KaushalSetu synthetic generator v2, seed 20260929",2026-09-28T12:00:00+05:30,"SYNTHETIC demo data (KaushalSetu SIH prototype): fictional entities, team-assumed numbers, not real or official statistics.",true
22d21540-cf1b-5f6c-aa3e-d55f628735b7,C-TC-C-solar-pv-2024-030,fd3a219f-22fb-5952-b605-24e02df41044,ITI,"[""mr"",""hi"",""en""]","{""analytics"":true,""contact_by_employers"":true}",Y08,"KaushalSetu synthetic generator v2, seed 20260929",2026-09-28T12:00:00+05:30,"SYNTHETIC demo data (KaushalSetu SIH prototype): fictional entities, team-assumed numbers, not real or official statistics.",true
319696d8-6e77-599d-ab23-21bc09ffe026,C-TC-C-solar-pv-2024-031,fd3a219f-22fb-5952-b605-24e02df41044,ITI,"[""mr""]","{""analytics"":true,""contact_by_employers"":true}",Y08,"KaushalSetu synthetic generator v2, seed 20260929",2026-09-28T12:00:00+05:30,"SYNTHETIC demo data (KaushalSetu SIH prototype): fictional entities, team-assumed numbers, not real or official statistics.",true
3980fa82-eea3-5341-a840-ca3a7bdc6615,C-TC-C-solar-pv-2024-032,fd3a219f-22fb-5952-b605-24e02df41044,CLASS_12,"[""mr"",""en""]","{""analytics"":true,""contact_by_employers"":true}",Y08,"KaushalSetu synthetic generator v2, seed 20260929",2026-09-28T12:00:00+05:30,"SYNTHETIC demo data (KaushalSetu SIH prototype): fictional entities, team-assumed numbers, not real or official statistics.",true
67559b25-c812-5d5f-adb0-226e8649a9ce,C-TC-C-solar-pv-2024-033,fd3a219f-22fb-5952-b605-24e02df41044,CLASS_10,"[""mr"",""hi""]","{""analytics"":true,""contact_by_employers"":true}",Y08,"KaushalSetu synthetic generator v2, seed 20260929",2026-09-28T12:00:00+05:30,"SYNTHETIC demo data (KaushalSetu SIH prototype): fictional entities, team-assumed numbers, not real or official statistics.",true
58be12c0-c2e5-52ad-b24f-93a1564f6a91,C-TC-C-solar-pv-2024-034,fd3a219f-22fb-5952-b605-24e02df41044,ITI,"[""mr"",""hi""]","{""analytics"":true,""contact_by_employers"":false}",Y08,"KaushalSetu synthetic generator v2, seed 20260929",2026-09-28T12:00:00+05:30,"SYNTHETIC demo data (KaushalSetu SIH prototype): fictional entities, team-assumed numbers, not real or official statistics.",true
723b08d3-8e49-55db-97c9-8f8e2bcb2260,C-TC-C-solar-pv-2024-035,fd3a219f-22fb-5952-b605-24e02df41044,CLASS_12,"[""mr"",""hi"",""en""]","{""analytics"":true,""contact_by_employers"":false}",Y08,"KaushalSetu synthetic generator v2, seed 20260929",2026-09-28T12:00:00+05:30,"SYNTHETIC demo data (KaushalSetu SIH prototype): fictional entities, team-assumed numbers, not real or official statistics.",true
99a52a57-1be3-59d6-beff-3db7e8668ee5,C-TC-C-solar-pv-2024-036,fd3a219f-22fb-5952-b605-24e02df41044,ITI,"[""mr"",""en""]","{""analytics"":true,""contact_by_employers"":false}",Y08,"KaushalSetu synthetic generator v2, seed 20260929",2026-09-28T12:00:00+05:30,"SYNTHETIC demo data (KaushalSetu SIH prototype): fictional entities, team-assumed numbers, not real or official statistics.",true
654d7cdb-ffb7-5be1-aff4-c70445c78438,C-TC-C-solar-pv-2024-037,fd3a219f-22fb-5952-b605-24e02df41044,ITI,"[""mr""]","{""analytics"":true,""contact_by_employers"":false}",Y08,"KaushalSetu synthetic generator v2, seed 20260929",2026-09-28T12:00:00+05:30,"SYNTHETIC demo data (KaushalSetu SIH prototype): fictional entities, team-assumed numbers, not real or official statistics.",true
370994f7-2eb1-5d8a-b7ea-f56d5569a6f5,C-TC-C-solar-pv-2024-038,fd3a219f-22fb-5952-b605-24e02df41044,ITI,"[""mr"",""en""]","{""analytics"":true,""contact_by_employers"":true}",Y08,"KaushalSetu synthetic generator v2, seed 20260929",2026-09-28T12:00:00+05:30,"SYNTHETIC demo data (KaushalSetu SIH prototype): fictional entities, team-assumed numbers, not real or official statistics.",true
b1aae340-0d1a-5c9a-8bbd-128d98725953,C-TC-C-solar-pv-2024-039,fd3a219f-22fb-5952-b605-24e02df41044,DIPLOMA,"[""mr"",""hi"",""en""]","{""analytics"":true,""contact_by_employers"":true}",Y08,"KaushalSetu synthetic generator v2, seed 20260929",2026-09-28T12:00:00+05:30,"SYNTHETIC demo data (KaushalSetu SIH prototype): fictional entities, team-assumed numbers, not real or official statistics.",true
d885c4f3-c7ed-54d8-bcb1-fecdc43a4684,C-TC-C-solar-pv-2024-040,fd3a219f-22fb-5952-b605-24e02df41044,CLASS_12,"[""mr"",""hi"",""en""]","{""analytics"":true,""contact_by_employers"":true}",Y08,"KaushalSetu synthetic generator v2, seed 20260929",2026-09-28T12:00:00+05:30,"SYNTHETIC demo data (KaushalSetu SIH prototype): fictional entities, team-assumed numbers, not real or official statistics.",true
368b5bdd-5bdb-5894-84f1-4a0745a24b08,C-TC-C-solar-pv-2024-041,fd3a219f-22fb-5952-b605-24e02df41044,CLASS_12,"[""mr"",""hi""]","{""analytics"":true,""contact_by_employers"":true}",Y08,"KaushalSetu synthetic generator v2, seed 20260929",2026-09-28T12:00:00+05:30,"SYNTHETIC demo data (KaushalSetu SIH prototype): fictional entities, team-assumed numbers, not real or official statistics.",true
b6aac96e-7533-5b08-84be-f9c8be0e6635,C-TC-C-solar-pv-2024-042,fd3a219f-22fb-5952-b605-24e02df41044,ITI,"[""mr""]","{""analytics"":true,""contact_by_employers"":true}",Y08,"KaushalSetu synthetic generator v2, seed 20260929",2026-09-28T12:00:00+05:30,"SYNTHETIC demo data (KaushalSetu SIH prototype): fictional entities, team-assumed numbers, not real or official statistics.",true
fa596a45-3984-507d-9c36-890dfa1459a4,C-TC-C-solar-pv-2024-043,fd3a219f-22fb-5952-b605-24e02df41044,ITI,"[""mr"",""hi"",""en""]","{""analytics"":true,""contact_by_employers"":true}",Y08,"KaushalSetu synthetic generator v2, seed 20260929",2026-09-28T12:00:00+05:30,"SYNTHETIC demo data (KaushalSetu SIH prototype): fictional entities, team-assumed numbers, not real or official statistics.",true
2c673ebd-c6ff-5970-a91f-987a3ff51f47,C-TC-C-solar-pv-2024-044,fd3a219f-22fb-5952-b605-24e02df41044,ITI,"[""mr"",""hi""]","{""analytics"":true,""contact_by_employers"":true}",Y08,"KaushalSetu synthetic generator v2, seed 20260929",2026-09-28T12:00:00+05:30,"SYNTHETIC demo data (KaushalSetu SIH prototype): fictional entities, team-assumed numbers, not real or official statistics.",true
a60192ce-ddd9-5a1c-8fee-e5023b2fe0aa,C-TC-C-solar-pv-2024-045,fd3a219f-22fb-5952-b605-24e02df41044,ITI,"[""mr""]","{""analytics"":true,""contact_by_employers"":false}",Y08,"KaushalSetu synthetic generator v2, seed 20260929",2026-09-28T12:00:00+05:30,"SYNTHETIC demo data (KaushalSetu SIH prototype): fictional entities, team-assumed numbers, not real or official statistics.",true
c26ffe9d-5cd5-5703-a111-d177ca136300,C-TC-C-solar-pv-2024-046,fd3a219f-22fb-5952-b605-24e02df41044,CLASS_12,"[""mr""]","{""analytics"":true,""contact_by_employers"":true}",Y08,"KaushalSetu synthetic generator v2, seed 20260929",2026-09-28T12:00:00+05:30,"SYNTHETIC demo data (KaushalSetu SIH prototype): fictional entities, team-assumed numbers, not real or official statistics.",true
3b8cdbe1-fcfd-56f3-a6f4-051c9daa5c28,C-TC-C-solar-pv-2024-047,fd3a219f-22fb-5952-b605-24e02df41044,CLASS_10,"[""mr"",""hi""]","{""analytics"":true,""contact_by_employers"":true}",Y08,"KaushalSetu synthetic generator v2, seed 20260929",2026-09-28T12:00:00+05:30,"SYNTHETIC demo data (KaushalSetu SIH prototype): fictional entities, team-assumed numbers, not real or official statistics.",true
9c79f199-aded-5d84-a7f5-38b1c64f505f,C-TC-C-solar-pv-2024-048,fd3a219f-22fb-5952-b605-24e02df41044,ITI,"[""mr"",""hi""]","{""analytics"":true,""contact_by_employers"":true}",Y08,"KaushalSetu synthetic generator v2, seed 20260929",2026-09-28T12:00:00+05:30,"SYNTHETIC demo data (KaushalSetu SIH prototype): fictional entities, team-assumed numbers, not real or official statistics.",true
aa7d6781-2bca-55c9-bd1c-a162b98cd648,C-TC-C-solar-pv-2024-049,fd3a219f-22fb-5952-b605-24e02df41044,CLASS_10,"[""mr"",""hi"",""en""]","{""analytics"":true,""contact_by_employers"":false}",Y08,"KaushalSetu synthetic generator v2, seed 20260929",2026-09-28T12:00:00+05:30,"SYNTHETIC demo data (KaushalSetu SIH prototype): fictional entities, team-assumed numbers, not real or official statistics.",true
89720ddb-4fab-5437-8ef1-23d65d0beca4,C-TC-C-solar-pv-2024-050,fd3a219f-22fb-5952-b605-24e02df41044,ITI,"[""mr"",""hi""]","{""analytics"":true,""contact_by_employers"":true}",Y08,"KaushalSetu synthetic generator v2, seed 20260929",2026-09-28T12:00:00+05:30,"SYNTHETIC demo data (KaushalSetu SIH prototype): fictional entities, team-assumed numbers, not real or official statistics.",true
950e03e7-bc80-51e8-a637-09b1cb2e243d,C-TC-C-solar-pv-2024-051,fd3a219f-22fb-5952-b605-24e02df41044,ITI,"[""mr"",""en""]","{""analytics"":true,""contact_by_employers"":true}",Y08,"KaushalSetu synthetic generator v2, seed 20260929",2026-09-28T12:00:00+05:30,"SYNTHETIC demo data (KaushalSetu SIH prototype): fictional entities, team-assumed numbers, not real or official statistics.",true
fb2b4dcb-dedd-5ba3-809f-47493114643e,C-TC-C-solar-pv-2024-052,fd3a219f-22fb-5952-b605-24e02df41044,CLASS_10,"[""mr"",""hi""]","{""analytics"":true,""contact_by_employers"":true}",Y08,"KaushalSetu synthetic generator v2, seed 20260929",2026-09-28T12:00:00+05:30,"SYNTHETIC demo data (KaushalSetu SIH prototype): fictional entities, team-assumed numbers, not real or official statistics.",true
b4348ad2-78c0-5502-b6f9-1886f303604a,C-TC-C-solar-pv-2025-001,fd3a219f-22fb-5952-b605-24e02df41044,ITI,"[""mr"",""hi"",""en""]","{""analytics"":true,""contact_by_employers"":true}",Y08,"KaushalSetu synthetic generator v2, seed 20260929",2026-09-28T12:00:00+05:30,"SYNTHETIC demo data (KaushalSetu SIH prototype): fictional entities, team-assumed numbers, not real or official statistics.",true
99c0bc50-e99b-5941-a332-714425defb7e,C-TC-C-solar-pv-2025-002,fd3a219f-22fb-5952-b605-24e02df41044,CLASS_12,"[""mr"",""hi""]","{""analytics"":true,""contact_by_employers"":true}",Y08,"KaushalSetu synthetic generator v2, seed 20260929",2026-09-28T12:00:00+05:30,"SYNTHETIC demo data (KaushalSetu SIH prototype): fictional entities, team-assumed numbers, not real or official statistics.",true
9c5d044a-9bf4-5242-8b1f-b58d7839ed68,C-TC-C-solar-pv-2025-003,fd3a219f-22fb-5952-b605-24e02df41044,ITI,"[""mr"",""hi"",""en""]","{""analytics"":true,""contact_by_employers"":true}",Y08,"KaushalSetu synthetic generator v2, seed 20260929",2026-09-28T12:00:00+05:30,"SYNTHETIC demo data (KaushalSetu SIH prototype): fictional entities, team-assumed numbers, not real or official statistics.",true
89ca2698-d2a0-54ca-a858-d50658bd7a23,C-TC-C-solar-pv-2025-004,fd3a219f-22fb-5952-b605-24e02df41044,CLASS_12,"[""mr"",""hi""]","{""analytics"":true,""contact_by_employers"":true}",Y08,"KaushalSetu synthetic generator v2, seed 20260929",2026-09-28T12:00:00+05:30,"SYNTHETIC demo data (KaushalSetu SIH prototype): fictional entities, team-assumed numbers, not real or official statistics.",true
aba08d00-e164-5f67-a821-77dd6f2fefa5,C-TC-C-solar-pv-2025-005,fd3a219f-22fb-5952-b605-24e02df41044,ITI,"[""mr""]","{""analytics"":true,""contact_by_employers"":true}",Y08,"KaushalSetu synthetic generator v2, seed 20260929",2026-09-28T12:00:00+05:30,"SYNTHETIC demo data (KaushalSetu SIH prototype): fictional entities, team-assumed numbers, not real or official statistics.",true
df893ea5-ea82-5502-9690-1e4a7d0a3310,C-TC-C-solar-pv-2025-006,fd3a219f-22fb-5952-b605-24e02df41044,ITI,"[""mr""]","{""analytics"":true,""contact_by_employers"":false}",Y08,"KaushalSetu synthetic generator v2, seed 20260929",2026-09-28T12:00:00+05:30,"SYNTHETIC demo data (KaushalSetu SIH prototype): fictional entities, team-assumed numbers, not real or official statistics.",true
67a4b248-6e10-5021-a1f7-9d8e565d2a06,C-TC-C-solar-pv-2025-007,fd3a219f-22fb-5952-b605-24e02df41044,ITI,"[""mr"",""hi"",""en""]","{""analytics"":true,""contact_by_employers"":false}",Y08,"KaushalSetu synthetic generator v2, seed 20260929",2026-09-28T12:00:00+05:30,"SYNTHETIC demo data (KaushalSetu SIH prototype): fictional entities, team-assumed numbers, not real or official statistics.",true
87ebd9d7-3ae5-53bd-81a3-136a6f138677,C-TC-C-solar-pv-2025-008,fd3a219f-22fb-5952-b605-24e02df41044,ITI,"[""mr"",""hi""]","{""analytics"":true,""contact_by_employers"":true}",Y08,"KaushalSetu synthetic generator v2, seed 20260929",2026-09-28T12:00:00+05:30,"SYNTHETIC demo data (KaushalSetu SIH prototype): fictional entities, team-assumed numbers, not real or official statistics.",true
b6bb9704-3854-529b-b242-c3b1b8724eee,C-TC-C-solar-pv-2025-009,fd3a219f-22fb-5952-b605-24e02df41044,ITI,"[""mr"",""hi"",""en""]","{""analytics"":true,""contact_by_employers"":true}",Y08,"KaushalSetu synthetic generator v2, seed 20260929",2026-09-28T12:00:00+05:30,"SYNTHETIC demo data (KaushalSetu SIH prototype): fictional entities, team-assumed numbers, not real or official statistics.",true
eddbf139-c6cf-5423-b7f4-faaf29405e7b,C-TC-C-solar-pv-2025-010,fd3a219f-22fb-5952-b605-24e02df41044,ITI,"[""mr"",""hi""]","{""analytics"":true,""contact_by_employers"":true}",Y08,"KaushalSetu synthetic generator v2, seed 20260929",2026-09-28T12:00:00+05:30,"SYNTHETIC demo data (KaushalSetu SIH prototype): fictional entities, team-assumed numbers, not real or official statistics.",true
403fba8a-d364-5d2a-8769-1657bef281cf,C-TC-C-solar-pv-2025-011,fd3a219f-22fb-5952-b605-24e02df41044,CLASS_12,"[""mr"",""hi""]","{""analytics"":true,""contact_by_employers"":true}",Y08,"KaushalSetu synthetic generator v2, seed 20260929",2026-09-28T12:00:00+05:30,"SYNTHETIC demo data (KaushalSetu SIH prototype): fictional entities, team-assumed numbers, not real or official statistics.",true
4ac2cec9-7bbd-5e5f-bf55-72d7f896f36e,C-TC-C-solar-pv-2025-012,fd3a219f-22fb-5952-b605-24e02df41044,ITI,"[""mr"",""hi""]","{""analytics"":true,""contact_by_employers"":true}",Y08,"KaushalSetu synthetic generator v2, seed 20260929",2026-09-28T12:00:00+05:30,"SYNTHETIC demo data (KaushalSetu SIH prototype): fictional entities, team-assumed numbers, not real or official statistics.",true
b525b185-6fdd-580f-95ff-c00d0a2a757b,C-TC-C-solar-pv-2025-013,fd3a219f-22fb-5952-b605-24e02df41044,DIPLOMA,"[""mr"",""hi"",""en""]","{""analytics"":true,""contact_by_employers"":true}",Y08,"KaushalSetu synthetic generator v2, seed 20260929",2026-09-28T12:00:00+05:30,"SYNTHETIC demo data (KaushalSetu SIH prototype): fictional entities, team-assumed numbers, not real or official statistics.",true
21b35677-c93f-5ce7-9d68-bd8b8293f1d9,C-TC-C-solar-pv-2025-014,fd3a219f-22fb-5952-b605-24e02df41044,CLASS_10,"[""mr"",""en""]","{""analytics"":true,""contact_by_employers"":true}",Y08,"KaushalSetu synthetic generator v2, seed 20260929",2026-09-28T12:00:00+05:30,"SYNTHETIC demo data (KaushalSetu SIH prototype): fictional entities, team-assumed numbers, not real or official statistics.",true
8b876ce9-1326-5888-ae32-41e8296b7528,C-TC-C-solar-pv-2025-015,fd3a219f-22fb-5952-b605-24e02df41044,CLASS_12,"[""mr"",""hi"",""en""]","{""analytics"":true,""contact_by_employers"":true}",Y08,"KaushalSetu synthetic generator v2, seed 20260929",2026-09-28T12:00:00+05:30,"SYNTHETIC demo data (KaushalSetu SIH prototype): fictional entities, team-assumed numbers, not real or official statistics.",true
225dc70d-d268-5d6e-a48e-31a4840ed012,C-TC-C-solar-pv-2025-016,fd3a219f-22fb-5952-b605-24e02df41044,CLASS_12,"[""mr""]","{""analytics"":true,""contact_by_employers"":true}",Y08,"KaushalSetu synthetic generator v2, seed 20260929",2026-09-28T12:00:00+05:30,"SYNTHETIC demo data (KaushalSetu SIH prototype): fictional entities, team-assumed numbers, not real or official statistics.",true
492f2abd-b9c5-5d10-b4c9-b82e64ae13f9,C-TC-C-solar-pv-2025-017,fd3a219f-22fb-5952-b605-24e02df41044,ITI,"[""mr"",""hi""]","{""analytics"":true,""contact_by_employers"":true}",Y08,"KaushalSetu synthetic generator v2, seed 20260929",2026-09-28T12:00:00+05:30,"SYNTHETIC demo data (KaushalSetu SIH prototype): fictional entities, team-assumed numbers, not real or official statistics.",true
e51aa51c-153b-584b-8cf1-f33581279b54,C-TC-C-solar-pv-2025-018,fd3a219f-22fb-5952-b605-24e02df41044,CLASS_12,"[""mr"",""hi""]","{""analytics"":true,""contact_by_employers"":true}",Y08,"KaushalSetu synthetic generator v2, seed 20260929",2026-09-28T12:00:00+05:30,"SYNTHETIC demo data (KaushalSetu SIH prototype): fictional entities, team-assumed numbers, not real or official statistics.",true
8ffe949e-104b-533e-af5c-5858c032005e,C-TC-C-solar-pv-2025-019,fd3a219f-22fb-5952-b605-24e02df41044,ITI,"[""mr"",""hi"",""en""]","{""analytics"":true,""contact_by_employers"":true}",Y08,"KaushalSetu synthetic generator v2, seed 20260929",2026-09-28T12:00:00+05:30,"SYNTHETIC demo data (KaushalSetu SIH prototype): fictional entities, team-assumed numbers, not real or official statistics.",true
79086228-a84b-539c-8199-333d02e10979,C-TC-C-solar-pv-2025-020,fd3a219f-22fb-5952-b605-24e02df41044,ITI,"[""mr"",""hi""]","{""analytics"":true,""contact_by_employers"":true}",Y08,"KaushalSetu synthetic generator v2, seed 20260929",2026-09-28T12:00:00+05:30,"SYNTHETIC demo data (KaushalSetu SIH prototype): fictional entities, team-assumed numbers, not real or official statistics.",true
f97b81f8-84f2-5dd0-8336-d14246706c2d,C-TC-C-solar-pv-2025-021,fd3a219f-22fb-5952-b605-24e02df41044,ITI,"[""mr"",""hi""]","{""analytics"":true,""contact_by_employers"":true}",Y08,"KaushalSetu synthetic generator v2, seed 20260929",2026-09-28T12:00:00+05:30,"SYNTHETIC demo data (KaushalSetu SIH prototype): fictional entities, team-assumed numbers, not real or official statistics.",true
33ccb7fe-2c58-520f-9af0-031691d73a10,C-TC-C-solar-pv-2025-022,fd3a219f-22fb-5952-b605-24e02df41044,ITI,"[""mr""]","{""analytics"":true,""contact_by_employers"":false}",Y08,"KaushalSetu synthetic generator v2, seed 20260929",2026-09-28T12:00:00+05:30,"SYNTHETIC demo data (KaushalSetu SIH prototype): fictional entities, team-assumed numbers, not real or official statistics.",true
56060ae3-03d5-5385-8620-c3281c5e27fb,C-TC-C-solar-pv-2025-023,fd3a219f-22fb-5952-b605-24e02df41044,ITI,"[""mr"",""hi"",""en""]","{""analytics"":true,""contact_by_employers"":false}",Y08,"KaushalSetu synthetic generator v2, seed 20260929",2026-09-28T12:00:00+05:30,"SYNTHETIC demo data (KaushalSetu SIH prototype): fictional entities, team-assumed numbers, not real or official statistics.",true
545a29f1-90e5-59b8-8f5f-1131a20114e6,C-TC-C-solar-pv-2025-024,fd3a219f-22fb-5952-b605-24e02df41044,DIPLOMA,"[""mr"",""en""]","{""analytics"":true,""contact_by_employers"":true}",Y08,"KaushalSetu synthetic generator v2, seed 20260929",2026-09-28T12:00:00+05:30,"SYNTHETIC demo data (KaushalSetu SIH prototype): fictional entities, team-assumed numbers, not real or official statistics.",true
3d197a03-b9fe-5c51-ba6a-bb31a0340d99,C-TC-C-solar-pv-2025-025,fd3a219f-22fb-5952-b605-24e02df41044,CLASS_12,"[""mr"",""hi""]","{""analytics"":true,""contact_by_employers"":true}",Y08,"KaushalSetu synthetic generator v2, seed 20260929",2026-09-28T12:00:00+05:30,"SYNTHETIC demo data (KaushalSetu SIH prototype): fictional entities, team-assumed numbers, not real or official statistics.",true
69b08d54-2ed5-51ee-873d-87a11116b181,C-TC-C-solar-pv-2025-026,fd3a219f-22fb-5952-b605-24e02df41044,ITI,"[""mr""]","{""analytics"":true,""contact_by_employers"":true}",Y08,"KaushalSetu synthetic generator v2, seed 20260929",2026-09-28T12:00:00+05:30,"SYNTHETIC demo data (KaushalSetu SIH prototype): fictional entities, team-assumed numbers, not real or official statistics.",true
c524c613-6fe0-5822-be21-d0afc1e11a2c,C-TC-C-solar-pv-2025-027,fd3a219f-22fb-5952-b605-24e02df41044,CLASS_12,"[""mr"",""hi""]","{""analytics"":true,""contact_by_employers"":true}",Y08,"KaushalSetu synthetic generator v2, seed 20260929",2026-09-28T12:00:00+05:30,"SYNTHETIC demo data (KaushalSetu SIH prototype): fictional entities, team-assumed numbers, not real or official statistics.",true
da1c2c46-24b5-55e3-bc4b-e39b67ce81aa,C-TC-C-solar-pv-2025-028,fd3a219f-22fb-5952-b605-24e02df41044,CLASS_12,"[""mr"",""hi"",""en""]","{""analytics"":true,""contact_by_employers"":false}",Y08,"KaushalSetu synthetic generator v2, seed 20260929",2026-09-28T12:00:00+05:30,"SYNTHETIC demo data (KaushalSetu SIH prototype): fictional entities, team-assumed numbers, not real or official statistics.",true
02585771-e50f-582e-91f1-cdb5f2ae3097,C-TC-C-solar-pv-2025-029,fd3a219f-22fb-5952-b605-24e02df41044,CLASS_12,"[""mr"",""hi"",""en""]","{""analytics"":true,""contact_by_employers"":true}",Y08,"KaushalSetu synthetic generator v2, seed 20260929",2026-09-28T12:00:00+05:30,"SYNTHETIC demo data (KaushalSetu SIH prototype): fictional entities, team-assumed numbers, not real or official statistics.",true
6a376b80-9ae8-5875-8132-02f5d8ce64b9,C-TC-C-solar-pv-2025-030,fd3a219f-22fb-5952-b605-24e02df41044,CLASS_12,"[""mr"",""en""]","{""analytics"":true,""contact_by_employers"":false}",Y08,"KaushalSetu synthetic generator v2, seed 20260929",2026-09-28T12:00:00+05:30,"SYNTHETIC demo data (KaushalSetu SIH prototype): fictional entities, team-assumed numbers, not real or official statistics.",true
8082a702-8622-59a2-a4fe-064b680db7cc,C-TC-C-solar-pv-2025-031,fd3a219f-22fb-5952-b605-24e02df41044,ITI,"[""mr"",""hi""]","{""analytics"":true,""contact_by_employers"":true}",Y08,"KaushalSetu synthetic generator v2, seed 20260929",2026-09-28T12:00:00+05:30,"SYNTHETIC demo data (KaushalSetu SIH prototype): fictional entities, team-assumed numbers, not real or official statistics.",true
01311b37-f9b3-5236-935f-4c455c106c52,C-TC-C-solar-pv-2025-032,fd3a219f-22fb-5952-b605-24e02df41044,CLASS_12,"[""mr"",""hi"",""en""]","{""analytics"":true,""contact_by_employers"":true}",Y08,"KaushalSetu synthetic generator v2, seed 20260929",2026-09-28T12:00:00+05:30,"SYNTHETIC demo data (KaushalSetu SIH prototype): fictional entities, team-assumed numbers, not real or official statistics.",true
7b7bb65e-457f-54c1-a27b-bf5b2a184529,C-TC-C-solar-pv-2025-033,fd3a219f-22fb-5952-b605-24e02df41044,CLASS_12,"[""mr""]","{""analytics"":true,""contact_by_employers"":true}",Y08,"KaushalSetu synthetic generator v2, seed 20260929",2026-09-28T12:00:00+05:30,"SYNTHETIC demo data (KaushalSetu SIH prototype): fictional entities, team-assumed numbers, not real or official statistics.",true
b7e447d6-5032-5c1a-b23c-bef1e98e7687,C-TC-C-solar-pv-2025-034,fd3a219f-22fb-5952-b605-24e02df41044,CLASS_12,"[""mr"",""hi""]","{""analytics"":true,""contact_by_employers"":true}",Y08,"KaushalSetu synthetic generator v2, seed 20260929",2026-09-28T12:00:00+05:30,"SYNTHETIC demo data (KaushalSetu SIH prototype): fictional entities, team-assumed numbers, not real or official statistics.",true
ffcb229d-687f-5b1a-a101-835006f9fd00,C-TC-C-solar-pv-2025-035,fd3a219f-22fb-5952-b605-24e02df41044,CLASS_12,"[""mr"",""en""]","{""analytics"":true,""contact_by_employers"":true}",Y08,"KaushalSetu synthetic generator v2, seed 20260929",2026-09-28T12:00:00+05:30,"SYNTHETIC demo data (KaushalSetu SIH prototype): fictional entities, team-assumed numbers, not real or official statistics.",true
be3f5b96-e7f1-501c-9a36-56f61f46149a,C-TC-C-solar-pv-2025-036,fd3a219f-22fb-5952-b605-24e02df41044,CLASS_12,"[""mr"",""hi""]","{""analytics"":true,""contact_by_employers"":false}",Y08,"KaushalSetu synthetic generator v2, seed 20260929",2026-09-28T12:00:00+05:30,"SYNTHETIC demo data (KaushalSetu SIH prototype): fictional entities, team-assumed numbers, not real or official statistics.",true
7ec075d5-9dab-5abe-8f30-bad8374a94cd,C-TC-C-solar-pv-2025-037,fd3a219f-22fb-5952-b605-24e02df41044,ITI,"[""mr""]","{""analytics"":true,""contact_by_employers"":true}",Y08,"KaushalSetu synthetic generator v2, seed 20260929",2026-09-28T12:00:00+05:30,"SYNTHETIC demo data (KaushalSetu SIH prototype): fictional entities, team-assumed numbers, not real or official statistics.",true
8aee05f1-0535-5d9e-8eca-fcd4615a3030,C-TC-C-solar-pv-2025-038,fd3a219f-22fb-5952-b605-24e02df41044,ITI,"[""mr"",""hi"",""en""]","{""analytics"":true,""contact_by_employers"":false}",Y08,"KaushalSetu synthetic generator v2, seed 20260929",2026-09-28T12:00:00+05:30,"SYNTHETIC demo data (KaushalSetu SIH prototype): fictional entities, team-assumed numbers, not real or official statistics.",true
6ae2ac10-3457-5984-a012-69711d6ca93b,C-TC-C-solar-pv-2025-039,fd3a219f-22fb-5952-b605-24e02df41044,CLASS_12,"[""mr"",""hi""]","{""analytics"":true,""contact_by_employers"":true}",Y08,"KaushalSetu synthetic generator v2, seed 20260929",2026-09-28T12:00:00+05:30,"SYNTHETIC demo data (KaushalSetu SIH prototype): fictional entities, team-assumed numbers, not real or official statistics.",true
06931cc5-e3c4-5740-82fb-bd29db2e0931,C-TC-C-solar-pv-2025-040,fd3a219f-22fb-5952-b605-24e02df41044,ITI,"[""mr"",""hi"",""en""]","{""analytics"":true,""contact_by_employers"":true}",Y08,"KaushalSetu synthetic generator v2, seed 20260929",2026-09-28T12:00:00+05:30,"SYNTHETIC demo data (KaushalSetu SIH prototype): fictional entities, team-assumed numbers, not real or official statistics.",true
38369907-5579-5bb9-9da8-5037a4e8007a,C-TC-C-solar-pv-2025-041,fd3a219f-22fb-5952-b605-24e02df41044,CLASS_12,"[""mr"",""hi""]","{""analytics"":true,""contact_by_employers"":false}",Y08,"KaushalSetu synthetic generator v2, seed 20260929",2026-09-28T12:00:00+05:30,"SYNTHETIC demo data (KaushalSetu SIH prototype): fictional entities, team-assumed numbers, not real or official statistics.",true
0ac48fda-719e-55ed-95e7-fe39ff322bd8,C-TC-C-solar-pv-2025-042,fd3a219f-22fb-5952-b605-24e02df41044,DIPLOMA,"[""mr"",""hi""]","{""analytics"":true,""contact_by_employers"":true}",Y08,"KaushalSetu synthetic generator v2, seed 20260929",2026-09-28T12:00:00+05:30,"SYNTHETIC demo data (KaushalSetu SIH prototype): fictional entities, team-assumed numbers, not real or official statistics.",true
fac2245f-e183-5b85-ab0b-7f60a65b118d,C-TC-C-solar-pv-2025-043,fd3a219f-22fb-5952-b605-24e02df41044,DIPLOMA,"[""mr"",""en""]","{""analytics"":true,""contact_by_employers"":false}",Y08,"KaushalSetu synthetic generator v2, seed 20260929",2026-09-28T12:00:00+05:30,"SYNTHETIC demo data (KaushalSetu SIH prototype): fictional entities, team-assumed numbers, not real or official statistics.",true
d6d2cbf0-8a6a-513e-848b-f3620d9f0581,C-TC-C-solar-pv-2025-044,fd3a219f-22fb-5952-b605-24e02df41044,ITI,"[""mr"",""hi""]","{""analytics"":true,""contact_by_employers"":true}",Y08,"KaushalSetu synthetic generator v2, seed 20260929",2026-09-28T12:00:00+05:30,"SYNTHETIC demo data (KaushalSetu SIH prototype): fictional entities, team-assumed numbers, not real or official statistics.",true
bd8ff205-b43d-5ed3-b971-fe9fb0544f64,C-TC-C-solar-pv-2025-045,fd3a219f-22fb-5952-b605-24e02df41044,ITI,"[""mr""]","{""analytics"":true,""contact_by_employers"":false}",Y08,"KaushalSetu synthetic generator v2, seed 20260929",2026-09-28T12:00:00+05:30,"SYNTHETIC demo data (KaushalSetu SIH prototype): fictional entities, team-assumed numbers, not real or official statistics.",true
28e6bd1a-e6c2-5e1d-a352-682410d2958d,C-TC-C-solar-pv-2025-046,fd3a219f-22fb-5952-b605-24e02df41044,CLASS_12,"[""mr"",""hi""]","{""analytics"":true,""contact_by_employers"":true}",Y08,"KaushalSetu synthetic generator v2, seed 20260929",2026-09-28T12:00:00+05:30,"SYNTHETIC demo data (KaushalSetu SIH prototype): fictional entities, team-assumed numbers, not real or official statistics.",true
31dae847-4074-5b31-ac70-809f0a0d9cb7,C-TC-C-solar-pv-2025-047,fd3a219f-22fb-5952-b605-24e02df41044,ITI,"[""mr""]","{""analytics"":true,""contact_by_employers"":true}",Y08,"KaushalSetu synthetic generator v2, seed 20260929",2026-09-28T12:00:00+05:30,"SYNTHETIC demo data (KaushalSetu SIH prototype): fictional entities, team-assumed numbers, not real or official statistics.",true
7d56a868-bcec-5e82-a53b-7fe317da44cf,C-TC-C-solar-pv-2025-048,fd3a219f-22fb-5952-b605-24e02df41044,ITI,"[""mr"",""hi""]","{""analytics"":true,""contact_by_employers"":false}",Y08,"KaushalSetu synthetic generator v2, seed 20260929",2026-09-28T12:00:00+05:30,"SYNTHETIC demo data (KaushalSetu SIH prototype): fictional entities, team-assumed numbers, not real or official statistics.",true
e0148b44-a725-5adf-a9b8-709f122a4a7c,C-TC-C-solar-pv-2025-049,fd3a219f-22fb-5952-b605-24e02df41044,CLASS_12,"[""mr""]","{""analytics"":true,""contact_by_employers"":true}",Y08,"KaushalSetu synthetic generator v2, seed 20260929",2026-09-28T12:00:00+05:30,"SYNTHETIC demo data (KaushalSetu SIH prototype): fictional entities, team-assumed numbers, not real or official statistics.",true
7b0728df-3b67-5d5d-8196-4298e058421a,C-TC-C-solar-pv-2025-050,fd3a219f-22fb-5952-b605-24e02df41044,ITI,"[""mr"",""hi""]","{""analytics"":true,""contact_by_employers"":false}",Y08,"KaushalSetu synthetic generator v2, seed 20260929",2026-09-28T12:00:00+05:30,"SYNTHETIC demo data (KaushalSetu SIH prototype): fictional entities, team-assumed numbers, not real or official statistics.",true
5a5c1a86-7e2f-5ec5-9c69-2ba76129932e,C-TC-C-solar-pv-2025-051,fd3a219f-22fb-5952-b605-24e02df41044,ITI,"[""mr""]","{""analytics"":true,""contact_by_employers"":false}",Y08,"KaushalSetu synthetic generator v2, seed 20260929",2026-09-28T12:00:00+05:30,"SYNTHETIC demo data (KaushalSetu SIH prototype): fictional entities, team-assumed numbers, not real or official statistics.",true
8a9bb801-6552-54cd-85e1-7489ae6586b1,C-TC-C-solar-pv-2025-052,fd3a219f-22fb-5952-b605-24e02df41044,DIPLOMA,"[""mr"",""hi""]","{""analytics"":true,""contact_by_employers"":true}",Y08,"KaushalSetu synthetic generator v2, seed 20260929",2026-09-28T12:00:00+05:30,"SYNTHETIC demo data (KaushalSetu SIH prototype): fictional entities, team-assumed numbers, not real or official statistics.",true
1469ea79-5605-57e3-8b4c-2bf2fed7b6ef,C-TC-C-solar-pv-2025-053,fd3a219f-22fb-5952-b605-24e02df41044,ITI,"[""mr"",""hi""]","{""analytics"":true,""contact_by_employers"":false}",Y08,"KaushalSetu synthetic generator v2, seed 20260929",2026-09-28T12:00:00+05:30,"SYNTHETIC demo data (KaushalSetu SIH prototype): fictional entities, team-assumed numbers, not real or official statistics.",true
c173129f-d685-5167-a52d-f0a1f1b0fa88,C-TC-C-solar-pv-2025-054,fd3a219f-22fb-5952-b605-24e02df41044,CLASS_12,"[""mr"",""hi"",""en""]","{""analytics"":true,""contact_by_employers"":true}",Y08,"KaushalSetu synthetic generator v2, seed 20260929",2026-09-28T12:00:00+05:30,"SYNTHETIC demo data (KaushalSetu SIH prototype): fictional entities, team-assumed numbers, not real or official statistics.",true
7157b983-8b11-59b7-bb50-d01d0dd0ecf0,C-TC-C-solar-pv-2025-055,fd3a219f-22fb-5952-b605-24e02df41044,ITI,"[""mr""]","{""analytics"":true,""contact_by_employers"":false}",Y08,"KaushalSetu synthetic generator v2, seed 20260929",2026-09-28T12:00:00+05:30,"SYNTHETIC demo data (KaushalSetu SIH prototype): fictional entities, team-assumed numbers, not real or official statistics.",true
946c17a1-70c0-58bc-8653-82888ab6cb48,C-ITI-D-electrician-2024-001,05d7354b-c53f-5e04-95e5-eb977f8c1379,CLASS_10,"[""mr"",""hi"",""en""]","{""analytics"":true,""contact_by_employers"":true}",Y08,"KaushalSetu synthetic generator v2, seed 20260929",2026-09-28T12:00:00+05:30,"SYNTHETIC demo data (KaushalSetu SIH prototype): fictional entities, team-assumed numbers, not real or official statistics.",true
5748c568-e422-5943-b059-5ebcc8018687,C-ITI-D-electrician-2024-002,05d7354b-c53f-5e04-95e5-eb977f8c1379,CLASS_10,"[""mr"",""hi""]","{""analytics"":true,""contact_by_employers"":true}",Y08,"KaushalSetu synthetic generator v2, seed 20260929",2026-09-28T12:00:00+05:30,"SYNTHETIC demo data (KaushalSetu SIH prototype): fictional entities, team-assumed numbers, not real or official statistics.",true
caba47f6-2737-564b-93d9-3250819a0580,C-ITI-D-electrician-2024-003,05d7354b-c53f-5e04-95e5-eb977f8c1379,CLASS_12,"[""mr"",""hi"",""en""]","{""analytics"":true,""contact_by_employers"":true}",Y08,"KaushalSetu synthetic generator v2, seed 20260929",2026-09-28T12:00:00+05:30,"SYNTHETIC demo data (KaushalSetu SIH prototype): fictional entities, team-assumed numbers, not real or official statistics.",true
25f81b20-54e4-5deb-a39d-6ab970f47821,C-ITI-D-electrician-2024-004,05d7354b-c53f-5e04-95e5-eb977f8c1379,CLASS_12,"[""mr"",""hi""]","{""analytics"":true,""contact_by_employers"":false}",Y08,"KaushalSetu synthetic generator v2, seed 20260929",2026-09-28T12:00:00+05:30,"SYNTHETIC demo data (KaushalSetu SIH prototype): fictional entities, team-assumed numbers, not real or official statistics.",true
9a4a4d67-86e8-508b-814d-a4639e964cf7,C-ITI-D-electrician-2024-005,05d7354b-c53f-5e04-95e5-eb977f8c1379,CLASS_10,"[""mr"",""hi"",""en""]","{""analytics"":true,""contact_by_employers"":false}",Y08,"KaushalSetu synthetic generator v2, seed 20260929",2026-09-28T12:00:00+05:30,"SYNTHETIC demo data (KaushalSetu SIH prototype): fictional entities, team-assumed numbers, not real or official statistics.",true
3f219d63-e9c1-53db-99d1-99d058049e62,C-ITI-D-electrician-2024-006,05d7354b-c53f-5e04-95e5-eb977f8c1379,CLASS_12,"[""mr"",""hi"",""en""]","{""analytics"":true,""contact_by_employers"":false}",Y08,"KaushalSetu synthetic generator v2, seed 20260929",2026-09-28T12:00:00+05:30,"SYNTHETIC demo data (KaushalSetu SIH prototype): fictional entities, team-assumed numbers, not real or official statistics.",true
2502ad2f-7fbf-51a5-bcd8-b6a93474628e,C-ITI-D-electrician-2024-007,05d7354b-c53f-5e04-95e5-eb977f8c1379,CLASS_10,"[""mr""]","{""analytics"":true,""contact_by_employers"":false}",Y08,"KaushalSetu synthetic generator v2, seed 20260929",2026-09-28T12:00:00+05:30,"SYNTHETIC demo data (KaushalSetu SIH prototype): fictional entities, team-assumed numbers, not real or official statistics.",true
fd57841b-4f83-5ba8-b4c7-ff975d22898d,C-ITI-D-electrician-2024-008,05d7354b-c53f-5e04-95e5-eb977f8c1379,CLASS_10,"[""mr"",""hi""]","{""analytics"":true,""contact_by_employers"":true}",Y08,"KaushalSetu synthetic generator v2, seed 20260929",2026-09-28T12:00:00+05:30,"SYNTHETIC demo data (KaushalSetu SIH prototype): fictional entities, team-assumed numbers, not real or official statistics.",true
25573957-d606-5eb6-8431-3e3b0ffb0768,C-ITI-D-electrician-2024-009,05d7354b-c53f-5e04-95e5-eb977f8c1379,CLASS_12,"[""mr"",""en""]","{""analytics"":true,""contact_by_employers"":false}",Y08,"KaushalSetu synthetic generator v2, seed 20260929",2026-09-28T12:00:00+05:30,"SYNTHETIC demo data (KaushalSetu SIH prototype): fictional entities, team-assumed numbers, not real or official statistics.",true
b491b991-764d-54f3-9491-902a2e6a1bfe,C-ITI-D-electrician-2024-010,05d7354b-c53f-5e04-95e5-eb977f8c1379,CLASS_10,"[""mr""]","{""analytics"":true,""contact_by_employers"":true}",Y08,"KaushalSetu synthetic generator v2, seed 20260929",2026-09-28T12:00:00+05:30,"SYNTHETIC demo data (KaushalSetu SIH prototype): fictional entities, team-assumed numbers, not real or official statistics.",true
3676889c-0094-5aba-8dd1-b0a1d93ee215,C-ITI-D-electrician-2024-011,05d7354b-c53f-5e04-95e5-eb977f8c1379,CLASS_10,"[""mr"",""hi"",""en""]","{""analytics"":true,""contact_by_employers"":true}",Y08,"KaushalSetu synthetic generator v2, seed 20260929",2026-09-28T12:00:00+05:30,"SYNTHETIC demo data (KaushalSetu SIH prototype): fictional entities, team-assumed numbers, not real or official statistics.",true
2ff475a4-88e7-5fac-9dab-86171dc7c2f5,C-ITI-D-electrician-2024-012,05d7354b-c53f-5e04-95e5-eb977f8c1379,CLASS_10,"[""mr""]","{""analytics"":true,""contact_by_employers"":true}",Y08,"KaushalSetu synthetic generator v2, seed 20260929",2026-09-28T12:00:00+05:30,"SYNTHETIC demo data (KaushalSetu SIH prototype): fictional entities, team-assumed numbers, not real or official statistics.",true
dc999232-1860-524a-97e9-e83886435f6b,C-ITI-D-electrician-2024-013,05d7354b-c53f-5e04-95e5-eb977f8c1379,CLASS_12,"[""mr"",""hi"",""en""]","{""analytics"":true,""contact_by_employers"":true}",Y08,"KaushalSetu synthetic generator v2, seed 20260929",2026-09-28T12:00:00+05:30,"SYNTHETIC demo data (KaushalSetu SIH prototype): fictional entities, team-assumed numbers, not real or official statistics.",true
2c1ec483-6c02-55ec-a370-d294ba6fda41,C-ITI-D-electrician-2024-014,05d7354b-c53f-5e04-95e5-eb977f8c1379,CLASS_10,"[""mr"",""en""]","{""analytics"":true,""contact_by_employers"":false}",Y08,"KaushalSetu synthetic generator v2, seed 20260929",2026-09-28T12:00:00+05:30,"SYNTHETIC demo data (KaushalSetu SIH prototype): fictional entities, team-assumed numbers, not real or official statistics.",true
feab2524-6053-533e-9a14-e51c7702d62b,C-ITI-D-electrician-2024-015,05d7354b-c53f-5e04-95e5-eb977f8c1379,CLASS_12,"[""mr"",""hi""]","{""analytics"":true,""contact_by_employers"":true}",Y08,"KaushalSetu synthetic generator v2, seed 20260929",2026-09-28T12:00:00+05:30,"SYNTHETIC demo data (KaushalSetu SIH prototype): fictional entities, team-assumed numbers, not real or official statistics.",true
ca787657-1ea3-5540-8657-5cd0e8350684,C-ITI-D-electrician-2024-016,05d7354b-c53f-5e04-95e5-eb977f8c1379,CLASS_10,"[""mr"",""hi""]","{""analytics"":true,""contact_by_employers"":true}",Y08,"KaushalSetu synthetic generator v2, seed 20260929",2026-09-28T12:00:00+05:30,"SYNTHETIC demo data (KaushalSetu SIH prototype): fictional entities, team-assumed numbers, not real or official statistics.",true
24efd1ef-baa2-533f-84f9-0f716bb3bb56,C-ITI-D-electrician-2024-017,05d7354b-c53f-5e04-95e5-eb977f8c1379,CLASS_10,"[""mr"",""hi""]","{""analytics"":true,""contact_by_employers"":false}",Y08,"KaushalSetu synthetic generator v2, seed 20260929",2026-09-28T12:00:00+05:30,"SYNTHETIC demo data (KaushalSetu SIH prototype): fictional entities, team-assumed numbers, not real or official statistics.",true
32282c4c-42fc-5693-9c1a-25a780e5ac2a,C-ITI-D-electrician-2024-018,05d7354b-c53f-5e04-95e5-eb977f8c1379,CLASS_10,"[""mr"",""hi""]","{""analytics"":true,""contact_by_employers"":true}",Y08,"KaushalSetu synthetic generator v2, seed 20260929",2026-09-28T12:00:00+05:30,"SYNTHETIC demo data (KaushalSetu SIH prototype): fictional entities, team-assumed numbers, not real or official statistics.",true
c3d4d18e-de9a-58f2-b2fd-3dd17fcd8c17,C-ITI-D-electrician-2024-019,05d7354b-c53f-5e04-95e5-eb977f8c1379,CLASS_12,"[""mr""]","{""analytics"":true,""contact_by_employers"":true}",Y08,"KaushalSetu synthetic generator v2, seed 20260929",2026-09-28T12:00:00+05:30,"SYNTHETIC demo data (KaushalSetu SIH prototype): fictional entities, team-assumed numbers, not real or official statistics.",true
4b66f13c-0fd5-5446-8d09-ac400c7d9c68,C-ITI-D-electrician-2024-020,05d7354b-c53f-5e04-95e5-eb977f8c1379,CLASS_10,"[""mr"",""en""]","{""analytics"":true,""contact_by_employers"":true}",Y08,"KaushalSetu synthetic generator v2, seed 20260929",2026-09-28T12:00:00+05:30,"SYNTHETIC demo data (KaushalSetu SIH prototype): fictional entities, team-assumed numbers, not real or official statistics.",true
8c791ff8-10d0-54d2-9fb3-21f977ccc6fc,C-ITI-D-electrician-2024-021,05d7354b-c53f-5e04-95e5-eb977f8c1379,CLASS_12,"[""mr"",""hi""]","{""analytics"":true,""contact_by_employers"":true}",Y08,"KaushalSetu synthetic generator v2, seed 20260929",2026-09-28T12:00:00+05:30,"SYNTHETIC demo data (KaushalSetu SIH prototype): fictional entities, team-assumed numbers, not real or official statistics.",true
efee9127-b776-5e17-b583-075c30f4e59e,C-ITI-D-electrician-2024-022,05d7354b-c53f-5e04-95e5-eb977f8c1379,CLASS_10,"[""mr""]","{""analytics"":true,""contact_by_employers"":false}",Y08,"KaushalSetu synthetic generator v2, seed 20260929",2026-09-28T12:00:00+05:30,"SYNTHETIC demo data (KaushalSetu SIH prototype): fictional entities, team-assumed numbers, not real or official statistics.",true
d14a5d22-0b73-5004-986f-f53564f6acb8,C-ITI-D-electrician-2024-023,05d7354b-c53f-5e04-95e5-eb977f8c1379,CLASS_10,"[""mr"",""hi""]","{""analytics"":true,""contact_by_employers"":false}",Y08,"KaushalSetu synthetic generator v2, seed 20260929",2026-09-28T12:00:00+05:30,"SYNTHETIC demo data (KaushalSetu SIH prototype): fictional entities, team-assumed numbers, not real or official statistics.",true
e3aa3f39-a068-5252-8f19-8507b90ecbd3,C-ITI-D-electrician-2024-024,05d7354b-c53f-5e04-95e5-eb977f8c1379,CLASS_10,"[""mr""]","{""analytics"":true,""contact_by_employers"":true}",Y08,"KaushalSetu synthetic generator v2, seed 20260929",2026-09-28T12:00:00+05:30,"SYNTHETIC demo data (KaushalSetu SIH prototype): fictional entities, team-assumed numbers, not real or official statistics.",true
b06eb6f9-52e0-509e-b839-c8b38b83c927,C-ITI-D-electrician-2024-025,05d7354b-c53f-5e04-95e5-eb977f8c1379,CLASS_10,"[""mr"",""hi"",""en""]","{""analytics"":true,""contact_by_employers"":false}",Y08,"KaushalSetu synthetic generator v2, seed 20260929",2026-09-28T12:00:00+05:30,"SYNTHETIC demo data (KaushalSetu SIH prototype): fictional entities, team-assumed numbers, not real or official statistics.",true
de0751ba-a720-5c17-9e52-3f8f89794778,C-ITI-D-electrician-2024-026,05d7354b-c53f-5e04-95e5-eb977f8c1379,CLASS_10,"[""mr"",""hi""]","{""analytics"":true,""contact_by_employers"":true}",Y08,"KaushalSetu synthetic generator v2, seed 20260929",2026-09-28T12:00:00+05:30,"SYNTHETIC demo data (KaushalSetu SIH prototype): fictional entities, team-assumed numbers, not real or official statistics.",true
04d78dff-a799-52b9-b76b-64b2a0998709,C-ITI-D-electrician-2024-027,05d7354b-c53f-5e04-95e5-eb977f8c1379,CLASS_10,"[""mr"",""hi""]","{""analytics"":true,""contact_by_employers"":true}",Y08,"KaushalSetu synthetic generator v2, seed 20260929",2026-09-28T12:00:00+05:30,"SYNTHETIC demo data (KaushalSetu SIH prototype): fictional entities, team-assumed numbers, not real or official statistics.",true
9d450833-a545-5e41-8421-e736b9e9322b,C-ITI-D-electrician-2024-028,05d7354b-c53f-5e04-95e5-eb977f8c1379,CLASS_12,"[""mr"",""en""]","{""analytics"":true,""contact_by_employers"":false}",Y08,"KaushalSetu synthetic generator v2, seed 20260929",2026-09-28T12:00:00+05:30,"SYNTHETIC demo data (KaushalSetu SIH prototype): fictional entities, team-assumed numbers, not real or official statistics.",true
77055ed8-f581-5cd0-98f0-18fa5e1c7e86,C-ITI-D-electrician-2024-029,05d7354b-c53f-5e04-95e5-eb977f8c1379,CLASS_10,"[""mr"",""hi""]","{""analytics"":true,""contact_by_employers"":true}",Y08,"KaushalSetu synthetic generator v2, seed 20260929",2026-09-28T12:00:00+05:30,"SYNTHETIC demo data (KaushalSetu SIH prototype): fictional entities, team-assumed numbers, not real or official statistics.",true
df15d1e3-9b19-5478-adb9-d0b6393cb675,C-ITI-D-electrician-2024-030,05d7354b-c53f-5e04-95e5-eb977f8c1379,CLASS_10,"[""mr"",""hi"",""en""]","{""analytics"":true,""contact_by_employers"":false}",Y08,"KaushalSetu synthetic generator v2, seed 20260929",2026-09-28T12:00:00+05:30,"SYNTHETIC demo data (KaushalSetu SIH prototype): fictional entities, team-assumed numbers, not real or official statistics.",true
cf400e9f-b093-5c97-9d39-4cd777d0acce,C-ITI-D-electrician-2024-031,05d7354b-c53f-5e04-95e5-eb977f8c1379,CLASS_12,"[""mr"",""en""]","{""analytics"":true,""contact_by_employers"":true}",Y08,"KaushalSetu synthetic generator v2, seed 20260929",2026-09-28T12:00:00+05:30,"SYNTHETIC demo data (KaushalSetu SIH prototype): fictional entities, team-assumed numbers, not real or official statistics.",true
fb26a53a-2d0d-5689-b9a4-b1a240897268,C-ITI-D-electrician-2024-032,05d7354b-c53f-5e04-95e5-eb977f8c1379,CLASS_10,"[""mr"",""hi""]","{""analytics"":true,""contact_by_employers"":true}",Y08,"KaushalSetu synthetic generator v2, seed 20260929",2026-09-28T12:00:00+05:30,"SYNTHETIC demo data (KaushalSetu SIH prototype): fictional entities, team-assumed numbers, not real or official statistics.",true
e5dea422-ee49-5bfc-a4bc-7549d2e90b01,C-ITI-D-electrician-2024-033,05d7354b-c53f-5e04-95e5-eb977f8c1379,CLASS_12,"[""mr"",""hi""]","{""analytics"":true,""contact_by_employers"":true}",Y08,"KaushalSetu synthetic generator v2, seed 20260929",2026-09-28T12:00:00+05:30,"SYNTHETIC demo data (KaushalSetu SIH prototype): fictional entities, team-assumed numbers, not real or official statistics.",true
7194dd02-3060-55c4-99d8-5ea66216b896,C-ITI-D-electrician-2024-034,05d7354b-c53f-5e04-95e5-eb977f8c1379,CLASS_10,"[""mr"",""hi""]","{""analytics"":true,""contact_by_employers"":true}",Y08,"KaushalSetu synthetic generator v2, seed 20260929",2026-09-28T12:00:00+05:30,"SYNTHETIC demo data (KaushalSetu SIH prototype): fictional entities, team-assumed numbers, not real or official statistics.",true
576ac5e5-7d9f-50a4-9061-e712956dfaad,C-ITI-D-electrician-2024-035,05d7354b-c53f-5e04-95e5-eb977f8c1379,CLASS_10,"[""mr""]","{""analytics"":true,""contact_by_employers"":false}",Y08,"KaushalSetu synthetic generator v2, seed 20260929",2026-09-28T12:00:00+05:30,"SYNTHETIC demo data (KaushalSetu SIH prototype): fictional entities, team-assumed numbers, not real or official statistics.",true
8ec1a8a4-4a15-54c8-8b4d-f188ab142c3e,C-ITI-D-electrician-2024-036,05d7354b-c53f-5e04-95e5-eb977f8c1379,CLASS_10,"[""mr"",""hi""]","{""analytics"":true,""contact_by_employers"":false}",Y08,"KaushalSetu synthetic generator v2, seed 20260929",2026-09-28T12:00:00+05:30,"SYNTHETIC demo data (KaushalSetu SIH prototype): fictional entities, team-assumed numbers, not real or official statistics.",true
f074ca86-6f58-5bcf-9e2f-161739aeb826,C-ITI-D-electrician-2024-037,05d7354b-c53f-5e04-95e5-eb977f8c1379,CLASS_12,"[""mr"",""hi""]","{""analytics"":true,""contact_by_employers"":true}",Y08,"KaushalSetu synthetic generator v2, seed 20260929",2026-09-28T12:00:00+05:30,"SYNTHETIC demo data (KaushalSetu SIH prototype): fictional entities, team-assumed numbers, not real or official statistics.",true
dd4934da-f010-5466-b4d7-a35b49695182,C-ITI-D-electrician-2024-038,05d7354b-c53f-5e04-95e5-eb977f8c1379,CLASS_12,"[""mr"",""en""]","{""analytics"":true,""contact_by_employers"":false}",Y08,"KaushalSetu synthetic generator v2, seed 20260929",2026-09-28T12:00:00+05:30,"SYNTHETIC demo data (KaushalSetu SIH prototype): fictional entities, team-assumed numbers, not real or official statistics.",true
177c7f7b-8c36-50a0-8c83-52d1c434b124,C-ITI-D-electrician-2024-039,05d7354b-c53f-5e04-95e5-eb977f8c1379,CLASS_10,"[""mr"",""hi"",""en""]","{""analytics"":true,""contact_by_employers"":true}",Y08,"KaushalSetu synthetic generator v2, seed 20260929",2026-09-28T12:00:00+05:30,"SYNTHETIC demo data (KaushalSetu SIH prototype): fictional entities, team-assumed numbers, not real or official statistics.",true
049f569d-0881-54ca-83a5-121bbf5d6f60,C-ITI-D-electrician-2024-040,05d7354b-c53f-5e04-95e5-eb977f8c1379,CLASS_10,"[""mr"",""hi""]","{""analytics"":true,""contact_by_employers"":true}",Y08,"KaushalSetu synthetic generator v2, seed 20260929",2026-09-28T12:00:00+05:30,"SYNTHETIC demo data (KaushalSetu SIH prototype): fictional entities, team-assumed numbers, not real or official statistics.",true
b4486abd-9f45-593e-968c-66f563788159,C-ITI-D-electrician-2024-041,05d7354b-c53f-5e04-95e5-eb977f8c1379,CLASS_12,"[""mr"",""hi""]","{""analytics"":true,""contact_by_employers"":false}",Y08,"KaushalSetu synthetic generator v2, seed 20260929",2026-09-28T12:00:00+05:30,"SYNTHETIC demo data (KaushalSetu SIH prototype): fictional entities, team-assumed numbers, not real or official statistics.",true
ca5cd3fd-50a4-5617-8c74-afb02a6578c6,C-ITI-D-electrician-2024-042,05d7354b-c53f-5e04-95e5-eb977f8c1379,CLASS_10,"[""mr"",""en""]","{""analytics"":true,""contact_by_employers"":true}",Y08,"KaushalSetu synthetic generator v2, seed 20260929",2026-09-28T12:00:00+05:30,"SYNTHETIC demo data (KaushalSetu SIH prototype): fictional entities, team-assumed numbers, not real or official statistics.",true
2f279984-028f-555b-87e9-92ebc9120449,C-ITI-D-electrician-2024-043,05d7354b-c53f-5e04-95e5-eb977f8c1379,CLASS_10,"[""mr"",""hi"",""en""]","{""analytics"":true,""contact_by_employers"":true}",Y08,"KaushalSetu synthetic generator v2, seed 20260929",2026-09-28T12:00:00+05:30,"SYNTHETIC demo data (KaushalSetu SIH prototype): fictional entities, team-assumed numbers, not real or official statistics.",true
bb8666f4-2905-5070-a20c-a5c553f0698d,C-ITI-D-electrician-2024-044,05d7354b-c53f-5e04-95e5-eb977f8c1379,CLASS_10,"[""mr"",""en""]","{""analytics"":true,""contact_by_employers"":true}",Y08,"KaushalSetu synthetic generator v2, seed 20260929",2026-09-28T12:00:00+05:30,"SYNTHETIC demo data (KaushalSetu SIH prototype): fictional entities, team-assumed numbers, not real or official statistics.",true
2581e01a-3447-5a27-a3af-987ac6306de1,C-ITI-D-electrician-2024-045,05d7354b-c53f-5e04-95e5-eb977f8c1379,CLASS_12,"[""mr"",""en""]","{""analytics"":true,""contact_by_employers"":true}",Y08,"KaushalSetu synthetic generator v2, seed 20260929",2026-09-28T12:00:00+05:30,"SYNTHETIC demo data (KaushalSetu SIH prototype): fictional entities, team-assumed numbers, not real or official statistics.",true
ebe5e6e9-3272-5a00-accb-2f9bfdadb3a3,C-ITI-D-electrician-2024-046,05d7354b-c53f-5e04-95e5-eb977f8c1379,CLASS_10,"[""mr"",""hi""]","{""analytics"":true,""contact_by_employers"":true}",Y08,"KaushalSetu synthetic generator v2, seed 20260929",2026-09-28T12:00:00+05:30,"SYNTHETIC demo data (KaushalSetu SIH prototype): fictional entities, team-assumed numbers, not real or official statistics.",true
f4ae8e70-5d42-5ec4-b1fc-16a4498d85cb,C-ITI-D-electrician-2024-047,05d7354b-c53f-5e04-95e5-eb977f8c1379,CLASS_10,"[""mr"",""hi""]","{""analytics"":true,""contact_by_employers"":true}",Y08,"KaushalSetu synthetic generator v2, seed 20260929",2026-09-28T12:00:00+05:30,"SYNTHETIC demo data (KaushalSetu SIH prototype): fictional entities, team-assumed numbers, not real or official statistics.",true
c58044c6-32b5-508f-9d98-ff5ff0bf230d,C-ITI-D-electrician-2024-048,05d7354b-c53f-5e04-95e5-eb977f8c1379,CLASS_10,"[""mr"",""hi""]","{""analytics"":true,""contact_by_employers"":true}",Y08,"KaushalSetu synthetic generator v2, seed 20260929",2026-09-28T12:00:00+05:30,"SYNTHETIC demo data (KaushalSetu SIH prototype): fictional entities, team-assumed numbers, not real or official statistics.",true
e97157ce-a29f-5b6e-a899-f3a12e95f412,C-ITI-D-electrician-2024-049,05d7354b-c53f-5e04-95e5-eb977f8c1379,CLASS_12,"[""mr"",""hi""]","{""analytics"":true,""contact_by_employers"":false}",Y08,"KaushalSetu synthetic generator v2, seed 20260929",2026-09-28T12:00:00+05:30,"SYNTHETIC demo data (KaushalSetu SIH prototype): fictional entities, team-assumed numbers, not real or official statistics.",true
88a9a38e-d3a4-51d5-8a65-6f3adba1ddd1,C-ITI-D-electrician-2024-050,05d7354b-c53f-5e04-95e5-eb977f8c1379,CLASS_10,"[""mr"",""hi""]","{""analytics"":true,""contact_by_employers"":true}",Y08,"KaushalSetu synthetic generator v2, seed 20260929",2026-09-28T12:00:00+05:30,"SYNTHETIC demo data (KaushalSetu SIH prototype): fictional entities, team-assumed numbers, not real or official statistics.",true
5a0ee7db-f924-5f47-9aa0-a54c8a59f6cf,C-ITI-D-electrician-2024-051,05d7354b-c53f-5e04-95e5-eb977f8c1379,CLASS_10,"[""mr"",""hi"",""en""]","{""analytics"":true,""contact_by_employers"":true}",Y08,"KaushalSetu synthetic generator v2, seed 20260929",2026-09-28T12:00:00+05:30,"SYNTHETIC demo data (KaushalSetu SIH prototype): fictional entities, team-assumed numbers, not real or official statistics.",true
4b5f5010-c198-5a08-8363-6b1e178067f8,C-ITI-D-electrician-2024-052,05d7354b-c53f-5e04-95e5-eb977f8c1379,CLASS_12,"[""mr"",""hi"",""en""]","{""analytics"":true,""contact_by_employers"":false}",Y08,"KaushalSetu synthetic generator v2, seed 20260929",2026-09-28T12:00:00+05:30,"SYNTHETIC demo data (KaushalSetu SIH prototype): fictional entities, team-assumed numbers, not real or official statistics.",true
eab345a7-3b99-5806-9ec8-f69fcd734b29,C-ITI-D-electrician-2024-053,05d7354b-c53f-5e04-95e5-eb977f8c1379,CLASS_10,"[""mr""]","{""analytics"":true,""contact_by_employers"":false}",Y08,"KaushalSetu synthetic generator v2, seed 20260929",2026-09-28T12:00:00+05:30,"SYNTHETIC demo data (KaushalSetu SIH prototype): fictional entities, team-assumed numbers, not real or official statistics.",true
ce624907-02e4-559d-b259-85d5e7e35e0c,C-ITI-D-electrician-2024-054,05d7354b-c53f-5e04-95e5-eb977f8c1379,CLASS_10,"[""mr""]","{""analytics"":true,""contact_by_employers"":true}",Y08,"KaushalSetu synthetic generator v2, seed 20260929",2026-09-28T12:00:00+05:30,"SYNTHETIC demo data (KaushalSetu SIH prototype): fictional entities, team-assumed numbers, not real or official statistics.",true
7bbe2fc2-1da6-5aed-ad7f-fedd3c4ee2ec,C-ITI-D-electrician-2024-055,05d7354b-c53f-5e04-95e5-eb977f8c1379,CLASS_10,"[""mr""]","{""analytics"":true,""contact_by_employers"":true}",Y08,"KaushalSetu synthetic generator v2, seed 20260929",2026-09-28T12:00:00+05:30,"SYNTHETIC demo data (KaushalSetu SIH prototype): fictional entities, team-assumed numbers, not real or official statistics.",true
a78c980a-144d-57cc-9368-bf9ff6bf3d8e,C-ITI-D-electrician-2024-056,05d7354b-c53f-5e04-95e5-eb977f8c1379,CLASS_10,"[""mr"",""hi""]","{""analytics"":true,""contact_by_employers"":true}",Y08,"KaushalSetu synthetic generator v2, seed 20260929",2026-09-28T12:00:00+05:30,"SYNTHETIC demo data (KaushalSetu SIH prototype): fictional entities, team-assumed numbers, not real or official statistics.",true
08441f5f-d033-504c-a4a6-8722ec978751,C-ITI-D-electrician-2024-057,05d7354b-c53f-5e04-95e5-eb977f8c1379,CLASS_12,"[""mr"",""hi""]","{""analytics"":true,""contact_by_employers"":true}",Y08,"KaushalSetu synthetic generator v2, seed 20260929",2026-09-28T12:00:00+05:30,"SYNTHETIC demo data (KaushalSetu SIH prototype): fictional entities, team-assumed numbers, not real or official statistics.",true
cad18e84-54cc-5a0a-878c-0adb51220e0e,C-ITI-D-electrician-2024-058,05d7354b-c53f-5e04-95e5-eb977f8c1379,CLASS_10,"[""mr"",""hi""]","{""analytics"":true,""contact_by_employers"":true}",Y08,"KaushalSetu synthetic generator v2, seed 20260929",2026-09-28T12:00:00+05:30,"SYNTHETIC demo data (KaushalSetu SIH prototype): fictional entities, team-assumed numbers, not real or official statistics.",true
b564facd-35de-57f5-9bb0-bf70ab6a79c8,C-ITI-D-electrician-2024-059,05d7354b-c53f-5e04-95e5-eb977f8c1379,CLASS_10,"[""mr"",""hi""]","{""analytics"":true,""contact_by_employers"":true}",Y08,"KaushalSetu synthetic generator v2, seed 20260929",2026-09-28T12:00:00+05:30,"SYNTHETIC demo data (KaushalSetu SIH prototype): fictional entities, team-assumed numbers, not real or official statistics.",true
4270e60c-a422-5a11-aa89-86fad769eba9,C-ITI-D-electrician-2025-001,05d7354b-c53f-5e04-95e5-eb977f8c1379,CLASS_10,"[""mr""]","{""analytics"":true,""contact_by_employers"":false}",Y08,"KaushalSetu synthetic generator v2, seed 20260929",2026-09-28T12:00:00+05:30,"SYNTHETIC demo data (KaushalSetu SIH prototype): fictional entities, team-assumed numbers, not real or official statistics.",true
45cde2e2-949e-51f3-8c61-0d9a2d49da25,C-ITI-D-electrician-2025-002,05d7354b-c53f-5e04-95e5-eb977f8c1379,CLASS_10,"[""mr""]","{""analytics"":true,""contact_by_employers"":false}",Y08,"KaushalSetu synthetic generator v2, seed 20260929",2026-09-28T12:00:00+05:30,"SYNTHETIC demo data (KaushalSetu SIH prototype): fictional entities, team-assumed numbers, not real or official statistics.",true
73b9b8cc-6382-5227-b64b-483da6e4b39c,C-ITI-D-electrician-2025-003,05d7354b-c53f-5e04-95e5-eb977f8c1379,CLASS_12,"[""mr""]","{""analytics"":true,""contact_by_employers"":false}",Y08,"KaushalSetu synthetic generator v2, seed 20260929",2026-09-28T12:00:00+05:30,"SYNTHETIC demo data (KaushalSetu SIH prototype): fictional entities, team-assumed numbers, not real or official statistics.",true
74039906-289f-58fd-bc52-08326e403dfb,C-ITI-D-electrician-2025-004,05d7354b-c53f-5e04-95e5-eb977f8c1379,CLASS_12,"[""mr"",""hi""]","{""analytics"":true,""contact_by_employers"":false}",Y08,"KaushalSetu synthetic generator v2, seed 20260929",2026-09-28T12:00:00+05:30,"SYNTHETIC demo data (KaushalSetu SIH prototype): fictional entities, team-assumed numbers, not real or official statistics.",true
20481b41-ead6-582c-9303-0f8dd1bb2bfc,C-ITI-D-electrician-2025-005,05d7354b-c53f-5e04-95e5-eb977f8c1379,CLASS_12,"[""mr"",""hi""]","{""analytics"":true,""contact_by_employers"":true}",Y08,"KaushalSetu synthetic generator v2, seed 20260929",2026-09-28T12:00:00+05:30,"SYNTHETIC demo data (KaushalSetu SIH prototype): fictional entities, team-assumed numbers, not real or official statistics.",true
acfbf8a3-f885-5e84-a3a7-d3355a369dce,C-ITI-D-electrician-2025-006,05d7354b-c53f-5e04-95e5-eb977f8c1379,CLASS_10,"[""mr"",""hi""]","{""analytics"":true,""contact_by_employers"":true}",Y08,"KaushalSetu synthetic generator v2, seed 20260929",2026-09-28T12:00:00+05:30,"SYNTHETIC demo data (KaushalSetu SIH prototype): fictional entities, team-assumed numbers, not real or official statistics.",true
2a0d4781-63e3-5710-8476-9549f9f5aa3f,C-ITI-D-electrician-2025-007,05d7354b-c53f-5e04-95e5-eb977f8c1379,CLASS_12,"[""mr""]","{""analytics"":true,""contact_by_employers"":false}",Y08,"KaushalSetu synthetic generator v2, seed 20260929",2026-09-28T12:00:00+05:30,"SYNTHETIC demo data (KaushalSetu SIH prototype): fictional entities, team-assumed numbers, not real or official statistics.",true
c80fc62c-9b68-5ba2-9e28-2b5b31f2892f,C-ITI-D-electrician-2025-008,05d7354b-c53f-5e04-95e5-eb977f8c1379,CLASS_10,"[""mr"",""hi""]","{""analytics"":true,""contact_by_employers"":false}",Y08,"KaushalSetu synthetic generator v2, seed 20260929",2026-09-28T12:00:00+05:30,"SYNTHETIC demo data (KaushalSetu SIH prototype): fictional entities, team-assumed numbers, not real or official statistics.",true
5cbe364d-74d7-5095-84fb-254a2737e8f2,C-ITI-D-electrician-2025-009,05d7354b-c53f-5e04-95e5-eb977f8c1379,CLASS_10,"[""mr"",""hi"",""en""]","{""analytics"":true,""contact_by_employers"":true}",Y08,"KaushalSetu synthetic generator v2, seed 20260929",2026-09-28T12:00:00+05:30,"SYNTHETIC demo data (KaushalSetu SIH prototype): fictional entities, team-assumed numbers, not real or official statistics.",true
82c59737-6623-5079-b999-35dd4f07d23c,C-ITI-D-electrician-2025-010,05d7354b-c53f-5e04-95e5-eb977f8c1379,CLASS_10,"[""mr"",""en""]","{""analytics"":true,""contact_by_employers"":true}",Y08,"KaushalSetu synthetic generator v2, seed 20260929",2026-09-28T12:00:00+05:30,"SYNTHETIC demo data (KaushalSetu SIH prototype): fictional entities, team-assumed numbers, not real or official statistics.",true
e47d7039-df54-5740-bfaa-dffad0f95140,C-ITI-D-electrician-2025-011,05d7354b-c53f-5e04-95e5-eb977f8c1379,CLASS_10,"[""mr"",""hi"",""en""]","{""analytics"":true,""contact_by_employers"":false}",Y08,"KaushalSetu synthetic generator v2, seed 20260929",2026-09-28T12:00:00+05:30,"SYNTHETIC demo data (KaushalSetu SIH prototype): fictional entities, team-assumed numbers, not real or official statistics.",true
aeeb4aab-17ba-5305-8235-d5558dfdd455,C-ITI-D-electrician-2025-012,05d7354b-c53f-5e04-95e5-eb977f8c1379,CLASS_10,"[""mr""]","{""analytics"":true,""contact_by_employers"":false}",Y08,"KaushalSetu synthetic generator v2, seed 20260929",2026-09-28T12:00:00+05:30,"SYNTHETIC demo data (KaushalSetu SIH prototype): fictional entities, team-assumed numbers, not real or official statistics.",true
b29d3792-61d1-5416-92fd-20af99ab8b83,C-ITI-D-electrician-2025-013,05d7354b-c53f-5e04-95e5-eb977f8c1379,CLASS_12,"[""mr"",""hi""]","{""analytics"":true,""contact_by_employers"":true}",Y08,"KaushalSetu synthetic generator v2, seed 20260929",2026-09-28T12:00:00+05:30,"SYNTHETIC demo data (KaushalSetu SIH prototype): fictional entities, team-assumed numbers, not real or official statistics.",true
157cdabf-52ad-52dc-b366-dd959d5df285,C-ITI-D-electrician-2025-014,05d7354b-c53f-5e04-95e5-eb977f8c1379,CLASS_12,"[""mr"",""hi"",""en""]","{""analytics"":true,""contact_by_employers"":true}",Y08,"KaushalSetu synthetic generator v2, seed 20260929",2026-09-28T12:00:00+05:30,"SYNTHETIC demo data (KaushalSetu SIH prototype): fictional entities, team-assumed numbers, not real or official statistics.",true
00ff809a-a181-5da9-972b-685484eaa274,C-ITI-D-electrician-2025-015,05d7354b-c53f-5e04-95e5-eb977f8c1379,CLASS_12,"[""mr"",""hi""]","{""analytics"":true,""contact_by_employers"":true}",Y08,"KaushalSetu synthetic generator v2, seed 20260929",2026-09-28T12:00:00+05:30,"SYNTHETIC demo data (KaushalSetu SIH prototype): fictional entities, team-assumed numbers, not real or official statistics.",true
135dde3c-4341-5ab9-939e-3f25126fb5de,C-ITI-D-electrician-2025-016,05d7354b-c53f-5e04-95e5-eb977f8c1379,CLASS_10,"[""mr"",""hi"",""en""]","{""analytics"":true,""contact_by_employers"":true}",Y08,"KaushalSetu synthetic generator v2, seed 20260929",2026-09-28T12:00:00+05:30,"SYNTHETIC demo data (KaushalSetu SIH prototype): fictional entities, team-assumed numbers, not real or official statistics.",true
4577ce11-fb8f-5173-b294-5514b247f3bf,C-ITI-D-electrician-2025-017,05d7354b-c53f-5e04-95e5-eb977f8c1379,CLASS_10,"[""mr"",""en""]","{""analytics"":true,""contact_by_employers"":true}",Y08,"KaushalSetu synthetic generator v2, seed 20260929",2026-09-28T12:00:00+05:30,"SYNTHETIC demo data (KaushalSetu SIH prototype): fictional entities, team-assumed numbers, not real or official statistics.",true
e72767e9-fe49-5d04-ac43-cf7a498d19ea,C-ITI-D-electrician-2025-018,05d7354b-c53f-5e04-95e5-eb977f8c1379,CLASS_10,"[""mr"",""en""]","{""analytics"":true,""contact_by_employers"":true}",Y08,"KaushalSetu synthetic generator v2, seed 20260929",2026-09-28T12:00:00+05:30,"SYNTHETIC demo data (KaushalSetu SIH prototype): fictional entities, team-assumed numbers, not real or official statistics.",true
d214c545-72ff-54b4-b9c5-d2eacb1651c5,C-ITI-D-electrician-2025-019,05d7354b-c53f-5e04-95e5-eb977f8c1379,CLASS_12,"[""mr""]","{""analytics"":true,""contact_by_employers"":false}",Y08,"KaushalSetu synthetic generator v2, seed 20260929",2026-09-28T12:00:00+05:30,"SYNTHETIC demo data (KaushalSetu SIH prototype): fictional entities, team-assumed numbers, not real or official statistics.",true
22127104-3ec9-5e80-9ad6-219330a609e4,C-ITI-D-electrician-2025-020,05d7354b-c53f-5e04-95e5-eb977f8c1379,CLASS_10,"[""mr""]","{""analytics"":true,""contact_by_employers"":true}",Y08,"KaushalSetu synthetic generator v2, seed 20260929",2026-09-28T12:00:00+05:30,"SYNTHETIC demo data (KaushalSetu SIH prototype): fictional entities, team-assumed numbers, not real or official statistics.",true
52800c67-3cd1-54f4-8656-0ae419e9a2ef,C-ITI-D-electrician-2025-021,05d7354b-c53f-5e04-95e5-eb977f8c1379,CLASS_10,"[""mr""]","{""analytics"":true,""contact_by_employers"":true}",Y08,"KaushalSetu synthetic generator v2, seed 20260929",2026-09-28T12:00:00+05:30,"SYNTHETIC demo data (KaushalSetu SIH prototype): fictional entities, team-assumed numbers, not real or official statistics.",true
969ef6bd-a4ea-54be-890a-72066278fa95,C-ITI-D-electrician-2025-022,05d7354b-c53f-5e04-95e5-eb977f8c1379,CLASS_10,"[""mr"",""hi""]","{""analytics"":true,""contact_by_employers"":true}",Y08,"KaushalSetu synthetic generator v2, seed 20260929",2026-09-28T12:00:00+05:30,"SYNTHETIC demo data (KaushalSetu SIH prototype): fictional entities, team-assumed numbers, not real or official statistics.",true
1ba5ea15-9cce-5043-a85f-b747579933d9,C-ITI-D-electrician-2025-023,05d7354b-c53f-5e04-95e5-eb977f8c1379,CLASS_10,"[""mr"",""en""]","{""analytics"":true,""contact_by_employers"":false}",Y08,"KaushalSetu synthetic generator v2, seed 20260929",2026-09-28T12:00:00+05:30,"SYNTHETIC demo data (KaushalSetu SIH prototype): fictional entities, team-assumed numbers, not real or official statistics.",true
2da96df6-b0c1-5509-9a90-4eff85e0a035,C-ITI-D-electrician-2025-024,05d7354b-c53f-5e04-95e5-eb977f8c1379,CLASS_10,"[""mr"",""hi""]","{""analytics"":true,""contact_by_employers"":false}",Y08,"KaushalSetu synthetic generator v2, seed 20260929",2026-09-28T12:00:00+05:30,"SYNTHETIC demo data (KaushalSetu SIH prototype): fictional entities, team-assumed numbers, not real or official statistics.",true
2d0fd5ba-7073-56be-987c-bac0c85931e8,C-ITI-D-electrician-2025-025,05d7354b-c53f-5e04-95e5-eb977f8c1379,CLASS_10,"[""mr""]","{""analytics"":true,""contact_by_employers"":true}",Y08,"KaushalSetu synthetic generator v2, seed 20260929",2026-09-28T12:00:00+05:30,"SYNTHETIC demo data (KaushalSetu SIH prototype): fictional entities, team-assumed numbers, not real or official statistics.",true
76134d64-a9af-55af-bc72-50fe9a19378b,C-ITI-D-electrician-2025-026,05d7354b-c53f-5e04-95e5-eb977f8c1379,CLASS_10,"[""mr"",""hi""]","{""analytics"":true,""contact_by_employers"":true}",Y08,"KaushalSetu synthetic generator v2, seed 20260929",2026-09-28T12:00:00+05:30,"SYNTHETIC demo data (KaushalSetu SIH prototype): fictional entities, team-assumed numbers, not real or official statistics.",true
0ba54e14-8c7c-532f-83d2-a12267fad2f2,C-ITI-D-electrician-2025-027,05d7354b-c53f-5e04-95e5-eb977f8c1379,CLASS_12,"[""mr"",""hi""]","{""analytics"":true,""contact_by_employers"":false}",Y08,"KaushalSetu synthetic generator v2, seed 20260929",2026-09-28T12:00:00+05:30,"SYNTHETIC demo data (KaushalSetu SIH prototype): fictional entities, team-assumed numbers, not real or official statistics.",true
c8159b6a-2e8d-5e75-8d2c-8f5eb34ce1f0,C-ITI-D-electrician-2025-028,05d7354b-c53f-5e04-95e5-eb977f8c1379,CLASS_10,"[""mr"",""hi"",""en""]","{""analytics"":true,""contact_by_employers"":true}",Y08,"KaushalSetu synthetic generator v2, seed 20260929",2026-09-28T12:00:00+05:30,"SYNTHETIC demo data (KaushalSetu SIH prototype): fictional entities, team-assumed numbers, not real or official statistics.",true
99ccf424-ac6d-5cab-81fe-fa01c9f7e472,C-ITI-D-electrician-2025-029,05d7354b-c53f-5e04-95e5-eb977f8c1379,CLASS_12,"[""mr"",""en""]","{""analytics"":true,""contact_by_employers"":true}",Y08,"KaushalSetu synthetic generator v2, seed 20260929",2026-09-28T12:00:00+05:30,"SYNTHETIC demo data (KaushalSetu SIH prototype): fictional entities, team-assumed numbers, not real or official statistics.",true
c9610278-ed11-561c-82f0-089ec129d3c7,C-ITI-D-electrician-2025-030,05d7354b-c53f-5e04-95e5-eb977f8c1379,CLASS_12,"[""mr"",""en""]","{""analytics"":true,""contact_by_employers"":true}",Y08,"KaushalSetu synthetic generator v2, seed 20260929",2026-09-28T12:00:00+05:30,"SYNTHETIC demo data (KaushalSetu SIH prototype): fictional entities, team-assumed numbers, not real or official statistics.",true
26aaac4d-97ed-54d7-87b6-842fa006479b,C-ITI-D-electrician-2025-031,05d7354b-c53f-5e04-95e5-eb977f8c1379,CLASS_10,"[""mr"",""hi""]","{""analytics"":true,""contact_by_employers"":true}",Y08,"KaushalSetu synthetic generator v2, seed 20260929",2026-09-28T12:00:00+05:30,"SYNTHETIC demo data (KaushalSetu SIH prototype): fictional entities, team-assumed numbers, not real or official statistics.",true
29f7dfcf-702f-5e5d-abf1-1ea307944bac,C-ITI-D-electrician-2025-032,05d7354b-c53f-5e04-95e5-eb977f8c1379,CLASS_10,"[""mr""]","{""analytics"":true,""contact_by_employers"":true}",Y08,"KaushalSetu synthetic generator v2, seed 20260929",2026-09-28T12:00:00+05:30,"SYNTHETIC demo data (KaushalSetu SIH prototype): fictional entities, team-assumed numbers, not real or official statistics.",true
d73b61e4-0ed3-5fd0-a64e-2f3ac727ddd2,C-ITI-D-electrician-2025-033,05d7354b-c53f-5e04-95e5-eb977f8c1379,CLASS_12,"[""mr""]","{""analytics"":true,""contact_by_employers"":false}",Y08,"KaushalSetu synthetic generator v2, seed 20260929",2026-09-28T12:00:00+05:30,"SYNTHETIC demo data (KaushalSetu SIH prototype): fictional entities, team-assumed numbers, not real or official statistics.",true
f6025561-3676-5e9d-af2d-20363f1ba643,C-ITI-D-electrician-2025-034,05d7354b-c53f-5e04-95e5-eb977f8c1379,CLASS_12,"[""mr""]","{""analytics"":true,""contact_by_employers"":true}",Y08,"KaushalSetu synthetic generator v2, seed 20260929",2026-09-28T12:00:00+05:30,"SYNTHETIC demo data (KaushalSetu SIH prototype): fictional entities, team-assumed numbers, not real or official statistics.",true
5aff23f4-8def-58a3-941f-403ba550b465,C-ITI-D-electrician-2025-035,05d7354b-c53f-5e04-95e5-eb977f8c1379,CLASS_10,"[""mr""]","{""analytics"":true,""contact_by_employers"":false}",Y08,"KaushalSetu synthetic generator v2, seed 20260929",2026-09-28T12:00:00+05:30,"SYNTHETIC demo data (KaushalSetu SIH prototype): fictional entities, team-assumed numbers, not real or official statistics.",true
bafc417e-d5f2-5e05-b8ac-686c73bdcdd5,C-ITI-D-electrician-2025-036,05d7354b-c53f-5e04-95e5-eb977f8c1379,CLASS_10,"[""mr"",""en""]","{""analytics"":true,""contact_by_employers"":true}",Y08,"KaushalSetu synthetic generator v2, seed 20260929",2026-09-28T12:00:00+05:30,"SYNTHETIC demo data (KaushalSetu SIH prototype): fictional entities, team-assumed numbers, not real or official statistics.",true
83b01f56-5668-584f-8725-c6fc5352ec20,C-ITI-D-electrician-2025-037,05d7354b-c53f-5e04-95e5-eb977f8c1379,CLASS_12,"[""mr""]","{""analytics"":true,""contact_by_employers"":true}",Y08,"KaushalSetu synthetic generator v2, seed 20260929",2026-09-28T12:00:00+05:30,"SYNTHETIC demo data (KaushalSetu SIH prototype): fictional entities, team-assumed numbers, not real or official statistics.",true
37690821-f037-5013-80a1-5daa4ba64bbc,C-ITI-D-electrician-2025-038,05d7354b-c53f-5e04-95e5-eb977f8c1379,CLASS_10,"[""mr"",""en""]","{""analytics"":true,""contact_by_employers"":true}",Y08,"KaushalSetu synthetic generator v2, seed 20260929",2026-09-28T12:00:00+05:30,"SYNTHETIC demo data (KaushalSetu SIH prototype): fictional entities, team-assumed numbers, not real or official statistics.",true
ec05602f-62f9-57ee-91c1-ecb358be60ac,C-ITI-D-electrician-2025-039,05d7354b-c53f-5e04-95e5-eb977f8c1379,CLASS_10,"[""mr"",""hi"",""en""]","{""analytics"":true,""contact_by_employers"":true}",Y08,"KaushalSetu synthetic generator v2, seed 20260929",2026-09-28T12:00:00+05:30,"SYNTHETIC demo data (KaushalSetu SIH prototype): fictional entities, team-assumed numbers, not real or official statistics.",true
ddc5bdd1-ac25-5d54-9d3c-18fe7e2f9132,C-ITI-D-electrician-2025-040,05d7354b-c53f-5e04-95e5-eb977f8c1379,CLASS_12,"[""mr""]","{""analytics"":true,""contact_by_employers"":true}",Y08,"KaushalSetu synthetic generator v2, seed 20260929",2026-09-28T12:00:00+05:30,"SYNTHETIC demo data (KaushalSetu SIH prototype): fictional entities, team-assumed numbers, not real or official statistics.",true
6bcbfc22-a25f-5e88-8ac2-f29d538122ec,C-ITI-D-electrician-2025-041,05d7354b-c53f-5e04-95e5-eb977f8c1379,CLASS_10,"[""mr"",""hi""]","{""analytics"":true,""contact_by_employers"":false}",Y08,"KaushalSetu synthetic generator v2, seed 20260929",2026-09-28T12:00:00+05:30,"SYNTHETIC demo data (KaushalSetu SIH prototype): fictional entities, team-assumed numbers, not real or official statistics.",true
819edef8-ce0c-5d99-8907-27bb15d5ac23,C-ITI-D-electrician-2025-042,05d7354b-c53f-5e04-95e5-eb977f8c1379,CLASS_10,"[""mr"",""hi""]","{""analytics"":true,""contact_by_employers"":true}",Y08,"KaushalSetu synthetic generator v2, seed 20260929",2026-09-28T12:00:00+05:30,"SYNTHETIC demo data (KaushalSetu SIH prototype): fictional entities, team-assumed numbers, not real or official statistics.",true
6e287d9a-ff4c-5236-9837-2b950a0b7c6d,C-ITI-D-electrician-2025-043,05d7354b-c53f-5e04-95e5-eb977f8c1379,CLASS_10,"[""mr"",""hi""]","{""analytics"":true,""contact_by_employers"":false}",Y08,"KaushalSetu synthetic generator v2, seed 20260929",2026-09-28T12:00:00+05:30,"SYNTHETIC demo data (KaushalSetu SIH prototype): fictional entities, team-assumed numbers, not real or official statistics.",true
73d49dc8-95d0-5a77-9f3a-788e5ff3b347,C-ITI-D-electrician-2025-044,05d7354b-c53f-5e04-95e5-eb977f8c1379,CLASS_10,"[""mr"",""hi"",""en""]","{""analytics"":true,""contact_by_employers"":true}",Y08,"KaushalSetu synthetic generator v2, seed 20260929",2026-09-28T12:00:00+05:30,"SYNTHETIC demo data (KaushalSetu SIH prototype): fictional entities, team-assumed numbers, not real or official statistics.",true
a13f3bf3-d7aa-5845-8156-1b23dd34fac4,C-ITI-D-electrician-2025-045,05d7354b-c53f-5e04-95e5-eb977f8c1379,CLASS_10,"[""mr"",""hi""]","{""analytics"":true,""contact_by_employers"":false}",Y08,"KaushalSetu synthetic generator v2, seed 20260929",2026-09-28T12:00:00+05:30,"SYNTHETIC demo data (KaushalSetu SIH prototype): fictional entities, team-assumed numbers, not real or official statistics.",true
61ff002d-dbce-5d09-a5be-b67f6ca2b3dc,C-ITI-D-electrician-2025-046,05d7354b-c53f-5e04-95e5-eb977f8c1379,CLASS_12,"[""mr"",""hi""]","{""analytics"":true,""contact_by_employers"":true}",Y08,"KaushalSetu synthetic generator v2, seed 20260929",2026-09-28T12:00:00+05:30,"SYNTHETIC demo data (KaushalSetu SIH prototype): fictional entities, team-assumed numbers, not real or official statistics.",true
7571faca-20b2-5b33-9c4e-1c4159489351,C-ITI-D-electrician-2025-047,05d7354b-c53f-5e04-95e5-eb977f8c1379,CLASS_12,"[""mr"",""hi""]","{""analytics"":true,""contact_by_employers"":false}",Y08,"KaushalSetu synthetic generator v2, seed 20260929",2026-09-28T12:00:00+05:30,"SYNTHETIC demo data (KaushalSetu SIH prototype): fictional entities, team-assumed numbers, not real or official statistics.",true
ab3f8122-82b1-5a53-988b-9fb894524166,C-ITI-D-electrician-2025-048,05d7354b-c53f-5e04-95e5-eb977f8c1379,CLASS_12,"[""mr"",""hi"",""en""]","{""analytics"":true,""contact_by_employers"":false}",Y08,"KaushalSetu synthetic generator v2, seed 20260929",2026-09-28T12:00:00+05:30,"SYNTHETIC demo data (KaushalSetu SIH prototype): fictional entities, team-assumed numbers, not real or official statistics.",true
666fdb49-12b7-5fcd-9f13-1e45a1aea2de,C-ITI-D-electrician-2025-049,05d7354b-c53f-5e04-95e5-eb977f8c1379,CLASS_10,"[""mr"",""hi""]","{""analytics"":true,""contact_by_employers"":false}",Y08,"KaushalSetu synthetic generator v2, seed 20260929",2026-09-28T12:00:00+05:30,"SYNTHETIC demo data (KaushalSetu SIH prototype): fictional entities, team-assumed numbers, not real or official statistics.",true
b74b7423-32a6-5e72-9f2f-c2ba417e9f13,C-ITI-D-electrician-2025-050,05d7354b-c53f-5e04-95e5-eb977f8c1379,CLASS_10,"[""mr"",""hi"",""en""]","{""analytics"":true,""contact_by_employers"":true}",Y08,"KaushalSetu synthetic generator v2, seed 20260929",2026-09-28T12:00:00+05:30,"SYNTHETIC demo data (KaushalSetu SIH prototype): fictional entities, team-assumed numbers, not real or official statistics.",true
19640dc3-7759-53bd-8142-61561aa8b4ba,C-ITI-D-electrician-2025-051,05d7354b-c53f-5e04-95e5-eb977f8c1379,CLASS_12,"[""mr""]","{""analytics"":true,""contact_by_employers"":true}",Y08,"KaushalSetu synthetic generator v2, seed 20260929",2026-09-28T12:00:00+05:30,"SYNTHETIC demo data (KaushalSetu SIH prototype): fictional entities, team-assumed numbers, not real or official statistics.",true
1ee8f94e-b9fe-56fe-a5c4-12698f6155c3,C-ITI-D-electrician-2025-052,05d7354b-c53f-5e04-95e5-eb977f8c1379,CLASS_10,"[""mr"",""hi"",""en""]","{""analytics"":true,""contact_by_employers"":true}",Y08,"KaushalSetu synthetic generator v2, seed 20260929",2026-09-28T12:00:00+05:30,"SYNTHETIC demo data (KaushalSetu SIH prototype): fictional entities, team-assumed numbers, not real or official statistics.",true
63594d7f-ec1c-5595-b54b-08108fc0ee9e,C-ITI-D-electrician-2025-053,05d7354b-c53f-5e04-95e5-eb977f8c1379,CLASS_12,"[""mr""]","{""analytics"":true,""contact_by_employers"":false}",Y08,"KaushalSetu synthetic generator v2, seed 20260929",2026-09-28T12:00:00+05:30,"SYNTHETIC demo data (KaushalSetu SIH prototype): fictional entities, team-assumed numbers, not real or official statistics.",true
fc7d77f8-edbb-53ac-8e3e-127178267710,C-ITI-D-electrician-2025-054,05d7354b-c53f-5e04-95e5-eb977f8c1379,CLASS_10,"[""mr"",""hi""]","{""analytics"":true,""contact_by_employers"":true}",Y08,"KaushalSetu synthetic generator v2, seed 20260929",2026-09-28T12:00:00+05:30,"SYNTHETIC demo data (KaushalSetu SIH prototype): fictional entities, team-assumed numbers, not real or official statistics.",true
768d332f-457b-5824-8110-b4676d82ea68,C-ITI-D-electrician-2025-055,05d7354b-c53f-5e04-95e5-eb977f8c1379,CLASS_10,"[""mr""]","{""analytics"":true,""contact_by_employers"":false}",Y08,"KaushalSetu synthetic generator v2, seed 20260929",2026-09-28T12:00:00+05:30,"SYNTHETIC demo data (KaushalSetu SIH prototype): fictional entities, team-assumed numbers, not real or official statistics.",true
387d0a93-0175-5707-ab84-3b0f96628959,C-ITI-D-electrician-2025-056,05d7354b-c53f-5e04-95e5-eb977f8c1379,CLASS_12,"[""mr"",""en""]","{""analytics"":true,""contact_by_employers"":true}",Y08,"KaushalSetu synthetic generator v2, seed 20260929",2026-09-28T12:00:00+05:30,"SYNTHETIC demo data (KaushalSetu SIH prototype): fictional entities, team-assumed numbers, not real or official statistics.",true
5bbd34ab-797e-58bf-87fa-45672ae294b9,C-ITI-D-electrician-2025-057,05d7354b-c53f-5e04-95e5-eb977f8c1379,CLASS_10,"[""mr"",""hi""]","{""analytics"":true,""contact_by_employers"":true}",Y08,"KaushalSetu synthetic generator v2, seed 20260929",2026-09-28T12:00:00+05:30,"SYNTHETIC demo data (KaushalSetu SIH prototype): fictional entities, team-assumed numbers, not real or official statistics.",true
e3de7eb6-4c8d-5b33-8116-c67a10e6a8bb,C-ITI-D-electrician-2025-058,05d7354b-c53f-5e04-95e5-eb977f8c1379,CLASS_10,"[""mr"",""hi"",""en""]","{""analytics"":true,""contact_by_employers"":true}",Y08,"KaushalSetu synthetic generator v2, seed 20260929",2026-09-28T12:00:00+05:30,"SYNTHETIC demo data (KaushalSetu SIH prototype): fictional entities, team-assumed numbers, not real or official statistics.",true
b2436a7e-7101-5f89-9247-4c23dcd22620,C-ITI-D-wireman-2024-001,05d7354b-c53f-5e04-95e5-eb977f8c1379,CLASS_10,"[""mr"",""hi""]","{""analytics"":true,""contact_by_employers"":true}",Y08,"KaushalSetu synthetic generator v2, seed 20260929",2026-09-28T12:00:00+05:30,"SYNTHETIC demo data (KaushalSetu SIH prototype): fictional entities, team-assumed numbers, not real or official statistics.",true
0a5e0e15-fdf9-5e83-8f71-6f5c9dd8f522,C-ITI-D-wireman-2024-002,05d7354b-c53f-5e04-95e5-eb977f8c1379,CLASS_10,"[""mr"",""en""]","{""analytics"":true,""contact_by_employers"":true}",Y08,"KaushalSetu synthetic generator v2, seed 20260929",2026-09-28T12:00:00+05:30,"SYNTHETIC demo data (KaushalSetu SIH prototype): fictional entities, team-assumed numbers, not real or official statistics.",true
659fae9a-a273-582b-9a89-91cbd827d447,C-ITI-D-wireman-2024-003,05d7354b-c53f-5e04-95e5-eb977f8c1379,CLASS_12,"[""mr""]","{""analytics"":true,""contact_by_employers"":true}",Y08,"KaushalSetu synthetic generator v2, seed 20260929",2026-09-28T12:00:00+05:30,"SYNTHETIC demo data (KaushalSetu SIH prototype): fictional entities, team-assumed numbers, not real or official statistics.",true
74583871-83ad-5647-a123-5e58e2f0236b,C-ITI-D-wireman-2024-004,05d7354b-c53f-5e04-95e5-eb977f8c1379,CLASS_12,"[""mr""]","{""analytics"":true,""contact_by_employers"":true}",Y08,"KaushalSetu synthetic generator v2, seed 20260929",2026-09-28T12:00:00+05:30,"SYNTHETIC demo data (KaushalSetu SIH prototype): fictional entities, team-assumed numbers, not real or official statistics.",true
32e7092b-2137-5b7a-b49a-ac0971786ee7,C-ITI-D-wireman-2024-005,05d7354b-c53f-5e04-95e5-eb977f8c1379,CLASS_10,"[""mr"",""hi"",""en""]","{""analytics"":true,""contact_by_employers"":false}",Y08,"KaushalSetu synthetic generator v2, seed 20260929",2026-09-28T12:00:00+05:30,"SYNTHETIC demo data (KaushalSetu SIH prototype): fictional entities, team-assumed numbers, not real or official statistics.",true
6e9dfb7d-a153-53ee-9db3-f0930ca9ae80,C-ITI-D-wireman-2024-006,05d7354b-c53f-5e04-95e5-eb977f8c1379,CLASS_12,"[""mr"",""hi""]","{""analytics"":true,""contact_by_employers"":true}",Y08,"KaushalSetu synthetic generator v2, seed 20260929",2026-09-28T12:00:00+05:30,"SYNTHETIC demo data (KaushalSetu SIH prototype): fictional entities, team-assumed numbers, not real or official statistics.",true
5b2e62a4-3ed5-50cc-906c-301da50a4b84,C-ITI-D-wireman-2024-007,05d7354b-c53f-5e04-95e5-eb977f8c1379,CLASS_10,"[""mr"",""hi""]","{""analytics"":true,""contact_by_employers"":true}",Y08,"KaushalSetu synthetic generator v2, seed 20260929",2026-09-28T12:00:00+05:30,"SYNTHETIC demo data (KaushalSetu SIH prototype): fictional entities, team-assumed numbers, not real or official statistics.",true
58f5126f-7b19-546f-90ff-eed0bf71f6b2,C-ITI-D-wireman-2024-008,05d7354b-c53f-5e04-95e5-eb977f8c1379,CLASS_10,"[""mr"",""hi""]","{""analytics"":true,""contact_by_employers"":true}",Y08,"KaushalSetu synthetic generator v2, seed 20260929",2026-09-28T12:00:00+05:30,"SYNTHETIC demo data (KaushalSetu SIH prototype): fictional entities, team-assumed numbers, not real or official statistics.",true
1f1dccd0-5420-5225-bdf5-7f9688ff093a,C-ITI-D-wireman-2024-009,05d7354b-c53f-5e04-95e5-eb977f8c1379,CLASS_10,"[""mr"",""hi""]","{""analytics"":true,""contact_by_employers"":true}",Y08,"KaushalSetu synthetic generator v2, seed 20260929",2026-09-28T12:00:00+05:30,"SYNTHETIC demo data (KaushalSetu SIH prototype): fictional entities, team-assumed numbers, not real or official statistics.",true
359c6691-ea7d-5dae-a995-639a4f4bfa8a,C-ITI-D-wireman-2024-010,05d7354b-c53f-5e04-95e5-eb977f8c1379,CLASS_10,"[""mr""]","{""analytics"":true,""contact_by_employers"":true}",Y08,"KaushalSetu synthetic generator v2, seed 20260929",2026-09-28T12:00:00+05:30,"SYNTHETIC demo data (KaushalSetu SIH prototype): fictional entities, team-assumed numbers, not real or official statistics.",true
2c8d4f28-fcea-53a7-ac2c-877f147f9e09,C-ITI-D-wireman-2024-011,05d7354b-c53f-5e04-95e5-eb977f8c1379,CLASS_10,"[""mr"",""hi""]","{""analytics"":true,""contact_by_employers"":true}",Y08,"KaushalSetu synthetic generator v2, seed 20260929",2026-09-28T12:00:00+05:30,"SYNTHETIC demo data (KaushalSetu SIH prototype): fictional entities, team-assumed numbers, not real or official statistics.",true
97bc2f71-a0be-5e96-aae7-378f367ce597,C-ITI-D-wireman-2024-012,05d7354b-c53f-5e04-95e5-eb977f8c1379,CLASS_12,"[""mr"",""hi"",""en""]","{""analytics"":true,""contact_by_employers"":true}",Y08,"KaushalSetu synthetic generator v2, seed 20260929",2026-09-28T12:00:00+05:30,"SYNTHETIC demo data (KaushalSetu SIH prototype): fictional entities, team-assumed numbers, not real or official statistics.",true
00b1c150-eb29-5304-a73f-07a8b384e8d0,C-ITI-D-wireman-2024-013,05d7354b-c53f-5e04-95e5-eb977f8c1379,CLASS_12,"[""mr""]","{""analytics"":true,""contact_by_employers"":false}",Y08,"KaushalSetu synthetic generator v2, seed 20260929",2026-09-28T12:00:00+05:30,"SYNTHETIC demo data (KaushalSetu SIH prototype): fictional entities, team-assumed numbers, not real or official statistics.",true
d43cc490-0052-5630-aa5e-a27d156e0b75,C-ITI-D-wireman-2024-014,05d7354b-c53f-5e04-95e5-eb977f8c1379,CLASS_10,"[""mr"",""hi""]","{""analytics"":true,""contact_by_employers"":false}",Y08,"KaushalSetu synthetic generator v2, seed 20260929",2026-09-28T12:00:00+05:30,"SYNTHETIC demo data (KaushalSetu SIH prototype): fictional entities, team-assumed numbers, not real or official statistics.",true
c6b0e0bb-3af6-5e15-b8d9-3634de177c9c,C-ITI-D-wireman-2024-015,05d7354b-c53f-5e04-95e5-eb977f8c1379,CLASS_10,"[""mr"",""hi""]","{""analytics"":true,""contact_by_employers"":true}",Y08,"KaushalSetu synthetic generator v2, seed 20260929",2026-09-28T12:00:00+05:30,"SYNTHETIC demo data (KaushalSetu SIH prototype): fictional entities, team-assumed numbers, not real or official statistics.",true
2f523f18-09dd-58dd-96c2-40962d74c3fb,C-ITI-D-wireman-2024-016,05d7354b-c53f-5e04-95e5-eb977f8c1379,CLASS_10,"[""mr"",""hi""]","{""analytics"":true,""contact_by_employers"":true}",Y08,"KaushalSetu synthetic generator v2, seed 20260929",2026-09-28T12:00:00+05:30,"SYNTHETIC demo data (KaushalSetu SIH prototype): fictional entities, team-assumed numbers, not real or official statistics.",true
0f75bd9a-6420-567a-bfff-9e2d3b228f19,C-ITI-D-wireman-2024-017,05d7354b-c53f-5e04-95e5-eb977f8c1379,CLASS_10,"[""mr"",""hi"",""en""]","{""analytics"":true,""contact_by_employers"":true}",Y08,"KaushalSetu synthetic generator v2, seed 20260929",2026-09-28T12:00:00+05:30,"SYNTHETIC demo data (KaushalSetu SIH prototype): fictional entities, team-assumed numbers, not real or official statistics.",true
148fadbf-dbba-59aa-a07e-686c18702687,C-ITI-D-wireman-2024-018,05d7354b-c53f-5e04-95e5-eb977f8c1379,CLASS_10,"[""mr""]","{""analytics"":true,""contact_by_employers"":true}",Y08,"KaushalSetu synthetic generator v2, seed 20260929",2026-09-28T12:00:00+05:30,"SYNTHETIC demo data (KaushalSetu SIH prototype): fictional entities, team-assumed numbers, not real or official statistics.",true
fe8e7376-7aac-5954-b379-3ba06ed81274,C-ITI-D-wireman-2024-019,05d7354b-c53f-5e04-95e5-eb977f8c1379,CLASS_12,"[""mr""]","{""analytics"":true,""contact_by_employers"":true}",Y08,"KaushalSetu synthetic generator v2, seed 20260929",2026-09-28T12:00:00+05:30,"SYNTHETIC demo data (KaushalSetu SIH prototype): fictional entities, team-assumed numbers, not real or official statistics.",true
1f202689-4fa4-5a6f-87be-4f0abb40246a,C-ITI-D-wireman-2024-020,05d7354b-c53f-5e04-95e5-eb977f8c1379,CLASS_10,"[""mr"",""hi"",""en""]","{""analytics"":true,""contact_by_employers"":true}",Y08,"KaushalSetu synthetic generator v2, seed 20260929",2026-09-28T12:00:00+05:30,"SYNTHETIC demo data (KaushalSetu SIH prototype): fictional entities, team-assumed numbers, not real or official statistics.",true
db512330-8792-5fcd-901f-f1dadda4ef6c,C-ITI-D-wireman-2024-021,05d7354b-c53f-5e04-95e5-eb977f8c1379,CLASS_10,"[""mr"",""en""]","{""analytics"":true,""contact_by_employers"":false}",Y08,"KaushalSetu synthetic generator v2, seed 20260929",2026-09-28T12:00:00+05:30,"SYNTHETIC demo data (KaushalSetu SIH prototype): fictional entities, team-assumed numbers, not real or official statistics.",true
9e8f5a2d-223e-5e0f-a313-67816e95bd36,C-ITI-D-wireman-2024-022,05d7354b-c53f-5e04-95e5-eb977f8c1379,CLASS_10,"[""mr"",""hi"",""en""]","{""analytics"":true,""contact_by_employers"":true}",Y08,"KaushalSetu synthetic generator v2, seed 20260929",2026-09-28T12:00:00+05:30,"SYNTHETIC demo data (KaushalSetu SIH prototype): fictional entities, team-assumed numbers, not real or official statistics.",true
6c9e68f9-3d6f-52ce-9c60-0e9ecf9583a9,C-ITI-D-wireman-2024-023,05d7354b-c53f-5e04-95e5-eb977f8c1379,CLASS_10,"[""mr"",""hi""]","{""analytics"":true,""contact_by_employers"":false}",Y08,"KaushalSetu synthetic generator v2, seed 20260929",2026-09-28T12:00:00+05:30,"SYNTHETIC demo data (KaushalSetu SIH prototype): fictional entities, team-assumed numbers, not real or official statistics.",true
5bb8efe6-eb34-5557-a827-1bd6270e3264,C-ITI-D-wireman-2024-024,05d7354b-c53f-5e04-95e5-eb977f8c1379,CLASS_12,"[""mr"",""hi"",""en""]","{""analytics"":true,""contact_by_employers"":true}",Y08,"KaushalSetu synthetic generator v2, seed 20260929",2026-09-28T12:00:00+05:30,"SYNTHETIC demo data (KaushalSetu SIH prototype): fictional entities, team-assumed numbers, not real or official statistics.",true
0fffdbe2-db11-5855-9f9a-1654d9aaf3dd,C-ITI-D-wireman-2024-025,05d7354b-c53f-5e04-95e5-eb977f8c1379,CLASS_10,"[""mr"",""en""]","{""analytics"":true,""contact_by_employers"":false}",Y08,"KaushalSetu synthetic generator v2, seed 20260929",2026-09-28T12:00:00+05:30,"SYNTHETIC demo data (KaushalSetu SIH prototype): fictional entities, team-assumed numbers, not real or official statistics.",true
e09e97d4-f0b6-5974-a608-c9c7b95fe710,C-ITI-D-wireman-2024-026,05d7354b-c53f-5e04-95e5-eb977f8c1379,CLASS_10,"[""mr"",""hi""]","{""analytics"":true,""contact_by_employers"":true}",Y08,"KaushalSetu synthetic generator v2, seed 20260929",2026-09-28T12:00:00+05:30,"SYNTHETIC demo data (KaushalSetu SIH prototype): fictional entities, team-assumed numbers, not real or official statistics.",true
8b932940-fb46-5d0e-823f-49ab81fc4a1a,C-ITI-D-wireman-2024-027,05d7354b-c53f-5e04-95e5-eb977f8c1379,CLASS_10,"[""mr""]","{""analytics"":true,""contact_by_employers"":true}",Y08,"KaushalSetu synthetic generator v2, seed 20260929",2026-09-28T12:00:00+05:30,"SYNTHETIC demo data (KaushalSetu SIH prototype): fictional entities, team-assumed numbers, not real or official statistics.",true
be86379d-2b82-5e3a-83d2-3f30b249862f,C-ITI-D-wireman-2024-028,05d7354b-c53f-5e04-95e5-eb977f8c1379,CLASS_10,"[""mr"",""hi""]","{""analytics"":true,""contact_by_employers"":true}",Y08,"KaushalSetu synthetic generator v2, seed 20260929",2026-09-28T12:00:00+05:30,"SYNTHETIC demo data (KaushalSetu SIH prototype): fictional entities, team-assumed numbers, not real or official statistics.",true
0b6f21d2-57d1-5c2f-8691-c30d7835f9d1,C-ITI-D-wireman-2024-029,05d7354b-c53f-5e04-95e5-eb977f8c1379,CLASS_10,"[""mr"",""hi""]","{""analytics"":true,""contact_by_employers"":true}",Y08,"KaushalSetu synthetic generator v2, seed 20260929",2026-09-28T12:00:00+05:30,"SYNTHETIC demo data (KaushalSetu SIH prototype): fictional entities, team-assumed numbers, not real or official statistics.",true
f5789067-c890-5cb6-8700-c319a8796d67,C-ITI-D-wireman-2024-030,05d7354b-c53f-5e04-95e5-eb977f8c1379,CLASS_12,"[""mr"",""hi""]","{""analytics"":true,""contact_by_employers"":true}",Y08,"KaushalSetu synthetic generator v2, seed 20260929",2026-09-28T12:00:00+05:30,"SYNTHETIC demo data (KaushalSetu SIH prototype): fictional entities, team-assumed numbers, not real or official statistics.",true
77fb19df-a2e6-55e1-8dc2-496733ad8dcf,C-ITI-D-wireman-2024-031,05d7354b-c53f-5e04-95e5-eb977f8c1379,CLASS_10,"[""mr""]","{""analytics"":true,""contact_by_employers"":true}",Y08,"KaushalSetu synthetic generator v2, seed 20260929",2026-09-28T12:00:00+05:30,"SYNTHETIC demo data (KaushalSetu SIH prototype): fictional entities, team-assumed numbers, not real or official statistics.",true
b58b580b-9b49-56ad-a609-0fc80c83237c,C-ITI-D-wireman-2024-032,05d7354b-c53f-5e04-95e5-eb977f8c1379,CLASS_10,"[""mr"",""hi"",""en""]","{""analytics"":true,""contact_by_employers"":true}",Y08,"KaushalSetu synthetic generator v2, seed 20260929",2026-09-28T12:00:00+05:30,"SYNTHETIC demo data (KaushalSetu SIH prototype): fictional entities, team-assumed numbers, not real or official statistics.",true
4cbe67f0-6ab2-5224-b2b6-5351c3c1ac8e,C-ITI-D-wireman-2024-033,05d7354b-c53f-5e04-95e5-eb977f8c1379,CLASS_10,"[""mr"",""hi"",""en""]","{""analytics"":true,""contact_by_employers"":false}",Y08,"KaushalSetu synthetic generator v2, seed 20260929",2026-09-28T12:00:00+05:30,"SYNTHETIC demo data (KaushalSetu SIH prototype): fictional entities, team-assumed numbers, not real or official statistics.",true
53417e2f-4a37-5ef0-8ded-6d31aa979366,C-ITI-D-wireman-2024-034,05d7354b-c53f-5e04-95e5-eb977f8c1379,CLASS_10,"[""mr"",""hi""]","{""analytics"":true,""contact_by_employers"":true}",Y08,"KaushalSetu synthetic generator v2, seed 20260929",2026-09-28T12:00:00+05:30,"SYNTHETIC demo data (KaushalSetu SIH prototype): fictional entities, team-assumed numbers, not real or official statistics.",true
88d731d6-07e7-562b-a038-d07b05fd2133,C-ITI-D-wireman-2024-035,05d7354b-c53f-5e04-95e5-eb977f8c1379,CLASS_12,"[""mr"",""hi"",""en""]","{""analytics"":true,""contact_by_employers"":true}",Y08,"KaushalSetu synthetic generator v2, seed 20260929",2026-09-28T12:00:00+05:30,"SYNTHETIC demo data (KaushalSetu SIH prototype): fictional entities, team-assumed numbers, not real or official statistics.",true
2764e22e-869a-5484-95cc-cbb7294d4838,C-ITI-D-wireman-2024-036,05d7354b-c53f-5e04-95e5-eb977f8c1379,CLASS_10,"[""mr""]","{""analytics"":true,""contact_by_employers"":true}",Y08,"KaushalSetu synthetic generator v2, seed 20260929",2026-09-28T12:00:00+05:30,"SYNTHETIC demo data (KaushalSetu SIH prototype): fictional entities, team-assumed numbers, not real or official statistics.",true
27cf63e5-5345-5507-be9d-105f6e39a50a,C-ITI-D-wireman-2024-037,05d7354b-c53f-5e04-95e5-eb977f8c1379,CLASS_10,"[""mr"",""hi"",""en""]","{""analytics"":true,""contact_by_employers"":true}",Y08,"KaushalSetu synthetic generator v2, seed 20260929",2026-09-28T12:00:00+05:30,"SYNTHETIC demo data (KaushalSetu SIH prototype): fictional entities, team-assumed numbers, not real or official statistics.",true
00ecf29f-b5d8-5c43-8489-6ad4f33ed45e,C-ITI-D-wireman-2024-038,05d7354b-c53f-5e04-95e5-eb977f8c1379,CLASS_12,"[""mr""]","{""analytics"":true,""contact_by_employers"":true}",Y08,"KaushalSetu synthetic generator v2, seed 20260929",2026-09-28T12:00:00+05:30,"SYNTHETIC demo data (KaushalSetu SIH prototype): fictional entities, team-assumed numbers, not real or official statistics.",true
f5caaaed-db07-563d-9b8f-4308e70888f1,C-ITI-D-wireman-2024-039,05d7354b-c53f-5e04-95e5-eb977f8c1379,CLASS_10,"[""mr"",""hi""]","{""analytics"":true,""contact_by_employers"":true}",Y08,"KaushalSetu synthetic generator v2, seed 20260929",2026-09-28T12:00:00+05:30,"SYNTHETIC demo data (KaushalSetu SIH prototype): fictional entities, team-assumed numbers, not real or official statistics.",true
52dea270-60a7-5bff-a4e6-635e2ce8f785,C-ITI-D-wireman-2024-040,05d7354b-c53f-5e04-95e5-eb977f8c1379,CLASS_10,"[""mr"",""hi""]","{""analytics"":true,""contact_by_employers"":false}",Y08,"KaushalSetu synthetic generator v2, seed 20260929",2026-09-28T12:00:00+05:30,"SYNTHETIC demo data (KaushalSetu SIH prototype): fictional entities, team-assumed numbers, not real or official statistics.",true
c35a529a-69d7-500d-b997-14041fd9646c,C-ITI-D-wireman-2024-041,05d7354b-c53f-5e04-95e5-eb977f8c1379,CLASS_12,"[""mr"",""hi""]","{""analytics"":true,""contact_by_employers"":true}",Y08,"KaushalSetu synthetic generator v2, seed 20260929",2026-09-28T12:00:00+05:30,"SYNTHETIC demo data (KaushalSetu SIH prototype): fictional entities, team-assumed numbers, not real or official statistics.",true
c65c05b4-f2f4-5b8e-80a9-9cb5ef80c611,C-ITI-D-wireman-2024-042,05d7354b-c53f-5e04-95e5-eb977f8c1379,CLASS_10,"[""mr"",""en""]","{""analytics"":true,""contact_by_employers"":true}",Y08,"KaushalSetu synthetic generator v2, seed 20260929",2026-09-28T12:00:00+05:30,"SYNTHETIC demo data (KaushalSetu SIH prototype): fictional entities, team-assumed numbers, not real or official statistics.",true
870a7881-b940-50a3-baf1-f568b529aec4,C-ITI-D-wireman-2024-043,05d7354b-c53f-5e04-95e5-eb977f8c1379,CLASS_12,"[""mr"",""hi""]","{""analytics"":true,""contact_by_employers"":false}",Y08,"KaushalSetu synthetic generator v2, seed 20260929",2026-09-28T12:00:00+05:30,"SYNTHETIC demo data (KaushalSetu SIH prototype): fictional entities, team-assumed numbers, not real or official statistics.",true
d14b3dfc-3514-50de-b90a-fd4e9656994a,C-ITI-D-wireman-2024-044,05d7354b-c53f-5e04-95e5-eb977f8c1379,CLASS_12,"[""mr"",""hi"",""en""]","{""analytics"":true,""contact_by_employers"":true}",Y08,"KaushalSetu synthetic generator v2, seed 20260929",2026-09-28T12:00:00+05:30,"SYNTHETIC demo data (KaushalSetu SIH prototype): fictional entities, team-assumed numbers, not real or official statistics.",true
6f2ef1ec-2243-5578-b6ba-e03c1964c913,C-ITI-D-wireman-2024-045,05d7354b-c53f-5e04-95e5-eb977f8c1379,CLASS_10,"[""mr"",""hi""]","{""analytics"":true,""contact_by_employers"":true}",Y08,"KaushalSetu synthetic generator v2, seed 20260929",2026-09-28T12:00:00+05:30,"SYNTHETIC demo data (KaushalSetu SIH prototype): fictional entities, team-assumed numbers, not real or official statistics.",true
8ac512a3-68d0-5d0f-b7e3-ef69456b0ba2,C-ITI-D-wireman-2024-046,05d7354b-c53f-5e04-95e5-eb977f8c1379,CLASS_12,"[""mr"",""hi""]","{""analytics"":true,""contact_by_employers"":true}",Y08,"KaushalSetu synthetic generator v2, seed 20260929",2026-09-28T12:00:00+05:30,"SYNTHETIC demo data (KaushalSetu SIH prototype): fictional entities, team-assumed numbers, not real or official statistics.",true
69da743f-5760-5c84-a052-e026ee318b1d,C-ITI-D-wireman-2024-047,05d7354b-c53f-5e04-95e5-eb977f8c1379,CLASS_10,"[""mr""]","{""analytics"":true,""contact_by_employers"":false}",Y08,"KaushalSetu synthetic generator v2, seed 20260929",2026-09-28T12:00:00+05:30,"SYNTHETIC demo data (KaushalSetu SIH prototype): fictional entities, team-assumed numbers, not real or official statistics.",true
f9a4cbb4-f376-5712-90cf-8408c8716df8,C-ITI-D-wireman-2024-048,05d7354b-c53f-5e04-95e5-eb977f8c1379,CLASS_10,"[""mr"",""hi""]","{""analytics"":true,""contact_by_employers"":true}",Y08,"KaushalSetu synthetic generator v2, seed 20260929",2026-09-28T12:00:00+05:30,"SYNTHETIC demo data (KaushalSetu SIH prototype): fictional entities, team-assumed numbers, not real or official statistics.",true
38352ebe-47d4-5013-80de-73bd9855a4c6,C-ITI-D-wireman-2024-049,05d7354b-c53f-5e04-95e5-eb977f8c1379,CLASS_10,"[""mr"",""hi"",""en""]","{""analytics"":true,""contact_by_employers"":true}",Y08,"KaushalSetu synthetic generator v2, seed 20260929",2026-09-28T12:00:00+05:30,"SYNTHETIC demo data (KaushalSetu SIH prototype): fictional entities, team-assumed numbers, not real or official statistics.",true
7d24c07a-213f-510c-988e-f67500d02c95,C-ITI-D-wireman-2024-050,05d7354b-c53f-5e04-95e5-eb977f8c1379,CLASS_10,"[""mr"",""hi""]","{""analytics"":true,""contact_by_employers"":true}",Y08,"KaushalSetu synthetic generator v2, seed 20260929",2026-09-28T12:00:00+05:30,"SYNTHETIC demo data (KaushalSetu SIH prototype): fictional entities, team-assumed numbers, not real or official statistics.",true
d9040ada-0f39-5d21-948c-f38d2bcefcf7,C-ITI-D-wireman-2024-051,05d7354b-c53f-5e04-95e5-eb977f8c1379,CLASS_10,"[""mr"",""en""]","{""analytics"":true,""contact_by_employers"":true}",Y08,"KaushalSetu synthetic generator v2, seed 20260929",2026-09-28T12:00:00+05:30,"SYNTHETIC demo data (KaushalSetu SIH prototype): fictional entities, team-assumed numbers, not real or official statistics.",true
9f110940-8bb2-5ff3-b0fb-f87fc5b572d5,C-ITI-D-wireman-2024-052,05d7354b-c53f-5e04-95e5-eb977f8c1379,CLASS_12,"[""mr"",""hi""]","{""analytics"":true,""contact_by_employers"":true}",Y08,"KaushalSetu synthetic generator v2, seed 20260929",2026-09-28T12:00:00+05:30,"SYNTHETIC demo data (KaushalSetu SIH prototype): fictional entities, team-assumed numbers, not real or official statistics.",true
d74cd96d-b316-57d3-830e-a975f95c7a90,C-ITI-D-wireman-2024-053,05d7354b-c53f-5e04-95e5-eb977f8c1379,CLASS_10,"[""mr""]","{""analytics"":true,""contact_by_employers"":true}",Y08,"KaushalSetu synthetic generator v2, seed 20260929",2026-09-28T12:00:00+05:30,"SYNTHETIC demo data (KaushalSetu SIH prototype): fictional entities, team-assumed numbers, not real or official statistics.",true
6f9ba60b-f835-59f2-a2e3-b139e3288ade,C-ITI-D-wireman-2024-054,05d7354b-c53f-5e04-95e5-eb977f8c1379,CLASS_12,"[""mr"",""hi""]","{""analytics"":true,""contact_by_employers"":true}",Y08,"KaushalSetu synthetic generator v2, seed 20260929",2026-09-28T12:00:00+05:30,"SYNTHETIC demo data (KaushalSetu SIH prototype): fictional entities, team-assumed numbers, not real or official statistics.",true
f47ae26e-942e-5287-90c1-049e2400ac9c,C-ITI-D-wireman-2025-001,05d7354b-c53f-5e04-95e5-eb977f8c1379,CLASS_10,"[""mr"",""hi""]","{""analytics"":true,""contact_by_employers"":true}",Y08,"KaushalSetu synthetic generator v2, seed 20260929",2026-09-28T12:00:00+05:30,"SYNTHETIC demo data (KaushalSetu SIH prototype): fictional entities, team-assumed numbers, not real or official statistics.",true
f3d2e378-3924-5758-af0d-31318289970e,C-ITI-D-wireman-2025-002,05d7354b-c53f-5e04-95e5-eb977f8c1379,CLASS_10,"[""mr"",""hi""]","{""analytics"":true,""contact_by_employers"":true}",Y08,"KaushalSetu synthetic generator v2, seed 20260929",2026-09-28T12:00:00+05:30,"SYNTHETIC demo data (KaushalSetu SIH prototype): fictional entities, team-assumed numbers, not real or official statistics.",true
fd4c19f4-e633-5d78-abbe-f2e94510c6d5,C-ITI-D-wireman-2025-003,05d7354b-c53f-5e04-95e5-eb977f8c1379,CLASS_10,"[""mr"",""hi""]","{""analytics"":true,""contact_by_employers"":true}",Y08,"KaushalSetu synthetic generator v2, seed 20260929",2026-09-28T12:00:00+05:30,"SYNTHETIC demo data (KaushalSetu SIH prototype): fictional entities, team-assumed numbers, not real or official statistics.",true
51700d09-548f-5f6c-964e-892d723b0dcf,C-ITI-D-wireman-2025-004,05d7354b-c53f-5e04-95e5-eb977f8c1379,CLASS_10,"[""mr"",""hi""]","{""analytics"":true,""contact_by_employers"":true}",Y08,"KaushalSetu synthetic generator v2, seed 20260929",2026-09-28T12:00:00+05:30,"SYNTHETIC demo data (KaushalSetu SIH prototype): fictional entities, team-assumed numbers, not real or official statistics.",true
20368358-ec41-56d4-aaae-57a8416ca398,C-ITI-D-wireman-2025-005,05d7354b-c53f-5e04-95e5-eb977f8c1379,CLASS_10,"[""mr"",""en""]","{""analytics"":true,""contact_by_employers"":true}",Y08,"KaushalSetu synthetic generator v2, seed 20260929",2026-09-28T12:00:00+05:30,"SYNTHETIC demo data (KaushalSetu SIH prototype): fictional entities, team-assumed numbers, not real or official statistics.",true
de4b2ee5-9aed-51e8-add6-a999a5e36dc8,C-ITI-D-wireman-2025-006,05d7354b-c53f-5e04-95e5-eb977f8c1379,CLASS_12,"[""mr"",""hi"",""en""]","{""analytics"":true,""contact_by_employers"":true}",Y08,"KaushalSetu synthetic generator v2, seed 20260929",2026-09-28T12:00:00+05:30,"SYNTHETIC demo data (KaushalSetu SIH prototype): fictional entities, team-assumed numbers, not real or official statistics.",true
ec561fb9-33ca-5e67-bb17-df0ccd97dd3e,C-ITI-D-wireman-2025-007,05d7354b-c53f-5e04-95e5-eb977f8c1379,CLASS_12,"[""mr""]","{""analytics"":true,""contact_by_employers"":true}",Y08,"KaushalSetu synthetic generator v2, seed 20260929",2026-09-28T12:00:00+05:30,"SYNTHETIC demo data (KaushalSetu SIH prototype): fictional entities, team-assumed numbers, not real or official statistics.",true
3fe61f07-4144-5a3a-86b5-ca7daa45404e,C-ITI-D-wireman-2025-008,05d7354b-c53f-5e04-95e5-eb977f8c1379,CLASS_12,"[""mr""]","{""analytics"":true,""contact_by_employers"":true}",Y08,"KaushalSetu synthetic generator v2, seed 20260929",2026-09-28T12:00:00+05:30,"SYNTHETIC demo data (KaushalSetu SIH prototype): fictional entities, team-assumed numbers, not real or official statistics.",true
4d83c151-a7e0-562a-953d-338cb36906dc,C-ITI-D-wireman-2025-009,05d7354b-c53f-5e04-95e5-eb977f8c1379,CLASS_10,"[""mr""]","{""analytics"":true,""contact_by_employers"":true}",Y08,"KaushalSetu synthetic generator v2, seed 20260929",2026-09-28T12:00:00+05:30,"SYNTHETIC demo data (KaushalSetu SIH prototype): fictional entities, team-assumed numbers, not real or official statistics.",true
ff8c8d90-c64f-5839-941c-50d283fbcf29,C-ITI-D-wireman-2025-010,05d7354b-c53f-5e04-95e5-eb977f8c1379,CLASS_10,"[""mr"",""hi"",""en""]","{""analytics"":true,""contact_by_employers"":true}",Y08,"KaushalSetu synthetic generator v2, seed 20260929",2026-09-28T12:00:00+05:30,"SYNTHETIC demo data (KaushalSetu SIH prototype): fictional entities, team-assumed numbers, not real or official statistics.",true
75bb4653-0575-5771-ad62-2dfc4209ff2d,C-ITI-D-wireman-2025-011,05d7354b-c53f-5e04-95e5-eb977f8c1379,CLASS_10,"[""mr"",""en""]","{""analytics"":true,""contact_by_employers"":false}",Y08,"KaushalSetu synthetic generator v2, seed 20260929",2026-09-28T12:00:00+05:30,"SYNTHETIC demo data (KaushalSetu SIH prototype): fictional entities, team-assumed numbers, not real or official statistics.",true
b1ab8f4b-1c36-50f2-a999-98b52e475391,C-ITI-D-wireman-2025-012,05d7354b-c53f-5e04-95e5-eb977f8c1379,CLASS_12,"[""mr"",""hi""]","{""analytics"":true,""contact_by_employers"":true}",Y08,"KaushalSetu synthetic generator v2, seed 20260929",2026-09-28T12:00:00+05:30,"SYNTHETIC demo data (KaushalSetu SIH prototype): fictional entities, team-assumed numbers, not real or official statistics.",true
84e9421b-5ee5-5e03-92ef-b992b424f65a,C-ITI-D-wireman-2025-013,05d7354b-c53f-5e04-95e5-eb977f8c1379,CLASS_10,"[""mr"",""hi"",""en""]","{""analytics"":true,""contact_by_employers"":true}",Y08,"KaushalSetu synthetic generator v2, seed 20260929",2026-09-28T12:00:00+05:30,"SYNTHETIC demo data (KaushalSetu SIH prototype): fictional entities, team-assumed numbers, not real or official statistics.",true
b8b6ad69-95f4-58c9-97d2-5563d9a9d280,C-ITI-D-wireman-2025-014,05d7354b-c53f-5e04-95e5-eb977f8c1379,CLASS_10,"[""mr"",""hi""]","{""analytics"":true,""contact_by_employers"":false}",Y08,"KaushalSetu synthetic generator v2, seed 20260929",2026-09-28T12:00:00+05:30,"SYNTHETIC demo data (KaushalSetu SIH prototype): fictional entities, team-assumed numbers, not real or official statistics.",true
2ce5a80a-212f-5905-b4a2-677f9580e08b,C-ITI-D-wireman-2025-015,05d7354b-c53f-5e04-95e5-eb977f8c1379,CLASS_10,"[""mr""]","{""analytics"":true,""contact_by_employers"":true}",Y08,"KaushalSetu synthetic generator v2, seed 20260929",2026-09-28T12:00:00+05:30,"SYNTHETIC demo data (KaushalSetu SIH prototype): fictional entities, team-assumed numbers, not real or official statistics.",true
6c180094-4ad2-5d7d-92c5-3121a8fd9717,C-ITI-D-wireman-2025-016,05d7354b-c53f-5e04-95e5-eb977f8c1379,CLASS_12,"[""mr"",""hi""]","{""analytics"":true,""contact_by_employers"":true}",Y08,"KaushalSetu synthetic generator v2, seed 20260929",2026-09-28T12:00:00+05:30,"SYNTHETIC demo data (KaushalSetu SIH prototype): fictional entities, team-assumed numbers, not real or official statistics.",true
b1a5b9b4-ab86-5747-ba85-cd1c375b73d0,C-ITI-D-wireman-2025-017,05d7354b-c53f-5e04-95e5-eb977f8c1379,CLASS_12,"[""mr"",""hi""]","{""analytics"":true,""contact_by_employers"":false}",Y08,"KaushalSetu synthetic generator v2, seed 20260929",2026-09-28T12:00:00+05:30,"SYNTHETIC demo data (KaushalSetu SIH prototype): fictional entities, team-assumed numbers, not real or official statistics.",true
026f1165-411f-553f-82ce-56dbf3d9f7bb,C-ITI-D-wireman-2025-018,05d7354b-c53f-5e04-95e5-eb977f8c1379,CLASS_10,"[""mr"",""hi""]","{""analytics"":true,""contact_by_employers"":true}",Y08,"KaushalSetu synthetic generator v2, seed 20260929",2026-09-28T12:00:00+05:30,"SYNTHETIC demo data (KaushalSetu SIH prototype): fictional entities, team-assumed numbers, not real or official statistics.",true
7f13f523-7769-5df3-a096-0c99c5b6da79,C-ITI-D-wireman-2025-019,05d7354b-c53f-5e04-95e5-eb977f8c1379,CLASS_10,"[""mr"",""hi""]","{""analytics"":true,""contact_by_employers"":true}",Y08,"KaushalSetu synthetic generator v2, seed 20260929",2026-09-28T12:00:00+05:30,"SYNTHETIC demo data (KaushalSetu SIH prototype): fictional entities, team-assumed numbers, not real or official statistics.",true
ff4b56ef-ae49-5228-baf1-e4392e779cff,C-ITI-D-wireman-2025-020,05d7354b-c53f-5e04-95e5-eb977f8c1379,CLASS_10,"[""mr"",""hi""]","{""analytics"":true,""contact_by_employers"":true}",Y08,"KaushalSetu synthetic generator v2, seed 20260929",2026-09-28T12:00:00+05:30,"SYNTHETIC demo data (KaushalSetu SIH prototype): fictional entities, team-assumed numbers, not real or official statistics.",true
770aa382-489c-5c0c-a926-fcc16f1cc870,C-ITI-D-wireman-2025-021,05d7354b-c53f-5e04-95e5-eb977f8c1379,CLASS_10,"[""mr""]","{""analytics"":true,""contact_by_employers"":true}",Y08,"KaushalSetu synthetic generator v2, seed 20260929",2026-09-28T12:00:00+05:30,"SYNTHETIC demo data (KaushalSetu SIH prototype): fictional entities, team-assumed numbers, not real or official statistics.",true
27722689-f571-5243-b302-26970d9f03b5,C-ITI-D-wireman-2025-022,05d7354b-c53f-5e04-95e5-eb977f8c1379,CLASS_10,"[""mr""]","{""analytics"":true,""contact_by_employers"":true}",Y08,"KaushalSetu synthetic generator v2, seed 20260929",2026-09-28T12:00:00+05:30,"SYNTHETIC demo data (KaushalSetu SIH prototype): fictional entities, team-assumed numbers, not real or official statistics.",true
31731a43-e5f6-5479-bccc-cce8c0962dc0,C-ITI-D-wireman-2025-023,05d7354b-c53f-5e04-95e5-eb977f8c1379,CLASS_10,"[""mr"",""hi"",""en""]","{""analytics"":true,""contact_by_employers"":false}",Y08,"KaushalSetu synthetic generator v2, seed 20260929",2026-09-28T12:00:00+05:30,"SYNTHETIC demo data (KaushalSetu SIH prototype): fictional entities, team-assumed numbers, not real or official statistics.",true
a7d33b51-a045-5286-8d92-1609929fb1f1,C-ITI-D-wireman-2025-024,05d7354b-c53f-5e04-95e5-eb977f8c1379,CLASS_10,"[""mr"",""hi"",""en""]","{""analytics"":true,""contact_by_employers"":true}",Y08,"KaushalSetu synthetic generator v2, seed 20260929",2026-09-28T12:00:00+05:30,"SYNTHETIC demo data (KaushalSetu SIH prototype): fictional entities, team-assumed numbers, not real or official statistics.",true
b88a68bd-f2e1-59ec-8bde-9a20c77e7b57,C-ITI-D-wireman-2025-025,05d7354b-c53f-5e04-95e5-eb977f8c1379,CLASS_10,"[""mr"",""hi"",""en""]","{""analytics"":true,""contact_by_employers"":false}",Y08,"KaushalSetu synthetic generator v2, seed 20260929",2026-09-28T12:00:00+05:30,"SYNTHETIC demo data (KaushalSetu SIH prototype): fictional entities, team-assumed numbers, not real or official statistics.",true
ab2849ed-3fc3-5e94-93a2-ba87e483d50b,C-ITI-D-wireman-2025-026,05d7354b-c53f-5e04-95e5-eb977f8c1379,CLASS_10,"[""mr"",""en""]","{""analytics"":true,""contact_by_employers"":true}",Y08,"KaushalSetu synthetic generator v2, seed 20260929",2026-09-28T12:00:00+05:30,"SYNTHETIC demo data (KaushalSetu SIH prototype): fictional entities, team-assumed numbers, not real or official statistics.",true
240ca387-1a00-5dc1-8210-725eddaeefe2,C-ITI-D-wireman-2025-027,05d7354b-c53f-5e04-95e5-eb977f8c1379,CLASS_10,"[""mr"",""hi""]","{""analytics"":true,""contact_by_employers"":true}",Y08,"KaushalSetu synthetic generator v2, seed 20260929",2026-09-28T12:00:00+05:30,"SYNTHETIC demo data (KaushalSetu SIH prototype): fictional entities, team-assumed numbers, not real or official statistics.",true
c689c21d-8fac-57e4-9ec2-3c3a035f4c06,C-ITI-D-wireman-2025-028,05d7354b-c53f-5e04-95e5-eb977f8c1379,CLASS_10,"[""mr""]","{""analytics"":true,""contact_by_employers"":true}",Y08,"KaushalSetu synthetic generator v2, seed 20260929",2026-09-28T12:00:00+05:30,"SYNTHETIC demo data (KaushalSetu SIH prototype): fictional entities, team-assumed numbers, not real or official statistics.",true
5c245d4e-973e-5bf2-8dda-1f8ec95b112b,C-ITI-D-wireman-2025-029,05d7354b-c53f-5e04-95e5-eb977f8c1379,CLASS_10,"[""mr"",""hi"",""en""]","{""analytics"":true,""contact_by_employers"":false}",Y08,"KaushalSetu synthetic generator v2, seed 20260929",2026-09-28T12:00:00+05:30,"SYNTHETIC demo data (KaushalSetu SIH prototype): fictional entities, team-assumed numbers, not real or official statistics.",true
64f674f8-2f25-59b4-8df0-b556021fdb89,C-ITI-D-wireman-2025-030,05d7354b-c53f-5e04-95e5-eb977f8c1379,CLASS_10,"[""mr"",""hi""]","{""analytics"":true,""contact_by_employers"":true}",Y08,"KaushalSetu synthetic generator v2, seed 20260929",2026-09-28T12:00:00+05:30,"SYNTHETIC demo data (KaushalSetu SIH prototype): fictional entities, team-assumed numbers, not real or official statistics.",true
39d2e62c-ce9a-53b7-b97f-9a4807dc2191,C-ITI-D-wireman-2025-031,05d7354b-c53f-5e04-95e5-eb977f8c1379,CLASS_10,"[""mr"",""hi"",""en""]","{""analytics"":true,""contact_by_employers"":true}",Y08,"KaushalSetu synthetic generator v2, seed 20260929",2026-09-28T12:00:00+05:30,"SYNTHETIC demo data (KaushalSetu SIH prototype): fictional entities, team-assumed numbers, not real or official statistics.",true
085de70e-9447-5c94-9374-1e08caffc8bf,C-ITI-D-wireman-2025-032,05d7354b-c53f-5e04-95e5-eb977f8c1379,CLASS_10,"[""mr""]","{""analytics"":true,""contact_by_employers"":true}",Y08,"KaushalSetu synthetic generator v2, seed 20260929",2026-09-28T12:00:00+05:30,"SYNTHETIC demo data (KaushalSetu SIH prototype): fictional entities, team-assumed numbers, not real or official statistics.",true
244d2ffc-73f9-535c-ac10-001024b8193b,C-ITI-D-wireman-2025-033,05d7354b-c53f-5e04-95e5-eb977f8c1379,CLASS_10,"[""mr"",""hi""]","{""analytics"":true,""contact_by_employers"":false}",Y08,"KaushalSetu synthetic generator v2, seed 20260929",2026-09-28T12:00:00+05:30,"SYNTHETIC demo data (KaushalSetu SIH prototype): fictional entities, team-assumed numbers, not real or official statistics.",true
7e2950dd-a595-545e-b3db-d76b8fd5d8bd,C-ITI-D-wireman-2025-034,05d7354b-c53f-5e04-95e5-eb977f8c1379,CLASS_12,"[""mr"",""hi""]","{""analytics"":true,""contact_by_employers"":true}",Y08,"KaushalSetu synthetic generator v2, seed 20260929",2026-09-28T12:00:00+05:30,"SYNTHETIC demo data (KaushalSetu SIH prototype): fictional entities, team-assumed numbers, not real or official statistics.",true
2662caf0-925c-533a-b0c4-b5878c5ba2f8,C-ITI-D-wireman-2025-035,05d7354b-c53f-5e04-95e5-eb977f8c1379,CLASS_12,"[""mr"",""hi"",""en""]","{""analytics"":true,""contact_by_employers"":true}",Y08,"KaushalSetu synthetic generator v2, seed 20260929",2026-09-28T12:00:00+05:30,"SYNTHETIC demo data (KaushalSetu SIH prototype): fictional entities, team-assumed numbers, not real or official statistics.",true
b407feec-f1e1-5e67-9b0b-cb3a3fffb27b,C-ITI-D-wireman-2025-036,05d7354b-c53f-5e04-95e5-eb977f8c1379,CLASS_12,"[""mr"",""hi"",""en""]","{""analytics"":true,""contact_by_employers"":true}",Y08,"KaushalSetu synthetic generator v2, seed 20260929",2026-09-28T12:00:00+05:30,"SYNTHETIC demo data (KaushalSetu SIH prototype): fictional entities, team-assumed numbers, not real or official statistics.",true
7f868e88-9ee1-5a29-9f12-e0b1379ef0aa,C-ITI-D-wireman-2025-037,05d7354b-c53f-5e04-95e5-eb977f8c1379,CLASS_12,"[""mr"",""hi"",""en""]","{""analytics"":true,""contact_by_employers"":true}",Y08,"KaushalSetu synthetic generator v2, seed 20260929",2026-09-28T12:00:00+05:30,"SYNTHETIC demo data (KaushalSetu SIH prototype): fictional entities, team-assumed numbers, not real or official statistics.",true
1d727904-2d2a-50b8-beac-c0430e6e3a5a,C-ITI-D-wireman-2025-038,05d7354b-c53f-5e04-95e5-eb977f8c1379,CLASS_10,"[""mr"",""hi""]","{""analytics"":true,""contact_by_employers"":true}",Y08,"KaushalSetu synthetic generator v2, seed 20260929",2026-09-28T12:00:00+05:30,"SYNTHETIC demo data (KaushalSetu SIH prototype): fictional entities, team-assumed numbers, not real or official statistics.",true
8a06e8db-8a11-50d9-8e17-2d92b8597ba4,C-ITI-D-wireman-2025-039,05d7354b-c53f-5e04-95e5-eb977f8c1379,CLASS_12,"[""mr"",""hi""]","{""analytics"":true,""contact_by_employers"":true}",Y08,"KaushalSetu synthetic generator v2, seed 20260929",2026-09-28T12:00:00+05:30,"SYNTHETIC demo data (KaushalSetu SIH prototype): fictional entities, team-assumed numbers, not real or official statistics.",true
4b72323b-a417-54b7-89bf-6a87e7d0819f,C-ITI-D-wireman-2025-040,05d7354b-c53f-5e04-95e5-eb977f8c1379,CLASS_10,"[""mr"",""en""]","{""analytics"":true,""contact_by_employers"":false}",Y08,"KaushalSetu synthetic generator v2, seed 20260929",2026-09-28T12:00:00+05:30,"SYNTHETIC demo data (KaushalSetu SIH prototype): fictional entities, team-assumed numbers, not real or official statistics.",true
1a1b7701-8443-5621-8379-fe8c820d2dd3,C-ITI-D-wireman-2025-041,05d7354b-c53f-5e04-95e5-eb977f8c1379,CLASS_12,"[""mr"",""hi""]","{""analytics"":true,""contact_by_employers"":false}",Y08,"KaushalSetu synthetic generator v2, seed 20260929",2026-09-28T12:00:00+05:30,"SYNTHETIC demo data (KaushalSetu SIH prototype): fictional entities, team-assumed numbers, not real or official statistics.",true
b682d00b-1952-5552-8467-0277496cf0bb,C-ITI-D-wireman-2025-042,05d7354b-c53f-5e04-95e5-eb977f8c1379,CLASS_12,"[""mr"",""hi"",""en""]","{""analytics"":true,""contact_by_employers"":true}",Y08,"KaushalSetu synthetic generator v2, seed 20260929",2026-09-28T12:00:00+05:30,"SYNTHETIC demo data (KaushalSetu SIH prototype): fictional entities, team-assumed numbers, not real or official statistics.",true
5bdc66e2-3278-50fb-bcb3-454e87d3886b,C-ITI-D-wireman-2025-043,05d7354b-c53f-5e04-95e5-eb977f8c1379,CLASS_10,"[""mr"",""hi""]","{""analytics"":true,""contact_by_employers"":false}",Y08,"KaushalSetu synthetic generator v2, seed 20260929",2026-09-28T12:00:00+05:30,"SYNTHETIC demo data (KaushalSetu SIH prototype): fictional entities, team-assumed numbers, not real or official statistics.",true
8fe5677d-10c8-58fa-a114-40e994de1f06,C-ITI-D-wireman-2025-044,05d7354b-c53f-5e04-95e5-eb977f8c1379,CLASS_10,"[""mr"",""hi""]","{""analytics"":true,""contact_by_employers"":true}",Y08,"KaushalSetu synthetic generator v2, seed 20260929",2026-09-28T12:00:00+05:30,"SYNTHETIC demo data (KaushalSetu SIH prototype): fictional entities, team-assumed numbers, not real or official statistics.",true
c5a7e9a6-58a8-5741-95e8-1f77e1bdbe61,C-ITI-D-wireman-2025-045,05d7354b-c53f-5e04-95e5-eb977f8c1379,CLASS_10,"[""mr"",""hi"",""en""]","{""analytics"":true,""contact_by_employers"":false}",Y08,"KaushalSetu synthetic generator v2, seed 20260929",2026-09-28T12:00:00+05:30,"SYNTHETIC demo data (KaushalSetu SIH prototype): fictional entities, team-assumed numbers, not real or official statistics.",true
6617ee9d-df92-5669-bc37-ecc6ecd43b98,C-ITI-D-wireman-2025-046,05d7354b-c53f-5e04-95e5-eb977f8c1379,CLASS_12,"[""mr"",""hi"",""en""]","{""analytics"":true,""contact_by_employers"":true}",Y08,"KaushalSetu synthetic generator v2, seed 20260929",2026-09-28T12:00:00+05:30,"SYNTHETIC demo data (KaushalSetu SIH prototype): fictional entities, team-assumed numbers, not real or official statistics.",true
f2906e97-c0a0-5cfe-a98f-42917c4709b8,C-ITI-D-wireman-2025-047,05d7354b-c53f-5e04-95e5-eb977f8c1379,CLASS_10,"[""mr""]","{""analytics"":true,""contact_by_employers"":false}",Y08,"KaushalSetu synthetic generator v2, seed 20260929",2026-09-28T12:00:00+05:30,"SYNTHETIC demo data (KaushalSetu SIH prototype): fictional entities, team-assumed numbers, not real or official statistics.",true
ecaf3bc1-bc2a-5092-bab0-cfcd7ca1e1d5,C-ITI-D-wireman-2025-048,05d7354b-c53f-5e04-95e5-eb977f8c1379,CLASS_12,"[""mr""]","{""analytics"":true,""contact_by_employers"":true}",Y08,"KaushalSetu synthetic generator v2, seed 20260929",2026-09-28T12:00:00+05:30,"SYNTHETIC demo data (KaushalSetu SIH prototype): fictional entities, team-assumed numbers, not real or official statistics.",true
dd6753eb-4b47-535f-a738-823e1dfc6d22,C-ITI-D-wireman-2025-049,05d7354b-c53f-5e04-95e5-eb977f8c1379,CLASS_10,"[""mr"",""hi""]","{""analytics"":true,""contact_by_employers"":true}",Y08,"KaushalSetu synthetic generator v2, seed 20260929",2026-09-28T12:00:00+05:30,"SYNTHETIC demo data (KaushalSetu SIH prototype): fictional entities, team-assumed numbers, not real or official statistics.",true
dea6b84c-1e7f-5e9a-ba74-a3782271b47e,C-ITI-D-wireman-2025-050,05d7354b-c53f-5e04-95e5-eb977f8c1379,CLASS_10,"[""mr""]","{""analytics"":true,""contact_by_employers"":true}",Y08,"KaushalSetu synthetic generator v2, seed 20260929",2026-09-28T12:00:00+05:30,"SYNTHETIC demo data (KaushalSetu SIH prototype): fictional entities, team-assumed numbers, not real or official statistics.",true
b8de466e-b97e-56f6-afe0-eae57ccec620,C-ITI-D-wireman-2025-051,05d7354b-c53f-5e04-95e5-eb977f8c1379,CLASS_10,"[""mr"",""en""]","{""analytics"":true,""contact_by_employers"":true}",Y08,"KaushalSetu synthetic generator v2, seed 20260929",2026-09-28T12:00:00+05:30,"SYNTHETIC demo data (KaushalSetu SIH prototype): fictional entities, team-assumed numbers, not real or official statistics.",true
a6f51a3d-b033-560a-9d5e-84fa640f3c12,C-ITI-D-wireman-2025-052,05d7354b-c53f-5e04-95e5-eb977f8c1379,CLASS_10,"[""mr"",""hi""]","{""analytics"":true,""contact_by_employers"":false}",Y08,"KaushalSetu synthetic generator v2, seed 20260929",2026-09-28T12:00:00+05:30,"SYNTHETIC demo data (KaushalSetu SIH prototype): fictional entities, team-assumed numbers, not real or official statistics.",true
2446f692-57c3-5986-9262-40674e9abe75,C-TC-E-ev-technician-2024-001,05d7354b-c53f-5e04-95e5-eb977f8c1379,ITI,"[""mr""]","{""analytics"":true,""contact_by_employers"":true}",Y08,"KaushalSetu synthetic generator v2, seed 20260929",2026-09-28T12:00:00+05:30,"SYNTHETIC demo data (KaushalSetu SIH prototype): fictional entities, team-assumed numbers, not real or official statistics.",true
a8bfba99-9da2-5efe-942f-af60f16df9e4,C-TC-E-ev-technician-2024-002,05d7354b-c53f-5e04-95e5-eb977f8c1379,ITI,"[""mr"",""hi"",""en""]","{""analytics"":true,""contact_by_employers"":true}",Y08,"KaushalSetu synthetic generator v2, seed 20260929",2026-09-28T12:00:00+05:30,"SYNTHETIC demo data (KaushalSetu SIH prototype): fictional entities, team-assumed numbers, not real or official statistics.",true
f7c6c764-9cf0-598b-98ed-5c5df759bfa1,C-TC-E-ev-technician-2024-003,05d7354b-c53f-5e04-95e5-eb977f8c1379,ITI,"[""mr""]","{""analytics"":true,""contact_by_employers"":true}",Y08,"KaushalSetu synthetic generator v2, seed 20260929",2026-09-28T12:00:00+05:30,"SYNTHETIC demo data (KaushalSetu SIH prototype): fictional entities, team-assumed numbers, not real or official statistics.",true
1faa3367-a82b-5968-a6ea-0998a93575f0,C-TC-E-ev-technician-2024-004,05d7354b-c53f-5e04-95e5-eb977f8c1379,ITI,"[""mr"",""en""]","{""analytics"":true,""contact_by_employers"":true}",Y08,"KaushalSetu synthetic generator v2, seed 20260929",2026-09-28T12:00:00+05:30,"SYNTHETIC demo data (KaushalSetu SIH prototype): fictional entities, team-assumed numbers, not real or official statistics.",true
18a67b15-c31c-56e4-8955-2ab242ec4bf5,C-TC-E-ev-technician-2024-005,05d7354b-c53f-5e04-95e5-eb977f8c1379,ITI,"[""mr"",""hi""]","{""analytics"":true,""contact_by_employers"":true}",Y08,"KaushalSetu synthetic generator v2, seed 20260929",2026-09-28T12:00:00+05:30,"SYNTHETIC demo data (KaushalSetu SIH prototype): fictional entities, team-assumed numbers, not real or official statistics.",true
b1cf7140-2bfb-5b46-b48f-88eb0ab67948,C-TC-E-ev-technician-2024-006,05d7354b-c53f-5e04-95e5-eb977f8c1379,ITI,"[""mr"",""hi"",""en""]","{""analytics"":true,""contact_by_employers"":true}",Y08,"KaushalSetu synthetic generator v2, seed 20260929",2026-09-28T12:00:00+05:30,"SYNTHETIC demo data (KaushalSetu SIH prototype): fictional entities, team-assumed numbers, not real or official statistics.",true
a8099e8d-e0ab-525e-aa81-6e74e0176c8c,C-TC-E-ev-technician-2024-007,05d7354b-c53f-5e04-95e5-eb977f8c1379,CLASS_12,"[""mr"",""hi""]","{""analytics"":true,""contact_by_employers"":true}",Y08,"KaushalSetu synthetic generator v2, seed 20260929",2026-09-28T12:00:00+05:30,"SYNTHETIC demo data (KaushalSetu SIH prototype): fictional entities, team-assumed numbers, not real or official statistics.",true
17d8d5d1-76c7-5df1-977b-0b54e18b7ff1,C-TC-E-ev-technician-2024-008,05d7354b-c53f-5e04-95e5-eb977f8c1379,CLASS_10,"[""mr"",""hi""]","{""analytics"":true,""contact_by_employers"":true}",Y08,"KaushalSetu synthetic generator v2, seed 20260929",2026-09-28T12:00:00+05:30,"SYNTHETIC demo data (KaushalSetu SIH prototype): fictional entities, team-assumed numbers, not real or official statistics.",true
5bb2a2b0-c883-564f-9d54-ffef657d9e13,C-TC-E-ev-technician-2024-009,05d7354b-c53f-5e04-95e5-eb977f8c1379,ITI,"[""mr"",""hi"",""en""]","{""analytics"":true,""contact_by_employers"":true}",Y08,"KaushalSetu synthetic generator v2, seed 20260929",2026-09-28T12:00:00+05:30,"SYNTHETIC demo data (KaushalSetu SIH prototype): fictional entities, team-assumed numbers, not real or official statistics.",true
e900cf0f-d72e-54b9-b31b-a3fee1b70c9b,C-TC-E-ev-technician-2024-010,05d7354b-c53f-5e04-95e5-eb977f8c1379,ITI,"[""mr"",""hi""]","{""analytics"":true,""contact_by_employers"":true}",Y08,"KaushalSetu synthetic generator v2, seed 20260929",2026-09-28T12:00:00+05:30,"SYNTHETIC demo data (KaushalSetu SIH prototype): fictional entities, team-assumed numbers, not real or official statistics.",true
a38483c4-1050-5c50-ac34-10596ae29628,C-TC-E-ev-technician-2024-011,05d7354b-c53f-5e04-95e5-eb977f8c1379,DIPLOMA,"[""mr"",""hi"",""en""]","{""analytics"":true,""contact_by_employers"":false}",Y08,"KaushalSetu synthetic generator v2, seed 20260929",2026-09-28T12:00:00+05:30,"SYNTHETIC demo data (KaushalSetu SIH prototype): fictional entities, team-assumed numbers, not real or official statistics.",true
0a403e38-572f-5915-8e2d-c0c6aa06e46c,C-TC-E-ev-technician-2024-012,05d7354b-c53f-5e04-95e5-eb977f8c1379,DIPLOMA,"[""mr""]","{""analytics"":true,""contact_by_employers"":true}",Y08,"KaushalSetu synthetic generator v2, seed 20260929",2026-09-28T12:00:00+05:30,"SYNTHETIC demo data (KaushalSetu SIH prototype): fictional entities, team-assumed numbers, not real or official statistics.",true
3df4bed9-2550-5376-81e6-ef92b9473ff7,C-TC-E-ev-technician-2024-013,05d7354b-c53f-5e04-95e5-eb977f8c1379,ITI,"[""mr""]","{""analytics"":true,""contact_by_employers"":false}",Y08,"KaushalSetu synthetic generator v2, seed 20260929",2026-09-28T12:00:00+05:30,"SYNTHETIC demo data (KaushalSetu SIH prototype): fictional entities, team-assumed numbers, not real or official statistics.",true
ab056ef9-4996-5ab5-972f-9f114e635f45,C-TC-E-ev-technician-2024-014,05d7354b-c53f-5e04-95e5-eb977f8c1379,DIPLOMA,"[""mr"",""hi"",""en""]","{""analytics"":true,""contact_by_employers"":true}",Y08,"KaushalSetu synthetic generator v2, seed 20260929",2026-09-28T12:00:00+05:30,"SYNTHETIC demo data (KaushalSetu SIH prototype): fictional entities, team-assumed numbers, not real or official statistics.",true
96370f53-dbab-5efb-b6a9-60bda1eb7bb4,C-TC-E-ev-technician-2024-015,05d7354b-c53f-5e04-95e5-eb977f8c1379,CLASS_12,"[""mr"",""en""]","{""analytics"":true,""contact_by_employers"":true}",Y08,"KaushalSetu synthetic generator v2, seed 20260929",2026-09-28T12:00:00+05:30,"SYNTHETIC demo data (KaushalSetu SIH prototype): fictional entities, team-assumed numbers, not real or official statistics.",true
73a89ce1-fe88-5836-af4f-6afaddef2dbe,C-TC-E-ev-technician-2024-016,05d7354b-c53f-5e04-95e5-eb977f8c1379,ITI,"[""mr"",""hi"",""en""]","{""analytics"":true,""contact_by_employers"":true}",Y08,"KaushalSetu synthetic generator v2, seed 20260929",2026-09-28T12:00:00+05:30,"SYNTHETIC demo data (KaushalSetu SIH prototype): fictional entities, team-assumed numbers, not real or official statistics.",true
e4c7488d-bf05-5669-ac9c-c45902dfb01f,C-TC-E-ev-technician-2024-017,05d7354b-c53f-5e04-95e5-eb977f8c1379,ITI,"[""mr""]","{""analytics"":true,""contact_by_employers"":true}",Y08,"KaushalSetu synthetic generator v2, seed 20260929",2026-09-28T12:00:00+05:30,"SYNTHETIC demo data (KaushalSetu SIH prototype): fictional entities, team-assumed numbers, not real or official statistics.",true
9fb78a35-57f8-5d95-98fb-18c9fb620b54,C-TC-E-ev-technician-2024-018,05d7354b-c53f-5e04-95e5-eb977f8c1379,ITI,"[""mr"",""hi"",""en""]","{""analytics"":true,""contact_by_employers"":true}",Y08,"KaushalSetu synthetic generator v2, seed 20260929",2026-09-28T12:00:00+05:30,"SYNTHETIC demo data (KaushalSetu SIH prototype): fictional entities, team-assumed numbers, not real or official statistics.",true
6f5966bc-a7c6-5542-a2d7-dff7132bdf1a,C-TC-E-ev-technician-2024-019,05d7354b-c53f-5e04-95e5-eb977f8c1379,CLASS_12,"[""mr""]","{""analytics"":true,""contact_by_employers"":true}",Y08,"KaushalSetu synthetic generator v2, seed 20260929",2026-09-28T12:00:00+05:30,"SYNTHETIC demo data (KaushalSetu SIH prototype): fictional entities, team-assumed numbers, not real or official statistics.",true
0097233e-f3d6-55a1-83cf-591ec41a7d75,C-TC-E-ev-technician-2024-020,05d7354b-c53f-5e04-95e5-eb977f8c1379,ITI,"[""mr"",""hi""]","{""analytics"":true,""contact_by_employers"":true}",Y08,"KaushalSetu synthetic generator v2, seed 20260929",2026-09-28T12:00:00+05:30,"SYNTHETIC demo data (KaushalSetu SIH prototype): fictional entities, team-assumed numbers, not real or official statistics.",true
b1e39c98-8350-5c7e-ab4e-518fae5e10c9,C-TC-E-ev-technician-2024-021,05d7354b-c53f-5e04-95e5-eb977f8c1379,ITI,"[""mr"",""hi"",""en""]","{""analytics"":true,""contact_by_employers"":true}",Y08,"KaushalSetu synthetic generator v2, seed 20260929",2026-09-28T12:00:00+05:30,"SYNTHETIC demo data (KaushalSetu SIH prototype): fictional entities, team-assumed numbers, not real or official statistics.",true
7c0c80ea-d32f-5e21-b70c-72f45b6de8b9,C-TC-E-ev-technician-2024-022,05d7354b-c53f-5e04-95e5-eb977f8c1379,ITI,"[""mr"",""en""]","{""analytics"":true,""contact_by_employers"":false}",Y08,"KaushalSetu synthetic generator v2, seed 20260929",2026-09-28T12:00:00+05:30,"SYNTHETIC demo data (KaushalSetu SIH prototype): fictional entities, team-assumed numbers, not real or official statistics.",true
bfa3948e-ecbd-5096-954a-8c11b8e18fc8,C-TC-E-ev-technician-2024-023,05d7354b-c53f-5e04-95e5-eb977f8c1379,ITI,"[""mr"",""en""]","{""analytics"":true,""contact_by_employers"":true}",Y08,"KaushalSetu synthetic generator v2, seed 20260929",2026-09-28T12:00:00+05:30,"SYNTHETIC demo data (KaushalSetu SIH prototype): fictional entities, team-assumed numbers, not real or official statistics.",true
dd1c1b64-855c-572f-8609-9ac512e66b13,C-TC-E-ev-technician-2024-024,05d7354b-c53f-5e04-95e5-eb977f8c1379,CLASS_10,"[""mr"",""en""]","{""analytics"":true,""contact_by_employers"":true}",Y08,"KaushalSetu synthetic generator v2, seed 20260929",2026-09-28T12:00:00+05:30,"SYNTHETIC demo data (KaushalSetu SIH prototype): fictional entities, team-assumed numbers, not real or official statistics.",true
177ec564-3ce3-5621-af3b-e21a696788a0,C-TC-E-ev-technician-2024-025,05d7354b-c53f-5e04-95e5-eb977f8c1379,ITI,"[""mr"",""hi"",""en""]","{""analytics"":true,""contact_by_employers"":true}",Y08,"KaushalSetu synthetic generator v2, seed 20260929",2026-09-28T12:00:00+05:30,"SYNTHETIC demo data (KaushalSetu SIH prototype): fictional entities, team-assumed numbers, not real or official statistics.",true
1a550d5c-624f-51c0-8a06-07ef1de40db8,C-TC-E-ev-technician-2024-026,05d7354b-c53f-5e04-95e5-eb977f8c1379,DIPLOMA,"[""mr"",""en""]","{""analytics"":true,""contact_by_employers"":false}",Y08,"KaushalSetu synthetic generator v2, seed 20260929",2026-09-28T12:00:00+05:30,"SYNTHETIC demo data (KaushalSetu SIH prototype): fictional entities, team-assumed numbers, not real or official statistics.",true
37462f4c-7ffb-5a16-9e4f-84b15120b876,C-TC-E-ev-technician-2024-027,05d7354b-c53f-5e04-95e5-eb977f8c1379,ITI,"[""mr""]","{""analytics"":true,""contact_by_employers"":true}",Y08,"KaushalSetu synthetic generator v2, seed 20260929",2026-09-28T12:00:00+05:30,"SYNTHETIC demo data (KaushalSetu SIH prototype): fictional entities, team-assumed numbers, not real or official statistics.",true
b11b4ae0-b619-5018-a63a-540118809a36,C-TC-E-ev-technician-2024-028,05d7354b-c53f-5e04-95e5-eb977f8c1379,ITI,"[""mr"",""hi"",""en""]","{""analytics"":true,""contact_by_employers"":false}",Y08,"KaushalSetu synthetic generator v2, seed 20260929",2026-09-28T12:00:00+05:30,"SYNTHETIC demo data (KaushalSetu SIH prototype): fictional entities, team-assumed numbers, not real or official statistics.",true
f16cc2fb-fa18-5eca-a714-6194f40b7f83,C-TC-E-ev-technician-2024-029,05d7354b-c53f-5e04-95e5-eb977f8c1379,ITI,"[""mr"",""hi""]","{""analytics"":true,""contact_by_employers"":false}",Y08,"KaushalSetu synthetic generator v2, seed 20260929",2026-09-28T12:00:00+05:30,"SYNTHETIC demo data (KaushalSetu SIH prototype): fictional entities, team-assumed numbers, not real or official statistics.",true
f77cb14a-e6f4-5dd5-8d52-5e929d358238,C-TC-E-ev-technician-2024-030,05d7354b-c53f-5e04-95e5-eb977f8c1379,ITI,"[""mr"",""hi""]","{""analytics"":true,""contact_by_employers"":true}",Y08,"KaushalSetu synthetic generator v2, seed 20260929",2026-09-28T12:00:00+05:30,"SYNTHETIC demo data (KaushalSetu SIH prototype): fictional entities, team-assumed numbers, not real or official statistics.",true
b9728735-abbe-5f01-b07a-850577bf9114,C-TC-E-ev-technician-2024-031,05d7354b-c53f-5e04-95e5-eb977f8c1379,ITI,"[""mr""]","{""analytics"":true,""contact_by_employers"":false}",Y08,"KaushalSetu synthetic generator v2, seed 20260929",2026-09-28T12:00:00+05:30,"SYNTHETIC demo data (KaushalSetu SIH prototype): fictional entities, team-assumed numbers, not real or official statistics.",true
75a3fccb-f7b4-5d99-82c4-92f2a610cd76,C-TC-E-ev-technician-2024-032,05d7354b-c53f-5e04-95e5-eb977f8c1379,CLASS_12,"[""mr"",""hi""]","{""analytics"":true,""contact_by_employers"":true}",Y08,"KaushalSetu synthetic generator v2, seed 20260929",2026-09-28T12:00:00+05:30,"SYNTHETIC demo data (KaushalSetu SIH prototype): fictional entities, team-assumed numbers, not real or official statistics.",true
0a52c2d2-81f8-554d-98f6-e6ddc2a00f30,C-TC-E-ev-technician-2024-033,05d7354b-c53f-5e04-95e5-eb977f8c1379,CLASS_10,"[""mr"",""hi"",""en""]","{""analytics"":true,""contact_by_employers"":true}",Y08,"KaushalSetu synthetic generator v2, seed 20260929",2026-09-28T12:00:00+05:30,"SYNTHETIC demo data (KaushalSetu SIH prototype): fictional entities, team-assumed numbers, not real or official statistics.",true
3747130f-c51a-57f9-a9e2-eb0d71afc721,C-TC-E-ev-technician-2024-034,05d7354b-c53f-5e04-95e5-eb977f8c1379,CLASS_12,"[""mr"",""hi""]","{""analytics"":true,""contact_by_employers"":true}",Y08,"KaushalSetu synthetic generator v2, seed 20260929",2026-09-28T12:00:00+05:30,"SYNTHETIC demo data (KaushalSetu SIH prototype): fictional entities, team-assumed numbers, not real or official statistics.",true
69277c95-3c0b-5180-bd01-de22f62b4090,C-TC-E-ev-technician-2024-035,05d7354b-c53f-5e04-95e5-eb977f8c1379,DIPLOMA,"[""mr""]","{""analytics"":true,""contact_by_employers"":true}",Y08,"KaushalSetu synthetic generator v2, seed 20260929",2026-09-28T12:00:00+05:30,"SYNTHETIC demo data (KaushalSetu SIH prototype): fictional entities, team-assumed numbers, not real or official statistics.",true
9ca7f560-940b-51fb-aeef-ba1664c0b957,C-TC-E-ev-technician-2024-036,05d7354b-c53f-5e04-95e5-eb977f8c1379,ITI,"[""mr"",""hi"",""en""]","{""analytics"":true,""contact_by_employers"":false}",Y08,"KaushalSetu synthetic generator v2, seed 20260929",2026-09-28T12:00:00+05:30,"SYNTHETIC demo data (KaushalSetu SIH prototype): fictional entities, team-assumed numbers, not real or official statistics.",true
abdbfed1-7980-5999-bbb7-c92738824353,C-TC-E-ev-technician-2024-037,05d7354b-c53f-5e04-95e5-eb977f8c1379,CLASS_10,"[""mr"",""hi"",""en""]","{""analytics"":true,""contact_by_employers"":false}",Y08,"KaushalSetu synthetic generator v2, seed 20260929",2026-09-28T12:00:00+05:30,"SYNTHETIC demo data (KaushalSetu SIH prototype): fictional entities, team-assumed numbers, not real or official statistics.",true
068e4909-6c53-56f7-b209-87bfa15ff908,C-TC-E-ev-technician-2024-038,05d7354b-c53f-5e04-95e5-eb977f8c1379,ITI,"[""mr""]","{""analytics"":true,""contact_by_employers"":true}",Y08,"KaushalSetu synthetic generator v2, seed 20260929",2026-09-28T12:00:00+05:30,"SYNTHETIC demo data (KaushalSetu SIH prototype): fictional entities, team-assumed numbers, not real or official statistics.",true
cb4a873f-2a13-5c76-afd9-9bff12426fe8,C-TC-E-ev-technician-2025-001,05d7354b-c53f-5e04-95e5-eb977f8c1379,ITI,"[""mr""]","{""analytics"":true,""contact_by_employers"":false}",Y08,"KaushalSetu synthetic generator v2, seed 20260929",2026-09-28T12:00:00+05:30,"SYNTHETIC demo data (KaushalSetu SIH prototype): fictional entities, team-assumed numbers, not real or official statistics.",true
11fa6c64-b74a-575f-be7d-ae8610879d87,C-TC-E-ev-technician-2025-002,05d7354b-c53f-5e04-95e5-eb977f8c1379,CLASS_10,"[""mr"",""hi""]","{""analytics"":true,""contact_by_employers"":true}",Y08,"KaushalSetu synthetic generator v2, seed 20260929",2026-09-28T12:00:00+05:30,"SYNTHETIC demo data (KaushalSetu SIH prototype): fictional entities, team-assumed numbers, not real or official statistics.",true
4b4f01df-a52c-5780-a898-a65ea82e3db6,C-TC-E-ev-technician-2025-003,05d7354b-c53f-5e04-95e5-eb977f8c1379,ITI,"[""mr"",""hi"",""en""]","{""analytics"":true,""contact_by_employers"":false}",Y08,"KaushalSetu synthetic generator v2, seed 20260929",2026-09-28T12:00:00+05:30,"SYNTHETIC demo data (KaushalSetu SIH prototype): fictional entities, team-assumed numbers, not real or official statistics.",true
82720c4f-1c94-5092-938e-4512c39b253d,C-TC-E-ev-technician-2025-004,05d7354b-c53f-5e04-95e5-eb977f8c1379,ITI,"[""mr"",""hi"",""en""]","{""analytics"":true,""contact_by_employers"":true}",Y08,"KaushalSetu synthetic generator v2, seed 20260929",2026-09-28T12:00:00+05:30,"SYNTHETIC demo data (KaushalSetu SIH prototype): fictional entities, team-assumed numbers, not real or official statistics.",true
4eae62f9-5848-5a18-890e-e22225659432,C-TC-E-ev-technician-2025-005,05d7354b-c53f-5e04-95e5-eb977f8c1379,CLASS_12,"[""mr"",""en""]","{""analytics"":true,""contact_by_employers"":false}",Y08,"KaushalSetu synthetic generator v2, seed 20260929",2026-09-28T12:00:00+05:30,"SYNTHETIC demo data (KaushalSetu SIH prototype): fictional entities, team-assumed numbers, not real or official statistics.",true
dbc74df9-e785-52af-8933-4919e9e8f494,C-TC-E-ev-technician-2025-006,05d7354b-c53f-5e04-95e5-eb977f8c1379,ITI,"[""mr"",""hi""]","{""analytics"":true,""contact_by_employers"":true}",Y08,"KaushalSetu synthetic generator v2, seed 20260929",2026-09-28T12:00:00+05:30,"SYNTHETIC demo data (KaushalSetu SIH prototype): fictional entities, team-assumed numbers, not real or official statistics.",true
205c250c-5c2a-5cd7-9730-f696cd3d30f9,C-TC-E-ev-technician-2025-007,05d7354b-c53f-5e04-95e5-eb977f8c1379,ITI,"[""mr"",""hi"",""en""]","{""analytics"":true,""contact_by_employers"":false}",Y08,"KaushalSetu synthetic generator v2, seed 20260929",2026-09-28T12:00:00+05:30,"SYNTHETIC demo data (KaushalSetu SIH prototype): fictional entities, team-assumed numbers, not real or official statistics.",true
dddfd9b0-0a50-5629-a0f2-ac93cc74270c,C-TC-E-ev-technician-2025-008,05d7354b-c53f-5e04-95e5-eb977f8c1379,ITI,"[""mr"",""hi""]","{""analytics"":true,""contact_by_employers"":false}",Y08,"KaushalSetu synthetic generator v2, seed 20260929",2026-09-28T12:00:00+05:30,"SYNTHETIC demo data (KaushalSetu SIH prototype): fictional entities, team-assumed numbers, not real or official statistics.",true
8d2b1c4d-07cd-51b1-a876-723b736ff9c9,C-TC-E-ev-technician-2025-009,05d7354b-c53f-5e04-95e5-eb977f8c1379,CLASS_12,"[""mr"",""hi"",""en""]","{""analytics"":true,""contact_by_employers"":true}",Y08,"KaushalSetu synthetic generator v2, seed 20260929",2026-09-28T12:00:00+05:30,"SYNTHETIC demo data (KaushalSetu SIH prototype): fictional entities, team-assumed numbers, not real or official statistics.",true
82d17322-154d-5af3-8581-d5f6535c8296,C-TC-E-ev-technician-2025-010,05d7354b-c53f-5e04-95e5-eb977f8c1379,CLASS_12,"[""mr"",""en""]","{""analytics"":true,""contact_by_employers"":true}",Y08,"KaushalSetu synthetic generator v2, seed 20260929",2026-09-28T12:00:00+05:30,"SYNTHETIC demo data (KaushalSetu SIH prototype): fictional entities, team-assumed numbers, not real or official statistics.",true
eac47c9b-a75a-5857-ad2d-c7392407efa0,C-TC-E-ev-technician-2025-011,05d7354b-c53f-5e04-95e5-eb977f8c1379,ITI,"[""mr"",""hi""]","{""analytics"":true,""contact_by_employers"":true}",Y08,"KaushalSetu synthetic generator v2, seed 20260929",2026-09-28T12:00:00+05:30,"SYNTHETIC demo data (KaushalSetu SIH prototype): fictional entities, team-assumed numbers, not real or official statistics.",true
a29239f2-eea6-5e32-8c13-f82d056c9bbf,C-TC-E-ev-technician-2025-012,05d7354b-c53f-5e04-95e5-eb977f8c1379,ITI,"[""mr"",""hi""]","{""analytics"":true,""contact_by_employers"":false}",Y08,"KaushalSetu synthetic generator v2, seed 20260929",2026-09-28T12:00:00+05:30,"SYNTHETIC demo data (KaushalSetu SIH prototype): fictional entities, team-assumed numbers, not real or official statistics.",true
4e0b208d-0b16-58e8-bb5b-162001f17ab9,C-TC-E-ev-technician-2025-013,05d7354b-c53f-5e04-95e5-eb977f8c1379,ITI,"[""mr"",""en""]","{""analytics"":true,""contact_by_employers"":true}",Y08,"KaushalSetu synthetic generator v2, seed 20260929",2026-09-28T12:00:00+05:30,"SYNTHETIC demo data (KaushalSetu SIH prototype): fictional entities, team-assumed numbers, not real or official statistics.",true
0cdab559-41b7-5c6a-ae09-207be6a0575d,C-TC-E-ev-technician-2025-014,05d7354b-c53f-5e04-95e5-eb977f8c1379,ITI,"[""mr""]","{""analytics"":true,""contact_by_employers"":true}",Y08,"KaushalSetu synthetic generator v2, seed 20260929",2026-09-28T12:00:00+05:30,"SYNTHETIC demo data (KaushalSetu SIH prototype): fictional entities, team-assumed numbers, not real or official statistics.",true
629312ca-584d-57d1-82f3-b0fb350af3cb,C-TC-E-ev-technician-2025-015,05d7354b-c53f-5e04-95e5-eb977f8c1379,CLASS_10,"[""mr""]","{""analytics"":true,""contact_by_employers"":true}",Y08,"KaushalSetu synthetic generator v2, seed 20260929",2026-09-28T12:00:00+05:30,"SYNTHETIC demo data (KaushalSetu SIH prototype): fictional entities, team-assumed numbers, not real or official statistics.",true
c6a4d317-f6ad-5100-9043-1664bf6590ba,C-TC-E-ev-technician-2025-016,05d7354b-c53f-5e04-95e5-eb977f8c1379,ITI,"[""mr"",""hi"",""en""]","{""analytics"":true,""contact_by_employers"":true}",Y08,"KaushalSetu synthetic generator v2, seed 20260929",2026-09-28T12:00:00+05:30,"SYNTHETIC demo data (KaushalSetu SIH prototype): fictional entities, team-assumed numbers, not real or official statistics.",true
fbd47e3f-34c9-58e0-8b30-13c1485f0c6b,C-TC-E-ev-technician-2025-017,05d7354b-c53f-5e04-95e5-eb977f8c1379,ITI,"[""mr"",""hi"",""en""]","{""analytics"":true,""contact_by_employers"":true}",Y08,"KaushalSetu synthetic generator v2, seed 20260929",2026-09-28T12:00:00+05:30,"SYNTHETIC demo data (KaushalSetu SIH prototype): fictional entities, team-assumed numbers, not real or official statistics.",true
14d4e26f-afa4-57d1-96e9-e112f3149aec,C-TC-E-ev-technician-2025-018,05d7354b-c53f-5e04-95e5-eb977f8c1379,ITI,"[""mr"",""hi"",""en""]","{""analytics"":true,""contact_by_employers"":true}",Y08,"KaushalSetu synthetic generator v2, seed 20260929",2026-09-28T12:00:00+05:30,"SYNTHETIC demo data (KaushalSetu SIH prototype): fictional entities, team-assumed numbers, not real or official statistics.",true
4168c278-255c-5580-8467-bc4bf75bf1cf,C-TC-E-ev-technician-2025-019,05d7354b-c53f-5e04-95e5-eb977f8c1379,ITI,"[""mr""]","{""analytics"":true,""contact_by_employers"":false}",Y08,"KaushalSetu synthetic generator v2, seed 20260929",2026-09-28T12:00:00+05:30,"SYNTHETIC demo data (KaushalSetu SIH prototype): fictional entities, team-assumed numbers, not real or official statistics.",true
d363e36b-94ac-5b6f-9503-52d741579611,C-TC-E-ev-technician-2025-020,05d7354b-c53f-5e04-95e5-eb977f8c1379,ITI,"[""mr"",""hi"",""en""]","{""analytics"":true,""contact_by_employers"":false}",Y08,"KaushalSetu synthetic generator v2, seed 20260929",2026-09-28T12:00:00+05:30,"SYNTHETIC demo data (KaushalSetu SIH prototype): fictional entities, team-assumed numbers, not real or official statistics.",true
206c7530-4ddd-5fad-9010-86eb59c5b9e6,C-TC-E-ev-technician-2025-021,05d7354b-c53f-5e04-95e5-eb977f8c1379,CLASS_12,"[""mr"",""hi"",""en""]","{""analytics"":true,""contact_by_employers"":true}",Y08,"KaushalSetu synthetic generator v2, seed 20260929",2026-09-28T12:00:00+05:30,"SYNTHETIC demo data (KaushalSetu SIH prototype): fictional entities, team-assumed numbers, not real or official statistics.",true
473e7f89-aa6c-5c09-a309-3c930c4d7800,C-TC-E-ev-technician-2025-022,05d7354b-c53f-5e04-95e5-eb977f8c1379,CLASS_12,"[""mr"",""en""]","{""analytics"":true,""contact_by_employers"":true}",Y08,"KaushalSetu synthetic generator v2, seed 20260929",2026-09-28T12:00:00+05:30,"SYNTHETIC demo data (KaushalSetu SIH prototype): fictional entities, team-assumed numbers, not real or official statistics.",true
f4b4455a-529d-5953-b853-d2eca9483b89,C-TC-E-ev-technician-2025-023,05d7354b-c53f-5e04-95e5-eb977f8c1379,DIPLOMA,"[""mr"",""hi"",""en""]","{""analytics"":true,""contact_by_employers"":false}",Y08,"KaushalSetu synthetic generator v2, seed 20260929",2026-09-28T12:00:00+05:30,"SYNTHETIC demo data (KaushalSetu SIH prototype): fictional entities, team-assumed numbers, not real or official statistics.",true
e2ce60a2-8b38-5a91-9edf-5fe70c31aeae,C-TC-E-ev-technician-2025-024,05d7354b-c53f-5e04-95e5-eb977f8c1379,CLASS_12,"[""mr"",""en""]","{""analytics"":true,""contact_by_employers"":true}",Y08,"KaushalSetu synthetic generator v2, seed 20260929",2026-09-28T12:00:00+05:30,"SYNTHETIC demo data (KaushalSetu SIH prototype): fictional entities, team-assumed numbers, not real or official statistics.",true
c9f97b94-5d06-562c-88d3-879ba2edaab5,C-TC-E-ev-technician-2025-025,05d7354b-c53f-5e04-95e5-eb977f8c1379,ITI,"[""mr"",""hi""]","{""analytics"":true,""contact_by_employers"":false}",Y08,"KaushalSetu synthetic generator v2, seed 20260929",2026-09-28T12:00:00+05:30,"SYNTHETIC demo data (KaushalSetu SIH prototype): fictional entities, team-assumed numbers, not real or official statistics.",true
94e88d85-9e3f-5ad5-99ea-a64844dd04db,C-TC-E-ev-technician-2025-026,05d7354b-c53f-5e04-95e5-eb977f8c1379,CLASS_12,"[""mr"",""hi""]","{""analytics"":true,""contact_by_employers"":true}",Y08,"KaushalSetu synthetic generator v2, seed 20260929",2026-09-28T12:00:00+05:30,"SYNTHETIC demo data (KaushalSetu SIH prototype): fictional entities, team-assumed numbers, not real or official statistics.",true
020f098e-739b-588c-af30-2035f05b16e1,C-TC-E-ev-technician-2025-027,05d7354b-c53f-5e04-95e5-eb977f8c1379,CLASS_12,"[""mr"",""hi"",""en""]","{""analytics"":true,""contact_by_employers"":true}",Y08,"KaushalSetu synthetic generator v2, seed 20260929",2026-09-28T12:00:00+05:30,"SYNTHETIC demo data (KaushalSetu SIH prototype): fictional entities, team-assumed numbers, not real or official statistics.",true
78931e50-2c26-5a14-b49e-1fb4409805f4,C-TC-E-ev-technician-2025-028,05d7354b-c53f-5e04-95e5-eb977f8c1379,ITI,"[""mr""]","{""analytics"":true,""contact_by_employers"":true}",Y08,"KaushalSetu synthetic generator v2, seed 20260929",2026-09-28T12:00:00+05:30,"SYNTHETIC demo data (KaushalSetu SIH prototype): fictional entities, team-assumed numbers, not real or official statistics.",true
b6e7682b-e026-5c3b-a88b-42b23b9c0380,C-TC-E-ev-technician-2025-029,05d7354b-c53f-5e04-95e5-eb977f8c1379,ITI,"[""mr""]","{""analytics"":true,""contact_by_employers"":false}",Y08,"KaushalSetu synthetic generator v2, seed 20260929",2026-09-28T12:00:00+05:30,"SYNTHETIC demo data (KaushalSetu SIH prototype): fictional entities, team-assumed numbers, not real or official statistics.",true
a4e818ff-38ab-51c1-aaed-ebc668f4fc28,C-TC-E-ev-technician-2025-030,05d7354b-c53f-5e04-95e5-eb977f8c1379,ITI,"[""mr"",""en""]","{""analytics"":true,""contact_by_employers"":false}",Y08,"KaushalSetu synthetic generator v2, seed 20260929",2026-09-28T12:00:00+05:30,"SYNTHETIC demo data (KaushalSetu SIH prototype): fictional entities, team-assumed numbers, not real or official statistics.",true
ba7d0953-039c-5cfa-bc6b-ed2c91ca96ca,C-TC-E-ev-technician-2025-031,05d7354b-c53f-5e04-95e5-eb977f8c1379,CLASS_12,"[""mr"",""en""]","{""analytics"":true,""contact_by_employers"":true}",Y08,"KaushalSetu synthetic generator v2, seed 20260929",2026-09-28T12:00:00+05:30,"SYNTHETIC demo data (KaushalSetu SIH prototype): fictional entities, team-assumed numbers, not real or official statistics.",true
e879c93e-c004-54b0-82ca-04b923ce935d,C-TC-E-ev-technician-2025-032,05d7354b-c53f-5e04-95e5-eb977f8c1379,CLASS_12,"[""mr"",""hi""]","{""analytics"":true,""contact_by_employers"":true}",Y08,"KaushalSetu synthetic generator v2, seed 20260929",2026-09-28T12:00:00+05:30,"SYNTHETIC demo data (KaushalSetu SIH prototype): fictional entities, team-assumed numbers, not real or official statistics.",true
68af20e3-5d6e-5b44-9e3d-20899974e1b3,C-TC-E-ev-technician-2025-033,05d7354b-c53f-5e04-95e5-eb977f8c1379,CLASS_12,"[""mr"",""en""]","{""analytics"":true,""contact_by_employers"":false}",Y08,"KaushalSetu synthetic generator v2, seed 20260929",2026-09-28T12:00:00+05:30,"SYNTHETIC demo data (KaushalSetu SIH prototype): fictional entities, team-assumed numbers, not real or official statistics.",true
d392bf6d-3d56-5f7c-a1f6-a7f792e03989,C-TC-E-ev-technician-2025-034,05d7354b-c53f-5e04-95e5-eb977f8c1379,CLASS_12,"[""mr"",""hi""]","{""analytics"":true,""contact_by_employers"":true}",Y08,"KaushalSetu synthetic generator v2, seed 20260929",2026-09-28T12:00:00+05:30,"SYNTHETIC demo data (KaushalSetu SIH prototype): fictional entities, team-assumed numbers, not real or official statistics.",true
ba81c789-752e-59bd-8e5a-f5017a50e424,C-TC-E-ev-technician-2025-035,05d7354b-c53f-5e04-95e5-eb977f8c1379,ITI,"[""mr""]","{""analytics"":true,""contact_by_employers"":false}",Y08,"KaushalSetu synthetic generator v2, seed 20260929",2026-09-28T12:00:00+05:30,"SYNTHETIC demo data (KaushalSetu SIH prototype): fictional entities, team-assumed numbers, not real or official statistics.",true
a1a082f9-638e-5e8e-9a93-8572f4500d58,C-TC-E-ev-technician-2025-036,05d7354b-c53f-5e04-95e5-eb977f8c1379,ITI,"[""mr"",""en""]","{""analytics"":true,""contact_by_employers"":false}",Y08,"KaushalSetu synthetic generator v2, seed 20260929",2026-09-28T12:00:00+05:30,"SYNTHETIC demo data (KaushalSetu SIH prototype): fictional entities, team-assumed numbers, not real or official statistics.",true
a0599624-aad0-505e-bcd7-5a641ffe0de3,C-TC-E-ev-technician-2025-037,05d7354b-c53f-5e04-95e5-eb977f8c1379,DIPLOMA,"[""mr""]","{""analytics"":true,""contact_by_employers"":false}",Y08,"KaushalSetu synthetic generator v2, seed 20260929",2026-09-28T12:00:00+05:30,"SYNTHETIC demo data (KaushalSetu SIH prototype): fictional entities, team-assumed numbers, not real or official statistics.",true
306170d0-1df9-5982-89db-d7d4553f0753,C-TC-E-ev-technician-2025-038,05d7354b-c53f-5e04-95e5-eb977f8c1379,CLASS_12,"[""mr"",""hi""]","{""analytics"":true,""contact_by_employers"":true}",Y08,"KaushalSetu synthetic generator v2, seed 20260929",2026-09-28T12:00:00+05:30,"SYNTHETIC demo data (KaushalSetu SIH prototype): fictional entities, team-assumed numbers, not real or official statistics.",true
3bce185d-4323-549a-b8bc-e04a12ef6c22,C-TC-E-ev-technician-2025-039,05d7354b-c53f-5e04-95e5-eb977f8c1379,ITI,"[""mr"",""hi""]","{""analytics"":true,""contact_by_employers"":true}",Y08,"KaushalSetu synthetic generator v2, seed 20260929",2026-09-28T12:00:00+05:30,"SYNTHETIC demo data (KaushalSetu SIH prototype): fictional entities, team-assumed numbers, not real or official statistics.",true
99edc4ed-f648-5eb6-bb93-ece0b972f1f9,C-TC-E-ev-technician-2025-040,05d7354b-c53f-5e04-95e5-eb977f8c1379,DIPLOMA,"[""mr"",""hi"",""en""]","{""analytics"":true,""contact_by_employers"":true}",Y08,"KaushalSetu synthetic generator v2, seed 20260929",2026-09-28T12:00:00+05:30,"SYNTHETIC demo data (KaushalSetu SIH prototype): fictional entities, team-assumed numbers, not real or official statistics.",true
3b9020c9-7545-5786-a2cd-c9ab3fac401a,C-TC-E-ev-charging-2024-001,05d7354b-c53f-5e04-95e5-eb977f8c1379,CLASS_12,"[""mr"",""hi""]","{""analytics"":true,""contact_by_employers"":false}",Y08,"KaushalSetu synthetic generator v2, seed 20260929",2026-09-28T12:00:00+05:30,"SYNTHETIC demo data (KaushalSetu SIH prototype): fictional entities, team-assumed numbers, not real or official statistics.",true
523a9b49-4aba-5c25-b5a8-a4c2381f698b,C-TC-E-ev-charging-2024-002,05d7354b-c53f-5e04-95e5-eb977f8c1379,ITI,"[""mr""]","{""analytics"":true,""contact_by_employers"":true}",Y08,"KaushalSetu synthetic generator v2, seed 20260929",2026-09-28T12:00:00+05:30,"SYNTHETIC demo data (KaushalSetu SIH prototype): fictional entities, team-assumed numbers, not real or official statistics.",true
a52712f7-75c8-50f7-8598-0ece2487c7ea,C-TC-E-ev-charging-2024-003,05d7354b-c53f-5e04-95e5-eb977f8c1379,CLASS_12,"[""mr"",""hi"",""en""]","{""analytics"":true,""contact_by_employers"":true}",Y08,"KaushalSetu synthetic generator v2, seed 20260929",2026-09-28T12:00:00+05:30,"SYNTHETIC demo data (KaushalSetu SIH prototype): fictional entities, team-assumed numbers, not real or official statistics.",true
d00a9e57-ffc1-5119-afde-f15d8487e61b,C-TC-E-ev-charging-2024-004,05d7354b-c53f-5e04-95e5-eb977f8c1379,CLASS_12,"[""mr"",""hi""]","{""analytics"":true,""contact_by_employers"":true}",Y08,"KaushalSetu synthetic generator v2, seed 20260929",2026-09-28T12:00:00+05:30,"SYNTHETIC demo data (KaushalSetu SIH prototype): fictional entities, team-assumed numbers, not real or official statistics.",true
075f4de0-1536-5b9a-95be-b8fecb58c238,C-TC-E-ev-charging-2024-005,05d7354b-c53f-5e04-95e5-eb977f8c1379,ITI,"[""mr""]","{""analytics"":true,""contact_by_employers"":true}",Y08,"KaushalSetu synthetic generator v2, seed 20260929",2026-09-28T12:00:00+05:30,"SYNTHETIC demo data (KaushalSetu SIH prototype): fictional entities, team-assumed numbers, not real or official statistics.",true
fb7aa45c-d61a-5ea2-853f-f7cc6639a99e,C-TC-E-ev-charging-2024-006,05d7354b-c53f-5e04-95e5-eb977f8c1379,CLASS_12,"[""mr""]","{""analytics"":true,""contact_by_employers"":true}",Y08,"KaushalSetu synthetic generator v2, seed 20260929",2026-09-28T12:00:00+05:30,"SYNTHETIC demo data (KaushalSetu SIH prototype): fictional entities, team-assumed numbers, not real or official statistics.",true
a6d72e47-ddf8-575f-ab30-0b9b4f84db90,C-TC-E-ev-charging-2024-007,05d7354b-c53f-5e04-95e5-eb977f8c1379,DIPLOMA,"[""mr"",""hi"",""en""]","{""analytics"":true,""contact_by_employers"":true}",Y08,"KaushalSetu synthetic generator v2, seed 20260929",2026-09-28T12:00:00+05:30,"SYNTHETIC demo data (KaushalSetu SIH prototype): fictional entities, team-assumed numbers, not real or official statistics.",true
4242db9b-0a9f-55a4-9d10-9df17bf07048,C-TC-E-ev-charging-2024-008,05d7354b-c53f-5e04-95e5-eb977f8c1379,CLASS_12,"[""mr"",""hi"",""en""]","{""analytics"":true,""contact_by_employers"":true}",Y08,"KaushalSetu synthetic generator v2, seed 20260929",2026-09-28T12:00:00+05:30,"SYNTHETIC demo data (KaushalSetu SIH prototype): fictional entities, team-assumed numbers, not real or official statistics.",true
75a3e7e0-10e7-516e-9e53-e37e4aed86a2,C-TC-E-ev-charging-2024-009,05d7354b-c53f-5e04-95e5-eb977f8c1379,DIPLOMA,"[""mr"",""en""]","{""analytics"":true,""contact_by_employers"":true}",Y08,"KaushalSetu synthetic generator v2, seed 20260929",2026-09-28T12:00:00+05:30,"SYNTHETIC demo data (KaushalSetu SIH prototype): fictional entities, team-assumed numbers, not real or official statistics.",true
fb423833-8081-5c0a-bb74-09feb78a2fa8,C-TC-E-ev-charging-2024-010,05d7354b-c53f-5e04-95e5-eb977f8c1379,ITI,"[""mr""]","{""analytics"":true,""contact_by_employers"":false}",Y08,"KaushalSetu synthetic generator v2, seed 20260929",2026-09-28T12:00:00+05:30,"SYNTHETIC demo data (KaushalSetu SIH prototype): fictional entities, team-assumed numbers, not real or official statistics.",true
4d0334db-8899-581b-ada1-2b540b42dc74,C-TC-E-ev-charging-2024-011,05d7354b-c53f-5e04-95e5-eb977f8c1379,CLASS_12,"[""mr""]","{""analytics"":true,""contact_by_employers"":true}",Y08,"KaushalSetu synthetic generator v2, seed 20260929",2026-09-28T12:00:00+05:30,"SYNTHETIC demo data (KaushalSetu SIH prototype): fictional entities, team-assumed numbers, not real or official statistics.",true
adbb3b0e-12cf-5397-9b6a-672311e626f1,C-TC-E-ev-charging-2024-012,05d7354b-c53f-5e04-95e5-eb977f8c1379,DIPLOMA,"[""mr"",""hi""]","{""analytics"":true,""contact_by_employers"":true}",Y08,"KaushalSetu synthetic generator v2, seed 20260929",2026-09-28T12:00:00+05:30,"SYNTHETIC demo data (KaushalSetu SIH prototype): fictional entities, team-assumed numbers, not real or official statistics.",true
8c8d121a-cf1f-5e85-b9cc-6abea427e230,C-TC-E-ev-charging-2024-013,05d7354b-c53f-5e04-95e5-eb977f8c1379,ITI,"[""mr"",""hi""]","{""analytics"":true,""contact_by_employers"":true}",Y08,"KaushalSetu synthetic generator v2, seed 20260929",2026-09-28T12:00:00+05:30,"SYNTHETIC demo data (KaushalSetu SIH prototype): fictional entities, team-assumed numbers, not real or official statistics.",true
2bd84353-75c1-51b0-9e17-01e616365f92,C-TC-E-ev-charging-2024-014,05d7354b-c53f-5e04-95e5-eb977f8c1379,ITI,"[""mr"",""en""]","{""analytics"":true,""contact_by_employers"":true}",Y08,"KaushalSetu synthetic generator v2, seed 20260929",2026-09-28T12:00:00+05:30,"SYNTHETIC demo data (KaushalSetu SIH prototype): fictional entities, team-assumed numbers, not real or official statistics.",true
4431c1db-0366-5ee0-acd1-83b550119a57,C-TC-E-ev-charging-2024-015,05d7354b-c53f-5e04-95e5-eb977f8c1379,DIPLOMA,"[""mr""]","{""analytics"":true,""contact_by_employers"":true}",Y08,"KaushalSetu synthetic generator v2, seed 20260929",2026-09-28T12:00:00+05:30,"SYNTHETIC demo data (KaushalSetu SIH prototype): fictional entities, team-assumed numbers, not real or official statistics.",true
27c13711-fba2-54b0-bf81-3d5031db5fe5,C-TC-E-ev-charging-2024-016,05d7354b-c53f-5e04-95e5-eb977f8c1379,ITI,"[""mr"",""hi""]","{""analytics"":true,""contact_by_employers"":true}",Y08,"KaushalSetu synthetic generator v2, seed 20260929",2026-09-28T12:00:00+05:30,"SYNTHETIC demo data (KaushalSetu SIH prototype): fictional entities, team-assumed numbers, not real or official statistics.",true
bec26e97-d632-51e7-9699-0a9a3a1e836e,C-TC-E-ev-charging-2024-017,05d7354b-c53f-5e04-95e5-eb977f8c1379,ITI,"[""mr"",""hi""]","{""analytics"":true,""contact_by_employers"":true}",Y08,"KaushalSetu synthetic generator v2, seed 20260929",2026-09-28T12:00:00+05:30,"SYNTHETIC demo data (KaushalSetu SIH prototype): fictional entities, team-assumed numbers, not real or official statistics.",true
d411b7c1-58ea-559b-b372-87a0b0fb95a3,C-TC-E-ev-charging-2024-018,05d7354b-c53f-5e04-95e5-eb977f8c1379,CLASS_12,"[""mr"",""hi""]","{""analytics"":true,""contact_by_employers"":true}",Y08,"KaushalSetu synthetic generator v2, seed 20260929",2026-09-28T12:00:00+05:30,"SYNTHETIC demo data (KaushalSetu SIH prototype): fictional entities, team-assumed numbers, not real or official statistics.",true
c00f8d2e-4777-5136-b380-701cb3d0794b,C-TC-E-ev-charging-2024-019,05d7354b-c53f-5e04-95e5-eb977f8c1379,ITI,"[""mr"",""hi"",""en""]","{""analytics"":true,""contact_by_employers"":true}",Y08,"KaushalSetu synthetic generator v2, seed 20260929",2026-09-28T12:00:00+05:30,"SYNTHETIC demo data (KaushalSetu SIH prototype): fictional entities, team-assumed numbers, not real or official statistics.",true
3bbed778-a4c9-5bc8-b256-5551d06cf2b7,C-TC-E-ev-charging-2024-020,05d7354b-c53f-5e04-95e5-eb977f8c1379,DIPLOMA,"[""mr"",""hi"",""en""]","{""analytics"":true,""contact_by_employers"":false}",Y08,"KaushalSetu synthetic generator v2, seed 20260929",2026-09-28T12:00:00+05:30,"SYNTHETIC demo data (KaushalSetu SIH prototype): fictional entities, team-assumed numbers, not real or official statistics.",true
c0401d4a-94ef-5639-ae34-ecf6250fbf42,C-TC-E-ev-charging-2024-021,05d7354b-c53f-5e04-95e5-eb977f8c1379,ITI,"[""mr"",""hi""]","{""analytics"":true,""contact_by_employers"":true}",Y08,"KaushalSetu synthetic generator v2, seed 20260929",2026-09-28T12:00:00+05:30,"SYNTHETIC demo data (KaushalSetu SIH prototype): fictional entities, team-assumed numbers, not real or official statistics.",true
017944dd-d23a-5f6c-be2b-7a2b10abe153,C-TC-E-ev-charging-2024-022,05d7354b-c53f-5e04-95e5-eb977f8c1379,ITI,"[""mr"",""hi"",""en""]","{""analytics"":true,""contact_by_employers"":true}",Y08,"KaushalSetu synthetic generator v2, seed 20260929",2026-09-28T12:00:00+05:30,"SYNTHETIC demo data (KaushalSetu SIH prototype): fictional entities, team-assumed numbers, not real or official statistics.",true
d56af074-faec-57e2-a83c-22151b50ff49,C-TC-E-ev-charging-2024-023,05d7354b-c53f-5e04-95e5-eb977f8c1379,ITI,"[""mr"",""hi""]","{""analytics"":true,""contact_by_employers"":true}",Y08,"KaushalSetu synthetic generator v2, seed 20260929",2026-09-28T12:00:00+05:30,"SYNTHETIC demo data (KaushalSetu SIH prototype): fictional entities, team-assumed numbers, not real or official statistics.",true
169b11e9-4dcd-56a5-9c77-0d3ff499953b,C-TC-E-ev-charging-2024-024,05d7354b-c53f-5e04-95e5-eb977f8c1379,DIPLOMA,"[""mr""]","{""analytics"":true,""contact_by_employers"":true}",Y08,"KaushalSetu synthetic generator v2, seed 20260929",2026-09-28T12:00:00+05:30,"SYNTHETIC demo data (KaushalSetu SIH prototype): fictional entities, team-assumed numbers, not real or official statistics.",true
e083875c-563f-5ed6-b781-1e1c42a035de,C-TC-E-ev-charging-2024-025,05d7354b-c53f-5e04-95e5-eb977f8c1379,ITI,"[""mr"",""en""]","{""analytics"":true,""contact_by_employers"":true}",Y08,"KaushalSetu synthetic generator v2, seed 20260929",2026-09-28T12:00:00+05:30,"SYNTHETIC demo data (KaushalSetu SIH prototype): fictional entities, team-assumed numbers, not real or official statistics.",true
6cf42a32-412e-5c4e-a886-815eb12d764b,C-TC-E-ev-charging-2024-026,05d7354b-c53f-5e04-95e5-eb977f8c1379,CLASS_10,"[""mr"",""hi"",""en""]","{""analytics"":true,""contact_by_employers"":true}",Y08,"KaushalSetu synthetic generator v2, seed 20260929",2026-09-28T12:00:00+05:30,"SYNTHETIC demo data (KaushalSetu SIH prototype): fictional entities, team-assumed numbers, not real or official statistics.",true
4d32ecd4-d3f6-5915-aad6-fc0d109f2d1c,C-TC-E-ev-charging-2024-027,05d7354b-c53f-5e04-95e5-eb977f8c1379,CLASS_10,"[""mr"",""hi""]","{""analytics"":true,""contact_by_employers"":false}",Y08,"KaushalSetu synthetic generator v2, seed 20260929",2026-09-28T12:00:00+05:30,"SYNTHETIC demo data (KaushalSetu SIH prototype): fictional entities, team-assumed numbers, not real or official statistics.",true
472afa9d-82e2-53cb-994c-67c4543f309d,C-TC-E-ev-charging-2024-028,05d7354b-c53f-5e04-95e5-eb977f8c1379,ITI,"[""mr"",""hi""]","{""analytics"":true,""contact_by_employers"":true}",Y08,"KaushalSetu synthetic generator v2, seed 20260929",2026-09-28T12:00:00+05:30,"SYNTHETIC demo data (KaushalSetu SIH prototype): fictional entities, team-assumed numbers, not real or official statistics.",true
a4dec90a-acfc-5f17-ab13-9703645dbe5a,C-TC-E-ev-charging-2025-001,05d7354b-c53f-5e04-95e5-eb977f8c1379,DIPLOMA,"[""mr""]","{""analytics"":true,""contact_by_employers"":false}",Y08,"KaushalSetu synthetic generator v2, seed 20260929",2026-09-28T12:00:00+05:30,"SYNTHETIC demo data (KaushalSetu SIH prototype): fictional entities, team-assumed numbers, not real or official statistics.",true
93963f9b-fb1b-5131-8b33-57271679350c,C-TC-E-ev-charging-2025-002,05d7354b-c53f-5e04-95e5-eb977f8c1379,ITI,"[""mr"",""hi""]","{""analytics"":true,""contact_by_employers"":true}",Y08,"KaushalSetu synthetic generator v2, seed 20260929",2026-09-28T12:00:00+05:30,"SYNTHETIC demo data (KaushalSetu SIH prototype): fictional entities, team-assumed numbers, not real or official statistics.",true
ab3ce071-d47a-5bf2-b4f6-202cd2e5e834,C-TC-E-ev-charging-2025-003,05d7354b-c53f-5e04-95e5-eb977f8c1379,DIPLOMA,"[""mr"",""hi""]","{""analytics"":true,""contact_by_employers"":true}",Y08,"KaushalSetu synthetic generator v2, seed 20260929",2026-09-28T12:00:00+05:30,"SYNTHETIC demo data (KaushalSetu SIH prototype): fictional entities, team-assumed numbers, not real or official statistics.",true
f27d51ca-15b7-5c01-b368-9192f9ed8f69,C-TC-E-ev-charging-2025-004,05d7354b-c53f-5e04-95e5-eb977f8c1379,ITI,"[""mr""]","{""analytics"":true,""contact_by_employers"":true}",Y08,"KaushalSetu synthetic generator v2, seed 20260929",2026-09-28T12:00:00+05:30,"SYNTHETIC demo data (KaushalSetu SIH prototype): fictional entities, team-assumed numbers, not real or official statistics.",true
427461d4-8244-56b9-9175-191e598a05e4,C-TC-E-ev-charging-2025-005,05d7354b-c53f-5e04-95e5-eb977f8c1379,CLASS_12,"[""mr"",""hi"",""en""]","{""analytics"":true,""contact_by_employers"":false}",Y08,"KaushalSetu synthetic generator v2, seed 20260929",2026-09-28T12:00:00+05:30,"SYNTHETIC demo data (KaushalSetu SIH prototype): fictional entities, team-assumed numbers, not real or official statistics.",true
c3d47c83-88a4-56bd-bd6f-fd4702ba3b58,C-TC-E-ev-charging-2025-006,05d7354b-c53f-5e04-95e5-eb977f8c1379,ITI,"[""mr"",""hi""]","{""analytics"":true,""contact_by_employers"":true}",Y08,"KaushalSetu synthetic generator v2, seed 20260929",2026-09-28T12:00:00+05:30,"SYNTHETIC demo data (KaushalSetu SIH prototype): fictional entities, team-assumed numbers, not real or official statistics.",true
63c7888d-ce9f-50d2-8c59-2d78619d8929,C-TC-E-ev-charging-2025-007,05d7354b-c53f-5e04-95e5-eb977f8c1379,ITI,"[""mr"",""hi"",""en""]","{""analytics"":true,""contact_by_employers"":true}",Y08,"KaushalSetu synthetic generator v2, seed 20260929",2026-09-28T12:00:00+05:30,"SYNTHETIC demo data (KaushalSetu SIH prototype): fictional entities, team-assumed numbers, not real or official statistics.",true
6601ec15-2566-5282-a22b-6e57f466f2af,C-TC-E-ev-charging-2025-008,05d7354b-c53f-5e04-95e5-eb977f8c1379,CLASS_10,"[""mr"",""hi"",""en""]","{""analytics"":true,""contact_by_employers"":false}",Y08,"KaushalSetu synthetic generator v2, seed 20260929",2026-09-28T12:00:00+05:30,"SYNTHETIC demo data (KaushalSetu SIH prototype): fictional entities, team-assumed numbers, not real or official statistics.",true
e6f9dcf7-aa44-5e70-a238-dee2817bc637,C-TC-E-ev-charging-2025-009,05d7354b-c53f-5e04-95e5-eb977f8c1379,DIPLOMA,"[""mr""]","{""analytics"":true,""contact_by_employers"":true}",Y08,"KaushalSetu synthetic generator v2, seed 20260929",2026-09-28T12:00:00+05:30,"SYNTHETIC demo data (KaushalSetu SIH prototype): fictional entities, team-assumed numbers, not real or official statistics.",true
af0ef729-2af3-54f0-85fa-38a15a0888f8,C-TC-E-ev-charging-2025-010,05d7354b-c53f-5e04-95e5-eb977f8c1379,ITI,"[""mr"",""hi"",""en""]","{""analytics"":true,""contact_by_employers"":true}",Y08,"KaushalSetu synthetic generator v2, seed 20260929",2026-09-28T12:00:00+05:30,"SYNTHETIC demo data (KaushalSetu SIH prototype): fictional entities, team-assumed numbers, not real or official statistics.",true
c88f61c1-c1dd-5ff8-b095-97d4533dd14e,C-TC-E-ev-charging-2025-011,05d7354b-c53f-5e04-95e5-eb977f8c1379,DIPLOMA,"[""mr"",""hi"",""en""]","{""analytics"":true,""contact_by_employers"":true}",Y08,"KaushalSetu synthetic generator v2, seed 20260929",2026-09-28T12:00:00+05:30,"SYNTHETIC demo data (KaushalSetu SIH prototype): fictional entities, team-assumed numbers, not real or official statistics.",true
a908b01d-6c1c-5c46-ad63-6c1fb398db30,C-TC-E-ev-charging-2025-012,05d7354b-c53f-5e04-95e5-eb977f8c1379,DIPLOMA,"[""mr"",""hi"",""en""]","{""analytics"":true,""contact_by_employers"":true}",Y08,"KaushalSetu synthetic generator v2, seed 20260929",2026-09-28T12:00:00+05:30,"SYNTHETIC demo data (KaushalSetu SIH prototype): fictional entities, team-assumed numbers, not real or official statistics.",true
2c640732-cdb0-54ac-910d-d891315cfc3c,C-TC-E-ev-charging-2025-013,05d7354b-c53f-5e04-95e5-eb977f8c1379,ITI,"[""mr"",""hi""]","{""analytics"":true,""contact_by_employers"":true}",Y08,"KaushalSetu synthetic generator v2, seed 20260929",2026-09-28T12:00:00+05:30,"SYNTHETIC demo data (KaushalSetu SIH prototype): fictional entities, team-assumed numbers, not real or official statistics.",true
3147b52f-0587-5e88-ac4a-fc06474d6f4b,C-TC-E-ev-charging-2025-014,05d7354b-c53f-5e04-95e5-eb977f8c1379,ITI,"[""mr""]","{""analytics"":true,""contact_by_employers"":false}",Y08,"KaushalSetu synthetic generator v2, seed 20260929",2026-09-28T12:00:00+05:30,"SYNTHETIC demo data (KaushalSetu SIH prototype): fictional entities, team-assumed numbers, not real or official statistics.",true
ebb01563-2e7a-5ee9-9a17-28605a78c9b4,C-TC-E-ev-charging-2025-015,05d7354b-c53f-5e04-95e5-eb977f8c1379,ITI,"[""mr"",""en""]","{""analytics"":true,""contact_by_employers"":true}",Y08,"KaushalSetu synthetic generator v2, seed 20260929",2026-09-28T12:00:00+05:30,"SYNTHETIC demo data (KaushalSetu SIH prototype): fictional entities, team-assumed numbers, not real or official statistics.",true
92e5a69e-8569-5ec4-8e42-80e4a5df0929,C-TC-E-ev-charging-2025-016,05d7354b-c53f-5e04-95e5-eb977f8c1379,CLASS_12,"[""mr"",""hi""]","{""analytics"":true,""contact_by_employers"":false}",Y08,"KaushalSetu synthetic generator v2, seed 20260929",2026-09-28T12:00:00+05:30,"SYNTHETIC demo data (KaushalSetu SIH prototype): fictional entities, team-assumed numbers, not real or official statistics.",true
0a194c6b-094e-565b-a5c5-2cc18bf4a9eb,C-TC-E-ev-charging-2025-017,05d7354b-c53f-5e04-95e5-eb977f8c1379,DIPLOMA,"[""mr""]","{""analytics"":true,""contact_by_employers"":true}",Y08,"KaushalSetu synthetic generator v2, seed 20260929",2026-09-28T12:00:00+05:30,"SYNTHETIC demo data (KaushalSetu SIH prototype): fictional entities, team-assumed numbers, not real or official statistics.",true
18dec740-f5e7-51b6-8d66-5e9f7a5e524d,C-TC-E-ev-charging-2025-018,05d7354b-c53f-5e04-95e5-eb977f8c1379,ITI,"[""mr""]","{""analytics"":true,""contact_by_employers"":true}",Y08,"KaushalSetu synthetic generator v2, seed 20260929",2026-09-28T12:00:00+05:30,"SYNTHETIC demo data (KaushalSetu SIH prototype): fictional entities, team-assumed numbers, not real or official statistics.",true
41cfee9c-6f27-5760-be92-b964dd50061e,C-TC-E-ev-charging-2025-019,05d7354b-c53f-5e04-95e5-eb977f8c1379,CLASS_10,"[""mr"",""hi""]","{""analytics"":true,""contact_by_employers"":true}",Y08,"KaushalSetu synthetic generator v2, seed 20260929",2026-09-28T12:00:00+05:30,"SYNTHETIC demo data (KaushalSetu SIH prototype): fictional entities, team-assumed numbers, not real or official statistics.",true
d3e8116d-96be-5cef-986f-3d48eb78529e,C-TC-E-ev-charging-2025-020,05d7354b-c53f-5e04-95e5-eb977f8c1379,CLASS_12,"[""mr"",""hi""]","{""analytics"":true,""contact_by_employers"":true}",Y08,"KaushalSetu synthetic generator v2, seed 20260929",2026-09-28T12:00:00+05:30,"SYNTHETIC demo data (KaushalSetu SIH prototype): fictional entities, team-assumed numbers, not real or official statistics.",true
96588448-483e-54af-a95b-df11e19a440a,C-TC-E-ev-charging-2025-021,05d7354b-c53f-5e04-95e5-eb977f8c1379,ITI,"[""mr"",""hi""]","{""analytics"":true,""contact_by_employers"":true}",Y08,"KaushalSetu synthetic generator v2, seed 20260929",2026-09-28T12:00:00+05:30,"SYNTHETIC demo data (KaushalSetu SIH prototype): fictional entities, team-assumed numbers, not real or official statistics.",true
dc7b0ee5-e3bb-5cf4-b423-af74dddf7ed6,C-TC-E-ev-charging-2025-022,05d7354b-c53f-5e04-95e5-eb977f8c1379,CLASS_12,"[""mr"",""hi""]","{""analytics"":true,""contact_by_employers"":true}",Y08,"KaushalSetu synthetic generator v2, seed 20260929",2026-09-28T12:00:00+05:30,"SYNTHETIC demo data (KaushalSetu SIH prototype): fictional entities, team-assumed numbers, not real or official statistics.",true
29384915-9c62-5568-a2bf-61ef9df6bbd9,C-TC-E-ev-charging-2025-023,05d7354b-c53f-5e04-95e5-eb977f8c1379,ITI,"[""mr"",""hi""]","{""analytics"":true,""contact_by_employers"":true}",Y08,"KaushalSetu synthetic generator v2, seed 20260929",2026-09-28T12:00:00+05:30,"SYNTHETIC demo data (KaushalSetu SIH prototype): fictional entities, team-assumed numbers, not real or official statistics.",true
f676a626-41d4-59a9-b729-c1afb17c7629,C-TC-E-ev-charging-2025-024,05d7354b-c53f-5e04-95e5-eb977f8c1379,CLASS_12,"[""mr"",""en""]","{""analytics"":true,""contact_by_employers"":false}",Y08,"KaushalSetu synthetic generator v2, seed 20260929",2026-09-28T12:00:00+05:30,"SYNTHETIC demo data (KaushalSetu SIH prototype): fictional entities, team-assumed numbers, not real or official statistics.",true
e5f8f8e0-e714-5df4-8157-53aeb25af35a,C-TC-E-ev-charging-2025-025,05d7354b-c53f-5e04-95e5-eb977f8c1379,CLASS_10,"[""mr""]","{""analytics"":true,""contact_by_employers"":true}",Y08,"KaushalSetu synthetic generator v2, seed 20260929",2026-09-28T12:00:00+05:30,"SYNTHETIC demo data (KaushalSetu SIH prototype): fictional entities, team-assumed numbers, not real or official statistics.",true
e6e0d14b-df03-5bf2-b42e-84ae9c3e3f8e,C-TC-E-ev-charging-2025-026,05d7354b-c53f-5e04-95e5-eb977f8c1379,ITI,"[""mr"",""hi""]","{""analytics"":true,""contact_by_employers"":true}",Y08,"KaushalSetu synthetic generator v2, seed 20260929",2026-09-28T12:00:00+05:30,"SYNTHETIC demo data (KaushalSetu SIH prototype): fictional entities, team-assumed numbers, not real or official statistics.",true
c8bde214-a508-5ac4-b5ae-bbb8eb49f020,C-TC-E-ev-charging-2025-027,05d7354b-c53f-5e04-95e5-eb977f8c1379,DIPLOMA,"[""mr"",""hi""]","{""analytics"":true,""contact_by_employers"":true}",Y08,"KaushalSetu synthetic generator v2, seed 20260929",2026-09-28T12:00:00+05:30,"SYNTHETIC demo data (KaushalSetu SIH prototype): fictional entities, team-assumed numbers, not real or official statistics.",true
5f6bb470-9599-5681-b9ab-a7b460bce2a3,C-TC-E-ev-charging-2025-028,05d7354b-c53f-5e04-95e5-eb977f8c1379,CLASS_12,"[""mr"",""en""]","{""analytics"":true,""contact_by_employers"":true}",Y08,"KaushalSetu synthetic generator v2, seed 20260929",2026-09-28T12:00:00+05:30,"SYNTHETIC demo data (KaushalSetu SIH prototype): fictional entities, team-assumed numbers, not real or official statistics.",true
5b010420-8ba6-5be2-ab71-53ea00e30c7e,C-TC-E-ev-charging-2025-029,05d7354b-c53f-5e04-95e5-eb977f8c1379,DIPLOMA,"[""mr""]","{""analytics"":true,""contact_by_employers"":true}",Y08,"KaushalSetu synthetic generator v2, seed 20260929",2026-09-28T12:00:00+05:30,"SYNTHETIC demo data (KaushalSetu SIH prototype): fictional entities, team-assumed numbers, not real or official statistics.",true
80d06f2e-58c5-5047-ac79-4d8e04677259,C-TC-E-ev-charging-2025-030,05d7354b-c53f-5e04-95e5-eb977f8c1379,CLASS_10,"[""mr"",""hi"",""en""]","{""analytics"":true,""contact_by_employers"":false}",Y08,"KaushalSetu synthetic generator v2, seed 20260929",2026-09-28T12:00:00+05:30,"SYNTHETIC demo data (KaushalSetu SIH prototype): fictional entities, team-assumed numbers, not real or official statistics.",true
78b97c15-c65f-5295-986e-ff7a3b566608,C-ITI-F-electrician-2024-001,05d7354b-c53f-5e04-95e5-eb977f8c1379,CLASS_10,"[""mr"",""hi""]","{""analytics"":true,""contact_by_employers"":true}",Y08,"KaushalSetu synthetic generator v2, seed 20260929",2026-09-28T12:00:00+05:30,"SYNTHETIC demo data (KaushalSetu SIH prototype): fictional entities, team-assumed numbers, not real or official statistics.",true
18371fe7-1417-5146-9806-07186f75bb1b,C-ITI-F-electrician-2024-002,05d7354b-c53f-5e04-95e5-eb977f8c1379,CLASS_12,"[""mr""]","{""analytics"":true,""contact_by_employers"":false}",Y08,"KaushalSetu synthetic generator v2, seed 20260929",2026-09-28T12:00:00+05:30,"SYNTHETIC demo data (KaushalSetu SIH prototype): fictional entities, team-assumed numbers, not real or official statistics.",true
9d648ed0-e7d4-56b5-83e2-a1d8f97b4b0f,C-ITI-F-electrician-2024-003,05d7354b-c53f-5e04-95e5-eb977f8c1379,CLASS_10,"[""mr""]","{""analytics"":true,""contact_by_employers"":true}",Y08,"KaushalSetu synthetic generator v2, seed 20260929",2026-09-28T12:00:00+05:30,"SYNTHETIC demo data (KaushalSetu SIH prototype): fictional entities, team-assumed numbers, not real or official statistics.",true
849bb620-23d4-524e-acd8-2c51921bd8fc,C-ITI-F-electrician-2024-004,05d7354b-c53f-5e04-95e5-eb977f8c1379,CLASS_10,"[""mr"",""hi""]","{""analytics"":true,""contact_by_employers"":true}",Y08,"KaushalSetu synthetic generator v2, seed 20260929",2026-09-28T12:00:00+05:30,"SYNTHETIC demo data (KaushalSetu SIH prototype): fictional entities, team-assumed numbers, not real or official statistics.",true
b9082a55-4d4e-5019-97bf-73ea12f9309e,C-ITI-F-electrician-2024-005,05d7354b-c53f-5e04-95e5-eb977f8c1379,CLASS_12,"[""mr""]","{""analytics"":true,""contact_by_employers"":true}",Y08,"KaushalSetu synthetic generator v2, seed 20260929",2026-09-28T12:00:00+05:30,"SYNTHETIC demo data (KaushalSetu SIH prototype): fictional entities, team-assumed numbers, not real or official statistics.",true
f1bcdddf-aadf-5fe9-a48f-bac0037bf336,C-ITI-F-electrician-2024-006,05d7354b-c53f-5e04-95e5-eb977f8c1379,CLASS_10,"[""mr"",""hi"",""en""]","{""analytics"":true,""contact_by_employers"":true}",Y08,"KaushalSetu synthetic generator v2, seed 20260929",2026-09-28T12:00:00+05:30,"SYNTHETIC demo data (KaushalSetu SIH prototype): fictional entities, team-assumed numbers, not real or official statistics.",true
518bca6f-eb8e-5904-abe4-a718319bf2ae,C-ITI-F-electrician-2024-007,05d7354b-c53f-5e04-95e5-eb977f8c1379,CLASS_10,"[""mr"",""hi"",""en""]","{""analytics"":true,""contact_by_employers"":true}",Y08,"KaushalSetu synthetic generator v2, seed 20260929",2026-09-28T12:00:00+05:30,"SYNTHETIC demo data (KaushalSetu SIH prototype): fictional entities, team-assumed numbers, not real or official statistics.",true
51f11538-37a6-55c4-96b5-4ac935c21ec2,C-ITI-F-electrician-2024-008,05d7354b-c53f-5e04-95e5-eb977f8c1379,CLASS_12,"[""mr"",""en""]","{""analytics"":true,""contact_by_employers"":false}",Y08,"KaushalSetu synthetic generator v2, seed 20260929",2026-09-28T12:00:00+05:30,"SYNTHETIC demo data (KaushalSetu SIH prototype): fictional entities, team-assumed numbers, not real or official statistics.",true
c4afabfd-67ff-5bf8-8f59-e22eaaa2af44,C-ITI-F-electrician-2024-009,05d7354b-c53f-5e04-95e5-eb977f8c1379,CLASS_10,"[""mr"",""hi""]","{""analytics"":true,""contact_by_employers"":true}",Y08,"KaushalSetu synthetic generator v2, seed 20260929",2026-09-28T12:00:00+05:30,"SYNTHETIC demo data (KaushalSetu SIH prototype): fictional entities, team-assumed numbers, not real or official statistics.",true
2b10997e-ced3-5ba7-8638-75ed2c823403,C-ITI-F-electrician-2024-010,05d7354b-c53f-5e04-95e5-eb977f8c1379,CLASS_10,"[""mr"",""en""]","{""analytics"":true,""contact_by_employers"":true}",Y08,"KaushalSetu synthetic generator v2, seed 20260929",2026-09-28T12:00:00+05:30,"SYNTHETIC demo data (KaushalSetu SIH prototype): fictional entities, team-assumed numbers, not real or official statistics.",true
f0522b5e-784e-50a4-8cb1-a99fbc48088d,C-ITI-F-electrician-2024-011,05d7354b-c53f-5e04-95e5-eb977f8c1379,CLASS_10,"[""mr"",""hi"",""en""]","{""analytics"":true,""contact_by_employers"":true}",Y08,"KaushalSetu synthetic generator v2, seed 20260929",2026-09-28T12:00:00+05:30,"SYNTHETIC demo data (KaushalSetu SIH prototype): fictional entities, team-assumed numbers, not real or official statistics.",true
9a54d41e-d09b-51fa-8dc3-1349cfb71154,C-ITI-F-electrician-2024-012,05d7354b-c53f-5e04-95e5-eb977f8c1379,CLASS_12,"[""mr""]","{""analytics"":true,""contact_by_employers"":true}",Y08,"KaushalSetu synthetic generator v2, seed 20260929",2026-09-28T12:00:00+05:30,"SYNTHETIC demo data (KaushalSetu SIH prototype): fictional entities, team-assumed numbers, not real or official statistics.",true
87c44dca-d6d8-5d49-9383-fda4333618c0,C-ITI-F-electrician-2024-013,05d7354b-c53f-5e04-95e5-eb977f8c1379,CLASS_12,"[""mr""]","{""analytics"":true,""contact_by_employers"":true}",Y08,"KaushalSetu synthetic generator v2, seed 20260929",2026-09-28T12:00:00+05:30,"SYNTHETIC demo data (KaushalSetu SIH prototype): fictional entities, team-assumed numbers, not real or official statistics.",true
7eb0e126-fd76-5308-92e2-7cbed217334c,C-ITI-F-electrician-2024-014,05d7354b-c53f-5e04-95e5-eb977f8c1379,CLASS_10,"[""mr"",""hi""]","{""analytics"":true,""contact_by_employers"":true}",Y08,"KaushalSetu synthetic generator v2, seed 20260929",2026-09-28T12:00:00+05:30,"SYNTHETIC demo data (KaushalSetu SIH prototype): fictional entities, team-assumed numbers, not real or official statistics.",true
f19c41ff-980d-5610-b2ec-51b86a928d76,C-ITI-F-electrician-2024-015,05d7354b-c53f-5e04-95e5-eb977f8c1379,CLASS_12,"[""mr"",""hi""]","{""analytics"":true,""contact_by_employers"":true}",Y08,"KaushalSetu synthetic generator v2, seed 20260929",2026-09-28T12:00:00+05:30,"SYNTHETIC demo data (KaushalSetu SIH prototype): fictional entities, team-assumed numbers, not real or official statistics.",true
a3859d5a-4e0c-5503-84b8-c9075906655d,C-ITI-F-electrician-2024-016,05d7354b-c53f-5e04-95e5-eb977f8c1379,CLASS_10,"[""mr"",""hi"",""en""]","{""analytics"":true,""contact_by_employers"":true}",Y08,"KaushalSetu synthetic generator v2, seed 20260929",2026-09-28T12:00:00+05:30,"SYNTHETIC demo data (KaushalSetu SIH prototype): fictional entities, team-assumed numbers, not real or official statistics.",true
89e436ec-f312-512c-89b7-d8d19c9f6ef1,C-ITI-F-electrician-2024-017,05d7354b-c53f-5e04-95e5-eb977f8c1379,CLASS_10,"[""mr"",""en""]","{""analytics"":true,""contact_by_employers"":false}",Y08,"KaushalSetu synthetic generator v2, seed 20260929",2026-09-28T12:00:00+05:30,"SYNTHETIC demo data (KaushalSetu SIH prototype): fictional entities, team-assumed numbers, not real or official statistics.",true
a9e8ec3a-817f-51eb-b07d-9adafb377cca,C-ITI-F-electrician-2024-018,05d7354b-c53f-5e04-95e5-eb977f8c1379,CLASS_10,"[""mr"",""hi""]","{""analytics"":true,""contact_by_employers"":true}",Y08,"KaushalSetu synthetic generator v2, seed 20260929",2026-09-28T12:00:00+05:30,"SYNTHETIC demo data (KaushalSetu SIH prototype): fictional entities, team-assumed numbers, not real or official statistics.",true
46ae25e9-5059-5232-9c90-d14d2e8bcc06,C-ITI-F-electrician-2024-019,05d7354b-c53f-5e04-95e5-eb977f8c1379,CLASS_10,"[""mr"",""hi""]","{""analytics"":true,""contact_by_employers"":false}",Y08,"KaushalSetu synthetic generator v2, seed 20260929",2026-09-28T12:00:00+05:30,"SYNTHETIC demo data (KaushalSetu SIH prototype): fictional entities, team-assumed numbers, not real or official statistics.",true
f7f810f5-e31d-5e08-8775-9d60bf3380b5,C-ITI-F-electrician-2024-020,05d7354b-c53f-5e04-95e5-eb977f8c1379,CLASS_12,"[""mr"",""hi"",""en""]","{""analytics"":true,""contact_by_employers"":true}",Y08,"KaushalSetu synthetic generator v2, seed 20260929",2026-09-28T12:00:00+05:30,"SYNTHETIC demo data (KaushalSetu SIH prototype): fictional entities, team-assumed numbers, not real or official statistics.",true
bba66336-5bbf-59ff-a3c6-f97e8149880d,C-ITI-F-electrician-2024-021,05d7354b-c53f-5e04-95e5-eb977f8c1379,CLASS_12,"[""mr""]","{""analytics"":true,""contact_by_employers"":true}",Y08,"KaushalSetu synthetic generator v2, seed 20260929",2026-09-28T12:00:00+05:30,"SYNTHETIC demo data (KaushalSetu SIH prototype): fictional entities, team-assumed numbers, not real or official statistics.",true
d5852a0e-2c13-5bd2-8c1e-c3730705e16a,C-ITI-F-electrician-2024-022,05d7354b-c53f-5e04-95e5-eb977f8c1379,CLASS_10,"[""mr"",""hi""]","{""analytics"":true,""contact_by_employers"":true}",Y08,"KaushalSetu synthetic generator v2, seed 20260929",2026-09-28T12:00:00+05:30,"SYNTHETIC demo data (KaushalSetu SIH prototype): fictional entities, team-assumed numbers, not real or official statistics.",true
d2c13538-60a7-5591-b8ff-68e7045d84a2,C-ITI-F-electrician-2024-023,05d7354b-c53f-5e04-95e5-eb977f8c1379,CLASS_10,"[""mr""]","{""analytics"":true,""contact_by_employers"":false}",Y08,"KaushalSetu synthetic generator v2, seed 20260929",2026-09-28T12:00:00+05:30,"SYNTHETIC demo data (KaushalSetu SIH prototype): fictional entities, team-assumed numbers, not real or official statistics.",true
d6253ffb-f942-5ea1-9287-b394a33d33c2,C-ITI-F-electrician-2024-024,05d7354b-c53f-5e04-95e5-eb977f8c1379,CLASS_10,"[""mr""]","{""analytics"":true,""contact_by_employers"":false}",Y08,"KaushalSetu synthetic generator v2, seed 20260929",2026-09-28T12:00:00+05:30,"SYNTHETIC demo data (KaushalSetu SIH prototype): fictional entities, team-assumed numbers, not real or official statistics.",true
3f30b13b-87d8-59c2-a134-d0239f217687,C-ITI-F-electrician-2024-025,05d7354b-c53f-5e04-95e5-eb977f8c1379,CLASS_12,"[""mr"",""en""]","{""analytics"":true,""contact_by_employers"":true}",Y08,"KaushalSetu synthetic generator v2, seed 20260929",2026-09-28T12:00:00+05:30,"SYNTHETIC demo data (KaushalSetu SIH prototype): fictional entities, team-assumed numbers, not real or official statistics.",true
56ac7c10-239a-5de8-b9e1-ecb8b8c061fa,C-ITI-F-electrician-2024-026,05d7354b-c53f-5e04-95e5-eb977f8c1379,CLASS_10,"[""mr"",""hi""]","{""analytics"":true,""contact_by_employers"":true}",Y08,"KaushalSetu synthetic generator v2, seed 20260929",2026-09-28T12:00:00+05:30,"SYNTHETIC demo data (KaushalSetu SIH prototype): fictional entities, team-assumed numbers, not real or official statistics.",true
8d97c86c-066d-5acd-bf4c-8e263008e9ad,C-ITI-F-electrician-2024-027,05d7354b-c53f-5e04-95e5-eb977f8c1379,CLASS_12,"[""mr"",""hi""]","{""analytics"":true,""contact_by_employers"":true}",Y08,"KaushalSetu synthetic generator v2, seed 20260929",2026-09-28T12:00:00+05:30,"SYNTHETIC demo data (KaushalSetu SIH prototype): fictional entities, team-assumed numbers, not real or official statistics.",true
400ed12a-5373-5f19-a719-4185da9f89aa,C-ITI-F-electrician-2024-028,05d7354b-c53f-5e04-95e5-eb977f8c1379,CLASS_10,"[""mr"",""hi""]","{""analytics"":true,""contact_by_employers"":true}",Y08,"KaushalSetu synthetic generator v2, seed 20260929",2026-09-28T12:00:00+05:30,"SYNTHETIC demo data (KaushalSetu SIH prototype): fictional entities, team-assumed numbers, not real or official statistics.",true
8f9bbad8-6a2d-5732-95b7-03dd46ded62b,C-ITI-F-electrician-2024-029,05d7354b-c53f-5e04-95e5-eb977f8c1379,CLASS_10,"[""mr"",""hi"",""en""]","{""analytics"":true,""contact_by_employers"":false}",Y08,"KaushalSetu synthetic generator v2, seed 20260929",2026-09-28T12:00:00+05:30,"SYNTHETIC demo data (KaushalSetu SIH prototype): fictional entities, team-assumed numbers, not real or official statistics.",true
942d89d7-41f7-531c-bb65-0327f6ff3ef1,C-ITI-F-electrician-2024-030,05d7354b-c53f-5e04-95e5-eb977f8c1379,CLASS_10,"[""mr"",""en""]","{""analytics"":true,""contact_by_employers"":true}",Y08,"KaushalSetu synthetic generator v2, seed 20260929",2026-09-28T12:00:00+05:30,"SYNTHETIC demo data (KaushalSetu SIH prototype): fictional entities, team-assumed numbers, not real or official statistics.",true
6a6131e2-c7b9-5ca9-904d-264d48307e95,C-ITI-F-electrician-2024-031,05d7354b-c53f-5e04-95e5-eb977f8c1379,CLASS_10,"[""mr""]","{""analytics"":true,""contact_by_employers"":false}",Y08,"KaushalSetu synthetic generator v2, seed 20260929",2026-09-28T12:00:00+05:30,"SYNTHETIC demo data (KaushalSetu SIH prototype): fictional entities, team-assumed numbers, not real or official statistics.",true
571938e1-a516-510e-85e0-79d6cd3c01cd,C-ITI-F-electrician-2024-032,05d7354b-c53f-5e04-95e5-eb977f8c1379,CLASS_10,"[""mr"",""hi""]","{""analytics"":true,""contact_by_employers"":true}",Y08,"KaushalSetu synthetic generator v2, seed 20260929",2026-09-28T12:00:00+05:30,"SYNTHETIC demo data (KaushalSetu SIH prototype): fictional entities, team-assumed numbers, not real or official statistics.",true
4dbe41a9-e1ee-5b93-adaa-f6b47f338d49,C-ITI-F-electrician-2024-033,05d7354b-c53f-5e04-95e5-eb977f8c1379,CLASS_10,"[""mr"",""en""]","{""analytics"":true,""contact_by_employers"":false}",Y08,"KaushalSetu synthetic generator v2, seed 20260929",2026-09-28T12:00:00+05:30,"SYNTHETIC demo data (KaushalSetu SIH prototype): fictional entities, team-assumed numbers, not real or official statistics.",true
3dccb9f8-93d5-552d-ad98-876729ca409f,C-ITI-F-electrician-2024-034,05d7354b-c53f-5e04-95e5-eb977f8c1379,CLASS_12,"[""mr"",""hi""]","{""analytics"":true,""contact_by_employers"":true}",Y08,"KaushalSetu synthetic generator v2, seed 20260929",2026-09-28T12:00:00+05:30,"SYNTHETIC demo data (KaushalSetu SIH prototype): fictional entities, team-assumed numbers, not real or official statistics.",true
4f626c27-f4f5-5cf0-b0b3-d008adae6a91,C-ITI-F-electrician-2024-035,05d7354b-c53f-5e04-95e5-eb977f8c1379,CLASS_10,"[""mr"",""hi""]","{""analytics"":true,""contact_by_employers"":false}",Y08,"KaushalSetu synthetic generator v2, seed 20260929",2026-09-28T12:00:00+05:30,"SYNTHETIC demo data (KaushalSetu SIH prototype): fictional entities, team-assumed numbers, not real or official statistics.",true
58d89b36-a12b-5364-83ef-abed8aad7ad8,C-ITI-F-electrician-2024-036,05d7354b-c53f-5e04-95e5-eb977f8c1379,CLASS_10,"[""mr"",""en""]","{""analytics"":true,""contact_by_employers"":false}",Y08,"KaushalSetu synthetic generator v2, seed 20260929",2026-09-28T12:00:00+05:30,"SYNTHETIC demo data (KaushalSetu SIH prototype): fictional entities, team-assumed numbers, not real or official statistics.",true
1ea00303-8158-56c3-bd7c-dfa7e7452006,C-ITI-F-electrician-2024-037,05d7354b-c53f-5e04-95e5-eb977f8c1379,CLASS_10,"[""mr""]","{""analytics"":true,""contact_by_employers"":true}",Y08,"KaushalSetu synthetic generator v2, seed 20260929",2026-09-28T12:00:00+05:30,"SYNTHETIC demo data (KaushalSetu SIH prototype): fictional entities, team-assumed numbers, not real or official statistics.",true
396aaf13-acc8-5b9f-b422-a9fa9c092653,C-ITI-F-electrician-2025-001,05d7354b-c53f-5e04-95e5-eb977f8c1379,CLASS_10,"[""mr""]","{""analytics"":true,""contact_by_employers"":true}",Y08,"KaushalSetu synthetic generator v2, seed 20260929",2026-09-28T12:00:00+05:30,"SYNTHETIC demo data (KaushalSetu SIH prototype): fictional entities, team-assumed numbers, not real or official statistics.",true
b1480025-63c0-51ff-98b4-d2ab25d86b0f,C-ITI-F-electrician-2025-002,05d7354b-c53f-5e04-95e5-eb977f8c1379,CLASS_10,"[""mr"",""hi""]","{""analytics"":true,""contact_by_employers"":true}",Y08,"KaushalSetu synthetic generator v2, seed 20260929",2026-09-28T12:00:00+05:30,"SYNTHETIC demo data (KaushalSetu SIH prototype): fictional entities, team-assumed numbers, not real or official statistics.",true
f058a00f-1a55-5d09-a9ea-1e90a264e360,C-ITI-F-electrician-2025-003,05d7354b-c53f-5e04-95e5-eb977f8c1379,CLASS_12,"[""mr"",""hi""]","{""analytics"":true,""contact_by_employers"":false}",Y08,"KaushalSetu synthetic generator v2, seed 20260929",2026-09-28T12:00:00+05:30,"SYNTHETIC demo data (KaushalSetu SIH prototype): fictional entities, team-assumed numbers, not real or official statistics.",true
3df67daf-741d-598e-b3b5-161d14b79480,C-ITI-F-electrician-2025-004,05d7354b-c53f-5e04-95e5-eb977f8c1379,CLASS_10,"[""mr"",""hi""]","{""analytics"":true,""contact_by_employers"":true}",Y08,"KaushalSetu synthetic generator v2, seed 20260929",2026-09-28T12:00:00+05:30,"SYNTHETIC demo data (KaushalSetu SIH prototype): fictional entities, team-assumed numbers, not real or official statistics.",true
dbc685b2-3566-5e8d-80af-3c21981b1a96,C-ITI-F-electrician-2025-005,05d7354b-c53f-5e04-95e5-eb977f8c1379,CLASS_12,"[""mr""]","{""analytics"":true,""contact_by_employers"":true}",Y08,"KaushalSetu synthetic generator v2, seed 20260929",2026-09-28T12:00:00+05:30,"SYNTHETIC demo data (KaushalSetu SIH prototype): fictional entities, team-assumed numbers, not real or official statistics.",true
0eaacc73-0270-5e0a-9899-60155067984e,C-ITI-F-electrician-2025-006,05d7354b-c53f-5e04-95e5-eb977f8c1379,CLASS_12,"[""mr""]","{""analytics"":true,""contact_by_employers"":true}",Y08,"KaushalSetu synthetic generator v2, seed 20260929",2026-09-28T12:00:00+05:30,"SYNTHETIC demo data (KaushalSetu SIH prototype): fictional entities, team-assumed numbers, not real or official statistics.",true
fcc9ced6-cbb8-55cc-b0fc-ff4888bb7366,C-ITI-F-electrician-2025-007,05d7354b-c53f-5e04-95e5-eb977f8c1379,CLASS_10,"[""mr""]","{""analytics"":true,""contact_by_employers"":true}",Y08,"KaushalSetu synthetic generator v2, seed 20260929",2026-09-28T12:00:00+05:30,"SYNTHETIC demo data (KaushalSetu SIH prototype): fictional entities, team-assumed numbers, not real or official statistics.",true
b1f7a9f1-b57a-562c-8b93-abc67dca7ef1,C-ITI-F-electrician-2025-008,05d7354b-c53f-5e04-95e5-eb977f8c1379,CLASS_10,"[""mr""]","{""analytics"":true,""contact_by_employers"":false}",Y08,"KaushalSetu synthetic generator v2, seed 20260929",2026-09-28T12:00:00+05:30,"SYNTHETIC demo data (KaushalSetu SIH prototype): fictional entities, team-assumed numbers, not real or official statistics.",true
92826a17-043e-5ae3-b8f9-e076ea35df3b,C-ITI-F-electrician-2025-009,05d7354b-c53f-5e04-95e5-eb977f8c1379,CLASS_10,"[""mr"",""en""]","{""analytics"":true,""contact_by_employers"":false}",Y08,"KaushalSetu synthetic generator v2, seed 20260929",2026-09-28T12:00:00+05:30,"SYNTHETIC demo data (KaushalSetu SIH prototype): fictional entities, team-assumed numbers, not real or official statistics.",true
f12ff395-7c5e-5a00-99bf-9beea92ab7b5,C-ITI-F-electrician-2025-010,05d7354b-c53f-5e04-95e5-eb977f8c1379,CLASS_10,"[""mr"",""hi"",""en""]","{""analytics"":true,""contact_by_employers"":true}",Y08,"KaushalSetu synthetic generator v2, seed 20260929",2026-09-28T12:00:00+05:30,"SYNTHETIC demo data (KaushalSetu SIH prototype): fictional entities, team-assumed numbers, not real or official statistics.",true
de6478a0-b141-57ab-851a-fe30abd66e2b,C-ITI-F-electrician-2025-011,05d7354b-c53f-5e04-95e5-eb977f8c1379,CLASS_10,"[""mr""]","{""analytics"":true,""contact_by_employers"":true}",Y08,"KaushalSetu synthetic generator v2, seed 20260929",2026-09-28T12:00:00+05:30,"SYNTHETIC demo data (KaushalSetu SIH prototype): fictional entities, team-assumed numbers, not real or official statistics.",true
d687e604-c734-53fc-a439-a1043dd5e9cd,C-ITI-F-electrician-2025-012,05d7354b-c53f-5e04-95e5-eb977f8c1379,CLASS_10,"[""mr"",""en""]","{""analytics"":true,""contact_by_employers"":true}",Y08,"KaushalSetu synthetic generator v2, seed 20260929",2026-09-28T12:00:00+05:30,"SYNTHETIC demo data (KaushalSetu SIH prototype): fictional entities, team-assumed numbers, not real or official statistics.",true
56287d0f-cb29-57d8-a11e-ae45610aa41d,C-ITI-F-electrician-2025-013,05d7354b-c53f-5e04-95e5-eb977f8c1379,CLASS_12,"[""mr""]","{""analytics"":true,""contact_by_employers"":true}",Y08,"KaushalSetu synthetic generator v2, seed 20260929",2026-09-28T12:00:00+05:30,"SYNTHETIC demo data (KaushalSetu SIH prototype): fictional entities, team-assumed numbers, not real or official statistics.",true
a611cafa-277a-5f6a-9ca7-5960a5ee9f3e,C-ITI-F-electrician-2025-014,05d7354b-c53f-5e04-95e5-eb977f8c1379,CLASS_10,"[""mr""]","{""analytics"":true,""contact_by_employers"":true}",Y08,"KaushalSetu synthetic generator v2, seed 20260929",2026-09-28T12:00:00+05:30,"SYNTHETIC demo data (KaushalSetu SIH prototype): fictional entities, team-assumed numbers, not real or official statistics.",true
29291653-648c-5992-97d2-70d7390b8b37,C-ITI-F-electrician-2025-015,05d7354b-c53f-5e04-95e5-eb977f8c1379,CLASS_10,"[""mr""]","{""analytics"":true,""contact_by_employers"":true}",Y08,"KaushalSetu synthetic generator v2, seed 20260929",2026-09-28T12:00:00+05:30,"SYNTHETIC demo data (KaushalSetu SIH prototype): fictional entities, team-assumed numbers, not real or official statistics.",true
7b0e7339-7085-5ff4-9824-197eba45556c,C-ITI-F-electrician-2025-016,05d7354b-c53f-5e04-95e5-eb977f8c1379,CLASS_12,"[""mr"",""hi""]","{""analytics"":true,""contact_by_employers"":true}",Y08,"KaushalSetu synthetic generator v2, seed 20260929",2026-09-28T12:00:00+05:30,"SYNTHETIC demo data (KaushalSetu SIH prototype): fictional entities, team-assumed numbers, not real or official statistics.",true
39b591c7-a8d8-5b58-9f63-852f61ef620c,C-ITI-F-electrician-2025-017,05d7354b-c53f-5e04-95e5-eb977f8c1379,CLASS_10,"[""mr"",""hi""]","{""analytics"":true,""contact_by_employers"":false}",Y08,"KaushalSetu synthetic generator v2, seed 20260929",2026-09-28T12:00:00+05:30,"SYNTHETIC demo data (KaushalSetu SIH prototype): fictional entities, team-assumed numbers, not real or official statistics.",true
92307654-e2b3-551a-8b91-06336f5c7ae8,C-ITI-F-electrician-2025-018,05d7354b-c53f-5e04-95e5-eb977f8c1379,CLASS_12,"[""mr""]","{""analytics"":true,""contact_by_employers"":true}",Y08,"KaushalSetu synthetic generator v2, seed 20260929",2026-09-28T12:00:00+05:30,"SYNTHETIC demo data (KaushalSetu SIH prototype): fictional entities, team-assumed numbers, not real or official statistics.",true
3ba4f93b-f7e9-5e24-a495-a57b9053b911,C-ITI-F-electrician-2025-019,05d7354b-c53f-5e04-95e5-eb977f8c1379,CLASS_10,"[""mr"",""hi""]","{""analytics"":true,""contact_by_employers"":true}",Y08,"KaushalSetu synthetic generator v2, seed 20260929",2026-09-28T12:00:00+05:30,"SYNTHETIC demo data (KaushalSetu SIH prototype): fictional entities, team-assumed numbers, not real or official statistics.",true
07d98215-a96a-555c-8e14-bbfea9bb7fe8,C-ITI-F-electrician-2025-020,05d7354b-c53f-5e04-95e5-eb977f8c1379,CLASS_10,"[""mr"",""hi""]","{""analytics"":true,""contact_by_employers"":true}",Y08,"KaushalSetu synthetic generator v2, seed 20260929",2026-09-28T12:00:00+05:30,"SYNTHETIC demo data (KaushalSetu SIH prototype): fictional entities, team-assumed numbers, not real or official statistics.",true
5b46fbc2-6b3b-5ef6-a6a8-340512d9682d,C-ITI-F-electrician-2025-021,05d7354b-c53f-5e04-95e5-eb977f8c1379,CLASS_10,"[""mr""]","{""analytics"":true,""contact_by_employers"":true}",Y08,"KaushalSetu synthetic generator v2, seed 20260929",2026-09-28T12:00:00+05:30,"SYNTHETIC demo data (KaushalSetu SIH prototype): fictional entities, team-assumed numbers, not real or official statistics.",true
d20f0fb8-82f0-51c8-8bca-e4ad25bf1c89,C-ITI-F-electrician-2025-022,05d7354b-c53f-5e04-95e5-eb977f8c1379,CLASS_12,"[""mr"",""hi"",""en""]","{""analytics"":true,""contact_by_employers"":false}",Y08,"KaushalSetu synthetic generator v2, seed 20260929",2026-09-28T12:00:00+05:30,"SYNTHETIC demo data (KaushalSetu SIH prototype): fictional entities, team-assumed numbers, not real or official statistics.",true
478b90e3-c586-5c7e-b2c5-475757a559f4,C-ITI-F-electrician-2025-023,05d7354b-c53f-5e04-95e5-eb977f8c1379,CLASS_10,"[""mr"",""en""]","{""analytics"":true,""contact_by_employers"":true}",Y08,"KaushalSetu synthetic generator v2, seed 20260929",2026-09-28T12:00:00+05:30,"SYNTHETIC demo data (KaushalSetu SIH prototype): fictional entities, team-assumed numbers, not real or official statistics.",true
210edfb8-1b66-5364-a59b-38dd4bf59773,C-ITI-F-electrician-2025-024,05d7354b-c53f-5e04-95e5-eb977f8c1379,CLASS_10,"[""mr""]","{""analytics"":true,""contact_by_employers"":true}",Y08,"KaushalSetu synthetic generator v2, seed 20260929",2026-09-28T12:00:00+05:30,"SYNTHETIC demo data (KaushalSetu SIH prototype): fictional entities, team-assumed numbers, not real or official statistics.",true
0a115259-21de-5636-886f-78fa65e20c88,C-ITI-F-electrician-2025-025,05d7354b-c53f-5e04-95e5-eb977f8c1379,CLASS_10,"[""mr"",""hi""]","{""analytics"":true,""contact_by_employers"":true}",Y08,"KaushalSetu synthetic generator v2, seed 20260929",2026-09-28T12:00:00+05:30,"SYNTHETIC demo data (KaushalSetu SIH prototype): fictional entities, team-assumed numbers, not real or official statistics.",true
c3694c15-6d81-56ec-ab86-2405969229d7,C-ITI-F-electrician-2025-026,05d7354b-c53f-5e04-95e5-eb977f8c1379,CLASS_12,"[""mr"",""hi""]","{""analytics"":true,""contact_by_employers"":true}",Y08,"KaushalSetu synthetic generator v2, seed 20260929",2026-09-28T12:00:00+05:30,"SYNTHETIC demo data (KaushalSetu SIH prototype): fictional entities, team-assumed numbers, not real or official statistics.",true
71df7e1e-884a-5aab-bebc-b2cd9419d09c,C-ITI-F-electrician-2025-027,05d7354b-c53f-5e04-95e5-eb977f8c1379,CLASS_12,"[""mr"",""hi"",""en""]","{""analytics"":true,""contact_by_employers"":true}",Y08,"KaushalSetu synthetic generator v2, seed 20260929",2026-09-28T12:00:00+05:30,"SYNTHETIC demo data (KaushalSetu SIH prototype): fictional entities, team-assumed numbers, not real or official statistics.",true
77c8073d-0a76-513e-bd79-45124841a72c,C-ITI-F-electrician-2025-028,05d7354b-c53f-5e04-95e5-eb977f8c1379,CLASS_10,"[""mr"",""hi""]","{""analytics"":true,""contact_by_employers"":true}",Y08,"KaushalSetu synthetic generator v2, seed 20260929",2026-09-28T12:00:00+05:30,"SYNTHETIC demo data (KaushalSetu SIH prototype): fictional entities, team-assumed numbers, not real or official statistics.",true
04ad6adb-01d7-5d20-871d-ed46836c74d1,C-ITI-F-electrician-2025-029,05d7354b-c53f-5e04-95e5-eb977f8c1379,CLASS_10,"[""mr""]","{""analytics"":true,""contact_by_employers"":false}",Y08,"KaushalSetu synthetic generator v2, seed 20260929",2026-09-28T12:00:00+05:30,"SYNTHETIC demo data (KaushalSetu SIH prototype): fictional entities, team-assumed numbers, not real or official statistics.",true
decb2628-0e4d-5809-9401-cbe5ac399887,C-ITI-F-electrician-2025-030,05d7354b-c53f-5e04-95e5-eb977f8c1379,CLASS_10,"[""mr""]","{""analytics"":true,""contact_by_employers"":false}",Y08,"KaushalSetu synthetic generator v2, seed 20260929",2026-09-28T12:00:00+05:30,"SYNTHETIC demo data (KaushalSetu SIH prototype): fictional entities, team-assumed numbers, not real or official statistics.",true
17bfbad8-37af-5d97-b2e4-bbbac33032fd,C-ITI-F-electrician-2025-031,05d7354b-c53f-5e04-95e5-eb977f8c1379,CLASS_10,"[""mr"",""hi""]","{""analytics"":true,""contact_by_employers"":true}",Y08,"KaushalSetu synthetic generator v2, seed 20260929",2026-09-28T12:00:00+05:30,"SYNTHETIC demo data (KaushalSetu SIH prototype): fictional entities, team-assumed numbers, not real or official statistics.",true
c22178c0-6e6c-5654-9ad2-872c2ad405f9,C-ITI-F-electrician-2025-032,05d7354b-c53f-5e04-95e5-eb977f8c1379,CLASS_10,"[""mr"",""en""]","{""analytics"":true,""contact_by_employers"":true}",Y08,"KaushalSetu synthetic generator v2, seed 20260929",2026-09-28T12:00:00+05:30,"SYNTHETIC demo data (KaushalSetu SIH prototype): fictional entities, team-assumed numbers, not real or official statistics.",true
27147ae5-d69c-52ba-ac2c-c71f90752962,C-ITI-F-electrician-2025-033,05d7354b-c53f-5e04-95e5-eb977f8c1379,CLASS_10,"[""mr""]","{""analytics"":true,""contact_by_employers"":true}",Y08,"KaushalSetu synthetic generator v2, seed 20260929",2026-09-28T12:00:00+05:30,"SYNTHETIC demo data (KaushalSetu SIH prototype): fictional entities, team-assumed numbers, not real or official statistics.",true
88071294-cc10-573f-8c10-b5f7d744aa50,C-ITI-F-electrician-2025-034,05d7354b-c53f-5e04-95e5-eb977f8c1379,CLASS_10,"[""mr"",""hi"",""en""]","{""analytics"":true,""contact_by_employers"":true}",Y08,"KaushalSetu synthetic generator v2, seed 20260929",2026-09-28T12:00:00+05:30,"SYNTHETIC demo data (KaushalSetu SIH prototype): fictional entities, team-assumed numbers, not real or official statistics.",true
d400a7cb-669b-5952-9ecf-bf989f03e4d5,C-ITI-F-electrician-2025-035,05d7354b-c53f-5e04-95e5-eb977f8c1379,CLASS_12,"[""mr""]","{""analytics"":true,""contact_by_employers"":true}",Y08,"KaushalSetu synthetic generator v2, seed 20260929",2026-09-28T12:00:00+05:30,"SYNTHETIC demo data (KaushalSetu SIH prototype): fictional entities, team-assumed numbers, not real or official statistics.",true
176cb2c4-a251-556d-9cb5-dc005f06cffd,C-ITI-F-electrician-2025-036,05d7354b-c53f-5e04-95e5-eb977f8c1379,CLASS_12,"[""mr"",""en""]","{""analytics"":true,""contact_by_employers"":true}",Y08,"KaushalSetu synthetic generator v2, seed 20260929",2026-09-28T12:00:00+05:30,"SYNTHETIC demo data (KaushalSetu SIH prototype): fictional entities, team-assumed numbers, not real or official statistics.",true
ecec5929-d12b-5764-bd0a-9196243109ca,C-ITI-F-electrician-2025-037,05d7354b-c53f-5e04-95e5-eb977f8c1379,CLASS_10,"[""mr"",""hi""]","{""analytics"":true,""contact_by_employers"":true}",Y08,"KaushalSetu synthetic generator v2, seed 20260929",2026-09-28T12:00:00+05:30,"SYNTHETIC demo data (KaushalSetu SIH prototype): fictional entities, team-assumed numbers, not real or official statistics.",true
862fa74e-c89c-5422-9536-ed1438009a4f,C-ITI-F-electrician-2025-038,05d7354b-c53f-5e04-95e5-eb977f8c1379,CLASS_10,"[""mr"",""hi"",""en""]","{""analytics"":true,""contact_by_employers"":true}",Y08,"KaushalSetu synthetic generator v2, seed 20260929",2026-09-28T12:00:00+05:30,"SYNTHETIC demo data (KaushalSetu SIH prototype): fictional entities, team-assumed numbers, not real or official statistics.",true
94b94977-182d-5046-9acc-1bd27a5d1384,C-ITI-F-solar-pv-2024-001,05d7354b-c53f-5e04-95e5-eb977f8c1379,ITI,"[""mr"",""en""]","{""analytics"":true,""contact_by_employers"":true}",Y08,"KaushalSetu synthetic generator v2, seed 20260929",2026-09-28T12:00:00+05:30,"SYNTHETIC demo data (KaushalSetu SIH prototype): fictional entities, team-assumed numbers, not real or official statistics.",true
81f972e4-2265-5062-809a-d0dd3cc29ce1,C-ITI-F-solar-pv-2024-002,05d7354b-c53f-5e04-95e5-eb977f8c1379,CLASS_10,"[""mr"",""hi""]","{""analytics"":true,""contact_by_employers"":true}",Y08,"KaushalSetu synthetic generator v2, seed 20260929",2026-09-28T12:00:00+05:30,"SYNTHETIC demo data (KaushalSetu SIH prototype): fictional entities, team-assumed numbers, not real or official statistics.",true
361667e3-efa7-5735-b0b6-d926065432ea,C-ITI-F-solar-pv-2024-003,05d7354b-c53f-5e04-95e5-eb977f8c1379,ITI,"[""mr"",""hi""]","{""analytics"":true,""contact_by_employers"":true}",Y08,"KaushalSetu synthetic generator v2, seed 20260929",2026-09-28T12:00:00+05:30,"SYNTHETIC demo data (KaushalSetu SIH prototype): fictional entities, team-assumed numbers, not real or official statistics.",true
cbdc6184-36b7-5e06-b223-d66ef3f78e92,C-ITI-F-solar-pv-2024-004,05d7354b-c53f-5e04-95e5-eb977f8c1379,ITI,"[""mr""]","{""analytics"":true,""contact_by_employers"":true}",Y08,"KaushalSetu synthetic generator v2, seed 20260929",2026-09-28T12:00:00+05:30,"SYNTHETIC demo data (KaushalSetu SIH prototype): fictional entities, team-assumed numbers, not real or official statistics.",true
5dbdbea2-2851-52df-9078-c5283878bea8,C-ITI-F-solar-pv-2024-005,05d7354b-c53f-5e04-95e5-eb977f8c1379,CLASS_10,"[""mr"",""hi""]","{""analytics"":true,""contact_by_employers"":false}",Y08,"KaushalSetu synthetic generator v2, seed 20260929",2026-09-28T12:00:00+05:30,"SYNTHETIC demo data (KaushalSetu SIH prototype): fictional entities, team-assumed numbers, not real or official statistics.",true
02925937-a826-516b-b684-b7af7ab50141,C-ITI-F-solar-pv-2024-006,05d7354b-c53f-5e04-95e5-eb977f8c1379,ITI,"[""mr"",""hi"",""en""]","{""analytics"":true,""contact_by_employers"":true}",Y08,"KaushalSetu synthetic generator v2, seed 20260929",2026-09-28T12:00:00+05:30,"SYNTHETIC demo data (KaushalSetu SIH prototype): fictional entities, team-assumed numbers, not real or official statistics.",true
dba748d3-1275-5e33-b759-79801e36ebc3,C-ITI-F-solar-pv-2024-007,05d7354b-c53f-5e04-95e5-eb977f8c1379,ITI,"[""mr""]","{""analytics"":true,""contact_by_employers"":true}",Y08,"KaushalSetu synthetic generator v2, seed 20260929",2026-09-28T12:00:00+05:30,"SYNTHETIC demo data (KaushalSetu SIH prototype): fictional entities, team-assumed numbers, not real or official statistics.",true
4b2252d3-21ef-586e-8be1-9f8f9b0d115b,C-ITI-F-solar-pv-2024-008,05d7354b-c53f-5e04-95e5-eb977f8c1379,CLASS_10,"[""mr"",""hi""]","{""analytics"":true,""contact_by_employers"":true}",Y08,"KaushalSetu synthetic generator v2, seed 20260929",2026-09-28T12:00:00+05:30,"SYNTHETIC demo data (KaushalSetu SIH prototype): fictional entities, team-assumed numbers, not real or official statistics.",true
3369f4b0-7964-5fbc-b67b-ad0269fedc0c,C-ITI-F-solar-pv-2024-009,05d7354b-c53f-5e04-95e5-eb977f8c1379,CLASS_12,"[""mr""]","{""analytics"":true,""contact_by_employers"":true}",Y08,"KaushalSetu synthetic generator v2, seed 20260929",2026-09-28T12:00:00+05:30,"SYNTHETIC demo data (KaushalSetu SIH prototype): fictional entities, team-assumed numbers, not real or official statistics.",true
388db188-89fd-5d63-ae88-83b7f12653b2,C-ITI-F-solar-pv-2024-010,05d7354b-c53f-5e04-95e5-eb977f8c1379,ITI,"[""mr"",""hi""]","{""analytics"":true,""contact_by_employers"":false}",Y08,"KaushalSetu synthetic generator v2, seed 20260929",2026-09-28T12:00:00+05:30,"SYNTHETIC demo data (KaushalSetu SIH prototype): fictional entities, team-assumed numbers, not real or official statistics.",true
d327982b-f0e1-5c26-93af-0c33d559921d,C-ITI-F-solar-pv-2024-011,05d7354b-c53f-5e04-95e5-eb977f8c1379,ITI,"[""mr"",""hi""]","{""analytics"":true,""contact_by_employers"":true}",Y08,"KaushalSetu synthetic generator v2, seed 20260929",2026-09-28T12:00:00+05:30,"SYNTHETIC demo data (KaushalSetu SIH prototype): fictional entities, team-assumed numbers, not real or official statistics.",true
da426095-bafd-515d-85e8-d70ed48b8430,C-ITI-F-solar-pv-2024-012,05d7354b-c53f-5e04-95e5-eb977f8c1379,CLASS_10,"[""mr"",""hi""]","{""analytics"":true,""contact_by_employers"":false}",Y08,"KaushalSetu synthetic generator v2, seed 20260929",2026-09-28T12:00:00+05:30,"SYNTHETIC demo data (KaushalSetu SIH prototype): fictional entities, team-assumed numbers, not real or official statistics.",true
3dd1420b-15df-5049-9419-fc84b4aca05e,C-ITI-F-solar-pv-2024-013,05d7354b-c53f-5e04-95e5-eb977f8c1379,DIPLOMA,"[""mr"",""hi"",""en""]","{""analytics"":true,""contact_by_employers"":true}",Y08,"KaushalSetu synthetic generator v2, seed 20260929",2026-09-28T12:00:00+05:30,"SYNTHETIC demo data (KaushalSetu SIH prototype): fictional entities, team-assumed numbers, not real or official statistics.",true
72c644d9-ea32-5afe-aa71-0415d83c7e09,C-ITI-F-solar-pv-2024-014,05d7354b-c53f-5e04-95e5-eb977f8c1379,CLASS_12,"[""mr"",""hi""]","{""analytics"":true,""contact_by_employers"":true}",Y08,"KaushalSetu synthetic generator v2, seed 20260929",2026-09-28T12:00:00+05:30,"SYNTHETIC demo data (KaushalSetu SIH prototype): fictional entities, team-assumed numbers, not real or official statistics.",true
70b15b71-a72f-53e6-8366-5da2895f3f3a,C-ITI-F-solar-pv-2024-015,05d7354b-c53f-5e04-95e5-eb977f8c1379,ITI,"[""mr"",""en""]","{""analytics"":true,""contact_by_employers"":true}",Y08,"KaushalSetu synthetic generator v2, seed 20260929",2026-09-28T12:00:00+05:30,"SYNTHETIC demo data (KaushalSetu SIH prototype): fictional entities, team-assumed numbers, not real or official statistics.",true
75c31278-5f90-59db-990b-4c639bd1bb16,C-ITI-F-solar-pv-2024-016,05d7354b-c53f-5e04-95e5-eb977f8c1379,DIPLOMA,"[""mr""]","{""analytics"":true,""contact_by_employers"":true}",Y08,"KaushalSetu synthetic generator v2, seed 20260929",2026-09-28T12:00:00+05:30,"SYNTHETIC demo data (KaushalSetu SIH prototype): fictional entities, team-assumed numbers, not real or official statistics.",true
47d9ec2c-9281-5cc7-b70d-8dfe97223ce2,C-ITI-F-solar-pv-2024-017,05d7354b-c53f-5e04-95e5-eb977f8c1379,ITI,"[""mr""]","{""analytics"":true,""contact_by_employers"":false}",Y08,"KaushalSetu synthetic generator v2, seed 20260929",2026-09-28T12:00:00+05:30,"SYNTHETIC demo data (KaushalSetu SIH prototype): fictional entities, team-assumed numbers, not real or official statistics.",true
a2e5f1d2-03b0-540f-9a1e-513b28807638,C-ITI-F-solar-pv-2024-018,05d7354b-c53f-5e04-95e5-eb977f8c1379,ITI,"[""mr"",""en""]","{""analytics"":true,""contact_by_employers"":true}",Y08,"KaushalSetu synthetic generator v2, seed 20260929",2026-09-28T12:00:00+05:30,"SYNTHETIC demo data (KaushalSetu SIH prototype): fictional entities, team-assumed numbers, not real or official statistics.",true
d464ee74-7be4-54e5-bacf-3eb450ca8e24,C-ITI-F-solar-pv-2024-019,05d7354b-c53f-5e04-95e5-eb977f8c1379,DIPLOMA,"[""mr"",""hi"",""en""]","{""analytics"":true,""contact_by_employers"":true}",Y08,"KaushalSetu synthetic generator v2, seed 20260929",2026-09-28T12:00:00+05:30,"SYNTHETIC demo data (KaushalSetu SIH prototype): fictional entities, team-assumed numbers, not real or official statistics.",true
36931cde-d99f-5e0b-93bc-f0f402596452,C-ITI-F-solar-pv-2024-020,05d7354b-c53f-5e04-95e5-eb977f8c1379,CLASS_10,"[""mr"",""hi""]","{""analytics"":true,""contact_by_employers"":false}",Y08,"KaushalSetu synthetic generator v2, seed 20260929",2026-09-28T12:00:00+05:30,"SYNTHETIC demo data (KaushalSetu SIH prototype): fictional entities, team-assumed numbers, not real or official statistics.",true
9b87f8ee-fac1-5ecc-b574-1833298981cb,C-ITI-F-solar-pv-2024-021,05d7354b-c53f-5e04-95e5-eb977f8c1379,ITI,"[""mr"",""hi""]","{""analytics"":true,""contact_by_employers"":false}",Y08,"KaushalSetu synthetic generator v2, seed 20260929",2026-09-28T12:00:00+05:30,"SYNTHETIC demo data (KaushalSetu SIH prototype): fictional entities, team-assumed numbers, not real or official statistics.",true
9633eab2-b07a-5ae2-92e0-966a62adb33b,C-ITI-F-solar-pv-2024-022,05d7354b-c53f-5e04-95e5-eb977f8c1379,ITI,"[""mr"",""hi"",""en""]","{""analytics"":true,""contact_by_employers"":false}",Y08,"KaushalSetu synthetic generator v2, seed 20260929",2026-09-28T12:00:00+05:30,"SYNTHETIC demo data (KaushalSetu SIH prototype): fictional entities, team-assumed numbers, not real or official statistics.",true
0d324d12-0c21-5721-89e4-9cde4232e03d,C-ITI-F-solar-pv-2024-023,05d7354b-c53f-5e04-95e5-eb977f8c1379,ITI,"[""mr"",""hi"",""en""]","{""analytics"":true,""contact_by_employers"":true}",Y08,"KaushalSetu synthetic generator v2, seed 20260929",2026-09-28T12:00:00+05:30,"SYNTHETIC demo data (KaushalSetu SIH prototype): fictional entities, team-assumed numbers, not real or official statistics.",true
b4dd0555-157d-5dba-82f0-f936017b8aca,C-ITI-F-solar-pv-2024-024,05d7354b-c53f-5e04-95e5-eb977f8c1379,DIPLOMA,"[""mr""]","{""analytics"":true,""contact_by_employers"":false}",Y08,"KaushalSetu synthetic generator v2, seed 20260929",2026-09-28T12:00:00+05:30,"SYNTHETIC demo data (KaushalSetu SIH prototype): fictional entities, team-assumed numbers, not real or official statistics.",true
d46dd2c0-4cee-57e0-996c-227e3885d180,C-ITI-F-solar-pv-2024-025,05d7354b-c53f-5e04-95e5-eb977f8c1379,ITI,"[""mr"",""hi""]","{""analytics"":true,""contact_by_employers"":true}",Y08,"KaushalSetu synthetic generator v2, seed 20260929",2026-09-28T12:00:00+05:30,"SYNTHETIC demo data (KaushalSetu SIH prototype): fictional entities, team-assumed numbers, not real or official statistics.",true
610a489d-83eb-5e7f-a27d-a81b910222dd,C-ITI-F-solar-pv-2024-026,05d7354b-c53f-5e04-95e5-eb977f8c1379,CLASS_12,"[""mr""]","{""analytics"":true,""contact_by_employers"":true}",Y08,"KaushalSetu synthetic generator v2, seed 20260929",2026-09-28T12:00:00+05:30,"SYNTHETIC demo data (KaushalSetu SIH prototype): fictional entities, team-assumed numbers, not real or official statistics.",true
4018db42-4833-540a-adbf-3b76364dd943,C-ITI-F-solar-pv-2024-027,05d7354b-c53f-5e04-95e5-eb977f8c1379,CLASS_10,"[""mr""]","{""analytics"":true,""contact_by_employers"":true}",Y08,"KaushalSetu synthetic generator v2, seed 20260929",2026-09-28T12:00:00+05:30,"SYNTHETIC demo data (KaushalSetu SIH prototype): fictional entities, team-assumed numbers, not real or official statistics.",true
22830f65-6e78-5120-a6f1-4435245b4859,C-ITI-F-solar-pv-2024-028,05d7354b-c53f-5e04-95e5-eb977f8c1379,ITI,"[""mr"",""en""]","{""analytics"":true,""contact_by_employers"":true}",Y08,"KaushalSetu synthetic generator v2, seed 20260929",2026-09-28T12:00:00+05:30,"SYNTHETIC demo data (KaushalSetu SIH prototype): fictional entities, team-assumed numbers, not real or official statistics.",true
73251c74-be1a-50ed-9328-3dfc11214ec0,C-ITI-F-solar-pv-2024-029,05d7354b-c53f-5e04-95e5-eb977f8c1379,ITI,"[""mr"",""hi""]","{""analytics"":true,""contact_by_employers"":true}",Y08,"KaushalSetu synthetic generator v2, seed 20260929",2026-09-28T12:00:00+05:30,"SYNTHETIC demo data (KaushalSetu SIH prototype): fictional entities, team-assumed numbers, not real or official statistics.",true
ee81973a-68f8-5a84-a309-8ea6654386d5,C-ITI-F-solar-pv-2024-030,05d7354b-c53f-5e04-95e5-eb977f8c1379,ITI,"[""mr""]","{""analytics"":true,""contact_by_employers"":true}",Y08,"KaushalSetu synthetic generator v2, seed 20260929",2026-09-28T12:00:00+05:30,"SYNTHETIC demo data (KaushalSetu SIH prototype): fictional entities, team-assumed numbers, not real or official statistics.",true
20fad950-9305-5b5f-bc57-1fe9a255d2a1,C-ITI-F-solar-pv-2024-031,05d7354b-c53f-5e04-95e5-eb977f8c1379,CLASS_12,"[""mr"",""hi""]","{""analytics"":true,""contact_by_employers"":true}",Y08,"KaushalSetu synthetic generator v2, seed 20260929",2026-09-28T12:00:00+05:30,"SYNTHETIC demo data (KaushalSetu SIH prototype): fictional entities, team-assumed numbers, not real or official statistics.",true
60c65540-e02c-5fef-b02b-70db7cc1cf0f,C-ITI-F-solar-pv-2024-032,05d7354b-c53f-5e04-95e5-eb977f8c1379,ITI,"[""mr"",""en""]","{""analytics"":true,""contact_by_employers"":true}",Y08,"KaushalSetu synthetic generator v2, seed 20260929",2026-09-28T12:00:00+05:30,"SYNTHETIC demo data (KaushalSetu SIH prototype): fictional entities, team-assumed numbers, not real or official statistics.",true
e2cab349-dcaf-5ca5-8aa3-29edf4795066,C-ITI-F-solar-pv-2024-033,05d7354b-c53f-5e04-95e5-eb977f8c1379,ITI,"[""mr"",""hi"",""en""]","{""analytics"":true,""contact_by_employers"":false}",Y08,"KaushalSetu synthetic generator v2, seed 20260929",2026-09-28T12:00:00+05:30,"SYNTHETIC demo data (KaushalSetu SIH prototype): fictional entities, team-assumed numbers, not real or official statistics.",true
26088580-8b03-5caf-b892-da14619cc5cc,C-ITI-F-solar-pv-2024-034,05d7354b-c53f-5e04-95e5-eb977f8c1379,DIPLOMA,"[""mr"",""en""]","{""analytics"":true,""contact_by_employers"":true}",Y08,"KaushalSetu synthetic generator v2, seed 20260929",2026-09-28T12:00:00+05:30,"SYNTHETIC demo data (KaushalSetu SIH prototype): fictional entities, team-assumed numbers, not real or official statistics.",true
76526c61-1529-5fb4-80fa-4f406af2a084,C-ITI-F-solar-pv-2024-035,05d7354b-c53f-5e04-95e5-eb977f8c1379,ITI,"[""mr"",""en""]","{""analytics"":true,""contact_by_employers"":false}",Y08,"KaushalSetu synthetic generator v2, seed 20260929",2026-09-28T12:00:00+05:30,"SYNTHETIC demo data (KaushalSetu SIH prototype): fictional entities, team-assumed numbers, not real or official statistics.",true
db9ab8c9-fb0e-5509-9d23-0cce367627da,C-ITI-F-solar-pv-2024-036,05d7354b-c53f-5e04-95e5-eb977f8c1379,DIPLOMA,"[""mr""]","{""analytics"":true,""contact_by_employers"":false}",Y08,"KaushalSetu synthetic generator v2, seed 20260929",2026-09-28T12:00:00+05:30,"SYNTHETIC demo data (KaushalSetu SIH prototype): fictional entities, team-assumed numbers, not real or official statistics.",true
8da96768-24dc-5e71-abe5-11a55cde2e02,C-ITI-F-solar-pv-2024-037,05d7354b-c53f-5e04-95e5-eb977f8c1379,DIPLOMA,"[""mr"",""hi"",""en""]","{""analytics"":true,""contact_by_employers"":true}",Y08,"KaushalSetu synthetic generator v2, seed 20260929",2026-09-28T12:00:00+05:30,"SYNTHETIC demo data (KaushalSetu SIH prototype): fictional entities, team-assumed numbers, not real or official statistics.",true
0ddba1b3-deaf-58b2-9d6c-b7c2ca40445b,C-ITI-F-solar-pv-2024-038,05d7354b-c53f-5e04-95e5-eb977f8c1379,CLASS_12,"[""mr""]","{""analytics"":true,""contact_by_employers"":false}",Y08,"KaushalSetu synthetic generator v2, seed 20260929",2026-09-28T12:00:00+05:30,"SYNTHETIC demo data (KaushalSetu SIH prototype): fictional entities, team-assumed numbers, not real or official statistics.",true
7a55db36-4e28-51e2-b6e9-d0b02c7fd51f,C-ITI-F-solar-pv-2024-039,05d7354b-c53f-5e04-95e5-eb977f8c1379,CLASS_12,"[""mr"",""hi""]","{""analytics"":true,""contact_by_employers"":false}",Y08,"KaushalSetu synthetic generator v2, seed 20260929",2026-09-28T12:00:00+05:30,"SYNTHETIC demo data (KaushalSetu SIH prototype): fictional entities, team-assumed numbers, not real or official statistics.",true
aa4e71d5-698d-51b3-b15a-030c1ed40e97,C-ITI-F-solar-pv-2024-040,05d7354b-c53f-5e04-95e5-eb977f8c1379,ITI,"[""mr"",""hi"",""en""]","{""analytics"":true,""contact_by_employers"":true}",Y08,"KaushalSetu synthetic generator v2, seed 20260929",2026-09-28T12:00:00+05:30,"SYNTHETIC demo data (KaushalSetu SIH prototype): fictional entities, team-assumed numbers, not real or official statistics.",true
d02d6b5c-6102-5efe-a126-8d6683208489,C-ITI-F-solar-pv-2024-041,05d7354b-c53f-5e04-95e5-eb977f8c1379,CLASS_12,"[""mr"",""hi"",""en""]","{""analytics"":true,""contact_by_employers"":false}",Y08,"KaushalSetu synthetic generator v2, seed 20260929",2026-09-28T12:00:00+05:30,"SYNTHETIC demo data (KaushalSetu SIH prototype): fictional entities, team-assumed numbers, not real or official statistics.",true
761b316a-cf43-5039-864b-898ba3ecf5cb,C-ITI-F-solar-pv-2024-042,05d7354b-c53f-5e04-95e5-eb977f8c1379,CLASS_12,"[""mr"",""hi"",""en""]","{""analytics"":true,""contact_by_employers"":false}",Y08,"KaushalSetu synthetic generator v2, seed 20260929",2026-09-28T12:00:00+05:30,"SYNTHETIC demo data (KaushalSetu SIH prototype): fictional entities, team-assumed numbers, not real or official statistics.",true
bcbf0eb1-0612-5505-a98f-bf0d97dd609d,C-ITI-F-solar-pv-2024-043,05d7354b-c53f-5e04-95e5-eb977f8c1379,ITI,"[""mr""]","{""analytics"":true,""contact_by_employers"":true}",Y08,"KaushalSetu synthetic generator v2, seed 20260929",2026-09-28T12:00:00+05:30,"SYNTHETIC demo data (KaushalSetu SIH prototype): fictional entities, team-assumed numbers, not real or official statistics.",true
8fd69c2a-3c5a-55af-92e0-66af1663767f,C-ITI-F-solar-pv-2024-044,05d7354b-c53f-5e04-95e5-eb977f8c1379,CLASS_10,"[""mr"",""hi""]","{""analytics"":true,""contact_by_employers"":false}",Y08,"KaushalSetu synthetic generator v2, seed 20260929",2026-09-28T12:00:00+05:30,"SYNTHETIC demo data (KaushalSetu SIH prototype): fictional entities, team-assumed numbers, not real or official statistics.",true
580aa0b8-f1bf-526a-9938-586adaa8cc36,C-ITI-F-solar-pv-2024-045,05d7354b-c53f-5e04-95e5-eb977f8c1379,ITI,"[""mr"",""en""]","{""analytics"":true,""contact_by_employers"":true}",Y08,"KaushalSetu synthetic generator v2, seed 20260929",2026-09-28T12:00:00+05:30,"SYNTHETIC demo data (KaushalSetu SIH prototype): fictional entities, team-assumed numbers, not real or official statistics.",true
8fec6dd6-6922-5bab-a4c6-25dcfbef7a04,C-ITI-F-solar-pv-2024-046,05d7354b-c53f-5e04-95e5-eb977f8c1379,ITI,"[""mr""]","{""analytics"":true,""contact_by_employers"":false}",Y08,"KaushalSetu synthetic generator v2, seed 20260929",2026-09-28T12:00:00+05:30,"SYNTHETIC demo data (KaushalSetu SIH prototype): fictional entities, team-assumed numbers, not real or official statistics.",true
e7afefdf-a78d-5da7-80b6-1b18a6bd1e2d,C-ITI-F-solar-pv-2024-047,05d7354b-c53f-5e04-95e5-eb977f8c1379,ITI,"[""mr"",""hi""]","{""analytics"":true,""contact_by_employers"":false}",Y08,"KaushalSetu synthetic generator v2, seed 20260929",2026-09-28T12:00:00+05:30,"SYNTHETIC demo data (KaushalSetu SIH prototype): fictional entities, team-assumed numbers, not real or official statistics.",true
71ec4e36-d20b-5e3b-8679-daf27946e73a,C-ITI-F-solar-pv-2024-048,05d7354b-c53f-5e04-95e5-eb977f8c1379,ITI,"[""mr""]","{""analytics"":true,""contact_by_employers"":false}",Y08,"KaushalSetu synthetic generator v2, seed 20260929",2026-09-28T12:00:00+05:30,"SYNTHETIC demo data (KaushalSetu SIH prototype): fictional entities, team-assumed numbers, not real or official statistics.",true
6a39b075-e19c-5138-8c99-bb62269e6f16,C-ITI-F-solar-pv-2024-049,05d7354b-c53f-5e04-95e5-eb977f8c1379,CLASS_12,"[""mr"",""en""]","{""analytics"":true,""contact_by_employers"":false}",Y08,"KaushalSetu synthetic generator v2, seed 20260929",2026-09-28T12:00:00+05:30,"SYNTHETIC demo data (KaushalSetu SIH prototype): fictional entities, team-assumed numbers, not real or official statistics.",true
7ea26d71-b10e-5d41-83cf-94e9b14dcf17,C-ITI-F-solar-pv-2024-050,05d7354b-c53f-5e04-95e5-eb977f8c1379,ITI,"[""mr"",""hi""]","{""analytics"":true,""contact_by_employers"":true}",Y08,"KaushalSetu synthetic generator v2, seed 20260929",2026-09-28T12:00:00+05:30,"SYNTHETIC demo data (KaushalSetu SIH prototype): fictional entities, team-assumed numbers, not real or official statistics.",true
63767914-c970-5d64-8379-b8cbcabd18a0,C-ITI-F-solar-pv-2025-001,05d7354b-c53f-5e04-95e5-eb977f8c1379,CLASS_10,"[""mr""]","{""analytics"":true,""contact_by_employers"":false}",Y08,"KaushalSetu synthetic generator v2, seed 20260929",2026-09-28T12:00:00+05:30,"SYNTHETIC demo data (KaushalSetu SIH prototype): fictional entities, team-assumed numbers, not real or official statistics.",true
60112dfc-f5ca-5715-90c9-22022812d6d2,C-ITI-F-solar-pv-2025-002,05d7354b-c53f-5e04-95e5-eb977f8c1379,CLASS_12,"[""mr"",""hi"",""en""]","{""analytics"":true,""contact_by_employers"":false}",Y08,"KaushalSetu synthetic generator v2, seed 20260929",2026-09-28T12:00:00+05:30,"SYNTHETIC demo data (KaushalSetu SIH prototype): fictional entities, team-assumed numbers, not real or official statistics.",true
878a1779-9e7f-54bd-8329-368eba533d58,C-ITI-F-solar-pv-2025-003,05d7354b-c53f-5e04-95e5-eb977f8c1379,ITI,"[""mr"",""hi"",""en""]","{""analytics"":true,""contact_by_employers"":false}",Y08,"KaushalSetu synthetic generator v2, seed 20260929",2026-09-28T12:00:00+05:30,"SYNTHETIC demo data (KaushalSetu SIH prototype): fictional entities, team-assumed numbers, not real or official statistics.",true
beac72b3-55e6-5779-b6fa-aa64a30ef835,C-ITI-F-solar-pv-2025-004,05d7354b-c53f-5e04-95e5-eb977f8c1379,CLASS_10,"[""mr""]","{""analytics"":true,""contact_by_employers"":false}",Y08,"KaushalSetu synthetic generator v2, seed 20260929",2026-09-28T12:00:00+05:30,"SYNTHETIC demo data (KaushalSetu SIH prototype): fictional entities, team-assumed numbers, not real or official statistics.",true
48f4dab9-f9ce-5f40-888e-1f196b09eb55,C-ITI-F-solar-pv-2025-005,05d7354b-c53f-5e04-95e5-eb977f8c1379,ITI,"[""mr""]","{""analytics"":true,""contact_by_employers"":true}",Y08,"KaushalSetu synthetic generator v2, seed 20260929",2026-09-28T12:00:00+05:30,"SYNTHETIC demo data (KaushalSetu SIH prototype): fictional entities, team-assumed numbers, not real or official statistics.",true
51386934-ea3b-5cf0-8008-39dd00dfc91b,C-ITI-F-solar-pv-2025-006,05d7354b-c53f-5e04-95e5-eb977f8c1379,ITI,"[""mr"",""hi"",""en""]","{""analytics"":true,""contact_by_employers"":false}",Y08,"KaushalSetu synthetic generator v2, seed 20260929",2026-09-28T12:00:00+05:30,"SYNTHETIC demo data (KaushalSetu SIH prototype): fictional entities, team-assumed numbers, not real or official statistics.",true
e216ecbe-90bb-5a9a-bb65-0e7ccc723cdc,C-ITI-F-solar-pv-2025-007,05d7354b-c53f-5e04-95e5-eb977f8c1379,ITI,"[""mr"",""hi""]","{""analytics"":true,""contact_by_employers"":true}",Y08,"KaushalSetu synthetic generator v2, seed 20260929",2026-09-28T12:00:00+05:30,"SYNTHETIC demo data (KaushalSetu SIH prototype): fictional entities, team-assumed numbers, not real or official statistics.",true
26fbbe1f-35e0-57ae-952e-260c49754959,C-ITI-F-solar-pv-2025-008,05d7354b-c53f-5e04-95e5-eb977f8c1379,ITI,"[""mr"",""hi""]","{""analytics"":true,""contact_by_employers"":true}",Y08,"KaushalSetu synthetic generator v2, seed 20260929",2026-09-28T12:00:00+05:30,"SYNTHETIC demo data (KaushalSetu SIH prototype): fictional entities, team-assumed numbers, not real or official statistics.",true
81fc9476-1c05-537d-90c2-7557ad7f6286,C-ITI-F-solar-pv-2025-009,05d7354b-c53f-5e04-95e5-eb977f8c1379,ITI,"[""mr"",""hi""]","{""analytics"":true,""contact_by_employers"":true}",Y08,"KaushalSetu synthetic generator v2, seed 20260929",2026-09-28T12:00:00+05:30,"SYNTHETIC demo data (KaushalSetu SIH prototype): fictional entities, team-assumed numbers, not real or official statistics.",true
048a57e1-2fe6-588b-b67e-3f397a27fbb3,C-ITI-F-solar-pv-2025-010,05d7354b-c53f-5e04-95e5-eb977f8c1379,CLASS_12,"[""mr"",""en""]","{""analytics"":true,""contact_by_employers"":false}",Y08,"KaushalSetu synthetic generator v2, seed 20260929",2026-09-28T12:00:00+05:30,"SYNTHETIC demo data (KaushalSetu SIH prototype): fictional entities, team-assumed numbers, not real or official statistics.",true
8ea515ad-3118-57a7-863c-1e9bbfbaf14f,C-ITI-F-solar-pv-2025-011,05d7354b-c53f-5e04-95e5-eb977f8c1379,DIPLOMA,"[""mr"",""hi""]","{""analytics"":true,""contact_by_employers"":false}",Y08,"KaushalSetu synthetic generator v2, seed 20260929",2026-09-28T12:00:00+05:30,"SYNTHETIC demo data (KaushalSetu SIH prototype): fictional entities, team-assumed numbers, not real or official statistics.",true
62469d1f-0512-58c2-af7b-c1b09be33e48,C-ITI-F-solar-pv-2025-012,05d7354b-c53f-5e04-95e5-eb977f8c1379,ITI,"[""mr"",""hi"",""en""]","{""analytics"":true,""contact_by_employers"":false}",Y08,"KaushalSetu synthetic generator v2, seed 20260929",2026-09-28T12:00:00+05:30,"SYNTHETIC demo data (KaushalSetu SIH prototype): fictional entities, team-assumed numbers, not real or official statistics.",true
c34c8983-c875-5799-bfbf-1e3399eca4f1,C-ITI-F-solar-pv-2025-013,05d7354b-c53f-5e04-95e5-eb977f8c1379,CLASS_10,"[""mr"",""hi""]","{""analytics"":true,""contact_by_employers"":false}",Y08,"KaushalSetu synthetic generator v2, seed 20260929",2026-09-28T12:00:00+05:30,"SYNTHETIC demo data (KaushalSetu SIH prototype): fictional entities, team-assumed numbers, not real or official statistics.",true
961a439a-7ad8-5063-bcc5-9872c1581ff9,C-ITI-F-solar-pv-2025-014,05d7354b-c53f-5e04-95e5-eb977f8c1379,DIPLOMA,"[""mr"",""hi"",""en""]","{""analytics"":true,""contact_by_employers"":true}",Y08,"KaushalSetu synthetic generator v2, seed 20260929",2026-09-28T12:00:00+05:30,"SYNTHETIC demo data (KaushalSetu SIH prototype): fictional entities, team-assumed numbers, not real or official statistics.",true
36e42b5e-79c0-5898-9134-2427f46ec137,C-ITI-F-solar-pv-2025-015,05d7354b-c53f-5e04-95e5-eb977f8c1379,CLASS_10,"[""mr""]","{""analytics"":true,""contact_by_employers"":true}",Y08,"KaushalSetu synthetic generator v2, seed 20260929",2026-09-28T12:00:00+05:30,"SYNTHETIC demo data (KaushalSetu SIH prototype): fictional entities, team-assumed numbers, not real or official statistics.",true
9d190391-09c9-5c79-8ccb-06c38870b49e,C-ITI-F-solar-pv-2025-016,05d7354b-c53f-5e04-95e5-eb977f8c1379,ITI,"[""mr"",""hi""]","{""analytics"":true,""contact_by_employers"":true}",Y08,"KaushalSetu synthetic generator v2, seed 20260929",2026-09-28T12:00:00+05:30,"SYNTHETIC demo data (KaushalSetu SIH prototype): fictional entities, team-assumed numbers, not real or official statistics.",true
d4492407-504f-577b-9e1e-d65183611e71,C-ITI-F-solar-pv-2025-017,05d7354b-c53f-5e04-95e5-eb977f8c1379,CLASS_10,"[""mr""]","{""analytics"":true,""contact_by_employers"":false}",Y08,"KaushalSetu synthetic generator v2, seed 20260929",2026-09-28T12:00:00+05:30,"SYNTHETIC demo data (KaushalSetu SIH prototype): fictional entities, team-assumed numbers, not real or official statistics.",true
02c0a6f3-925e-58ab-bde9-88b60b33cd71,C-ITI-F-solar-pv-2025-018,05d7354b-c53f-5e04-95e5-eb977f8c1379,ITI,"[""mr"",""hi""]","{""analytics"":true,""contact_by_employers"":true}",Y08,"KaushalSetu synthetic generator v2, seed 20260929",2026-09-28T12:00:00+05:30,"SYNTHETIC demo data (KaushalSetu SIH prototype): fictional entities, team-assumed numbers, not real or official statistics.",true
5de567e6-0759-592c-ae5b-185531f9c27b,C-ITI-F-solar-pv-2025-019,05d7354b-c53f-5e04-95e5-eb977f8c1379,ITI,"[""mr"",""hi"",""en""]","{""analytics"":true,""contact_by_employers"":true}",Y08,"KaushalSetu synthetic generator v2, seed 20260929",2026-09-28T12:00:00+05:30,"SYNTHETIC demo data (KaushalSetu SIH prototype): fictional entities, team-assumed numbers, not real or official statistics.",true
db9783ec-6f58-5fc1-8e4d-5004ee485302,C-ITI-F-solar-pv-2025-020,05d7354b-c53f-5e04-95e5-eb977f8c1379,ITI,"[""mr"",""hi""]","{""analytics"":true,""contact_by_employers"":true}",Y08,"KaushalSetu synthetic generator v2, seed 20260929",2026-09-28T12:00:00+05:30,"SYNTHETIC demo data (KaushalSetu SIH prototype): fictional entities, team-assumed numbers, not real or official statistics.",true
7d006f69-0066-5fbd-8435-8d8cd6166c58,C-ITI-F-solar-pv-2025-021,05d7354b-c53f-5e04-95e5-eb977f8c1379,CLASS_12,"[""mr"",""en""]","{""analytics"":true,""contact_by_employers"":false}",Y08,"KaushalSetu synthetic generator v2, seed 20260929",2026-09-28T12:00:00+05:30,"SYNTHETIC demo data (KaushalSetu SIH prototype): fictional entities, team-assumed numbers, not real or official statistics.",true
aa8268ea-54ce-5ffb-96be-11d26fc3be3f,C-ITI-F-solar-pv-2025-022,05d7354b-c53f-5e04-95e5-eb977f8c1379,DIPLOMA,"[""mr"",""hi"",""en""]","{""analytics"":true,""contact_by_employers"":true}",Y08,"KaushalSetu synthetic generator v2, seed 20260929",2026-09-28T12:00:00+05:30,"SYNTHETIC demo data (KaushalSetu SIH prototype): fictional entities, team-assumed numbers, not real or official statistics.",true
c4f80d10-85aa-54fb-80d7-cc2bb56961ce,C-ITI-F-solar-pv-2025-023,05d7354b-c53f-5e04-95e5-eb977f8c1379,DIPLOMA,"[""mr"",""hi""]","{""analytics"":true,""contact_by_employers"":true}",Y08,"KaushalSetu synthetic generator v2, seed 20260929",2026-09-28T12:00:00+05:30,"SYNTHETIC demo data (KaushalSetu SIH prototype): fictional entities, team-assumed numbers, not real or official statistics.",true
70ab6c97-a5c7-5d03-b626-8d68265048f8,C-ITI-F-solar-pv-2025-024,05d7354b-c53f-5e04-95e5-eb977f8c1379,ITI,"[""mr"",""en""]","{""analytics"":true,""contact_by_employers"":true}",Y08,"KaushalSetu synthetic generator v2, seed 20260929",2026-09-28T12:00:00+05:30,"SYNTHETIC demo data (KaushalSetu SIH prototype): fictional entities, team-assumed numbers, not real or official statistics.",true
b023b917-de02-5e37-98a9-eb58af900734,C-ITI-F-solar-pv-2025-025,05d7354b-c53f-5e04-95e5-eb977f8c1379,ITI,"[""mr"",""hi""]","{""analytics"":true,""contact_by_employers"":true}",Y08,"KaushalSetu synthetic generator v2, seed 20260929",2026-09-28T12:00:00+05:30,"SYNTHETIC demo data (KaushalSetu SIH prototype): fictional entities, team-assumed numbers, not real or official statistics.",true
1da97cdf-640c-5ba7-b742-ad8b5af61508,C-ITI-F-solar-pv-2025-026,05d7354b-c53f-5e04-95e5-eb977f8c1379,ITI,"[""mr"",""hi""]","{""analytics"":true,""contact_by_employers"":true}",Y08,"KaushalSetu synthetic generator v2, seed 20260929",2026-09-28T12:00:00+05:30,"SYNTHETIC demo data (KaushalSetu SIH prototype): fictional entities, team-assumed numbers, not real or official statistics.",true
32d06e98-3486-598c-8234-e3489e5a5602,C-ITI-F-solar-pv-2025-027,05d7354b-c53f-5e04-95e5-eb977f8c1379,ITI,"[""mr"",""hi""]","{""analytics"":true,""contact_by_employers"":true}",Y08,"KaushalSetu synthetic generator v2, seed 20260929",2026-09-28T12:00:00+05:30,"SYNTHETIC demo data (KaushalSetu SIH prototype): fictional entities, team-assumed numbers, not real or official statistics.",true
fd48c767-c8a9-526d-b1ea-b5c4c3a3a188,C-ITI-F-solar-pv-2025-028,05d7354b-c53f-5e04-95e5-eb977f8c1379,ITI,"[""mr"",""hi"",""en""]","{""analytics"":true,""contact_by_employers"":true}",Y08,"KaushalSetu synthetic generator v2, seed 20260929",2026-09-28T12:00:00+05:30,"SYNTHETIC demo data (KaushalSetu SIH prototype): fictional entities, team-assumed numbers, not real or official statistics.",true
d7a82ea6-81f0-5c86-93b5-30e5c82e90c8,C-ITI-F-solar-pv-2025-029,05d7354b-c53f-5e04-95e5-eb977f8c1379,ITI,"[""mr"",""en""]","{""analytics"":true,""contact_by_employers"":true}",Y08,"KaushalSetu synthetic generator v2, seed 20260929",2026-09-28T12:00:00+05:30,"SYNTHETIC demo data (KaushalSetu SIH prototype): fictional entities, team-assumed numbers, not real or official statistics.",true
8cde70b0-2712-567f-936a-6223d0c8df90,C-ITI-F-solar-pv-2025-030,05d7354b-c53f-5e04-95e5-eb977f8c1379,ITI,"[""mr"",""hi"",""en""]","{""analytics"":true,""contact_by_employers"":false}",Y08,"KaushalSetu synthetic generator v2, seed 20260929",2026-09-28T12:00:00+05:30,"SYNTHETIC demo data (KaushalSetu SIH prototype): fictional entities, team-assumed numbers, not real or official statistics.",true
c7de43c0-58c1-5dca-bb56-3be5b7a75fc8,C-ITI-F-solar-pv-2025-031,05d7354b-c53f-5e04-95e5-eb977f8c1379,CLASS_12,"[""mr"",""hi""]","{""analytics"":true,""contact_by_employers"":false}",Y08,"KaushalSetu synthetic generator v2, seed 20260929",2026-09-28T12:00:00+05:30,"SYNTHETIC demo data (KaushalSetu SIH prototype): fictional entities, team-assumed numbers, not real or official statistics.",true
90c114e8-366f-573f-9e33-46ff4a8a3653,C-ITI-F-solar-pv-2025-032,05d7354b-c53f-5e04-95e5-eb977f8c1379,CLASS_12,"[""mr""]","{""analytics"":true,""contact_by_employers"":false}",Y08,"KaushalSetu synthetic generator v2, seed 20260929",2026-09-28T12:00:00+05:30,"SYNTHETIC demo data (KaushalSetu SIH prototype): fictional entities, team-assumed numbers, not real or official statistics.",true
1ea49b9f-4d03-558d-993c-ac14af208b1e,C-ITI-F-solar-pv-2025-033,05d7354b-c53f-5e04-95e5-eb977f8c1379,ITI,"[""mr"",""hi"",""en""]","{""analytics"":true,""contact_by_employers"":false}",Y08,"KaushalSetu synthetic generator v2, seed 20260929",2026-09-28T12:00:00+05:30,"SYNTHETIC demo data (KaushalSetu SIH prototype): fictional entities, team-assumed numbers, not real or official statistics.",true
41ada4e6-6b69-5260-8398-daec816c6b4b,C-ITI-F-solar-pv-2025-034,05d7354b-c53f-5e04-95e5-eb977f8c1379,CLASS_12,"[""mr"",""en""]","{""analytics"":true,""contact_by_employers"":true}",Y08,"KaushalSetu synthetic generator v2, seed 20260929",2026-09-28T12:00:00+05:30,"SYNTHETIC demo data (KaushalSetu SIH prototype): fictional entities, team-assumed numbers, not real or official statistics.",true
e7cf1d10-6af0-56c3-be6e-8b5dc6c5c515,C-ITI-F-solar-pv-2025-035,05d7354b-c53f-5e04-95e5-eb977f8c1379,ITI,"[""mr""]","{""analytics"":true,""contact_by_employers"":false}",Y08,"KaushalSetu synthetic generator v2, seed 20260929",2026-09-28T12:00:00+05:30,"SYNTHETIC demo data (KaushalSetu SIH prototype): fictional entities, team-assumed numbers, not real or official statistics.",true
547a029d-6c16-55ab-b015-740439a0bd90,C-ITI-F-solar-pv-2025-036,05d7354b-c53f-5e04-95e5-eb977f8c1379,ITI,"[""mr""]","{""analytics"":true,""contact_by_employers"":false}",Y08,"KaushalSetu synthetic generator v2, seed 20260929",2026-09-28T12:00:00+05:30,"SYNTHETIC demo data (KaushalSetu SIH prototype): fictional entities, team-assumed numbers, not real or official statistics.",true
946f8814-be35-595b-863d-09502d934a4f,C-ITI-F-solar-pv-2025-037,05d7354b-c53f-5e04-95e5-eb977f8c1379,DIPLOMA,"[""mr"",""hi""]","{""analytics"":true,""contact_by_employers"":true}",Y08,"KaushalSetu synthetic generator v2, seed 20260929",2026-09-28T12:00:00+05:30,"SYNTHETIC demo data (KaushalSetu SIH prototype): fictional entities, team-assumed numbers, not real or official statistics.",true
6b039d66-0b3c-5888-8153-b02520faa1ac,C-ITI-F-solar-pv-2025-038,05d7354b-c53f-5e04-95e5-eb977f8c1379,ITI,"[""mr"",""hi""]","{""analytics"":true,""contact_by_employers"":true}",Y08,"KaushalSetu synthetic generator v2, seed 20260929",2026-09-28T12:00:00+05:30,"SYNTHETIC demo data (KaushalSetu SIH prototype): fictional entities, team-assumed numbers, not real or official statistics.",true
a32f617c-6a09-5c75-81ce-2294634acac1,C-ITI-F-solar-pv-2025-039,05d7354b-c53f-5e04-95e5-eb977f8c1379,DIPLOMA,"[""mr""]","{""analytics"":true,""contact_by_employers"":false}",Y08,"KaushalSetu synthetic generator v2, seed 20260929",2026-09-28T12:00:00+05:30,"SYNTHETIC demo data (KaushalSetu SIH prototype): fictional entities, team-assumed numbers, not real or official statistics.",true
26ef9718-b1f8-54d2-a062-5e8535448420,C-ITI-F-solar-pv-2025-040,05d7354b-c53f-5e04-95e5-eb977f8c1379,CLASS_12,"[""mr"",""hi"",""en""]","{""analytics"":true,""contact_by_employers"":false}",Y08,"KaushalSetu synthetic generator v2, seed 20260929",2026-09-28T12:00:00+05:30,"SYNTHETIC demo data (KaushalSetu SIH prototype): fictional entities, team-assumed numbers, not real or official statistics.",true
58323c9d-46ef-5c10-b110-f9d387d1b631,C-ITI-F-solar-pv-2025-041,05d7354b-c53f-5e04-95e5-eb977f8c1379,CLASS_12,"[""mr"",""hi""]","{""analytics"":true,""contact_by_employers"":true}",Y08,"KaushalSetu synthetic generator v2, seed 20260929",2026-09-28T12:00:00+05:30,"SYNTHETIC demo data (KaushalSetu SIH prototype): fictional entities, team-assumed numbers, not real or official statistics.",true
09b93160-4de4-5132-a981-350a44062d97,C-ITI-F-solar-pv-2025-042,05d7354b-c53f-5e04-95e5-eb977f8c1379,ITI,"[""mr"",""hi"",""en""]","{""analytics"":true,""contact_by_employers"":true}",Y08,"KaushalSetu synthetic generator v2, seed 20260929",2026-09-28T12:00:00+05:30,"SYNTHETIC demo data (KaushalSetu SIH prototype): fictional entities, team-assumed numbers, not real or official statistics.",true
e9eabd17-4e2c-534e-b5ef-5555f6aa5639,C-ITI-F-solar-pv-2025-043,05d7354b-c53f-5e04-95e5-eb977f8c1379,ITI,"[""mr""]","{""analytics"":true,""contact_by_employers"":false}",Y08,"KaushalSetu synthetic generator v2, seed 20260929",2026-09-28T12:00:00+05:30,"SYNTHETIC demo data (KaushalSetu SIH prototype): fictional entities, team-assumed numbers, not real or official statistics.",true
72c49d94-bdbf-59f4-8a5d-835f55422fb2,C-ITI-F-solar-pv-2025-044,05d7354b-c53f-5e04-95e5-eb977f8c1379,DIPLOMA,"[""mr"",""hi"",""en""]","{""analytics"":true,""contact_by_employers"":true}",Y08,"KaushalSetu synthetic generator v2, seed 20260929",2026-09-28T12:00:00+05:30,"SYNTHETIC demo data (KaushalSetu SIH prototype): fictional entities, team-assumed numbers, not real or official statistics.",true
3d2fb358-046b-5321-8c59-49c9a3279b6b,C-ITI-F-solar-pv-2025-045,05d7354b-c53f-5e04-95e5-eb977f8c1379,ITI,"[""mr"",""hi"",""en""]","{""analytics"":true,""contact_by_employers"":true}",Y08,"KaushalSetu synthetic generator v2, seed 20260929",2026-09-28T12:00:00+05:30,"SYNTHETIC demo data (KaushalSetu SIH prototype): fictional entities, team-assumed numbers, not real or official statistics.",true
6521c93d-79d4-595b-816b-5b05af21b573,C-ITI-F-solar-pv-2025-046,05d7354b-c53f-5e04-95e5-eb977f8c1379,ITI,"[""mr"",""hi"",""en""]","{""analytics"":true,""contact_by_employers"":false}",Y08,"KaushalSetu synthetic generator v2, seed 20260929",2026-09-28T12:00:00+05:30,"SYNTHETIC demo data (KaushalSetu SIH prototype): fictional entities, team-assumed numbers, not real or official statistics.",true
7791b9f5-3ab6-5016-aae7-651b34ec16c1,C-ITI-F-solar-pv-2025-047,05d7354b-c53f-5e04-95e5-eb977f8c1379,CLASS_12,"[""mr"",""hi"",""en""]","{""analytics"":true,""contact_by_employers"":true}",Y08,"KaushalSetu synthetic generator v2, seed 20260929",2026-09-28T12:00:00+05:30,"SYNTHETIC demo data (KaushalSetu SIH prototype): fictional entities, team-assumed numbers, not real or official statistics.",true
1036f136-c9c9-504a-8295-d3157e02b891,C-ITI-F-solar-pv-2025-048,05d7354b-c53f-5e04-95e5-eb977f8c1379,CLASS_10,"[""mr"",""en""]","{""analytics"":true,""contact_by_employers"":true}",Y08,"KaushalSetu synthetic generator v2, seed 20260929",2026-09-28T12:00:00+05:30,"SYNTHETIC demo data (KaushalSetu SIH prototype): fictional entities, team-assumed numbers, not real or official statistics.",true
4a0c6c4d-cab3-5f60-8d86-ade213999ca4,C-ITI-F-solar-pv-2025-049,05d7354b-c53f-5e04-95e5-eb977f8c1379,ITI,"[""mr"",""hi"",""en""]","{""analytics"":true,""contact_by_employers"":false}",Y08,"KaushalSetu synthetic generator v2, seed 20260929",2026-09-28T12:00:00+05:30,"SYNTHETIC demo data (KaushalSetu SIH prototype): fictional entities, team-assumed numbers, not real or official statistics.",true
9d6bfc21-61ca-5dc5-a903-182f46ebf0af,C-ITI-F-solar-pv-2025-050,05d7354b-c53f-5e04-95e5-eb977f8c1379,DIPLOMA,"[""mr""]","{""analytics"":true,""contact_by_employers"":false}",Y08,"KaushalSetu synthetic generator v2, seed 20260929",2026-09-28T12:00:00+05:30,"SYNTHETIC demo data (KaushalSetu SIH prototype): fictional entities, team-assumed numbers, not real or official statistics.",true
809d23e1-2801-5b05-8d48-b1dda40bd7ca,C-ITI-F-solar-pv-2025-051,05d7354b-c53f-5e04-95e5-eb977f8c1379,ITI,"[""mr"",""en""]","{""analytics"":true,""contact_by_employers"":true}",Y08,"KaushalSetu synthetic generator v2, seed 20260929",2026-09-28T12:00:00+05:30,"SYNTHETIC demo data (KaushalSetu SIH prototype): fictional entities, team-assumed numbers, not real or official statistics.",true
d9a96e3c-be89-54c9-97b6-7134e88dac2e,C-ITI-F-solar-pv-2025-052,05d7354b-c53f-5e04-95e5-eb977f8c1379,ITI,"[""mr"",""hi"",""en""]","{""analytics"":true,""contact_by_employers"":false}",Y08,"KaushalSetu synthetic generator v2, seed 20260929",2026-09-28T12:00:00+05:30,"SYNTHETIC demo data (KaushalSetu SIH prototype): fictional entities, team-assumed numbers, not real or official statistics.",true
bb9abc1a-31bc-55fa-a974-50c5c3610de4,C-ITI-F-solar-pv-2025-053,05d7354b-c53f-5e04-95e5-eb977f8c1379,CLASS_12,"[""mr"",""hi""]","{""analytics"":true,""contact_by_employers"":true}",Y08,"KaushalSetu synthetic generator v2, seed 20260929",2026-09-28T12:00:00+05:30,"SYNTHETIC demo data (KaushalSetu SIH prototype): fictional entities, team-assumed numbers, not real or official statistics.",true
35568008-d31e-543a-a8d0-9e7fd147d726,C-ITI-F-solar-pv-2025-054,05d7354b-c53f-5e04-95e5-eb977f8c1379,CLASS_12,"[""mr""]","{""analytics"":true,""contact_by_employers"":true}",Y08,"KaushalSetu synthetic generator v2, seed 20260929",2026-09-28T12:00:00+05:30,"SYNTHETIC demo data (KaushalSetu SIH prototype): fictional entities, team-assumed numbers, not real or official statistics.",true
1e5c207f-2a04-5f02-836d-952e34625ddb,C-ITI-G-electrician-2024-001,944d9d62-c375-5e41-8420-b65a108a0a38,CLASS_12,"[""mr"",""hi""]","{""analytics"":true,""contact_by_employers"":true}",Y08,"KaushalSetu synthetic generator v2, seed 20260929",2026-09-28T12:00:00+05:30,"SYNTHETIC demo data (KaushalSetu SIH prototype): fictional entities, team-assumed numbers, not real or official statistics.",true
24c274c4-0d20-5a41-afee-4ee6568c5046,C-ITI-G-electrician-2024-002,944d9d62-c375-5e41-8420-b65a108a0a38,CLASS_10,"[""mr"",""hi""]","{""analytics"":true,""contact_by_employers"":true}",Y08,"KaushalSetu synthetic generator v2, seed 20260929",2026-09-28T12:00:00+05:30,"SYNTHETIC demo data (KaushalSetu SIH prototype): fictional entities, team-assumed numbers, not real or official statistics.",true
5494905d-e5d0-5e3c-bb30-55a9acfe5a1b,C-ITI-G-electrician-2024-003,944d9d62-c375-5e41-8420-b65a108a0a38,CLASS_10,"[""mr"",""hi"",""en""]","{""analytics"":true,""contact_by_employers"":false}",Y08,"KaushalSetu synthetic generator v2, seed 20260929",2026-09-28T12:00:00+05:30,"SYNTHETIC demo data (KaushalSetu SIH prototype): fictional entities, team-assumed numbers, not real or official statistics.",true
e5dc3318-3e70-5794-9de5-aac30bd83716,C-ITI-G-electrician-2024-004,944d9d62-c375-5e41-8420-b65a108a0a38,CLASS_10,"[""mr"",""hi""]","{""analytics"":true,""contact_by_employers"":true}",Y08,"KaushalSetu synthetic generator v2, seed 20260929",2026-09-28T12:00:00+05:30,"SYNTHETIC demo data (KaushalSetu SIH prototype): fictional entities, team-assumed numbers, not real or official statistics.",true
b82e66e7-6622-5086-9509-9addac853705,C-ITI-G-electrician-2024-005,944d9d62-c375-5e41-8420-b65a108a0a38,CLASS_10,"[""mr"",""en""]","{""analytics"":true,""contact_by_employers"":false}",Y08,"KaushalSetu synthetic generator v2, seed 20260929",2026-09-28T12:00:00+05:30,"SYNTHETIC demo data (KaushalSetu SIH prototype): fictional entities, team-assumed numbers, not real or official statistics.",true
f437308b-8cf5-55d0-a0c9-711965898b28,C-ITI-G-electrician-2024-006,944d9d62-c375-5e41-8420-b65a108a0a38,CLASS_10,"[""mr"",""hi"",""en""]","{""analytics"":true,""contact_by_employers"":true}",Y08,"KaushalSetu synthetic generator v2, seed 20260929",2026-09-28T12:00:00+05:30,"SYNTHETIC demo data (KaushalSetu SIH prototype): fictional entities, team-assumed numbers, not real or official statistics.",true
035d335a-50ce-5789-be96-9cf8dca5e162,C-ITI-G-electrician-2024-007,944d9d62-c375-5e41-8420-b65a108a0a38,CLASS_12,"[""mr"",""en""]","{""analytics"":true,""contact_by_employers"":true}",Y08,"KaushalSetu synthetic generator v2, seed 20260929",2026-09-28T12:00:00+05:30,"SYNTHETIC demo data (KaushalSetu SIH prototype): fictional entities, team-assumed numbers, not real or official statistics.",true
43067f79-2575-5066-97a6-3aceda570bc4,C-ITI-G-electrician-2024-008,944d9d62-c375-5e41-8420-b65a108a0a38,CLASS_10,"[""mr""]","{""analytics"":true,""contact_by_employers"":true}",Y08,"KaushalSetu synthetic generator v2, seed 20260929",2026-09-28T12:00:00+05:30,"SYNTHETIC demo data (KaushalSetu SIH prototype): fictional entities, team-assumed numbers, not real or official statistics.",true
9d63dd86-7c31-51aa-a60d-5d9f4dda8628,C-ITI-G-electrician-2024-009,944d9d62-c375-5e41-8420-b65a108a0a38,CLASS_10,"[""mr"",""en""]","{""analytics"":true,""contact_by_employers"":false}",Y08,"KaushalSetu synthetic generator v2, seed 20260929",2026-09-28T12:00:00+05:30,"SYNTHETIC demo data (KaushalSetu SIH prototype): fictional entities, team-assumed numbers, not real or official statistics.",true
09a6a509-c5f6-56e3-bc3e-2ffa5640a237,C-ITI-G-electrician-2024-010,944d9d62-c375-5e41-8420-b65a108a0a38,CLASS_10,"[""mr"",""hi""]","{""analytics"":true,""contact_by_employers"":true}",Y08,"KaushalSetu synthetic generator v2, seed 20260929",2026-09-28T12:00:00+05:30,"SYNTHETIC demo data (KaushalSetu SIH prototype): fictional entities, team-assumed numbers, not real or official statistics.",true
1638a427-a0bb-57a5-a7f3-9d40e74159c8,C-ITI-G-electrician-2024-011,944d9d62-c375-5e41-8420-b65a108a0a38,CLASS_10,"[""mr"",""hi"",""en""]","{""analytics"":true,""contact_by_employers"":false}",Y08,"KaushalSetu synthetic generator v2, seed 20260929",2026-09-28T12:00:00+05:30,"SYNTHETIC demo data (KaushalSetu SIH prototype): fictional entities, team-assumed numbers, not real or official statistics.",true
99a64fb7-6aa4-589b-a6fa-33df7fd0e379,C-ITI-G-electrician-2024-012,944d9d62-c375-5e41-8420-b65a108a0a38,CLASS_10,"[""mr"",""hi""]","{""analytics"":true,""contact_by_employers"":true}",Y08,"KaushalSetu synthetic generator v2, seed 20260929",2026-09-28T12:00:00+05:30,"SYNTHETIC demo data (KaushalSetu SIH prototype): fictional entities, team-assumed numbers, not real or official statistics.",true
efc665bd-a9f0-5740-bf78-b015e67994c2,C-ITI-G-electrician-2024-013,944d9d62-c375-5e41-8420-b65a108a0a38,CLASS_10,"[""mr"",""hi"",""en""]","{""analytics"":true,""contact_by_employers"":true}",Y08,"KaushalSetu synthetic generator v2, seed 20260929",2026-09-28T12:00:00+05:30,"SYNTHETIC demo data (KaushalSetu SIH prototype): fictional entities, team-assumed numbers, not real or official statistics.",true
f5151f02-cf2b-545d-a68a-897c903ec347,C-ITI-G-electrician-2024-014,944d9d62-c375-5e41-8420-b65a108a0a38,CLASS_10,"[""mr""]","{""analytics"":true,""contact_by_employers"":true}",Y08,"KaushalSetu synthetic generator v2, seed 20260929",2026-09-28T12:00:00+05:30,"SYNTHETIC demo data (KaushalSetu SIH prototype): fictional entities, team-assumed numbers, not real or official statistics.",true
16a05c1f-78c3-559a-ab51-a9b0fc7a7a02,C-ITI-G-electrician-2024-015,944d9d62-c375-5e41-8420-b65a108a0a38,CLASS_12,"[""mr"",""hi""]","{""analytics"":true,""contact_by_employers"":true}",Y08,"KaushalSetu synthetic generator v2, seed 20260929",2026-09-28T12:00:00+05:30,"SYNTHETIC demo data (KaushalSetu SIH prototype): fictional entities, team-assumed numbers, not real or official statistics.",true
061f7b8a-23bc-5f11-bfc1-b5bd30d57f08,C-ITI-G-electrician-2024-016,944d9d62-c375-5e41-8420-b65a108a0a38,CLASS_10,"[""mr"",""hi""]","{""analytics"":true,""contact_by_employers"":false}",Y08,"KaushalSetu synthetic generator v2, seed 20260929",2026-09-28T12:00:00+05:30,"SYNTHETIC demo data (KaushalSetu SIH prototype): fictional entities, team-assumed numbers, not real or official statistics.",true
b877a5e8-bc32-5bda-96a5-d146861be7c5,C-ITI-G-electrician-2024-017,944d9d62-c375-5e41-8420-b65a108a0a38,CLASS_10,"[""mr"",""hi""]","{""analytics"":true,""contact_by_employers"":true}",Y08,"KaushalSetu synthetic generator v2, seed 20260929",2026-09-28T12:00:00+05:30,"SYNTHETIC demo data (KaushalSetu SIH prototype): fictional entities, team-assumed numbers, not real or official statistics.",true
74803c11-f295-589d-814c-ae26a0424393,C-ITI-G-electrician-2024-018,944d9d62-c375-5e41-8420-b65a108a0a38,CLASS_12,"[""mr"",""hi"",""en""]","{""analytics"":true,""contact_by_employers"":true}",Y08,"KaushalSetu synthetic generator v2, seed 20260929",2026-09-28T12:00:00+05:30,"SYNTHETIC demo data (KaushalSetu SIH prototype): fictional entities, team-assumed numbers, not real or official statistics.",true
8dc2f51a-96f2-5260-962c-b01d792a5410,C-ITI-G-electrician-2024-019,944d9d62-c375-5e41-8420-b65a108a0a38,CLASS_10,"[""mr"",""en""]","{""analytics"":true,""contact_by_employers"":false}",Y08,"KaushalSetu synthetic generator v2, seed 20260929",2026-09-28T12:00:00+05:30,"SYNTHETIC demo data (KaushalSetu SIH prototype): fictional entities, team-assumed numbers, not real or official statistics.",true
e8f8e815-3fa7-5f13-9e54-e3ab8543fef8,C-ITI-G-electrician-2024-020,944d9d62-c375-5e41-8420-b65a108a0a38,CLASS_10,"[""mr"",""en""]","{""analytics"":true,""contact_by_employers"":true}",Y08,"KaushalSetu synthetic generator v2, seed 20260929",2026-09-28T12:00:00+05:30,"SYNTHETIC demo data (KaushalSetu SIH prototype): fictional entities, team-assumed numbers, not real or official statistics.",true
a9ff68ba-d2ef-5cb9-b156-a299cfe02806,C-ITI-G-electrician-2024-021,944d9d62-c375-5e41-8420-b65a108a0a38,CLASS_10,"[""mr""]","{""analytics"":true,""contact_by_employers"":false}",Y08,"KaushalSetu synthetic generator v2, seed 20260929",2026-09-28T12:00:00+05:30,"SYNTHETIC demo data (KaushalSetu SIH prototype): fictional entities, team-assumed numbers, not real or official statistics.",true
f485b3be-da1a-574a-9a85-cf35115cf6ff,C-ITI-G-electrician-2024-022,944d9d62-c375-5e41-8420-b65a108a0a38,CLASS_10,"[""mr"",""hi"",""en""]","{""analytics"":true,""contact_by_employers"":true}",Y08,"KaushalSetu synthetic generator v2, seed 20260929",2026-09-28T12:00:00+05:30,"SYNTHETIC demo data (KaushalSetu SIH prototype): fictional entities, team-assumed numbers, not real or official statistics.",true
2adecb35-a993-553f-ae36-de5d2d286090,C-ITI-G-electrician-2024-023,944d9d62-c375-5e41-8420-b65a108a0a38,CLASS_10,"[""mr"",""hi"",""en""]","{""analytics"":true,""contact_by_employers"":true}",Y08,"KaushalSetu synthetic generator v2, seed 20260929",2026-09-28T12:00:00+05:30,"SYNTHETIC demo data (KaushalSetu SIH prototype): fictional entities, team-assumed numbers, not real or official statistics.",true
d5e5630f-95ac-5489-84b3-9b3d33b65eba,C-ITI-G-electrician-2024-024,944d9d62-c375-5e41-8420-b65a108a0a38,CLASS_12,"[""mr"",""hi"",""en""]","{""analytics"":true,""contact_by_employers"":true}",Y08,"KaushalSetu synthetic generator v2, seed 20260929",2026-09-28T12:00:00+05:30,"SYNTHETIC demo data (KaushalSetu SIH prototype): fictional entities, team-assumed numbers, not real or official statistics.",true
dcdd7a0e-1dfa-51d3-be2a-244e7e6ce16b,C-ITI-G-electrician-2024-025,944d9d62-c375-5e41-8420-b65a108a0a38,CLASS_10,"[""mr"",""hi""]","{""analytics"":true,""contact_by_employers"":true}",Y08,"KaushalSetu synthetic generator v2, seed 20260929",2026-09-28T12:00:00+05:30,"SYNTHETIC demo data (KaushalSetu SIH prototype): fictional entities, team-assumed numbers, not real or official statistics.",true
46647bef-4a8f-5ae3-a49b-0796eed7fc39,C-ITI-G-electrician-2024-026,944d9d62-c375-5e41-8420-b65a108a0a38,CLASS_10,"[""mr"",""hi"",""en""]","{""analytics"":true,""contact_by_employers"":true}",Y08,"KaushalSetu synthetic generator v2, seed 20260929",2026-09-28T12:00:00+05:30,"SYNTHETIC demo data (KaushalSetu SIH prototype): fictional entities, team-assumed numbers, not real or official statistics.",true
fce99699-ccf7-5a4c-af7b-856a9b8367d9,C-ITI-G-electrician-2024-027,944d9d62-c375-5e41-8420-b65a108a0a38,CLASS_12,"[""mr"",""en""]","{""analytics"":true,""contact_by_employers"":true}",Y08,"KaushalSetu synthetic generator v2, seed 20260929",2026-09-28T12:00:00+05:30,"SYNTHETIC demo data (KaushalSetu SIH prototype): fictional entities, team-assumed numbers, not real or official statistics.",true
25e18008-bb17-5dcc-a393-514f40f13f4e,C-ITI-G-electrician-2024-028,944d9d62-c375-5e41-8420-b65a108a0a38,CLASS_12,"[""mr"",""hi"",""en""]","{""analytics"":true,""contact_by_employers"":true}",Y08,"KaushalSetu synthetic generator v2, seed 20260929",2026-09-28T12:00:00+05:30,"SYNTHETIC demo data (KaushalSetu SIH prototype): fictional entities, team-assumed numbers, not real or official statistics.",true
85024a31-1737-5ef4-b9a8-81f7b1f3c340,C-ITI-G-electrician-2024-029,944d9d62-c375-5e41-8420-b65a108a0a38,CLASS_12,"[""mr"",""hi""]","{""analytics"":true,""contact_by_employers"":true}",Y08,"KaushalSetu synthetic generator v2, seed 20260929",2026-09-28T12:00:00+05:30,"SYNTHETIC demo data (KaushalSetu SIH prototype): fictional entities, team-assumed numbers, not real or official statistics.",true
ea190b12-e8d8-5627-9c9b-98eea81fe7de,C-ITI-G-electrician-2024-030,944d9d62-c375-5e41-8420-b65a108a0a38,CLASS_12,"[""mr""]","{""analytics"":true,""contact_by_employers"":true}",Y08,"KaushalSetu synthetic generator v2, seed 20260929",2026-09-28T12:00:00+05:30,"SYNTHETIC demo data (KaushalSetu SIH prototype): fictional entities, team-assumed numbers, not real or official statistics.",true
19dc1e61-5320-5f09-9b86-20fad7db1901,C-ITI-G-electrician-2024-031,944d9d62-c375-5e41-8420-b65a108a0a38,CLASS_10,"[""mr"",""hi""]","{""analytics"":true,""contact_by_employers"":true}",Y08,"KaushalSetu synthetic generator v2, seed 20260929",2026-09-28T12:00:00+05:30,"SYNTHETIC demo data (KaushalSetu SIH prototype): fictional entities, team-assumed numbers, not real or official statistics.",true
88b0ffbe-ed5f-57bb-9329-c5ca8c11953f,C-ITI-G-electrician-2024-032,944d9d62-c375-5e41-8420-b65a108a0a38,CLASS_10,"[""mr"",""hi""]","{""analytics"":true,""contact_by_employers"":true}",Y08,"KaushalSetu synthetic generator v2, seed 20260929",2026-09-28T12:00:00+05:30,"SYNTHETIC demo data (KaushalSetu SIH prototype): fictional entities, team-assumed numbers, not real or official statistics.",true
db81db47-e6ef-5ee8-9872-772e9b5189a0,C-ITI-G-electrician-2024-033,944d9d62-c375-5e41-8420-b65a108a0a38,CLASS_12,"[""mr"",""hi""]","{""analytics"":true,""contact_by_employers"":true}",Y08,"KaushalSetu synthetic generator v2, seed 20260929",2026-09-28T12:00:00+05:30,"SYNTHETIC demo data (KaushalSetu SIH prototype): fictional entities, team-assumed numbers, not real or official statistics.",true
a8a0e647-01d3-5187-a6f1-936f5e1c063c,C-ITI-G-electrician-2024-034,944d9d62-c375-5e41-8420-b65a108a0a38,CLASS_12,"[""mr"",""hi""]","{""analytics"":true,""contact_by_employers"":false}",Y08,"KaushalSetu synthetic generator v2, seed 20260929",2026-09-28T12:00:00+05:30,"SYNTHETIC demo data (KaushalSetu SIH prototype): fictional entities, team-assumed numbers, not real or official statistics.",true
2b041a81-3990-56bc-b3b0-ddb098e54013,C-ITI-G-electrician-2024-035,944d9d62-c375-5e41-8420-b65a108a0a38,CLASS_12,"[""mr"",""hi""]","{""analytics"":true,""contact_by_employers"":true}",Y08,"KaushalSetu synthetic generator v2, seed 20260929",2026-09-28T12:00:00+05:30,"SYNTHETIC demo data (KaushalSetu SIH prototype): fictional entities, team-assumed numbers, not real or official statistics.",true
4672d1a9-5a39-5c4b-8b95-d21437683605,C-ITI-G-electrician-2024-036,944d9d62-c375-5e41-8420-b65a108a0a38,CLASS_10,"[""mr"",""hi""]","{""analytics"":true,""contact_by_employers"":true}",Y08,"KaushalSetu synthetic generator v2, seed 20260929",2026-09-28T12:00:00+05:30,"SYNTHETIC demo data (KaushalSetu SIH prototype): fictional entities, team-assumed numbers, not real or official statistics.",true
9fd25a38-4cfe-515b-addd-91b0fdabb29f,C-ITI-G-electrician-2024-037,944d9d62-c375-5e41-8420-b65a108a0a38,CLASS_10,"[""mr""]","{""analytics"":true,""contact_by_employers"":true}",Y08,"KaushalSetu synthetic generator v2, seed 20260929",2026-09-28T12:00:00+05:30,"SYNTHETIC demo data (KaushalSetu SIH prototype): fictional entities, team-assumed numbers, not real or official statistics.",true
f69e5715-847e-51f5-85a5-b70abb9061a7,C-ITI-G-electrician-2024-038,944d9d62-c375-5e41-8420-b65a108a0a38,CLASS_10,"[""mr"",""hi""]","{""analytics"":true,""contact_by_employers"":false}",Y08,"KaushalSetu synthetic generator v2, seed 20260929",2026-09-28T12:00:00+05:30,"SYNTHETIC demo data (KaushalSetu SIH prototype): fictional entities, team-assumed numbers, not real or official statistics.",true
e55d739e-464e-50d6-a1d3-39b74bd28453,C-ITI-G-electrician-2024-039,944d9d62-c375-5e41-8420-b65a108a0a38,CLASS_12,"[""mr""]","{""analytics"":true,""contact_by_employers"":true}",Y08,"KaushalSetu synthetic generator v2, seed 20260929",2026-09-28T12:00:00+05:30,"SYNTHETIC demo data (KaushalSetu SIH prototype): fictional entities, team-assumed numbers, not real or official statistics.",true
ec8dc4b2-dfd0-5f8a-96d8-54355a6c8ae8,C-ITI-G-electrician-2024-040,944d9d62-c375-5e41-8420-b65a108a0a38,CLASS_10,"[""mr"",""en""]","{""analytics"":true,""contact_by_employers"":true}",Y08,"KaushalSetu synthetic generator v2, seed 20260929",2026-09-28T12:00:00+05:30,"SYNTHETIC demo data (KaushalSetu SIH prototype): fictional entities, team-assumed numbers, not real or official statistics.",true
03794832-327d-5b70-a77a-3d486576f0b3,C-ITI-G-electrician-2024-041,944d9d62-c375-5e41-8420-b65a108a0a38,CLASS_10,"[""mr""]","{""analytics"":true,""contact_by_employers"":false}",Y08,"KaushalSetu synthetic generator v2, seed 20260929",2026-09-28T12:00:00+05:30,"SYNTHETIC demo data (KaushalSetu SIH prototype): fictional entities, team-assumed numbers, not real or official statistics.",true
421cfb6b-2cba-55ac-af7d-fdc0ad740fc6,C-ITI-G-electrician-2024-042,944d9d62-c375-5e41-8420-b65a108a0a38,CLASS_10,"[""mr"",""hi"",""en""]","{""analytics"":true,""contact_by_employers"":true}",Y08,"KaushalSetu synthetic generator v2, seed 20260929",2026-09-28T12:00:00+05:30,"SYNTHETIC demo data (KaushalSetu SIH prototype): fictional entities, team-assumed numbers, not real or official statistics.",true
4fb73f3b-3d8b-5c71-977f-b2392ef37fe5,C-ITI-G-electrician-2024-043,944d9d62-c375-5e41-8420-b65a108a0a38,CLASS_10,"[""mr"",""hi"",""en""]","{""analytics"":true,""contact_by_employers"":true}",Y08,"KaushalSetu synthetic generator v2, seed 20260929",2026-09-28T12:00:00+05:30,"SYNTHETIC demo data (KaushalSetu SIH prototype): fictional entities, team-assumed numbers, not real or official statistics.",true
e499dbd6-d937-5176-bdbb-5924543f8d48,C-ITI-G-electrician-2024-044,944d9d62-c375-5e41-8420-b65a108a0a38,CLASS_10,"[""mr"",""en""]","{""analytics"":true,""contact_by_employers"":false}",Y08,"KaushalSetu synthetic generator v2, seed 20260929",2026-09-28T12:00:00+05:30,"SYNTHETIC demo data (KaushalSetu SIH prototype): fictional entities, team-assumed numbers, not real or official statistics.",true
bc219b82-9586-578d-9490-aaa03990e9fa,C-ITI-G-electrician-2024-045,944d9d62-c375-5e41-8420-b65a108a0a38,CLASS_12,"[""mr"",""hi"",""en""]","{""analytics"":true,""contact_by_employers"":false}",Y08,"KaushalSetu synthetic generator v2, seed 20260929",2026-09-28T12:00:00+05:30,"SYNTHETIC demo data (KaushalSetu SIH prototype): fictional entities, team-assumed numbers, not real or official statistics.",true
476d8e0e-722a-5c10-a3cf-2281d9ae38f8,C-ITI-G-electrician-2024-046,944d9d62-c375-5e41-8420-b65a108a0a38,CLASS_10,"[""mr"",""hi""]","{""analytics"":true,""contact_by_employers"":true}",Y08,"KaushalSetu synthetic generator v2, seed 20260929",2026-09-28T12:00:00+05:30,"SYNTHETIC demo data (KaushalSetu SIH prototype): fictional entities, team-assumed numbers, not real or official statistics.",true
6e42dbad-53c8-5b2f-bf1c-a2ffc5a8a379,C-ITI-G-electrician-2024-047,944d9d62-c375-5e41-8420-b65a108a0a38,CLASS_10,"[""mr"",""en""]","{""analytics"":true,""contact_by_employers"":true}",Y08,"KaushalSetu synthetic generator v2, seed 20260929",2026-09-28T12:00:00+05:30,"SYNTHETIC demo data (KaushalSetu SIH prototype): fictional entities, team-assumed numbers, not real or official statistics.",true
d27bb7cd-3356-5b34-9ff2-ec0e5480d37c,C-ITI-G-electrician-2024-048,944d9d62-c375-5e41-8420-b65a108a0a38,CLASS_10,"[""mr"",""hi"",""en""]","{""analytics"":true,""contact_by_employers"":true}",Y08,"KaushalSetu synthetic generator v2, seed 20260929",2026-09-28T12:00:00+05:30,"SYNTHETIC demo data (KaushalSetu SIH prototype): fictional entities, team-assumed numbers, not real or official statistics.",true
4167f379-c1f9-5f0d-8b4d-a88985a80b1c,C-ITI-G-electrician-2024-049,944d9d62-c375-5e41-8420-b65a108a0a38,CLASS_10,"[""mr""]","{""analytics"":true,""contact_by_employers"":true}",Y08,"KaushalSetu synthetic generator v2, seed 20260929",2026-09-28T12:00:00+05:30,"SYNTHETIC demo data (KaushalSetu SIH prototype): fictional entities, team-assumed numbers, not real or official statistics.",true
5274e1b6-fd9e-568f-a5fe-2052171aecda,C-ITI-G-electrician-2024-050,944d9d62-c375-5e41-8420-b65a108a0a38,CLASS_12,"[""mr"",""hi""]","{""analytics"":true,""contact_by_employers"":true}",Y08,"KaushalSetu synthetic generator v2, seed 20260929",2026-09-28T12:00:00+05:30,"SYNTHETIC demo data (KaushalSetu SIH prototype): fictional entities, team-assumed numbers, not real or official statistics.",true
21c50ac0-e27b-5fc9-a1e0-92ccbdb59852,C-ITI-G-electrician-2024-051,944d9d62-c375-5e41-8420-b65a108a0a38,CLASS_10,"[""mr"",""en""]","{""analytics"":true,""contact_by_employers"":true}",Y08,"KaushalSetu synthetic generator v2, seed 20260929",2026-09-28T12:00:00+05:30,"SYNTHETIC demo data (KaushalSetu SIH prototype): fictional entities, team-assumed numbers, not real or official statistics.",true
c0980b04-6ab0-5c37-8d24-48ce03da93b7,C-ITI-G-electrician-2024-052,944d9d62-c375-5e41-8420-b65a108a0a38,CLASS_10,"[""mr""]","{""analytics"":true,""contact_by_employers"":true}",Y08,"KaushalSetu synthetic generator v2, seed 20260929",2026-09-28T12:00:00+05:30,"SYNTHETIC demo data (KaushalSetu SIH prototype): fictional entities, team-assumed numbers, not real or official statistics.",true
5792155d-717c-54ab-bcde-bea30394eb0c,C-ITI-G-electrician-2024-053,944d9d62-c375-5e41-8420-b65a108a0a38,CLASS_12,"[""mr""]","{""analytics"":true,""contact_by_employers"":true}",Y08,"KaushalSetu synthetic generator v2, seed 20260929",2026-09-28T12:00:00+05:30,"SYNTHETIC demo data (KaushalSetu SIH prototype): fictional entities, team-assumed numbers, not real or official statistics.",true
7ef7443b-d1e8-5fbd-8b43-8623e3b0e1ed,C-ITI-G-electrician-2024-054,944d9d62-c375-5e41-8420-b65a108a0a38,CLASS_10,"[""mr"",""en""]","{""analytics"":true,""contact_by_employers"":false}",Y08,"KaushalSetu synthetic generator v2, seed 20260929",2026-09-28T12:00:00+05:30,"SYNTHETIC demo data (KaushalSetu SIH prototype): fictional entities, team-assumed numbers, not real or official statistics.",true
5bca8f34-5939-5bbe-ae24-34f7b8355d1a,C-ITI-G-electrician-2024-055,944d9d62-c375-5e41-8420-b65a108a0a38,CLASS_10,"[""mr"",""hi""]","{""analytics"":true,""contact_by_employers"":true}",Y08,"KaushalSetu synthetic generator v2, seed 20260929",2026-09-28T12:00:00+05:30,"SYNTHETIC demo data (KaushalSetu SIH prototype): fictional entities, team-assumed numbers, not real or official statistics.",true
f6ebe759-164c-5fa0-915b-bc3308e92014,C-ITI-G-electrician-2025-001,944d9d62-c375-5e41-8420-b65a108a0a38,CLASS_12,"[""mr""]","{""analytics"":true,""contact_by_employers"":true}",Y08,"KaushalSetu synthetic generator v2, seed 20260929",2026-09-28T12:00:00+05:30,"SYNTHETIC demo data (KaushalSetu SIH prototype): fictional entities, team-assumed numbers, not real or official statistics.",true
aaca470d-7712-570d-9221-7fef139ecc66,C-ITI-G-electrician-2025-002,944d9d62-c375-5e41-8420-b65a108a0a38,CLASS_10,"[""mr"",""hi"",""en""]","{""analytics"":true,""contact_by_employers"":true}",Y08,"KaushalSetu synthetic generator v2, seed 20260929",2026-09-28T12:00:00+05:30,"SYNTHETIC demo data (KaushalSetu SIH prototype): fictional entities, team-assumed numbers, not real or official statistics.",true
0fbd51d0-5de5-5765-ba1c-00d8230cad57,C-ITI-G-electrician-2025-003,944d9d62-c375-5e41-8420-b65a108a0a38,CLASS_12,"[""mr"",""hi"",""en""]","{""analytics"":true,""contact_by_employers"":true}",Y08,"KaushalSetu synthetic generator v2, seed 20260929",2026-09-28T12:00:00+05:30,"SYNTHETIC demo data (KaushalSetu SIH prototype): fictional entities, team-assumed numbers, not real or official statistics.",true
ec78bf83-9d45-58b2-842c-b4eec6b51875,C-ITI-G-electrician-2025-004,944d9d62-c375-5e41-8420-b65a108a0a38,CLASS_10,"[""mr""]","{""analytics"":true,""contact_by_employers"":true}",Y08,"KaushalSetu synthetic generator v2, seed 20260929",2026-09-28T12:00:00+05:30,"SYNTHETIC demo data (KaushalSetu SIH prototype): fictional entities, team-assumed numbers, not real or official statistics.",true
5e07464b-b544-5c98-acfc-ba151d61abd9,C-ITI-G-electrician-2025-005,944d9d62-c375-5e41-8420-b65a108a0a38,CLASS_10,"[""mr"",""en""]","{""analytics"":true,""contact_by_employers"":false}",Y08,"KaushalSetu synthetic generator v2, seed 20260929",2026-09-28T12:00:00+05:30,"SYNTHETIC demo data (KaushalSetu SIH prototype): fictional entities, team-assumed numbers, not real or official statistics.",true
01af7018-2e51-5495-acfc-47e02f9ff749,C-ITI-G-electrician-2025-006,944d9d62-c375-5e41-8420-b65a108a0a38,CLASS_10,"[""mr"",""en""]","{""analytics"":true,""contact_by_employers"":true}",Y08,"KaushalSetu synthetic generator v2, seed 20260929",2026-09-28T12:00:00+05:30,"SYNTHETIC demo data (KaushalSetu SIH prototype): fictional entities, team-assumed numbers, not real or official statistics.",true
733745c8-ee6e-5e29-aa13-77ae2331bbaa,C-ITI-G-electrician-2025-007,944d9d62-c375-5e41-8420-b65a108a0a38,CLASS_12,"[""mr"",""hi"",""en""]","{""analytics"":true,""contact_by_employers"":true}",Y08,"KaushalSetu synthetic generator v2, seed 20260929",2026-09-28T12:00:00+05:30,"SYNTHETIC demo data (KaushalSetu SIH prototype): fictional entities, team-assumed numbers, not real or official statistics.",true
1f2646e1-4256-52a3-9ca0-5d5e50005bc2,C-ITI-G-electrician-2025-008,944d9d62-c375-5e41-8420-b65a108a0a38,CLASS_10,"[""mr"",""hi"",""en""]","{""analytics"":true,""contact_by_employers"":true}",Y08,"KaushalSetu synthetic generator v2, seed 20260929",2026-09-28T12:00:00+05:30,"SYNTHETIC demo data (KaushalSetu SIH prototype): fictional entities, team-assumed numbers, not real or official statistics.",true
d76aed3e-4aa7-5a33-83ef-a9fca702d0c8,C-ITI-G-electrician-2025-009,944d9d62-c375-5e41-8420-b65a108a0a38,CLASS_12,"[""mr"",""en""]","{""analytics"":true,""contact_by_employers"":true}",Y08,"KaushalSetu synthetic generator v2, seed 20260929",2026-09-28T12:00:00+05:30,"SYNTHETIC demo data (KaushalSetu SIH prototype): fictional entities, team-assumed numbers, not real or official statistics.",true
9355cf55-ccbb-5345-963f-74a079f9c25d,C-ITI-G-electrician-2025-010,944d9d62-c375-5e41-8420-b65a108a0a38,CLASS_10,"[""mr"",""hi""]","{""analytics"":true,""contact_by_employers"":false}",Y08,"KaushalSetu synthetic generator v2, seed 20260929",2026-09-28T12:00:00+05:30,"SYNTHETIC demo data (KaushalSetu SIH prototype): fictional entities, team-assumed numbers, not real or official statistics.",true
e0d85117-c967-56dd-bc97-f5c95e22eeae,C-ITI-G-electrician-2025-011,944d9d62-c375-5e41-8420-b65a108a0a38,CLASS_10,"[""mr""]","{""analytics"":true,""contact_by_employers"":true}",Y08,"KaushalSetu synthetic generator v2, seed 20260929",2026-09-28T12:00:00+05:30,"SYNTHETIC demo data (KaushalSetu SIH prototype): fictional entities, team-assumed numbers, not real or official statistics.",true
470d5703-c2b1-55fa-9623-db4774bf02a6,C-ITI-G-electrician-2025-012,944d9d62-c375-5e41-8420-b65a108a0a38,CLASS_10,"[""mr"",""hi"",""en""]","{""analytics"":true,""contact_by_employers"":true}",Y08,"KaushalSetu synthetic generator v2, seed 20260929",2026-09-28T12:00:00+05:30,"SYNTHETIC demo data (KaushalSetu SIH prototype): fictional entities, team-assumed numbers, not real or official statistics.",true
80555602-26fe-5d89-bb51-0da2a09f5385,C-ITI-G-electrician-2025-013,944d9d62-c375-5e41-8420-b65a108a0a38,CLASS_10,"[""mr"",""hi"",""en""]","{""analytics"":true,""contact_by_employers"":true}",Y08,"KaushalSetu synthetic generator v2, seed 20260929",2026-09-28T12:00:00+05:30,"SYNTHETIC demo data (KaushalSetu SIH prototype): fictional entities, team-assumed numbers, not real or official statistics.",true
d527fcd1-d9db-523d-b346-b9ed0ea3dd4d,C-ITI-G-electrician-2025-014,944d9d62-c375-5e41-8420-b65a108a0a38,CLASS_10,"[""mr"",""en""]","{""analytics"":true,""contact_by_employers"":true}",Y08,"KaushalSetu synthetic generator v2, seed 20260929",2026-09-28T12:00:00+05:30,"SYNTHETIC demo data (KaushalSetu SIH prototype): fictional entities, team-assumed numbers, not real or official statistics.",true
f414502c-7a9d-5d4d-bab7-5c35b7fc7e40,C-ITI-G-electrician-2025-015,944d9d62-c375-5e41-8420-b65a108a0a38,CLASS_10,"[""mr""]","{""analytics"":true,""contact_by_employers"":false}",Y08,"KaushalSetu synthetic generator v2, seed 20260929",2026-09-28T12:00:00+05:30,"SYNTHETIC demo data (KaushalSetu SIH prototype): fictional entities, team-assumed numbers, not real or official statistics.",true
73628347-6a82-530f-a2f4-ca52240ecc1f,C-ITI-G-electrician-2025-016,944d9d62-c375-5e41-8420-b65a108a0a38,CLASS_10,"[""mr"",""en""]","{""analytics"":true,""contact_by_employers"":false}",Y08,"KaushalSetu synthetic generator v2, seed 20260929",2026-09-28T12:00:00+05:30,"SYNTHETIC demo data (KaushalSetu SIH prototype): fictional entities, team-assumed numbers, not real or official statistics.",true
e989d532-c68a-5b66-8976-11189e44f6a1,C-ITI-G-electrician-2025-017,944d9d62-c375-5e41-8420-b65a108a0a38,CLASS_12,"[""mr""]","{""analytics"":true,""contact_by_employers"":true}",Y08,"KaushalSetu synthetic generator v2, seed 20260929",2026-09-28T12:00:00+05:30,"SYNTHETIC demo data (KaushalSetu SIH prototype): fictional entities, team-assumed numbers, not real or official statistics.",true
3cf5c2f8-a257-5f61-81ef-176ea5b5c5e2,C-ITI-G-electrician-2025-018,944d9d62-c375-5e41-8420-b65a108a0a38,CLASS_10,"[""mr"",""hi""]","{""analytics"":true,""contact_by_employers"":true}",Y08,"KaushalSetu synthetic generator v2, seed 20260929",2026-09-28T12:00:00+05:30,"SYNTHETIC demo data (KaushalSetu SIH prototype): fictional entities, team-assumed numbers, not real or official statistics.",true
89fd6ae2-7cd7-5a22-a587-17d70f81b82a,C-ITI-G-electrician-2025-019,944d9d62-c375-5e41-8420-b65a108a0a38,CLASS_12,"[""mr"",""hi""]","{""analytics"":true,""contact_by_employers"":false}",Y08,"KaushalSetu synthetic generator v2, seed 20260929",2026-09-28T12:00:00+05:30,"SYNTHETIC demo data (KaushalSetu SIH prototype): fictional entities, team-assumed numbers, not real or official statistics.",true
850482c3-9e4b-59c4-9f63-6a29c56adc2c,C-ITI-G-electrician-2025-020,944d9d62-c375-5e41-8420-b65a108a0a38,CLASS_10,"[""mr"",""hi""]","{""analytics"":true,""contact_by_employers"":true}",Y08,"KaushalSetu synthetic generator v2, seed 20260929",2026-09-28T12:00:00+05:30,"SYNTHETIC demo data (KaushalSetu SIH prototype): fictional entities, team-assumed numbers, not real or official statistics.",true
ea4bab3a-ff7b-5050-b534-5ab4ac8265f7,C-ITI-G-electrician-2025-021,944d9d62-c375-5e41-8420-b65a108a0a38,CLASS_12,"[""mr"",""en""]","{""analytics"":true,""contact_by_employers"":true}",Y08,"KaushalSetu synthetic generator v2, seed 20260929",2026-09-28T12:00:00+05:30,"SYNTHETIC demo data (KaushalSetu SIH prototype): fictional entities, team-assumed numbers, not real or official statistics.",true
bff928ed-9011-559d-821d-d61c39981558,C-ITI-G-electrician-2025-022,944d9d62-c375-5e41-8420-b65a108a0a38,CLASS_10,"[""mr""]","{""analytics"":true,""contact_by_employers"":true}",Y08,"KaushalSetu synthetic generator v2, seed 20260929",2026-09-28T12:00:00+05:30,"SYNTHETIC demo data (KaushalSetu SIH prototype): fictional entities, team-assumed numbers, not real or official statistics.",true
6fc290f4-e710-5031-b905-29e6f636bf28,C-ITI-G-electrician-2025-023,944d9d62-c375-5e41-8420-b65a108a0a38,CLASS_10,"[""mr"",""hi"",""en""]","{""analytics"":true,""contact_by_employers"":true}",Y08,"KaushalSetu synthetic generator v2, seed 20260929",2026-09-28T12:00:00+05:30,"SYNTHETIC demo data (KaushalSetu SIH prototype): fictional entities, team-assumed numbers, not real or official statistics.",true
5aedee59-2b9d-5317-99c8-596aa0015f24,C-ITI-G-electrician-2025-024,944d9d62-c375-5e41-8420-b65a108a0a38,CLASS_10,"[""mr"",""hi""]","{""analytics"":true,""contact_by_employers"":true}",Y08,"KaushalSetu synthetic generator v2, seed 20260929",2026-09-28T12:00:00+05:30,"SYNTHETIC demo data (KaushalSetu SIH prototype): fictional entities, team-assumed numbers, not real or official statistics.",true
27a2462f-5634-5dbb-aa26-89500b9a8d0f,C-ITI-G-electrician-2025-025,944d9d62-c375-5e41-8420-b65a108a0a38,CLASS_10,"[""mr""]","{""analytics"":true,""contact_by_employers"":true}",Y08,"KaushalSetu synthetic generator v2, seed 20260929",2026-09-28T12:00:00+05:30,"SYNTHETIC demo data (KaushalSetu SIH prototype): fictional entities, team-assumed numbers, not real or official statistics.",true
eec61da4-c07f-57aa-8e40-524c07a67425,C-ITI-G-electrician-2025-026,944d9d62-c375-5e41-8420-b65a108a0a38,CLASS_10,"[""mr"",""hi""]","{""analytics"":true,""contact_by_employers"":true}",Y08,"KaushalSetu synthetic generator v2, seed 20260929",2026-09-28T12:00:00+05:30,"SYNTHETIC demo data (KaushalSetu SIH prototype): fictional entities, team-assumed numbers, not real or official statistics.",true
a7034f40-08ff-510e-9654-9f7fea4c2079,C-ITI-G-electrician-2025-027,944d9d62-c375-5e41-8420-b65a108a0a38,CLASS_12,"[""mr"",""hi"",""en""]","{""analytics"":true,""contact_by_employers"":true}",Y08,"KaushalSetu synthetic generator v2, seed 20260929",2026-09-28T12:00:00+05:30,"SYNTHETIC demo data (KaushalSetu SIH prototype): fictional entities, team-assumed numbers, not real or official statistics.",true
5411ae29-631d-560c-be6c-26a2b1315600,C-ITI-G-electrician-2025-028,944d9d62-c375-5e41-8420-b65a108a0a38,CLASS_12,"[""mr"",""hi""]","{""analytics"":true,""contact_by_employers"":true}",Y08,"KaushalSetu synthetic generator v2, seed 20260929",2026-09-28T12:00:00+05:30,"SYNTHETIC demo data (KaushalSetu SIH prototype): fictional entities, team-assumed numbers, not real or official statistics.",true
628fa854-127c-58b7-a67a-684f43b1dc56,C-ITI-G-electrician-2025-029,944d9d62-c375-5e41-8420-b65a108a0a38,CLASS_10,"[""mr"",""hi""]","{""analytics"":true,""contact_by_employers"":false}",Y08,"KaushalSetu synthetic generator v2, seed 20260929",2026-09-28T12:00:00+05:30,"SYNTHETIC demo data (KaushalSetu SIH prototype): fictional entities, team-assumed numbers, not real or official statistics.",true
f52fc2be-2fad-5cda-b638-6a4f62cacfbd,C-ITI-G-electrician-2025-030,944d9d62-c375-5e41-8420-b65a108a0a38,CLASS_12,"[""mr"",""hi"",""en""]","{""analytics"":true,""contact_by_employers"":true}",Y08,"KaushalSetu synthetic generator v2, seed 20260929",2026-09-28T12:00:00+05:30,"SYNTHETIC demo data (KaushalSetu SIH prototype): fictional entities, team-assumed numbers, not real or official statistics.",true
7d692754-d8e6-5bef-96e6-c01ea1e80445,C-ITI-G-electrician-2025-031,944d9d62-c375-5e41-8420-b65a108a0a38,CLASS_10,"[""mr""]","{""analytics"":true,""contact_by_employers"":true}",Y08,"KaushalSetu synthetic generator v2, seed 20260929",2026-09-28T12:00:00+05:30,"SYNTHETIC demo data (KaushalSetu SIH prototype): fictional entities, team-assumed numbers, not real or official statistics.",true
52275bc0-bd94-5161-9c15-b2de8a0d6235,C-ITI-G-electrician-2025-032,944d9d62-c375-5e41-8420-b65a108a0a38,CLASS_12,"[""mr"",""hi"",""en""]","{""analytics"":true,""contact_by_employers"":true}",Y08,"KaushalSetu synthetic generator v2, seed 20260929",2026-09-28T12:00:00+05:30,"SYNTHETIC demo data (KaushalSetu SIH prototype): fictional entities, team-assumed numbers, not real or official statistics.",true
3f837a27-cd72-5ac7-969c-b91bccc20075,C-ITI-G-electrician-2025-033,944d9d62-c375-5e41-8420-b65a108a0a38,CLASS_10,"[""mr"",""en""]","{""analytics"":true,""contact_by_employers"":false}",Y08,"KaushalSetu synthetic generator v2, seed 20260929",2026-09-28T12:00:00+05:30,"SYNTHETIC demo data (KaushalSetu SIH prototype): fictional entities, team-assumed numbers, not real or official statistics.",true
fc2183a2-f32e-563e-b67f-1228fa06b1d0,C-ITI-G-electrician-2025-034,944d9d62-c375-5e41-8420-b65a108a0a38,CLASS_10,"[""mr"",""en""]","{""analytics"":true,""contact_by_employers"":false}",Y08,"KaushalSetu synthetic generator v2, seed 20260929",2026-09-28T12:00:00+05:30,"SYNTHETIC demo data (KaushalSetu SIH prototype): fictional entities, team-assumed numbers, not real or official statistics.",true
7c10eea2-00e6-534c-8ebb-941777e3268c,C-ITI-G-electrician-2025-035,944d9d62-c375-5e41-8420-b65a108a0a38,CLASS_10,"[""mr"",""hi"",""en""]","{""analytics"":true,""contact_by_employers"":true}",Y08,"KaushalSetu synthetic generator v2, seed 20260929",2026-09-28T12:00:00+05:30,"SYNTHETIC demo data (KaushalSetu SIH prototype): fictional entities, team-assumed numbers, not real or official statistics.",true
623dba67-1361-5ce0-9deb-8a7ff42777a6,C-ITI-G-electrician-2025-036,944d9d62-c375-5e41-8420-b65a108a0a38,CLASS_10,"[""mr"",""hi""]","{""analytics"":true,""contact_by_employers"":true}",Y08,"KaushalSetu synthetic generator v2, seed 20260929",2026-09-28T12:00:00+05:30,"SYNTHETIC demo data (KaushalSetu SIH prototype): fictional entities, team-assumed numbers, not real or official statistics.",true
8292be2a-8e3d-5b78-a7ee-242b18be12dc,C-ITI-G-electrician-2025-037,944d9d62-c375-5e41-8420-b65a108a0a38,CLASS_10,"[""mr"",""hi""]","{""analytics"":true,""contact_by_employers"":true}",Y08,"KaushalSetu synthetic generator v2, seed 20260929",2026-09-28T12:00:00+05:30,"SYNTHETIC demo data (KaushalSetu SIH prototype): fictional entities, team-assumed numbers, not real or official statistics.",true
d7547221-d207-55cf-9b74-e32cad5c04ed,C-ITI-G-electrician-2025-038,944d9d62-c375-5e41-8420-b65a108a0a38,CLASS_12,"[""mr"",""hi"",""en""]","{""analytics"":true,""contact_by_employers"":false}",Y08,"KaushalSetu synthetic generator v2, seed 20260929",2026-09-28T12:00:00+05:30,"SYNTHETIC demo data (KaushalSetu SIH prototype): fictional entities, team-assumed numbers, not real or official statistics.",true
a3813630-38cb-5ebb-b6f9-47915ecf5e57,C-ITI-G-electrician-2025-039,944d9d62-c375-5e41-8420-b65a108a0a38,CLASS_12,"[""mr"",""hi""]","{""analytics"":true,""contact_by_employers"":true}",Y08,"KaushalSetu synthetic generator v2, seed 20260929",2026-09-28T12:00:00+05:30,"SYNTHETIC demo data (KaushalSetu SIH prototype): fictional entities, team-assumed numbers, not real or official statistics.",true
822994bf-d1ae-5dd1-b6fc-e0def3d2ee7a,C-ITI-G-electrician-2025-040,944d9d62-c375-5e41-8420-b65a108a0a38,CLASS_10,"[""mr"",""hi""]","{""analytics"":true,""contact_by_employers"":true}",Y08,"KaushalSetu synthetic generator v2, seed 20260929",2026-09-28T12:00:00+05:30,"SYNTHETIC demo data (KaushalSetu SIH prototype): fictional entities, team-assumed numbers, not real or official statistics.",true
fbc78393-8f3d-542f-9b98-a332c3aaaa89,C-ITI-G-electrician-2025-041,944d9d62-c375-5e41-8420-b65a108a0a38,CLASS_10,"[""mr"",""hi""]","{""analytics"":true,""contact_by_employers"":true}",Y08,"KaushalSetu synthetic generator v2, seed 20260929",2026-09-28T12:00:00+05:30,"SYNTHETIC demo data (KaushalSetu SIH prototype): fictional entities, team-assumed numbers, not real or official statistics.",true
0516dc50-2c96-5d59-a1d1-9779c5cfd93e,C-ITI-G-electrician-2025-042,944d9d62-c375-5e41-8420-b65a108a0a38,CLASS_10,"[""mr"",""hi""]","{""analytics"":true,""contact_by_employers"":true}",Y08,"KaushalSetu synthetic generator v2, seed 20260929",2026-09-28T12:00:00+05:30,"SYNTHETIC demo data (KaushalSetu SIH prototype): fictional entities, team-assumed numbers, not real or official statistics.",true
c3121a5b-1310-5de3-b23f-86959676f592,C-ITI-G-electrician-2025-043,944d9d62-c375-5e41-8420-b65a108a0a38,CLASS_12,"[""mr""]","{""analytics"":true,""contact_by_employers"":true}",Y08,"KaushalSetu synthetic generator v2, seed 20260929",2026-09-28T12:00:00+05:30,"SYNTHETIC demo data (KaushalSetu SIH prototype): fictional entities, team-assumed numbers, not real or official statistics.",true
a7503bf4-7b55-564c-babf-0df1b98c1610,C-ITI-G-electrician-2025-044,944d9d62-c375-5e41-8420-b65a108a0a38,CLASS_12,"[""mr"",""hi""]","{""analytics"":true,""contact_by_employers"":false}",Y08,"KaushalSetu synthetic generator v2, seed 20260929",2026-09-28T12:00:00+05:30,"SYNTHETIC demo data (KaushalSetu SIH prototype): fictional entities, team-assumed numbers, not real or official statistics.",true
918f31b1-aba3-5687-80d0-9ecc4c7220af,C-ITI-G-electrician-2025-045,944d9d62-c375-5e41-8420-b65a108a0a38,CLASS_12,"[""mr"",""hi"",""en""]","{""analytics"":true,""contact_by_employers"":true}",Y08,"KaushalSetu synthetic generator v2, seed 20260929",2026-09-28T12:00:00+05:30,"SYNTHETIC demo data (KaushalSetu SIH prototype): fictional entities, team-assumed numbers, not real or official statistics.",true
13bcdfb0-ed9e-5cc1-953b-8afcb6d934e3,C-ITI-G-electrician-2025-046,944d9d62-c375-5e41-8420-b65a108a0a38,CLASS_10,"[""mr""]","{""analytics"":true,""contact_by_employers"":true}",Y08,"KaushalSetu synthetic generator v2, seed 20260929",2026-09-28T12:00:00+05:30,"SYNTHETIC demo data (KaushalSetu SIH prototype): fictional entities, team-assumed numbers, not real or official statistics.",true
711da83e-a20c-532c-8abf-3085145602ba,C-ITI-G-electrician-2025-047,944d9d62-c375-5e41-8420-b65a108a0a38,CLASS_10,"[""mr"",""hi""]","{""analytics"":true,""contact_by_employers"":true}",Y08,"KaushalSetu synthetic generator v2, seed 20260929",2026-09-28T12:00:00+05:30,"SYNTHETIC demo data (KaushalSetu SIH prototype): fictional entities, team-assumed numbers, not real or official statistics.",true
9f72ee9e-49bb-5980-8c8f-edeb36d8f81f,C-ITI-G-electrician-2025-048,944d9d62-c375-5e41-8420-b65a108a0a38,CLASS_12,"[""mr"",""hi"",""en""]","{""analytics"":true,""contact_by_employers"":true}",Y08,"KaushalSetu synthetic generator v2, seed 20260929",2026-09-28T12:00:00+05:30,"SYNTHETIC demo data (KaushalSetu SIH prototype): fictional entities, team-assumed numbers, not real or official statistics.",true
c46e5302-9b10-59a5-b569-4b6697e5746c,C-ITI-G-electrician-2025-049,944d9d62-c375-5e41-8420-b65a108a0a38,CLASS_10,"[""mr"",""hi""]","{""analytics"":true,""contact_by_employers"":true}",Y08,"KaushalSetu synthetic generator v2, seed 20260929",2026-09-28T12:00:00+05:30,"SYNTHETIC demo data (KaushalSetu SIH prototype): fictional entities, team-assumed numbers, not real or official statistics.",true
4df35eb9-cb82-51eb-8ae1-07d1dbd11a45,C-ITI-G-electrician-2025-050,944d9d62-c375-5e41-8420-b65a108a0a38,CLASS_10,"[""mr"",""hi"",""en""]","{""analytics"":true,""contact_by_employers"":true}",Y08,"KaushalSetu synthetic generator v2, seed 20260929",2026-09-28T12:00:00+05:30,"SYNTHETIC demo data (KaushalSetu SIH prototype): fictional entities, team-assumed numbers, not real or official statistics.",true
551fe95c-19de-5312-af39-81499bc0e98d,C-ITI-G-electrician-2025-051,944d9d62-c375-5e41-8420-b65a108a0a38,CLASS_12,"[""mr""]","{""analytics"":true,""contact_by_employers"":true}",Y08,"KaushalSetu synthetic generator v2, seed 20260929",2026-09-28T12:00:00+05:30,"SYNTHETIC demo data (KaushalSetu SIH prototype): fictional entities, team-assumed numbers, not real or official statistics.",true
f1611690-254d-50dc-b30d-18ec2deb0053,C-ITI-G-electrician-2025-052,944d9d62-c375-5e41-8420-b65a108a0a38,CLASS_10,"[""mr"",""hi"",""en""]","{""analytics"":true,""contact_by_employers"":false}",Y08,"KaushalSetu synthetic generator v2, seed 20260929",2026-09-28T12:00:00+05:30,"SYNTHETIC demo data (KaushalSetu SIH prototype): fictional entities, team-assumed numbers, not real or official statistics.",true
aaa3d3a9-5e52-5783-9fac-11f1fd6993d3,C-ITI-G-electrician-2025-053,944d9d62-c375-5e41-8420-b65a108a0a38,CLASS_10,"[""mr""]","{""analytics"":true,""contact_by_employers"":true}",Y08,"KaushalSetu synthetic generator v2, seed 20260929",2026-09-28T12:00:00+05:30,"SYNTHETIC demo data (KaushalSetu SIH prototype): fictional entities, team-assumed numbers, not real or official statistics.",true
9a091db5-eba7-5e4d-a913-d514a9d5c48b,C-ITI-G-electrician-2025-054,944d9d62-c375-5e41-8420-b65a108a0a38,CLASS_12,"[""mr"",""en""]","{""analytics"":true,""contact_by_employers"":true}",Y08,"KaushalSetu synthetic generator v2, seed 20260929",2026-09-28T12:00:00+05:30,"SYNTHETIC demo data (KaushalSetu SIH prototype): fictional entities, team-assumed numbers, not real or official statistics.",true
08b465c2-8aa3-5118-972e-5bda76c04109,C-ITI-G-electrician-2025-055,944d9d62-c375-5e41-8420-b65a108a0a38,CLASS_12,"[""mr"",""hi""]","{""analytics"":true,""contact_by_employers"":true}",Y08,"KaushalSetu synthetic generator v2, seed 20260929",2026-09-28T12:00:00+05:30,"SYNTHETIC demo data (KaushalSetu SIH prototype): fictional entities, team-assumed numbers, not real or official statistics.",true
57e0652a-a69c-5d20-bef1-725f74245577,C-ITI-G-electrician-2025-056,944d9d62-c375-5e41-8420-b65a108a0a38,CLASS_10,"[""mr"",""hi"",""en""]","{""analytics"":true,""contact_by_employers"":true}",Y08,"KaushalSetu synthetic generator v2, seed 20260929",2026-09-28T12:00:00+05:30,"SYNTHETIC demo data (KaushalSetu SIH prototype): fictional entities, team-assumed numbers, not real or official statistics.",true
70438377-0b1d-5ed7-807e-8e508fcd81ea,C-ITI-G-wireman-2024-001,944d9d62-c375-5e41-8420-b65a108a0a38,CLASS_12,"[""mr"",""hi"",""en""]","{""analytics"":true,""contact_by_employers"":true}",Y08,"KaushalSetu synthetic generator v2, seed 20260929",2026-09-28T12:00:00+05:30,"SYNTHETIC demo data (KaushalSetu SIH prototype): fictional entities, team-assumed numbers, not real or official statistics.",true
704999f0-b820-51d3-aef1-764cc6e1b2a1,C-ITI-G-wireman-2024-002,944d9d62-c375-5e41-8420-b65a108a0a38,CLASS_10,"[""mr"",""en""]","{""analytics"":true,""contact_by_employers"":true}",Y08,"KaushalSetu synthetic generator v2, seed 20260929",2026-09-28T12:00:00+05:30,"SYNTHETIC demo data (KaushalSetu SIH prototype): fictional entities, team-assumed numbers, not real or official statistics.",true
9d72ef42-1f9e-5fc4-b78d-886cce2c32fd,C-ITI-G-wireman-2024-003,944d9d62-c375-5e41-8420-b65a108a0a38,CLASS_12,"[""mr"",""hi""]","{""analytics"":true,""contact_by_employers"":false}",Y08,"KaushalSetu synthetic generator v2, seed 20260929",2026-09-28T12:00:00+05:30,"SYNTHETIC demo data (KaushalSetu SIH prototype): fictional entities, team-assumed numbers, not real or official statistics.",true
b74be542-91b0-5935-8e56-cadd433eb978,C-ITI-G-wireman-2024-004,944d9d62-c375-5e41-8420-b65a108a0a38,CLASS_10,"[""mr"",""hi"",""en""]","{""analytics"":true,""contact_by_employers"":false}",Y08,"KaushalSetu synthetic generator v2, seed 20260929",2026-09-28T12:00:00+05:30,"SYNTHETIC demo data (KaushalSetu SIH prototype): fictional entities, team-assumed numbers, not real or official statistics.",true
9cb99278-65f3-52ee-b7f2-0e04b5e80b45,C-ITI-G-wireman-2024-005,944d9d62-c375-5e41-8420-b65a108a0a38,CLASS_12,"[""mr"",""hi"",""en""]","{""analytics"":true,""contact_by_employers"":true}",Y08,"KaushalSetu synthetic generator v2, seed 20260929",2026-09-28T12:00:00+05:30,"SYNTHETIC demo data (KaushalSetu SIH prototype): fictional entities, team-assumed numbers, not real or official statistics.",true
5e594f29-9cfa-5b2f-87d0-f2fbe316e765,C-ITI-G-wireman-2024-006,944d9d62-c375-5e41-8420-b65a108a0a38,CLASS_10,"[""mr""]","{""analytics"":true,""contact_by_employers"":true}",Y08,"KaushalSetu synthetic generator v2, seed 20260929",2026-09-28T12:00:00+05:30,"SYNTHETIC demo data (KaushalSetu SIH prototype): fictional entities, team-assumed numbers, not real or official statistics.",true
d12cb735-ebcf-56d9-98d5-a9793b3db7b0,C-ITI-G-wireman-2024-007,944d9d62-c375-5e41-8420-b65a108a0a38,CLASS_12,"[""mr"",""hi"",""en""]","{""analytics"":true,""contact_by_employers"":true}",Y08,"KaushalSetu synthetic generator v2, seed 20260929",2026-09-28T12:00:00+05:30,"SYNTHETIC demo data (KaushalSetu SIH prototype): fictional entities, team-assumed numbers, not real or official statistics.",true
d31f4784-436b-5355-916c-571fe6ce6989,C-ITI-G-wireman-2024-008,944d9d62-c375-5e41-8420-b65a108a0a38,CLASS_12,"[""mr"",""hi""]","{""analytics"":true,""contact_by_employers"":true}",Y08,"KaushalSetu synthetic generator v2, seed 20260929",2026-09-28T12:00:00+05:30,"SYNTHETIC demo data (KaushalSetu SIH prototype): fictional entities, team-assumed numbers, not real or official statistics.",true
d8e890df-f548-5cf5-9cea-9db127615d1a,C-ITI-G-wireman-2024-009,944d9d62-c375-5e41-8420-b65a108a0a38,CLASS_10,"[""mr""]","{""analytics"":true,""contact_by_employers"":true}",Y08,"KaushalSetu synthetic generator v2, seed 20260929",2026-09-28T12:00:00+05:30,"SYNTHETIC demo data (KaushalSetu SIH prototype): fictional entities, team-assumed numbers, not real or official statistics.",true
6bc116f6-0ad3-59b6-8797-0b47b9adfd69,C-ITI-G-wireman-2024-010,944d9d62-c375-5e41-8420-b65a108a0a38,CLASS_10,"[""mr"",""en""]","{""analytics"":true,""contact_by_employers"":true}",Y08,"KaushalSetu synthetic generator v2, seed 20260929",2026-09-28T12:00:00+05:30,"SYNTHETIC demo data (KaushalSetu SIH prototype): fictional entities, team-assumed numbers, not real or official statistics.",true
f277b8f7-bedd-5a48-8d96-1ad8955a6976,C-ITI-G-wireman-2024-011,944d9d62-c375-5e41-8420-b65a108a0a38,CLASS_10,"[""mr"",""hi""]","{""analytics"":true,""contact_by_employers"":true}",Y08,"KaushalSetu synthetic generator v2, seed 20260929",2026-09-28T12:00:00+05:30,"SYNTHETIC demo data (KaushalSetu SIH prototype): fictional entities, team-assumed numbers, not real or official statistics.",true
23015b92-d35e-567c-be34-2518ef7b9bc6,C-ITI-G-wireman-2024-012,944d9d62-c375-5e41-8420-b65a108a0a38,CLASS_12,"[""mr"",""en""]","{""analytics"":true,""contact_by_employers"":true}",Y08,"KaushalSetu synthetic generator v2, seed 20260929",2026-09-28T12:00:00+05:30,"SYNTHETIC demo data (KaushalSetu SIH prototype): fictional entities, team-assumed numbers, not real or official statistics.",true
9d59fe05-8e0e-56df-93a0-e6b3dd0166e6,C-ITI-G-wireman-2024-013,944d9d62-c375-5e41-8420-b65a108a0a38,CLASS_10,"[""mr""]","{""analytics"":true,""contact_by_employers"":false}",Y08,"KaushalSetu synthetic generator v2, seed 20260929",2026-09-28T12:00:00+05:30,"SYNTHETIC demo data (KaushalSetu SIH prototype): fictional entities, team-assumed numbers, not real or official statistics.",true
279e770d-be66-5702-a8da-23ab53d4b4c5,C-ITI-G-wireman-2024-014,944d9d62-c375-5e41-8420-b65a108a0a38,CLASS_12,"[""mr"",""hi""]","{""analytics"":true,""contact_by_employers"":true}",Y08,"KaushalSetu synthetic generator v2, seed 20260929",2026-09-28T12:00:00+05:30,"SYNTHETIC demo data (KaushalSetu SIH prototype): fictional entities, team-assumed numbers, not real or official statistics.",true
de92d78c-9099-54c5-8622-d26c95a6d9f9,C-ITI-G-wireman-2024-015,944d9d62-c375-5e41-8420-b65a108a0a38,CLASS_10,"[""mr"",""hi"",""en""]","{""analytics"":true,""contact_by_employers"":true}",Y08,"KaushalSetu synthetic generator v2, seed 20260929",2026-09-28T12:00:00+05:30,"SYNTHETIC demo data (KaushalSetu SIH prototype): fictional entities, team-assumed numbers, not real or official statistics.",true
72de08c4-8b8f-5059-8b0c-2ba662776b12,C-ITI-G-wireman-2024-016,944d9d62-c375-5e41-8420-b65a108a0a38,CLASS_10,"[""mr"",""hi""]","{""analytics"":true,""contact_by_employers"":false}",Y08,"KaushalSetu synthetic generator v2, seed 20260929",2026-09-28T12:00:00+05:30,"SYNTHETIC demo data (KaushalSetu SIH prototype): fictional entities, team-assumed numbers, not real or official statistics.",true
6c688756-5266-5089-bf8f-88e810338ae6,C-ITI-G-wireman-2024-017,944d9d62-c375-5e41-8420-b65a108a0a38,CLASS_10,"[""mr"",""hi""]","{""analytics"":true,""contact_by_employers"":true}",Y08,"KaushalSetu synthetic generator v2, seed 20260929",2026-09-28T12:00:00+05:30,"SYNTHETIC demo data (KaushalSetu SIH prototype): fictional entities, team-assumed numbers, not real or official statistics.",true
31748676-6632-552c-b57d-55369d2ef8d2,C-ITI-G-wireman-2024-018,944d9d62-c375-5e41-8420-b65a108a0a38,CLASS_10,"[""mr"",""hi""]","{""analytics"":true,""contact_by_employers"":true}",Y08,"KaushalSetu synthetic generator v2, seed 20260929",2026-09-28T12:00:00+05:30,"SYNTHETIC demo data (KaushalSetu SIH prototype): fictional entities, team-assumed numbers, not real or official statistics.",true
f02193dd-d21d-52f3-94d2-d8666e967623,C-ITI-G-wireman-2024-019,944d9d62-c375-5e41-8420-b65a108a0a38,CLASS_10,"[""mr"",""hi""]","{""analytics"":true,""contact_by_employers"":true}",Y08,"KaushalSetu synthetic generator v2, seed 20260929",2026-09-28T12:00:00+05:30,"SYNTHETIC demo data (KaushalSetu SIH prototype): fictional entities, team-assumed numbers, not real or official statistics.",true
9a36eece-0f1b-525e-b0f3-7a962f5d901a,C-ITI-G-wireman-2024-020,944d9d62-c375-5e41-8420-b65a108a0a38,CLASS_12,"[""mr"",""en""]","{""analytics"":true,""contact_by_employers"":true}",Y08,"KaushalSetu synthetic generator v2, seed 20260929",2026-09-28T12:00:00+05:30,"SYNTHETIC demo data (KaushalSetu SIH prototype): fictional entities, team-assumed numbers, not real or official statistics.",true
b12ee460-3b81-545a-b6a9-6cc390c322a4,C-ITI-G-wireman-2024-021,944d9d62-c375-5e41-8420-b65a108a0a38,CLASS_10,"[""mr""]","{""analytics"":true,""contact_by_employers"":true}",Y08,"KaushalSetu synthetic generator v2, seed 20260929",2026-09-28T12:00:00+05:30,"SYNTHETIC demo data (KaushalSetu SIH prototype): fictional entities, team-assumed numbers, not real or official statistics.",true
d49eb78a-36eb-5629-bdc4-df085e099280,C-ITI-G-wireman-2024-022,944d9d62-c375-5e41-8420-b65a108a0a38,CLASS_10,"[""mr"",""hi""]","{""analytics"":true,""contact_by_employers"":false}",Y08,"KaushalSetu synthetic generator v2, seed 20260929",2026-09-28T12:00:00+05:30,"SYNTHETIC demo data (KaushalSetu SIH prototype): fictional entities, team-assumed numbers, not real or official statistics.",true
d626353d-b313-53ca-822f-f7605026636e,C-ITI-G-wireman-2024-023,944d9d62-c375-5e41-8420-b65a108a0a38,CLASS_12,"[""mr"",""hi""]","{""analytics"":true,""contact_by_employers"":false}",Y08,"KaushalSetu synthetic generator v2, seed 20260929",2026-09-28T12:00:00+05:30,"SYNTHETIC demo data (KaushalSetu SIH prototype): fictional entities, team-assumed numbers, not real or official statistics.",true
0f84f568-8fde-5041-a391-21fc5a897bf7,C-ITI-G-wireman-2024-024,944d9d62-c375-5e41-8420-b65a108a0a38,CLASS_10,"[""mr"",""hi"",""en""]","{""analytics"":true,""contact_by_employers"":true}",Y08,"KaushalSetu synthetic generator v2, seed 20260929",2026-09-28T12:00:00+05:30,"SYNTHETIC demo data (KaushalSetu SIH prototype): fictional entities, team-assumed numbers, not real or official statistics.",true
1f5fce3b-a6ed-5185-bb37-795fd90ebbc1,C-ITI-G-wireman-2024-025,944d9d62-c375-5e41-8420-b65a108a0a38,CLASS_10,"[""mr"",""hi""]","{""analytics"":true,""contact_by_employers"":false}",Y08,"KaushalSetu synthetic generator v2, seed 20260929",2026-09-28T12:00:00+05:30,"SYNTHETIC demo data (KaushalSetu SIH prototype): fictional entities, team-assumed numbers, not real or official statistics.",true
0bb5129c-54a7-5f52-982c-39fe64516da5,C-ITI-G-wireman-2024-026,944d9d62-c375-5e41-8420-b65a108a0a38,CLASS_10,"[""mr"",""en""]","{""analytics"":true,""contact_by_employers"":true}",Y08,"KaushalSetu synthetic generator v2, seed 20260929",2026-09-28T12:00:00+05:30,"SYNTHETIC demo data (KaushalSetu SIH prototype): fictional entities, team-assumed numbers, not real or official statistics.",true
2fc56b21-17da-5f43-a29f-1a37a6dac2c6,C-ITI-G-wireman-2024-027,944d9d62-c375-5e41-8420-b65a108a0a38,CLASS_10,"[""mr"",""hi"",""en""]","{""analytics"":true,""contact_by_employers"":true}",Y08,"KaushalSetu synthetic generator v2, seed 20260929",2026-09-28T12:00:00+05:30,"SYNTHETIC demo data (KaushalSetu SIH prototype): fictional entities, team-assumed numbers, not real or official statistics.",true
95c29ad2-a97a-5042-b618-1f8bf560d703,C-ITI-G-wireman-2024-028,944d9d62-c375-5e41-8420-b65a108a0a38,CLASS_12,"[""mr"",""hi""]","{""analytics"":true,""contact_by_employers"":true}",Y08,"KaushalSetu synthetic generator v2, seed 20260929",2026-09-28T12:00:00+05:30,"SYNTHETIC demo data (KaushalSetu SIH prototype): fictional entities, team-assumed numbers, not real or official statistics.",true
03541b34-a9d9-577f-9010-db645b3cbe30,C-ITI-G-wireman-2024-029,944d9d62-c375-5e41-8420-b65a108a0a38,CLASS_10,"[""mr"",""hi""]","{""analytics"":true,""contact_by_employers"":true}",Y08,"KaushalSetu synthetic generator v2, seed 20260929",2026-09-28T12:00:00+05:30,"SYNTHETIC demo data (KaushalSetu SIH prototype): fictional entities, team-assumed numbers, not real or official statistics.",true
cc1eca2a-4f91-54ed-bce5-758c830f0210,C-ITI-G-wireman-2024-030,944d9d62-c375-5e41-8420-b65a108a0a38,CLASS_10,"[""mr"",""hi""]","{""analytics"":true,""contact_by_employers"":true}",Y08,"KaushalSetu synthetic generator v2, seed 20260929",2026-09-28T12:00:00+05:30,"SYNTHETIC demo data (KaushalSetu SIH prototype): fictional entities, team-assumed numbers, not real or official statistics.",true
7fbcb5f4-e0b2-5d3c-9a2f-92f0cb61cc4c,C-ITI-G-wireman-2024-031,944d9d62-c375-5e41-8420-b65a108a0a38,CLASS_10,"[""mr"",""hi""]","{""analytics"":true,""contact_by_employers"":true}",Y08,"KaushalSetu synthetic generator v2, seed 20260929",2026-09-28T12:00:00+05:30,"SYNTHETIC demo data (KaushalSetu SIH prototype): fictional entities, team-assumed numbers, not real or official statistics.",true
09bdb552-9956-5c76-801c-287ab642f51d,C-ITI-G-wireman-2024-032,944d9d62-c375-5e41-8420-b65a108a0a38,CLASS_10,"[""mr"",""hi""]","{""analytics"":true,""contact_by_employers"":false}",Y08,"KaushalSetu synthetic generator v2, seed 20260929",2026-09-28T12:00:00+05:30,"SYNTHETIC demo data (KaushalSetu SIH prototype): fictional entities, team-assumed numbers, not real or official statistics.",true
aad6a3f9-837b-57dc-b5c4-5c7f431b6f4c,C-ITI-G-wireman-2024-033,944d9d62-c375-5e41-8420-b65a108a0a38,CLASS_12,"[""mr"",""hi"",""en""]","{""analytics"":true,""contact_by_employers"":true}",Y08,"KaushalSetu synthetic generator v2, seed 20260929",2026-09-28T12:00:00+05:30,"SYNTHETIC demo data (KaushalSetu SIH prototype): fictional entities, team-assumed numbers, not real or official statistics.",true
0db34621-4e51-5e97-af3a-dc817a5c15b1,C-ITI-G-wireman-2024-034,944d9d62-c375-5e41-8420-b65a108a0a38,CLASS_10,"[""mr"",""en""]","{""analytics"":true,""contact_by_employers"":true}",Y08,"KaushalSetu synthetic generator v2, seed 20260929",2026-09-28T12:00:00+05:30,"SYNTHETIC demo data (KaushalSetu SIH prototype): fictional entities, team-assumed numbers, not real or official statistics.",true
490fe4b8-5b10-51af-adb6-0390d8bdc575,C-ITI-G-wireman-2024-035,944d9d62-c375-5e41-8420-b65a108a0a38,CLASS_10,"[""mr"",""hi"",""en""]","{""analytics"":true,""contact_by_employers"":true}",Y08,"KaushalSetu synthetic generator v2, seed 20260929",2026-09-28T12:00:00+05:30,"SYNTHETIC demo data (KaushalSetu SIH prototype): fictional entities, team-assumed numbers, not real or official statistics.",true
870d3012-f433-55de-83d9-cecd50afc5d5,C-ITI-G-wireman-2024-036,944d9d62-c375-5e41-8420-b65a108a0a38,CLASS_10,"[""mr"",""hi""]","{""analytics"":true,""contact_by_employers"":false}",Y08,"KaushalSetu synthetic generator v2, seed 20260929",2026-09-28T12:00:00+05:30,"SYNTHETIC demo data (KaushalSetu SIH prototype): fictional entities, team-assumed numbers, not real or official statistics.",true
281636b9-69ac-58f6-ae6b-90e56727ffd0,C-ITI-G-wireman-2024-037,944d9d62-c375-5e41-8420-b65a108a0a38,CLASS_10,"[""mr""]","{""analytics"":true,""contact_by_employers"":true}",Y08,"KaushalSetu synthetic generator v2, seed 20260929",2026-09-28T12:00:00+05:30,"SYNTHETIC demo data (KaushalSetu SIH prototype): fictional entities, team-assumed numbers, not real or official statistics.",true
fb1e5ec3-5a7e-5ecf-83a6-8282ff3a31b4,C-ITI-G-wireman-2024-038,944d9d62-c375-5e41-8420-b65a108a0a38,CLASS_10,"[""mr"",""hi""]","{""analytics"":true,""contact_by_employers"":false}",Y08,"KaushalSetu synthetic generator v2, seed 20260929",2026-09-28T12:00:00+05:30,"SYNTHETIC demo data (KaushalSetu SIH prototype): fictional entities, team-assumed numbers, not real or official statistics.",true
83fed476-3daf-5508-8a01-513a88bd0f92,C-ITI-G-wireman-2024-039,944d9d62-c375-5e41-8420-b65a108a0a38,CLASS_10,"[""mr"",""hi""]","{""analytics"":true,""contact_by_employers"":true}",Y08,"KaushalSetu synthetic generator v2, seed 20260929",2026-09-28T12:00:00+05:30,"SYNTHETIC demo data (KaushalSetu SIH prototype): fictional entities, team-assumed numbers, not real or official statistics.",true
86e032f2-78b4-5b47-84be-f662ae39437a,C-ITI-G-wireman-2024-040,944d9d62-c375-5e41-8420-b65a108a0a38,CLASS_10,"[""mr"",""hi""]","{""analytics"":true,""contact_by_employers"":false}",Y08,"KaushalSetu synthetic generator v2, seed 20260929",2026-09-28T12:00:00+05:30,"SYNTHETIC demo data (KaushalSetu SIH prototype): fictional entities, team-assumed numbers, not real or official statistics.",true
4dc9db7c-2f73-5271-a7d8-7f4c1111cf01,C-ITI-G-wireman-2024-041,944d9d62-c375-5e41-8420-b65a108a0a38,CLASS_10,"[""mr"",""hi""]","{""analytics"":true,""contact_by_employers"":true}",Y08,"KaushalSetu synthetic generator v2, seed 20260929",2026-09-28T12:00:00+05:30,"SYNTHETIC demo data (KaushalSetu SIH prototype): fictional entities, team-assumed numbers, not real or official statistics.",true
3a4b5f7d-f62d-5845-a80e-489255e28d42,C-ITI-G-wireman-2024-042,944d9d62-c375-5e41-8420-b65a108a0a38,CLASS_10,"[""mr"",""hi""]","{""analytics"":true,""contact_by_employers"":false}",Y08,"KaushalSetu synthetic generator v2, seed 20260929",2026-09-28T12:00:00+05:30,"SYNTHETIC demo data (KaushalSetu SIH prototype): fictional entities, team-assumed numbers, not real or official statistics.",true
c3d96478-e7ad-52cf-a1ef-12c6003bf2a5,C-ITI-G-wireman-2024-043,944d9d62-c375-5e41-8420-b65a108a0a38,CLASS_12,"[""mr"",""hi"",""en""]","{""analytics"":true,""contact_by_employers"":true}",Y08,"KaushalSetu synthetic generator v2, seed 20260929",2026-09-28T12:00:00+05:30,"SYNTHETIC demo data (KaushalSetu SIH prototype): fictional entities, team-assumed numbers, not real or official statistics.",true
3ddf6bb6-741c-56b8-959c-062370137a2e,C-ITI-G-wireman-2024-044,944d9d62-c375-5e41-8420-b65a108a0a38,CLASS_10,"[""mr"",""hi"",""en""]","{""analytics"":true,""contact_by_employers"":true}",Y08,"KaushalSetu synthetic generator v2, seed 20260929",2026-09-28T12:00:00+05:30,"SYNTHETIC demo data (KaushalSetu SIH prototype): fictional entities, team-assumed numbers, not real or official statistics.",true
46c6b8ea-41ef-5b9d-8e97-6d1f1d9256fd,C-ITI-G-wireman-2024-045,944d9d62-c375-5e41-8420-b65a108a0a38,CLASS_12,"[""mr"",""en""]","{""analytics"":true,""contact_by_employers"":false}",Y08,"KaushalSetu synthetic generator v2, seed 20260929",2026-09-28T12:00:00+05:30,"SYNTHETIC demo data (KaushalSetu SIH prototype): fictional entities, team-assumed numbers, not real or official statistics.",true
0e4cf3cf-b146-5640-bacb-7008cbc58b20,C-ITI-G-wireman-2024-046,944d9d62-c375-5e41-8420-b65a108a0a38,CLASS_10,"[""mr""]","{""analytics"":true,""contact_by_employers"":true}",Y08,"KaushalSetu synthetic generator v2, seed 20260929",2026-09-28T12:00:00+05:30,"SYNTHETIC demo data (KaushalSetu SIH prototype): fictional entities, team-assumed numbers, not real or official statistics.",true
6c1d0771-f0a1-56b0-a1ff-59af04d4a87b,C-ITI-G-wireman-2024-047,944d9d62-c375-5e41-8420-b65a108a0a38,CLASS_10,"[""mr""]","{""analytics"":true,""contact_by_employers"":true}",Y08,"KaushalSetu synthetic generator v2, seed 20260929",2026-09-28T12:00:00+05:30,"SYNTHETIC demo data (KaushalSetu SIH prototype): fictional entities, team-assumed numbers, not real or official statistics.",true
8a1ce913-aad4-5392-9afb-2feefbc5baa6,C-ITI-G-wireman-2024-048,944d9d62-c375-5e41-8420-b65a108a0a38,CLASS_10,"[""mr""]","{""analytics"":true,""contact_by_employers"":false}",Y08,"KaushalSetu synthetic generator v2, seed 20260929",2026-09-28T12:00:00+05:30,"SYNTHETIC demo data (KaushalSetu SIH prototype): fictional entities, team-assumed numbers, not real or official statistics.",true
449f11eb-4a3d-5589-bc7a-f8b1a2e36e7f,C-ITI-G-wireman-2024-049,944d9d62-c375-5e41-8420-b65a108a0a38,CLASS_10,"[""mr"",""en""]","{""analytics"":true,""contact_by_employers"":true}",Y08,"KaushalSetu synthetic generator v2, seed 20260929",2026-09-28T12:00:00+05:30,"SYNTHETIC demo data (KaushalSetu SIH prototype): fictional entities, team-assumed numbers, not real or official statistics.",true
0fc4a77a-5115-5c3d-8d4e-79c423d95890,C-ITI-G-wireman-2024-050,944d9d62-c375-5e41-8420-b65a108a0a38,CLASS_10,"[""mr""]","{""analytics"":true,""contact_by_employers"":true}",Y08,"KaushalSetu synthetic generator v2, seed 20260929",2026-09-28T12:00:00+05:30,"SYNTHETIC demo data (KaushalSetu SIH prototype): fictional entities, team-assumed numbers, not real or official statistics.",true
dabde809-e634-5784-b489-e57361bffb14,C-ITI-G-wireman-2024-051,944d9d62-c375-5e41-8420-b65a108a0a38,CLASS_10,"[""mr""]","{""analytics"":true,""contact_by_employers"":true}",Y08,"KaushalSetu synthetic generator v2, seed 20260929",2026-09-28T12:00:00+05:30,"SYNTHETIC demo data (KaushalSetu SIH prototype): fictional entities, team-assumed numbers, not real or official statistics.",true
ff4927ef-f4cb-58f7-92ba-682add13e87f,C-ITI-G-wireman-2024-052,944d9d62-c375-5e41-8420-b65a108a0a38,CLASS_10,"[""mr"",""hi"",""en""]","{""analytics"":true,""contact_by_employers"":false}",Y08,"KaushalSetu synthetic generator v2, seed 20260929",2026-09-28T12:00:00+05:30,"SYNTHETIC demo data (KaushalSetu SIH prototype): fictional entities, team-assumed numbers, not real or official statistics.",true
f5945834-9020-5c9a-bb08-50a219b353b6,C-ITI-G-wireman-2024-053,944d9d62-c375-5e41-8420-b65a108a0a38,CLASS_10,"[""mr""]","{""analytics"":true,""contact_by_employers"":true}",Y08,"KaushalSetu synthetic generator v2, seed 20260929",2026-09-28T12:00:00+05:30,"SYNTHETIC demo data (KaushalSetu SIH prototype): fictional entities, team-assumed numbers, not real or official statistics.",true
c2b65d75-44ec-59b5-8692-f217a7d1e9ae,C-ITI-G-wireman-2024-054,944d9d62-c375-5e41-8420-b65a108a0a38,CLASS_10,"[""mr"",""hi"",""en""]","{""analytics"":true,""contact_by_employers"":false}",Y08,"KaushalSetu synthetic generator v2, seed 20260929",2026-09-28T12:00:00+05:30,"SYNTHETIC demo data (KaushalSetu SIH prototype): fictional entities, team-assumed numbers, not real or official statistics.",true
a6170ee4-2fc8-531d-b26d-6a60dabe88be,C-ITI-G-wireman-2024-055,944d9d62-c375-5e41-8420-b65a108a0a38,CLASS_12,"[""mr"",""hi""]","{""analytics"":true,""contact_by_employers"":true}",Y08,"KaushalSetu synthetic generator v2, seed 20260929",2026-09-28T12:00:00+05:30,"SYNTHETIC demo data (KaushalSetu SIH prototype): fictional entities, team-assumed numbers, not real or official statistics.",true
a555d572-81f3-5eeb-bf01-dc6fbffa5be7,C-ITI-G-wireman-2025-001,944d9d62-c375-5e41-8420-b65a108a0a38,CLASS_10,"[""mr""]","{""analytics"":true,""contact_by_employers"":true}",Y08,"KaushalSetu synthetic generator v2, seed 20260929",2026-09-28T12:00:00+05:30,"SYNTHETIC demo data (KaushalSetu SIH prototype): fictional entities, team-assumed numbers, not real or official statistics.",true
d33c7565-8cba-5c68-94cd-04b9c162a10b,C-ITI-G-wireman-2025-002,944d9d62-c375-5e41-8420-b65a108a0a38,CLASS_10,"[""mr""]","{""analytics"":true,""contact_by_employers"":true}",Y08,"KaushalSetu synthetic generator v2, seed 20260929",2026-09-28T12:00:00+05:30,"SYNTHETIC demo data (KaushalSetu SIH prototype): fictional entities, team-assumed numbers, not real or official statistics.",true
9674665f-b957-5b92-a7fe-64af454e09bd,C-ITI-G-wireman-2025-003,944d9d62-c375-5e41-8420-b65a108a0a38,CLASS_10,"[""mr"",""hi""]","{""analytics"":true,""contact_by_employers"":false}",Y08,"KaushalSetu synthetic generator v2, seed 20260929",2026-09-28T12:00:00+05:30,"SYNTHETIC demo data (KaushalSetu SIH prototype): fictional entities, team-assumed numbers, not real or official statistics.",true
14c57839-6415-5f79-a45b-d2d4065851e5,C-ITI-G-wireman-2025-004,944d9d62-c375-5e41-8420-b65a108a0a38,CLASS_10,"[""mr"",""hi""]","{""analytics"":true,""contact_by_employers"":true}",Y08,"KaushalSetu synthetic generator v2, seed 20260929",2026-09-28T12:00:00+05:30,"SYNTHETIC demo data (KaushalSetu SIH prototype): fictional entities, team-assumed numbers, not real or official statistics.",true
626c334a-0a8f-597e-ae8d-f4f488677e10,C-ITI-G-wireman-2025-005,944d9d62-c375-5e41-8420-b65a108a0a38,CLASS_10,"[""mr"",""hi"",""en""]","{""analytics"":true,""contact_by_employers"":false}",Y08,"KaushalSetu synthetic generator v2, seed 20260929",2026-09-28T12:00:00+05:30,"SYNTHETIC demo data (KaushalSetu SIH prototype): fictional entities, team-assumed numbers, not real or official statistics.",true
62c2f846-d113-5276-b86c-bd92446b0a40,C-ITI-G-wireman-2025-006,944d9d62-c375-5e41-8420-b65a108a0a38,CLASS_10,"[""mr""]","{""analytics"":true,""contact_by_employers"":true}",Y08,"KaushalSetu synthetic generator v2, seed 20260929",2026-09-28T12:00:00+05:30,"SYNTHETIC demo data (KaushalSetu SIH prototype): fictional entities, team-assumed numbers, not real or official statistics.",true
838e8773-fd6b-5d4e-b262-e5b7573cc490,C-ITI-G-wireman-2025-007,944d9d62-c375-5e41-8420-b65a108a0a38,CLASS_10,"[""mr"",""en""]","{""analytics"":true,""contact_by_employers"":false}",Y08,"KaushalSetu synthetic generator v2, seed 20260929",2026-09-28T12:00:00+05:30,"SYNTHETIC demo data (KaushalSetu SIH prototype): fictional entities, team-assumed numbers, not real or official statistics.",true
6f6d31ba-bb12-5c52-9d42-67ef7fe497d7,C-ITI-G-wireman-2025-008,944d9d62-c375-5e41-8420-b65a108a0a38,CLASS_12,"[""mr"",""hi""]","{""analytics"":true,""contact_by_employers"":true}",Y08,"KaushalSetu synthetic generator v2, seed 20260929",2026-09-28T12:00:00+05:30,"SYNTHETIC demo data (KaushalSetu SIH prototype): fictional entities, team-assumed numbers, not real or official statistics.",true
5fc6471e-94b2-5a5d-81c7-6ae8e8685827,C-ITI-G-wireman-2025-009,944d9d62-c375-5e41-8420-b65a108a0a38,CLASS_10,"[""mr"",""en""]","{""analytics"":true,""contact_by_employers"":true}",Y08,"KaushalSetu synthetic generator v2, seed 20260929",2026-09-28T12:00:00+05:30,"SYNTHETIC demo data (KaushalSetu SIH prototype): fictional entities, team-assumed numbers, not real or official statistics.",true
225fb8db-7d74-5b07-b131-f2a2e8047228,C-ITI-G-wireman-2025-010,944d9d62-c375-5e41-8420-b65a108a0a38,CLASS_10,"[""mr""]","{""analytics"":true,""contact_by_employers"":true}",Y08,"KaushalSetu synthetic generator v2, seed 20260929",2026-09-28T12:00:00+05:30,"SYNTHETIC demo data (KaushalSetu SIH prototype): fictional entities, team-assumed numbers, not real or official statistics.",true
9277d6b8-9e76-5fb4-b521-bb240a006201,C-ITI-G-wireman-2025-011,944d9d62-c375-5e41-8420-b65a108a0a38,CLASS_10,"[""mr"",""hi"",""en""]","{""analytics"":true,""contact_by_employers"":true}",Y08,"KaushalSetu synthetic generator v2, seed 20260929",2026-09-28T12:00:00+05:30,"SYNTHETIC demo data (KaushalSetu SIH prototype): fictional entities, team-assumed numbers, not real or official statistics.",true
e20c5c16-36c8-5d1f-9bb4-934c723f5d98,C-ITI-G-wireman-2025-012,944d9d62-c375-5e41-8420-b65a108a0a38,CLASS_12,"[""mr"",""en""]","{""analytics"":true,""contact_by_employers"":true}",Y08,"KaushalSetu synthetic generator v2, seed 20260929",2026-09-28T12:00:00+05:30,"SYNTHETIC demo data (KaushalSetu SIH prototype): fictional entities, team-assumed numbers, not real or official statistics.",true
75c90b5b-68e3-5c53-ba90-aaa023dac8ef,C-ITI-G-wireman-2025-013,944d9d62-c375-5e41-8420-b65a108a0a38,CLASS_10,"[""mr"",""en""]","{""analytics"":true,""contact_by_employers"":true}",Y08,"KaushalSetu synthetic generator v2, seed 20260929",2026-09-28T12:00:00+05:30,"SYNTHETIC demo data (KaushalSetu SIH prototype): fictional entities, team-assumed numbers, not real or official statistics.",true
0a405119-b2df-5ebc-ae43-65e444fdd24c,C-ITI-G-wireman-2025-014,944d9d62-c375-5e41-8420-b65a108a0a38,CLASS_10,"[""mr"",""en""]","{""analytics"":true,""contact_by_employers"":true}",Y08,"KaushalSetu synthetic generator v2, seed 20260929",2026-09-28T12:00:00+05:30,"SYNTHETIC demo data (KaushalSetu SIH prototype): fictional entities, team-assumed numbers, not real or official statistics.",true
33b7031e-5219-5af9-a840-e3cdd9cd0ec0,C-ITI-G-wireman-2025-015,944d9d62-c375-5e41-8420-b65a108a0a38,CLASS_10,"[""mr"",""hi"",""en""]","{""analytics"":true,""contact_by_employers"":false}",Y08,"KaushalSetu synthetic generator v2, seed 20260929",2026-09-28T12:00:00+05:30,"SYNTHETIC demo data (KaushalSetu SIH prototype): fictional entities, team-assumed numbers, not real or official statistics.",true
64b2d9c3-5ea3-5be8-bdac-13198c6276ea,C-ITI-G-wireman-2025-016,944d9d62-c375-5e41-8420-b65a108a0a38,CLASS_10,"[""mr"",""hi""]","{""analytics"":true,""contact_by_employers"":false}",Y08,"KaushalSetu synthetic generator v2, seed 20260929",2026-09-28T12:00:00+05:30,"SYNTHETIC demo data (KaushalSetu SIH prototype): fictional entities, team-assumed numbers, not real or official statistics.",true
cfe093e5-c2ce-58de-96ae-260001bcfc59,C-ITI-G-wireman-2025-017,944d9d62-c375-5e41-8420-b65a108a0a38,CLASS_10,"[""mr"",""hi""]","{""analytics"":true,""contact_by_employers"":false}",Y08,"KaushalSetu synthetic generator v2, seed 20260929",2026-09-28T12:00:00+05:30,"SYNTHETIC demo data (KaushalSetu SIH prototype): fictional entities, team-assumed numbers, not real or official statistics.",true
680b5a45-8d3e-5815-a2a9-770f67e44009,C-ITI-G-wireman-2025-018,944d9d62-c375-5e41-8420-b65a108a0a38,CLASS_10,"[""mr"",""hi""]","{""analytics"":true,""contact_by_employers"":false}",Y08,"KaushalSetu synthetic generator v2, seed 20260929",2026-09-28T12:00:00+05:30,"SYNTHETIC demo data (KaushalSetu SIH prototype): fictional entities, team-assumed numbers, not real or official statistics.",true
05cf7762-9fee-5212-b3b5-1594dbb45f4c,C-ITI-G-wireman-2025-019,944d9d62-c375-5e41-8420-b65a108a0a38,CLASS_10,"[""mr"",""hi"",""en""]","{""analytics"":true,""contact_by_employers"":true}",Y08,"KaushalSetu synthetic generator v2, seed 20260929",2026-09-28T12:00:00+05:30,"SYNTHETIC demo data (KaushalSetu SIH prototype): fictional entities, team-assumed numbers, not real or official statistics.",true
b8747a90-5db2-5e16-bf15-6aa96c3acebf,C-ITI-G-wireman-2025-020,944d9d62-c375-5e41-8420-b65a108a0a38,CLASS_12,"[""mr"",""hi""]","{""analytics"":true,""contact_by_employers"":true}",Y08,"KaushalSetu synthetic generator v2, seed 20260929",2026-09-28T12:00:00+05:30,"SYNTHETIC demo data (KaushalSetu SIH prototype): fictional entities, team-assumed numbers, not real or official statistics.",true
26cf5987-cf0a-5b9f-a600-cbaa4a9649bf,C-ITI-G-wireman-2025-021,944d9d62-c375-5e41-8420-b65a108a0a38,CLASS_12,"[""mr"",""hi""]","{""analytics"":true,""contact_by_employers"":false}",Y08,"KaushalSetu synthetic generator v2, seed 20260929",2026-09-28T12:00:00+05:30,"SYNTHETIC demo data (KaushalSetu SIH prototype): fictional entities, team-assumed numbers, not real or official statistics.",true
b3b73de4-eeea-539a-bcbc-05b766540375,C-ITI-G-wireman-2025-022,944d9d62-c375-5e41-8420-b65a108a0a38,CLASS_10,"[""mr"",""hi""]","{""analytics"":true,""contact_by_employers"":true}",Y08,"KaushalSetu synthetic generator v2, seed 20260929",2026-09-28T12:00:00+05:30,"SYNTHETIC demo data (KaushalSetu SIH prototype): fictional entities, team-assumed numbers, not real or official statistics.",true
ba9603de-5898-59ea-a447-0cb381dfe84f,C-ITI-G-wireman-2025-023,944d9d62-c375-5e41-8420-b65a108a0a38,CLASS_12,"[""mr"",""hi"",""en""]","{""analytics"":true,""contact_by_employers"":true}",Y08,"KaushalSetu synthetic generator v2, seed 20260929",2026-09-28T12:00:00+05:30,"SYNTHETIC demo data (KaushalSetu SIH prototype): fictional entities, team-assumed numbers, not real or official statistics.",true
976ebb3a-947b-5318-9559-28fe3b2b6aec,C-ITI-G-wireman-2025-024,944d9d62-c375-5e41-8420-b65a108a0a38,CLASS_10,"[""mr"",""en""]","{""analytics"":true,""contact_by_employers"":true}",Y08,"KaushalSetu synthetic generator v2, seed 20260929",2026-09-28T12:00:00+05:30,"SYNTHETIC demo data (KaushalSetu SIH prototype): fictional entities, team-assumed numbers, not real or official statistics.",true
3681a687-00cc-5a7a-8e08-59906c876199,C-ITI-G-wireman-2025-025,944d9d62-c375-5e41-8420-b65a108a0a38,CLASS_10,"[""mr"",""hi"",""en""]","{""analytics"":true,""contact_by_employers"":true}",Y08,"KaushalSetu synthetic generator v2, seed 20260929",2026-09-28T12:00:00+05:30,"SYNTHETIC demo data (KaushalSetu SIH prototype): fictional entities, team-assumed numbers, not real or official statistics.",true
0a40e0a4-d54c-5092-819c-b3a47cbe9c07,C-ITI-G-wireman-2025-026,944d9d62-c375-5e41-8420-b65a108a0a38,CLASS_10,"[""mr"",""hi""]","{""analytics"":true,""contact_by_employers"":true}",Y08,"KaushalSetu synthetic generator v2, seed 20260929",2026-09-28T12:00:00+05:30,"SYNTHETIC demo data (KaushalSetu SIH prototype): fictional entities, team-assumed numbers, not real or official statistics.",true
5b493299-b19e-5b54-96e2-1f7a16195f63,C-ITI-G-wireman-2025-027,944d9d62-c375-5e41-8420-b65a108a0a38,CLASS_10,"[""mr"",""hi"",""en""]","{""analytics"":true,""contact_by_employers"":true}",Y08,"KaushalSetu synthetic generator v2, seed 20260929",2026-09-28T12:00:00+05:30,"SYNTHETIC demo data (KaushalSetu SIH prototype): fictional entities, team-assumed numbers, not real or official statistics.",true
5eb4f543-f3b8-5847-8241-eb4f9499de45,C-ITI-G-wireman-2025-028,944d9d62-c375-5e41-8420-b65a108a0a38,CLASS_10,"[""mr"",""hi""]","{""analytics"":true,""contact_by_employers"":true}",Y08,"KaushalSetu synthetic generator v2, seed 20260929",2026-09-28T12:00:00+05:30,"SYNTHETIC demo data (KaushalSetu SIH prototype): fictional entities, team-assumed numbers, not real or official statistics.",true
2361445e-c955-5ca5-a10d-9b0c9f26ca71,C-ITI-G-wireman-2025-029,944d9d62-c375-5e41-8420-b65a108a0a38,CLASS_10,"[""mr""]","{""analytics"":true,""contact_by_employers"":true}",Y08,"KaushalSetu synthetic generator v2, seed 20260929",2026-09-28T12:00:00+05:30,"SYNTHETIC demo data (KaushalSetu SIH prototype): fictional entities, team-assumed numbers, not real or official statistics.",true
dc7cef2d-7f90-562f-8c50-0a76572c976a,C-ITI-G-wireman-2025-030,944d9d62-c375-5e41-8420-b65a108a0a38,CLASS_10,"[""mr"",""en""]","{""analytics"":true,""contact_by_employers"":true}",Y08,"KaushalSetu synthetic generator v2, seed 20260929",2026-09-28T12:00:00+05:30,"SYNTHETIC demo data (KaushalSetu SIH prototype): fictional entities, team-assumed numbers, not real or official statistics.",true
52a5fb79-ca82-5528-8747-2fac31fddce6,C-ITI-G-wireman-2025-031,944d9d62-c375-5e41-8420-b65a108a0a38,CLASS_12,"[""mr"",""hi""]","{""analytics"":true,""contact_by_employers"":true}",Y08,"KaushalSetu synthetic generator v2, seed 20260929",2026-09-28T12:00:00+05:30,"SYNTHETIC demo data (KaushalSetu SIH prototype): fictional entities, team-assumed numbers, not real or official statistics.",true
ec735393-9667-510b-bd03-d346f50393cc,C-ITI-G-wireman-2025-032,944d9d62-c375-5e41-8420-b65a108a0a38,CLASS_10,"[""mr"",""en""]","{""analytics"":true,""contact_by_employers"":true}",Y08,"KaushalSetu synthetic generator v2, seed 20260929",2026-09-28T12:00:00+05:30,"SYNTHETIC demo data (KaushalSetu SIH prototype): fictional entities, team-assumed numbers, not real or official statistics.",true
7cdebc34-874d-5023-bd64-c1bed8b3debe,C-ITI-G-wireman-2025-033,944d9d62-c375-5e41-8420-b65a108a0a38,CLASS_10,"[""mr"",""hi"",""en""]","{""analytics"":true,""contact_by_employers"":true}",Y08,"KaushalSetu synthetic generator v2, seed 20260929",2026-09-28T12:00:00+05:30,"SYNTHETIC demo data (KaushalSetu SIH prototype): fictional entities, team-assumed numbers, not real or official statistics.",true
b54cd0c1-881c-580e-a47b-8de2ed3f6594,C-ITI-G-wireman-2025-034,944d9d62-c375-5e41-8420-b65a108a0a38,CLASS_10,"[""mr"",""hi""]","{""analytics"":true,""contact_by_employers"":true}",Y08,"KaushalSetu synthetic generator v2, seed 20260929",2026-09-28T12:00:00+05:30,"SYNTHETIC demo data (KaushalSetu SIH prototype): fictional entities, team-assumed numbers, not real or official statistics.",true
7b921315-b41c-5e6d-864d-68cd8ced6bd8,C-ITI-G-wireman-2025-035,944d9d62-c375-5e41-8420-b65a108a0a38,CLASS_12,"[""mr"",""hi""]","{""analytics"":true,""contact_by_employers"":true}",Y08,"KaushalSetu synthetic generator v2, seed 20260929",2026-09-28T12:00:00+05:30,"SYNTHETIC demo data (KaushalSetu SIH prototype): fictional entities, team-assumed numbers, not real or official statistics.",true
98eed2d5-8f03-549e-a155-6c3c6706b4b7,C-ITI-G-wireman-2025-036,944d9d62-c375-5e41-8420-b65a108a0a38,CLASS_10,"[""mr"",""hi"",""en""]","{""analytics"":true,""contact_by_employers"":true}",Y08,"KaushalSetu synthetic generator v2, seed 20260929",2026-09-28T12:00:00+05:30,"SYNTHETIC demo data (KaushalSetu SIH prototype): fictional entities, team-assumed numbers, not real or official statistics.",true
912b598c-61f2-5a3a-8dc8-89def032041e,C-ITI-G-wireman-2025-037,944d9d62-c375-5e41-8420-b65a108a0a38,CLASS_12,"[""mr"",""hi""]","{""analytics"":true,""contact_by_employers"":false}",Y08,"KaushalSetu synthetic generator v2, seed 20260929",2026-09-28T12:00:00+05:30,"SYNTHETIC demo data (KaushalSetu SIH prototype): fictional entities, team-assumed numbers, not real or official statistics.",true
f5681dc8-6c9b-5fb6-a09f-7431517d7e43,C-ITI-G-wireman-2025-038,944d9d62-c375-5e41-8420-b65a108a0a38,CLASS_10,"[""mr"",""hi"",""en""]","{""analytics"":true,""contact_by_employers"":true}",Y08,"KaushalSetu synthetic generator v2, seed 20260929",2026-09-28T12:00:00+05:30,"SYNTHETIC demo data (KaushalSetu SIH prototype): fictional entities, team-assumed numbers, not real or official statistics.",true
098c9930-aa2b-5de9-a30d-60ec6151fb30,C-ITI-G-wireman-2025-039,944d9d62-c375-5e41-8420-b65a108a0a38,CLASS_12,"[""mr""]","{""analytics"":true,""contact_by_employers"":false}",Y08,"KaushalSetu synthetic generator v2, seed 20260929",2026-09-28T12:00:00+05:30,"SYNTHETIC demo data (KaushalSetu SIH prototype): fictional entities, team-assumed numbers, not real or official statistics.",true
378558d8-c927-5888-8615-0fc20707323d,C-ITI-G-wireman-2025-040,944d9d62-c375-5e41-8420-b65a108a0a38,CLASS_12,"[""mr"",""hi""]","{""analytics"":true,""contact_by_employers"":true}",Y08,"KaushalSetu synthetic generator v2, seed 20260929",2026-09-28T12:00:00+05:30,"SYNTHETIC demo data (KaushalSetu SIH prototype): fictional entities, team-assumed numbers, not real or official statistics.",true
d7e82f37-0980-5d79-bfb2-7cf72b03adee,C-ITI-G-wireman-2025-041,944d9d62-c375-5e41-8420-b65a108a0a38,CLASS_12,"[""mr"",""hi"",""en""]","{""analytics"":true,""contact_by_employers"":true}",Y08,"KaushalSetu synthetic generator v2, seed 20260929",2026-09-28T12:00:00+05:30,"SYNTHETIC demo data (KaushalSetu SIH prototype): fictional entities, team-assumed numbers, not real or official statistics.",true
ca925eb0-7bea-51b9-8594-e40f836b66f7,C-ITI-G-wireman-2025-042,944d9d62-c375-5e41-8420-b65a108a0a38,CLASS_12,"[""mr"",""en""]","{""analytics"":true,""contact_by_employers"":true}",Y08,"KaushalSetu synthetic generator v2, seed 20260929",2026-09-28T12:00:00+05:30,"SYNTHETIC demo data (KaushalSetu SIH prototype): fictional entities, team-assumed numbers, not real or official statistics.",true
1f05dee3-64af-5056-9c8d-b29df1ca3559,C-ITI-G-wireman-2025-043,944d9d62-c375-5e41-8420-b65a108a0a38,CLASS_10,"[""mr""]","{""analytics"":true,""contact_by_employers"":true}",Y08,"KaushalSetu synthetic generator v2, seed 20260929",2026-09-28T12:00:00+05:30,"SYNTHETIC demo data (KaushalSetu SIH prototype): fictional entities, team-assumed numbers, not real or official statistics.",true
d0a25cce-e1e3-51c5-9b49-9defa083c6af,C-ITI-G-wireman-2025-044,944d9d62-c375-5e41-8420-b65a108a0a38,CLASS_10,"[""mr"",""en""]","{""analytics"":true,""contact_by_employers"":true}",Y08,"KaushalSetu synthetic generator v2, seed 20260929",2026-09-28T12:00:00+05:30,"SYNTHETIC demo data (KaushalSetu SIH prototype): fictional entities, team-assumed numbers, not real or official statistics.",true
8a665371-f73e-5fe8-a2a7-8da1d54786e7,C-ITI-G-wireman-2025-045,944d9d62-c375-5e41-8420-b65a108a0a38,CLASS_10,"[""mr"",""hi""]","{""analytics"":true,""contact_by_employers"":true}",Y08,"KaushalSetu synthetic generator v2, seed 20260929",2026-09-28T12:00:00+05:30,"SYNTHETIC demo data (KaushalSetu SIH prototype): fictional entities, team-assumed numbers, not real or official statistics.",true
c2c4a3f8-7ffb-5c86-918c-04d4e0223691,C-ITI-G-wireman-2025-046,944d9d62-c375-5e41-8420-b65a108a0a38,CLASS_10,"[""mr"",""en""]","{""analytics"":true,""contact_by_employers"":true}",Y08,"KaushalSetu synthetic generator v2, seed 20260929",2026-09-28T12:00:00+05:30,"SYNTHETIC demo data (KaushalSetu SIH prototype): fictional entities, team-assumed numbers, not real or official statistics.",true
aaf97103-64a7-51fd-b07f-5de04cf20115,C-ITI-G-wireman-2025-047,944d9d62-c375-5e41-8420-b65a108a0a38,CLASS_12,"[""mr"",""hi""]","{""analytics"":true,""contact_by_employers"":true}",Y08,"KaushalSetu synthetic generator v2, seed 20260929",2026-09-28T12:00:00+05:30,"SYNTHETIC demo data (KaushalSetu SIH prototype): fictional entities, team-assumed numbers, not real or official statistics.",true
8b86e698-e046-51d7-9240-820670cd33e9,C-ITI-G-wireman-2025-048,944d9d62-c375-5e41-8420-b65a108a0a38,CLASS_10,"[""mr""]","{""analytics"":true,""contact_by_employers"":true}",Y08,"KaushalSetu synthetic generator v2, seed 20260929",2026-09-28T12:00:00+05:30,"SYNTHETIC demo data (KaushalSetu SIH prototype): fictional entities, team-assumed numbers, not real or official statistics.",true
b80e8c67-ba6c-5656-a3e6-48fa917a92e9,C-ITI-G-wireman-2025-049,944d9d62-c375-5e41-8420-b65a108a0a38,CLASS_12,"[""mr""]","{""analytics"":true,""contact_by_employers"":true}",Y08,"KaushalSetu synthetic generator v2, seed 20260929",2026-09-28T12:00:00+05:30,"SYNTHETIC demo data (KaushalSetu SIH prototype): fictional entities, team-assumed numbers, not real or official statistics.",true
56aab965-a962-5122-93a8-52ff2fcfefb5,C-ITI-G-wireman-2025-050,944d9d62-c375-5e41-8420-b65a108a0a38,CLASS_10,"[""mr""]","{""analytics"":true,""contact_by_employers"":false}",Y08,"KaushalSetu synthetic generator v2, seed 20260929",2026-09-28T12:00:00+05:30,"SYNTHETIC demo data (KaushalSetu SIH prototype): fictional entities, team-assumed numbers, not real or official statistics.",true
df138521-0845-5f34-8fbe-646968bedc4d,C-ITI-G-wireman-2025-051,944d9d62-c375-5e41-8420-b65a108a0a38,CLASS_10,"[""mr"",""hi""]","{""analytics"":true,""contact_by_employers"":true}",Y08,"KaushalSetu synthetic generator v2, seed 20260929",2026-09-28T12:00:00+05:30,"SYNTHETIC demo data (KaushalSetu SIH prototype): fictional entities, team-assumed numbers, not real or official statistics.",true
e9768598-711a-5f91-89a5-c20f34098052,C-ITI-G-wireman-2025-052,944d9d62-c375-5e41-8420-b65a108a0a38,CLASS_10,"[""mr"",""hi"",""en""]","{""analytics"":true,""contact_by_employers"":true}",Y08,"KaushalSetu synthetic generator v2, seed 20260929",2026-09-28T12:00:00+05:30,"SYNTHETIC demo data (KaushalSetu SIH prototype): fictional entities, team-assumed numbers, not real or official statistics.",true
a0a542f7-89e6-5d43-b589-056ec56563e8,C-ITI-G-wireman-2025-053,944d9d62-c375-5e41-8420-b65a108a0a38,CLASS_10,"[""mr"",""hi""]","{""analytics"":true,""contact_by_employers"":true}",Y08,"KaushalSetu synthetic generator v2, seed 20260929",2026-09-28T12:00:00+05:30,"SYNTHETIC demo data (KaushalSetu SIH prototype): fictional entities, team-assumed numbers, not real or official statistics.",true
c3923049-6721-5dab-ada0-cabb880960e2,C-ITI-G-wireman-2025-054,944d9d62-c375-5e41-8420-b65a108a0a38,CLASS_10,"[""mr"",""en""]","{""analytics"":true,""contact_by_employers"":true}",Y08,"KaushalSetu synthetic generator v2, seed 20260929",2026-09-28T12:00:00+05:30,"SYNTHETIC demo data (KaushalSetu SIH prototype): fictional entities, team-assumed numbers, not real or official statistics.",true
ecec5898-894a-5ef6-a47f-3cf954bf7aa1,C-TC-H-solar-pv-2024-001,944d9d62-c375-5e41-8420-b65a108a0a38,DIPLOMA,"[""mr"",""hi""]","{""analytics"":true,""contact_by_employers"":true}",Y08,"KaushalSetu synthetic generator v2, seed 20260929",2026-09-28T12:00:00+05:30,"SYNTHETIC demo data (KaushalSetu SIH prototype): fictional entities, team-assumed numbers, not real or official statistics.",true
9653f3a3-d251-5098-ae3e-ab9563ae27a6,C-TC-H-solar-pv-2024-002,944d9d62-c375-5e41-8420-b65a108a0a38,CLASS_10,"[""mr"",""hi"",""en""]","{""analytics"":true,""contact_by_employers"":true}",Y08,"KaushalSetu synthetic generator v2, seed 20260929",2026-09-28T12:00:00+05:30,"SYNTHETIC demo data (KaushalSetu SIH prototype): fictional entities, team-assumed numbers, not real or official statistics.",true
41269f11-d347-59f8-a6b7-3d62fb826390,C-TC-H-solar-pv-2024-003,944d9d62-c375-5e41-8420-b65a108a0a38,DIPLOMA,"[""mr""]","{""analytics"":true,""contact_by_employers"":true}",Y08,"KaushalSetu synthetic generator v2, seed 20260929",2026-09-28T12:00:00+05:30,"SYNTHETIC demo data (KaushalSetu SIH prototype): fictional entities, team-assumed numbers, not real or official statistics.",true
bda485b9-95f8-5bef-93a2-29c1913aa0cc,C-TC-H-solar-pv-2024-004,944d9d62-c375-5e41-8420-b65a108a0a38,ITI,"[""mr""]","{""analytics"":true,""contact_by_employers"":true}",Y08,"KaushalSetu synthetic generator v2, seed 20260929",2026-09-28T12:00:00+05:30,"SYNTHETIC demo data (KaushalSetu SIH prototype): fictional entities, team-assumed numbers, not real or official statistics.",true
784bbb96-e45c-5866-af0c-32964b04eda7,C-TC-H-solar-pv-2024-005,944d9d62-c375-5e41-8420-b65a108a0a38,ITI,"[""mr"",""hi"",""en""]","{""analytics"":true,""contact_by_employers"":true}",Y08,"KaushalSetu synthetic generator v2, seed 20260929",2026-09-28T12:00:00+05:30,"SYNTHETIC demo data (KaushalSetu SIH prototype): fictional entities, team-assumed numbers, not real or official statistics.",true
96b8b569-d0a3-5e96-a4de-0cf85c1d57c8,C-TC-H-solar-pv-2024-006,944d9d62-c375-5e41-8420-b65a108a0a38,ITI,"[""mr""]","{""analytics"":true,""contact_by_employers"":false}",Y08,"KaushalSetu synthetic generator v2, seed 20260929",2026-09-28T12:00:00+05:30,"SYNTHETIC demo data (KaushalSetu SIH prototype): fictional entities, team-assumed numbers, not real or official statistics.",true
ce1ef32e-f97c-51be-9ed1-9ae9bb3dd7cc,C-TC-H-solar-pv-2024-007,944d9d62-c375-5e41-8420-b65a108a0a38,ITI,"[""mr""]","{""analytics"":true,""contact_by_employers"":true}",Y08,"KaushalSetu synthetic generator v2, seed 20260929",2026-09-28T12:00:00+05:30,"SYNTHETIC demo data (KaushalSetu SIH prototype): fictional entities, team-assumed numbers, not real or official statistics.",true
c1106dc4-6ee3-5f6e-a8a5-ec4529590e76,C-TC-H-solar-pv-2024-008,944d9d62-c375-5e41-8420-b65a108a0a38,ITI,"[""mr"",""hi""]","{""analytics"":true,""contact_by_employers"":true}",Y08,"KaushalSetu synthetic generator v2, seed 20260929",2026-09-28T12:00:00+05:30,"SYNTHETIC demo data (KaushalSetu SIH prototype): fictional entities, team-assumed numbers, not real or official statistics.",true
d538bf1e-fb34-5eb6-ab36-f29e421e3e57,C-TC-H-solar-pv-2024-009,944d9d62-c375-5e41-8420-b65a108a0a38,CLASS_10,"[""mr"",""hi""]","{""analytics"":true,""contact_by_employers"":true}",Y08,"KaushalSetu synthetic generator v2, seed 20260929",2026-09-28T12:00:00+05:30,"SYNTHETIC demo data (KaushalSetu SIH prototype): fictional entities, team-assumed numbers, not real or official statistics.",true
2306dbd8-ba1c-5619-83bb-19d42e98900e,C-TC-H-solar-pv-2024-010,944d9d62-c375-5e41-8420-b65a108a0a38,CLASS_12,"[""mr"",""hi"",""en""]","{""analytics"":true,""contact_by_employers"":false}",Y08,"KaushalSetu synthetic generator v2, seed 20260929",2026-09-28T12:00:00+05:30,"SYNTHETIC demo data (KaushalSetu SIH prototype): fictional entities, team-assumed numbers, not real or official statistics.",true
580864aa-9682-517c-9100-3198c9bb2559,C-TC-H-solar-pv-2024-011,944d9d62-c375-5e41-8420-b65a108a0a38,CLASS_12,"[""mr"",""hi""]","{""analytics"":true,""contact_by_employers"":true}",Y08,"KaushalSetu synthetic generator v2, seed 20260929",2026-09-28T12:00:00+05:30,"SYNTHETIC demo data (KaushalSetu SIH prototype): fictional entities, team-assumed numbers, not real or official statistics.",true
3a49cbab-88a3-5e7c-a37e-bff97c479a16,C-TC-H-solar-pv-2024-012,944d9d62-c375-5e41-8420-b65a108a0a38,DIPLOMA,"[""mr"",""en""]","{""analytics"":true,""contact_by_employers"":true}",Y08,"KaushalSetu synthetic generator v2, seed 20260929",2026-09-28T12:00:00+05:30,"SYNTHETIC demo data (KaushalSetu SIH prototype): fictional entities, team-assumed numbers, not real or official statistics.",true
b76de7df-0e7a-5dfd-b793-355786395f00,C-TC-H-solar-pv-2024-013,944d9d62-c375-5e41-8420-b65a108a0a38,ITI,"[""mr"",""en""]","{""analytics"":true,""contact_by_employers"":true}",Y08,"KaushalSetu synthetic generator v2, seed 20260929",2026-09-28T12:00:00+05:30,"SYNTHETIC demo data (KaushalSetu SIH prototype): fictional entities, team-assumed numbers, not real or official statistics.",true
fa2112a2-0489-5891-8b89-b52819e0b9fb,C-TC-H-solar-pv-2024-014,944d9d62-c375-5e41-8420-b65a108a0a38,CLASS_12,"[""mr""]","{""analytics"":true,""contact_by_employers"":true}",Y08,"KaushalSetu synthetic generator v2, seed 20260929",2026-09-28T12:00:00+05:30,"SYNTHETIC demo data (KaushalSetu SIH prototype): fictional entities, team-assumed numbers, not real or official statistics.",true
a724bf82-70b0-5c4c-be14-14982075a63e,C-TC-H-solar-pv-2024-015,944d9d62-c375-5e41-8420-b65a108a0a38,ITI,"[""mr""]","{""analytics"":true,""contact_by_employers"":true}",Y08,"KaushalSetu synthetic generator v2, seed 20260929",2026-09-28T12:00:00+05:30,"SYNTHETIC demo data (KaushalSetu SIH prototype): fictional entities, team-assumed numbers, not real or official statistics.",true
0ed18526-9917-5176-bf36-8eb3f74be6fc,C-TC-H-solar-pv-2024-016,944d9d62-c375-5e41-8420-b65a108a0a38,ITI,"[""mr"",""hi""]","{""analytics"":true,""contact_by_employers"":false}",Y08,"KaushalSetu synthetic generator v2, seed 20260929",2026-09-28T12:00:00+05:30,"SYNTHETIC demo data (KaushalSetu SIH prototype): fictional entities, team-assumed numbers, not real or official statistics.",true
a2a476d2-88be-5af3-8a14-b2146d5ea22d,C-TC-H-solar-pv-2024-017,944d9d62-c375-5e41-8420-b65a108a0a38,ITI,"[""mr""]","{""analytics"":true,""contact_by_employers"":true}",Y08,"KaushalSetu synthetic generator v2, seed 20260929",2026-09-28T12:00:00+05:30,"SYNTHETIC demo data (KaushalSetu SIH prototype): fictional entities, team-assumed numbers, not real or official statistics.",true
6770b4d0-13df-52c4-a667-21881b3c46d0,C-TC-H-solar-pv-2024-018,944d9d62-c375-5e41-8420-b65a108a0a38,ITI,"[""mr"",""hi""]","{""analytics"":true,""contact_by_employers"":true}",Y08,"KaushalSetu synthetic generator v2, seed 20260929",2026-09-28T12:00:00+05:30,"SYNTHETIC demo data (KaushalSetu SIH prototype): fictional entities, team-assumed numbers, not real or official statistics.",true
ca06c8c4-4e54-5b76-a83b-702f3a64a594,C-TC-H-solar-pv-2024-019,944d9d62-c375-5e41-8420-b65a108a0a38,ITI,"[""mr"",""hi""]","{""analytics"":true,""contact_by_employers"":true}",Y08,"KaushalSetu synthetic generator v2, seed 20260929",2026-09-28T12:00:00+05:30,"SYNTHETIC demo data (KaushalSetu SIH prototype): fictional entities, team-assumed numbers, not real or official statistics.",true
5be93d66-c7c4-59ee-97ce-eda4a7f51293,C-TC-H-solar-pv-2024-020,944d9d62-c375-5e41-8420-b65a108a0a38,ITI,"[""mr""]","{""analytics"":true,""contact_by_employers"":true}",Y08,"KaushalSetu synthetic generator v2, seed 20260929",2026-09-28T12:00:00+05:30,"SYNTHETIC demo data (KaushalSetu SIH prototype): fictional entities, team-assumed numbers, not real or official statistics.",true
c559fd3e-ab78-5c21-a144-ea8c2d3d1264,C-TC-H-solar-pv-2024-021,944d9d62-c375-5e41-8420-b65a108a0a38,ITI,"[""mr""]","{""analytics"":true,""contact_by_employers"":true}",Y08,"KaushalSetu synthetic generator v2, seed 20260929",2026-09-28T12:00:00+05:30,"SYNTHETIC demo data (KaushalSetu SIH prototype): fictional entities, team-assumed numbers, not real or official statistics.",true
cf6f9a42-04c7-5037-9558-c7c099720a77,C-TC-H-solar-pv-2024-022,944d9d62-c375-5e41-8420-b65a108a0a38,ITI,"[""mr"",""hi""]","{""analytics"":true,""contact_by_employers"":true}",Y08,"KaushalSetu synthetic generator v2, seed 20260929",2026-09-28T12:00:00+05:30,"SYNTHETIC demo data (KaushalSetu SIH prototype): fictional entities, team-assumed numbers, not real or official statistics.",true
159f56ee-d2a7-5636-8d22-1a096533e64f,C-TC-H-solar-pv-2024-023,944d9d62-c375-5e41-8420-b65a108a0a38,CLASS_10,"[""mr""]","{""analytics"":true,""contact_by_employers"":false}",Y08,"KaushalSetu synthetic generator v2, seed 20260929",2026-09-28T12:00:00+05:30,"SYNTHETIC demo data (KaushalSetu SIH prototype): fictional entities, team-assumed numbers, not real or official statistics.",true
ed320103-24bd-5aca-952c-881ea54c4a92,C-TC-H-solar-pv-2024-024,944d9d62-c375-5e41-8420-b65a108a0a38,ITI,"[""mr"",""hi""]","{""analytics"":true,""contact_by_employers"":false}",Y08,"KaushalSetu synthetic generator v2, seed 20260929",2026-09-28T12:00:00+05:30,"SYNTHETIC demo data (KaushalSetu SIH prototype): fictional entities, team-assumed numbers, not real or official statistics.",true
da226b07-d86d-5e32-b25d-0b8a6dbb5db7,C-TC-H-solar-pv-2024-025,944d9d62-c375-5e41-8420-b65a108a0a38,CLASS_12,"[""mr"",""hi"",""en""]","{""analytics"":true,""contact_by_employers"":false}",Y08,"KaushalSetu synthetic generator v2, seed 20260929",2026-09-28T12:00:00+05:30,"SYNTHETIC demo data (KaushalSetu SIH prototype): fictional entities, team-assumed numbers, not real or official statistics.",true
c2fd8071-131e-50fb-809d-51caa0c2655d,C-TC-H-solar-pv-2024-026,944d9d62-c375-5e41-8420-b65a108a0a38,CLASS_12,"[""mr"",""hi""]","{""analytics"":true,""contact_by_employers"":true}",Y08,"KaushalSetu synthetic generator v2, seed 20260929",2026-09-28T12:00:00+05:30,"SYNTHETIC demo data (KaushalSetu SIH prototype): fictional entities, team-assumed numbers, not real or official statistics.",true
c7c57d8d-6706-5133-9f96-a4ec47487c6c,C-TC-H-solar-pv-2024-027,944d9d62-c375-5e41-8420-b65a108a0a38,CLASS_12,"[""mr"",""en""]","{""analytics"":true,""contact_by_employers"":true}",Y08,"KaushalSetu synthetic generator v2, seed 20260929",2026-09-28T12:00:00+05:30,"SYNTHETIC demo data (KaushalSetu SIH prototype): fictional entities, team-assumed numbers, not real or official statistics.",true
229aed03-b19d-5d58-b559-a6d7b048e64f,C-TC-H-solar-pv-2024-028,944d9d62-c375-5e41-8420-b65a108a0a38,ITI,"[""mr""]","{""analytics"":true,""contact_by_employers"":true}",Y08,"KaushalSetu synthetic generator v2, seed 20260929",2026-09-28T12:00:00+05:30,"SYNTHETIC demo data (KaushalSetu SIH prototype): fictional entities, team-assumed numbers, not real or official statistics.",true
4ebabffa-9597-5e32-89c8-6eac2f45b41d,C-TC-H-solar-pv-2024-029,944d9d62-c375-5e41-8420-b65a108a0a38,CLASS_12,"[""mr"",""en""]","{""analytics"":true,""contact_by_employers"":false}",Y08,"KaushalSetu synthetic generator v2, seed 20260929",2026-09-28T12:00:00+05:30,"SYNTHETIC demo data (KaushalSetu SIH prototype): fictional entities, team-assumed numbers, not real or official statistics.",true
55d5f971-bb20-5f88-bab0-e778e202698b,C-TC-H-solar-pv-2024-030,944d9d62-c375-5e41-8420-b65a108a0a38,CLASS_12,"[""mr"",""hi""]","{""analytics"":true,""contact_by_employers"":true}",Y08,"KaushalSetu synthetic generator v2, seed 20260929",2026-09-28T12:00:00+05:30,"SYNTHETIC demo data (KaushalSetu SIH prototype): fictional entities, team-assumed numbers, not real or official statistics.",true
f282865c-6ad3-5d97-917f-176502a0d47a,C-TC-H-solar-pv-2024-031,944d9d62-c375-5e41-8420-b65a108a0a38,CLASS_12,"[""mr"",""hi"",""en""]","{""analytics"":true,""contact_by_employers"":true}",Y08,"KaushalSetu synthetic generator v2, seed 20260929",2026-09-28T12:00:00+05:30,"SYNTHETIC demo data (KaushalSetu SIH prototype): fictional entities, team-assumed numbers, not real or official statistics.",true
385f0968-bf97-5f80-a6f3-6dc914fb81b5,C-TC-H-solar-pv-2024-032,944d9d62-c375-5e41-8420-b65a108a0a38,ITI,"[""mr"",""hi""]","{""analytics"":true,""contact_by_employers"":true}",Y08,"KaushalSetu synthetic generator v2, seed 20260929",2026-09-28T12:00:00+05:30,"SYNTHETIC demo data (KaushalSetu SIH prototype): fictional entities, team-assumed numbers, not real or official statistics.",true
0cd4a4e6-f6ea-5ec5-98e2-866e939a217f,C-TC-H-solar-pv-2024-033,944d9d62-c375-5e41-8420-b65a108a0a38,ITI,"[""mr"",""hi""]","{""analytics"":true,""contact_by_employers"":true}",Y08,"KaushalSetu synthetic generator v2, seed 20260929",2026-09-28T12:00:00+05:30,"SYNTHETIC demo data (KaushalSetu SIH prototype): fictional entities, team-assumed numbers, not real or official statistics.",true
af3154ba-0d32-578a-8fa9-e3c7d2ca9d57,C-TC-H-solar-pv-2024-034,944d9d62-c375-5e41-8420-b65a108a0a38,ITI,"[""mr"",""hi""]","{""analytics"":true,""contact_by_employers"":true}",Y08,"KaushalSetu synthetic generator v2, seed 20260929",2026-09-28T12:00:00+05:30,"SYNTHETIC demo data (KaushalSetu SIH prototype): fictional entities, team-assumed numbers, not real or official statistics.",true
0a61457f-5bed-5f1b-9606-2de2d0187b18,C-TC-H-solar-pv-2024-035,944d9d62-c375-5e41-8420-b65a108a0a38,ITI,"[""mr"",""en""]","{""analytics"":true,""contact_by_employers"":true}",Y08,"KaushalSetu synthetic generator v2, seed 20260929",2026-09-28T12:00:00+05:30,"SYNTHETIC demo data (KaushalSetu SIH prototype): fictional entities, team-assumed numbers, not real or official statistics.",true
085ecf26-f3b3-5aa0-94ee-141c6755769a,C-TC-H-solar-pv-2024-036,944d9d62-c375-5e41-8420-b65a108a0a38,ITI,"[""mr"",""hi"",""en""]","{""analytics"":true,""contact_by_employers"":true}",Y08,"KaushalSetu synthetic generator v2, seed 20260929",2026-09-28T12:00:00+05:30,"SYNTHETIC demo data (KaushalSetu SIH prototype): fictional entities, team-assumed numbers, not real or official statistics.",true
6918e25d-fab8-58d1-8dc7-8ae2573b5a18,C-TC-H-solar-pv-2024-037,944d9d62-c375-5e41-8420-b65a108a0a38,ITI,"[""mr"",""hi"",""en""]","{""analytics"":true,""contact_by_employers"":false}",Y08,"KaushalSetu synthetic generator v2, seed 20260929",2026-09-28T12:00:00+05:30,"SYNTHETIC demo data (KaushalSetu SIH prototype): fictional entities, team-assumed numbers, not real or official statistics.",true
112ec3be-7624-5a68-a6c6-cb8174706efd,C-TC-H-solar-pv-2024-038,944d9d62-c375-5e41-8420-b65a108a0a38,CLASS_12,"[""mr"",""en""]","{""analytics"":true,""contact_by_employers"":true}",Y08,"KaushalSetu synthetic generator v2, seed 20260929",2026-09-28T12:00:00+05:30,"SYNTHETIC demo data (KaushalSetu SIH prototype): fictional entities, team-assumed numbers, not real or official statistics.",true
09143b92-9356-5271-874d-91683fc90cf7,C-TC-H-solar-pv-2024-039,944d9d62-c375-5e41-8420-b65a108a0a38,DIPLOMA,"[""mr"",""en""]","{""analytics"":true,""contact_by_employers"":false}",Y08,"KaushalSetu synthetic generator v2, seed 20260929",2026-09-28T12:00:00+05:30,"SYNTHETIC demo data (KaushalSetu SIH prototype): fictional entities, team-assumed numbers, not real or official statistics.",true
6698df68-e251-5888-8594-6105153616e9,C-TC-H-solar-pv-2024-040,944d9d62-c375-5e41-8420-b65a108a0a38,CLASS_12,"[""mr""]","{""analytics"":true,""contact_by_employers"":true}",Y08,"KaushalSetu synthetic generator v2, seed 20260929",2026-09-28T12:00:00+05:30,"SYNTHETIC demo data (KaushalSetu SIH prototype): fictional entities, team-assumed numbers, not real or official statistics.",true
0e7e39c3-fbfd-567d-864c-81e52d200247,C-TC-H-solar-pv-2024-041,944d9d62-c375-5e41-8420-b65a108a0a38,ITI,"[""mr"",""hi"",""en""]","{""analytics"":true,""contact_by_employers"":false}",Y08,"KaushalSetu synthetic generator v2, seed 20260929",2026-09-28T12:00:00+05:30,"SYNTHETIC demo data (KaushalSetu SIH prototype): fictional entities, team-assumed numbers, not real or official statistics.",true
5a82532a-4cf0-500e-ab36-c694a6e00b2b,C-TC-H-solar-pv-2024-042,944d9d62-c375-5e41-8420-b65a108a0a38,ITI,"[""mr"",""hi""]","{""analytics"":true,""contact_by_employers"":false}",Y08,"KaushalSetu synthetic generator v2, seed 20260929",2026-09-28T12:00:00+05:30,"SYNTHETIC demo data (KaushalSetu SIH prototype): fictional entities, team-assumed numbers, not real or official statistics.",true
1ee1a28f-081c-550c-9d56-1b18f4d7ba46,C-TC-H-solar-pv-2024-043,944d9d62-c375-5e41-8420-b65a108a0a38,CLASS_12,"[""mr"",""hi""]","{""analytics"":true,""contact_by_employers"":false}",Y08,"KaushalSetu synthetic generator v2, seed 20260929",2026-09-28T12:00:00+05:30,"SYNTHETIC demo data (KaushalSetu SIH prototype): fictional entities, team-assumed numbers, not real or official statistics.",true
e493ed1b-6f10-59ef-b13d-92a23f0f0370,C-TC-H-solar-pv-2024-044,944d9d62-c375-5e41-8420-b65a108a0a38,ITI,"[""mr"",""hi""]","{""analytics"":true,""contact_by_employers"":false}",Y08,"KaushalSetu synthetic generator v2, seed 20260929",2026-09-28T12:00:00+05:30,"SYNTHETIC demo data (KaushalSetu SIH prototype): fictional entities, team-assumed numbers, not real or official statistics.",true
4768cd75-78f1-5d9a-bcf4-c0fb2286e284,C-TC-H-solar-pv-2024-045,944d9d62-c375-5e41-8420-b65a108a0a38,ITI,"[""mr"",""hi""]","{""analytics"":true,""contact_by_employers"":true}",Y08,"KaushalSetu synthetic generator v2, seed 20260929",2026-09-28T12:00:00+05:30,"SYNTHETIC demo data (KaushalSetu SIH prototype): fictional entities, team-assumed numbers, not real or official statistics.",true
6ac5c763-c7a5-5492-9eff-3950960272fb,C-TC-H-solar-pv-2024-046,944d9d62-c375-5e41-8420-b65a108a0a38,ITI,"[""mr"",""hi""]","{""analytics"":true,""contact_by_employers"":true}",Y08,"KaushalSetu synthetic generator v2, seed 20260929",2026-09-28T12:00:00+05:30,"SYNTHETIC demo data (KaushalSetu SIH prototype): fictional entities, team-assumed numbers, not real or official statistics.",true
08c22b1f-7504-53b9-b933-99ff12d62087,C-TC-H-solar-pv-2024-047,944d9d62-c375-5e41-8420-b65a108a0a38,CLASS_12,"[""mr""]","{""analytics"":true,""contact_by_employers"":true}",Y08,"KaushalSetu synthetic generator v2, seed 20260929",2026-09-28T12:00:00+05:30,"SYNTHETIC demo data (KaushalSetu SIH prototype): fictional entities, team-assumed numbers, not real or official statistics.",true
666a3287-4b2f-5088-884c-7b2743903e1e,C-TC-H-solar-pv-2024-048,944d9d62-c375-5e41-8420-b65a108a0a38,DIPLOMA,"[""mr""]","{""analytics"":true,""contact_by_employers"":false}",Y08,"KaushalSetu synthetic generator v2, seed 20260929",2026-09-28T12:00:00+05:30,"SYNTHETIC demo data (KaushalSetu SIH prototype): fictional entities, team-assumed numbers, not real or official statistics.",true
7bcddb28-34c6-5ac6-9cc0-d95f1d9c755f,C-TC-H-solar-pv-2024-049,944d9d62-c375-5e41-8420-b65a108a0a38,ITI,"[""mr"",""hi""]","{""analytics"":true,""contact_by_employers"":true}",Y08,"KaushalSetu synthetic generator v2, seed 20260929",2026-09-28T12:00:00+05:30,"SYNTHETIC demo data (KaushalSetu SIH prototype): fictional entities, team-assumed numbers, not real or official statistics.",true
4031e458-c98c-5cdd-bd1e-90417626aefa,C-TC-H-solar-pv-2024-050,944d9d62-c375-5e41-8420-b65a108a0a38,ITI,"[""mr"",""hi""]","{""analytics"":true,""contact_by_employers"":true}",Y08,"KaushalSetu synthetic generator v2, seed 20260929",2026-09-28T12:00:00+05:30,"SYNTHETIC demo data (KaushalSetu SIH prototype): fictional entities, team-assumed numbers, not real or official statistics.",true
70b89faf-8b6d-5401-800c-45ab21b39e80,C-TC-H-solar-pv-2024-051,944d9d62-c375-5e41-8420-b65a108a0a38,ITI,"[""mr"",""en""]","{""analytics"":true,""contact_by_employers"":false}",Y08,"KaushalSetu synthetic generator v2, seed 20260929",2026-09-28T12:00:00+05:30,"SYNTHETIC demo data (KaushalSetu SIH prototype): fictional entities, team-assumed numbers, not real or official statistics.",true
8ec4aeb2-a0a9-563f-a182-7bcb21a3f989,C-TC-H-solar-pv-2024-052,944d9d62-c375-5e41-8420-b65a108a0a38,CLASS_10,"[""mr"",""hi"",""en""]","{""analytics"":true,""contact_by_employers"":false}",Y08,"KaushalSetu synthetic generator v2, seed 20260929",2026-09-28T12:00:00+05:30,"SYNTHETIC demo data (KaushalSetu SIH prototype): fictional entities, team-assumed numbers, not real or official statistics.",true
644a5ad5-bde7-539d-95ca-2a3e76ea80fd,C-TC-H-solar-pv-2024-053,944d9d62-c375-5e41-8420-b65a108a0a38,ITI,"[""mr"",""hi"",""en""]","{""analytics"":true,""contact_by_employers"":true}",Y08,"KaushalSetu synthetic generator v2, seed 20260929",2026-09-28T12:00:00+05:30,"SYNTHETIC demo data (KaushalSetu SIH prototype): fictional entities, team-assumed numbers, not real or official statistics.",true
7aeabfd3-2901-5ac7-8041-3449ca20b069,C-TC-H-solar-pv-2024-054,944d9d62-c375-5e41-8420-b65a108a0a38,CLASS_12,"[""mr"",""hi"",""en""]","{""analytics"":true,""contact_by_employers"":true}",Y08,"KaushalSetu synthetic generator v2, seed 20260929",2026-09-28T12:00:00+05:30,"SYNTHETIC demo data (KaushalSetu SIH prototype): fictional entities, team-assumed numbers, not real or official statistics.",true
7b0dd9e2-2dee-5aee-9c19-48ab5189578f,C-TC-H-solar-pv-2025-001,944d9d62-c375-5e41-8420-b65a108a0a38,ITI,"[""mr"",""hi"",""en""]","{""analytics"":true,""contact_by_employers"":false}",Y08,"KaushalSetu synthetic generator v2, seed 20260929",2026-09-28T12:00:00+05:30,"SYNTHETIC demo data (KaushalSetu SIH prototype): fictional entities, team-assumed numbers, not real or official statistics.",true
60f855ac-dbfe-592d-bf28-2bfa6545ebe1,C-TC-H-solar-pv-2025-002,944d9d62-c375-5e41-8420-b65a108a0a38,ITI,"[""mr"",""hi"",""en""]","{""analytics"":true,""contact_by_employers"":false}",Y08,"KaushalSetu synthetic generator v2, seed 20260929",2026-09-28T12:00:00+05:30,"SYNTHETIC demo data (KaushalSetu SIH prototype): fictional entities, team-assumed numbers, not real or official statistics.",true
4aa22606-689e-5b8d-ae28-6308a33a62a5,C-TC-H-solar-pv-2025-003,944d9d62-c375-5e41-8420-b65a108a0a38,ITI,"[""mr"",""hi"",""en""]","{""analytics"":true,""contact_by_employers"":true}",Y08,"KaushalSetu synthetic generator v2, seed 20260929",2026-09-28T12:00:00+05:30,"SYNTHETIC demo data (KaushalSetu SIH prototype): fictional entities, team-assumed numbers, not real or official statistics.",true
6dcd34e0-0e59-5dd7-a01f-f570a9087cc7,C-TC-H-solar-pv-2025-004,944d9d62-c375-5e41-8420-b65a108a0a38,CLASS_12,"[""mr""]","{""analytics"":true,""contact_by_employers"":true}",Y08,"KaushalSetu synthetic generator v2, seed 20260929",2026-09-28T12:00:00+05:30,"SYNTHETIC demo data (KaushalSetu SIH prototype): fictional entities, team-assumed numbers, not real or official statistics.",true
5043b501-06af-5c2d-91d3-4280c3cfb1bb,C-TC-H-solar-pv-2025-005,944d9d62-c375-5e41-8420-b65a108a0a38,CLASS_10,"[""mr""]","{""analytics"":true,""contact_by_employers"":true}",Y08,"KaushalSetu synthetic generator v2, seed 20260929",2026-09-28T12:00:00+05:30,"SYNTHETIC demo data (KaushalSetu SIH prototype): fictional entities, team-assumed numbers, not real or official statistics.",true
07665b30-be78-5ea5-9676-3194859653be,C-TC-H-solar-pv-2025-006,944d9d62-c375-5e41-8420-b65a108a0a38,CLASS_12,"[""mr"",""hi""]","{""analytics"":true,""contact_by_employers"":true}",Y08,"KaushalSetu synthetic generator v2, seed 20260929",2026-09-28T12:00:00+05:30,"SYNTHETIC demo data (KaushalSetu SIH prototype): fictional entities, team-assumed numbers, not real or official statistics.",true
4508d902-9021-5442-9ffb-3a4659a3ceec,C-TC-H-solar-pv-2025-007,944d9d62-c375-5e41-8420-b65a108a0a38,DIPLOMA,"[""mr"",""hi"",""en""]","{""analytics"":true,""contact_by_employers"":true}",Y08,"KaushalSetu synthetic generator v2, seed 20260929",2026-09-28T12:00:00+05:30,"SYNTHETIC demo data (KaushalSetu SIH prototype): fictional entities, team-assumed numbers, not real or official statistics.",true
eab6c09a-f068-526b-93c1-f12e5bebea4f,C-TC-H-solar-pv-2025-008,944d9d62-c375-5e41-8420-b65a108a0a38,CLASS_12,"[""mr""]","{""analytics"":true,""contact_by_employers"":true}",Y08,"KaushalSetu synthetic generator v2, seed 20260929",2026-09-28T12:00:00+05:30,"SYNTHETIC demo data (KaushalSetu SIH prototype): fictional entities, team-assumed numbers, not real or official statistics.",true
cf3eb672-2eef-5b66-91c8-1d935d3e1fd7,C-TC-H-solar-pv-2025-009,944d9d62-c375-5e41-8420-b65a108a0a38,ITI,"[""mr"",""en""]","{""analytics"":true,""contact_by_employers"":true}",Y08,"KaushalSetu synthetic generator v2, seed 20260929",2026-09-28T12:00:00+05:30,"SYNTHETIC demo data (KaushalSetu SIH prototype): fictional entities, team-assumed numbers, not real or official statistics.",true
c2e17d4a-faeb-5521-9fb7-5041365ed796,C-TC-H-solar-pv-2025-010,944d9d62-c375-5e41-8420-b65a108a0a38,CLASS_10,"[""mr"",""hi""]","{""analytics"":true,""contact_by_employers"":true}",Y08,"KaushalSetu synthetic generator v2, seed 20260929",2026-09-28T12:00:00+05:30,"SYNTHETIC demo data (KaushalSetu SIH prototype): fictional entities, team-assumed numbers, not real or official statistics.",true
9ee00c74-383a-5cfb-bb3c-d8628cbc2d2c,C-TC-H-solar-pv-2025-011,944d9d62-c375-5e41-8420-b65a108a0a38,CLASS_12,"[""mr""]","{""analytics"":true,""contact_by_employers"":false}",Y08,"KaushalSetu synthetic generator v2, seed 20260929",2026-09-28T12:00:00+05:30,"SYNTHETIC demo data (KaushalSetu SIH prototype): fictional entities, team-assumed numbers, not real or official statistics.",true
1fff5fa9-5b40-592d-a23e-2fc1e3c454ff,C-TC-H-solar-pv-2025-012,944d9d62-c375-5e41-8420-b65a108a0a38,ITI,"[""mr""]","{""analytics"":true,""contact_by_employers"":true}",Y08,"KaushalSetu synthetic generator v2, seed 20260929",2026-09-28T12:00:00+05:30,"SYNTHETIC demo data (KaushalSetu SIH prototype): fictional entities, team-assumed numbers, not real or official statistics.",true
582231b8-bf75-5638-ba15-9ca389bf2c30,C-TC-H-solar-pv-2025-013,944d9d62-c375-5e41-8420-b65a108a0a38,ITI,"[""mr""]","{""analytics"":true,""contact_by_employers"":true}",Y08,"KaushalSetu synthetic generator v2, seed 20260929",2026-09-28T12:00:00+05:30,"SYNTHETIC demo data (KaushalSetu SIH prototype): fictional entities, team-assumed numbers, not real or official statistics.",true
492477d6-1d41-52bb-8e6f-c376c367bbef,C-TC-H-solar-pv-2025-014,944d9d62-c375-5e41-8420-b65a108a0a38,ITI,"[""mr"",""en""]","{""analytics"":true,""contact_by_employers"":false}",Y08,"KaushalSetu synthetic generator v2, seed 20260929",2026-09-28T12:00:00+05:30,"SYNTHETIC demo data (KaushalSetu SIH prototype): fictional entities, team-assumed numbers, not real or official statistics.",true
fb1aa94e-141f-5051-9031-d49892ee1b08,C-TC-H-solar-pv-2025-015,944d9d62-c375-5e41-8420-b65a108a0a38,ITI,"[""mr"",""en""]","{""analytics"":true,""contact_by_employers"":false}",Y08,"KaushalSetu synthetic generator v2, seed 20260929",2026-09-28T12:00:00+05:30,"SYNTHETIC demo data (KaushalSetu SIH prototype): fictional entities, team-assumed numbers, not real or official statistics.",true
a3a65611-c65c-5683-a062-6a0c85d6e2b0,C-TC-H-solar-pv-2025-016,944d9d62-c375-5e41-8420-b65a108a0a38,ITI,"[""mr"",""hi"",""en""]","{""analytics"":true,""contact_by_employers"":false}",Y08,"KaushalSetu synthetic generator v2, seed 20260929",2026-09-28T12:00:00+05:30,"SYNTHETIC demo data (KaushalSetu SIH prototype): fictional entities, team-assumed numbers, not real or official statistics.",true
6212bc43-abee-57ca-a51b-0c4bb3fcf515,C-TC-H-solar-pv-2025-017,944d9d62-c375-5e41-8420-b65a108a0a38,DIPLOMA,"[""mr"",""hi""]","{""analytics"":true,""contact_by_employers"":false}",Y08,"KaushalSetu synthetic generator v2, seed 20260929",2026-09-28T12:00:00+05:30,"SYNTHETIC demo data (KaushalSetu SIH prototype): fictional entities, team-assumed numbers, not real or official statistics.",true
eddabbf5-4295-5863-a169-0a401ac778e9,C-TC-H-solar-pv-2025-018,944d9d62-c375-5e41-8420-b65a108a0a38,CLASS_12,"[""mr"",""hi""]","{""analytics"":true,""contact_by_employers"":false}",Y08,"KaushalSetu synthetic generator v2, seed 20260929",2026-09-28T12:00:00+05:30,"SYNTHETIC demo data (KaushalSetu SIH prototype): fictional entities, team-assumed numbers, not real or official statistics.",true
424c5280-5fd7-5820-96f9-72d09ab86c0d,C-TC-H-solar-pv-2025-019,944d9d62-c375-5e41-8420-b65a108a0a38,ITI,"[""mr"",""hi"",""en""]","{""analytics"":true,""contact_by_employers"":false}",Y08,"KaushalSetu synthetic generator v2, seed 20260929",2026-09-28T12:00:00+05:30,"SYNTHETIC demo data (KaushalSetu SIH prototype): fictional entities, team-assumed numbers, not real or official statistics.",true
9e0193b3-2201-5975-a5a3-76ab8dfd8236,C-TC-H-solar-pv-2025-020,944d9d62-c375-5e41-8420-b65a108a0a38,ITI,"[""mr"",""hi""]","{""analytics"":true,""contact_by_employers"":true}",Y08,"KaushalSetu synthetic generator v2, seed 20260929",2026-09-28T12:00:00+05:30,"SYNTHETIC demo data (KaushalSetu SIH prototype): fictional entities, team-assumed numbers, not real or official statistics.",true
f4720d13-9a88-50a6-a610-3cf48fc622e5,C-TC-H-solar-pv-2025-021,944d9d62-c375-5e41-8420-b65a108a0a38,ITI,"[""mr"",""hi""]","{""analytics"":true,""contact_by_employers"":false}",Y08,"KaushalSetu synthetic generator v2, seed 20260929",2026-09-28T12:00:00+05:30,"SYNTHETIC demo data (KaushalSetu SIH prototype): fictional entities, team-assumed numbers, not real or official statistics.",true
f0434a8f-deca-50cf-98b7-eacbe67a3aae,C-TC-H-solar-pv-2025-022,944d9d62-c375-5e41-8420-b65a108a0a38,ITI,"[""mr""]","{""analytics"":true,""contact_by_employers"":false}",Y08,"KaushalSetu synthetic generator v2, seed 20260929",2026-09-28T12:00:00+05:30,"SYNTHETIC demo data (KaushalSetu SIH prototype): fictional entities, team-assumed numbers, not real or official statistics.",true
765deeec-1b01-57a3-af6c-d25c52604fe5,C-TC-H-solar-pv-2025-023,944d9d62-c375-5e41-8420-b65a108a0a38,CLASS_10,"[""mr"",""hi""]","{""analytics"":true,""contact_by_employers"":true}",Y08,"KaushalSetu synthetic generator v2, seed 20260929",2026-09-28T12:00:00+05:30,"SYNTHETIC demo data (KaushalSetu SIH prototype): fictional entities, team-assumed numbers, not real or official statistics.",true
1eb331c2-1783-5d01-8eac-c802fb220820,C-TC-H-solar-pv-2025-024,944d9d62-c375-5e41-8420-b65a108a0a38,ITI,"[""mr""]","{""analytics"":true,""contact_by_employers"":true}",Y08,"KaushalSetu synthetic generator v2, seed 20260929",2026-09-28T12:00:00+05:30,"SYNTHETIC demo data (KaushalSetu SIH prototype): fictional entities, team-assumed numbers, not real or official statistics.",true
09c848c2-dfb8-5d76-b432-7968f765f424,C-TC-H-solar-pv-2025-025,944d9d62-c375-5e41-8420-b65a108a0a38,CLASS_10,"[""mr"",""hi"",""en""]","{""analytics"":true,""contact_by_employers"":false}",Y08,"KaushalSetu synthetic generator v2, seed 20260929",2026-09-28T12:00:00+05:30,"SYNTHETIC demo data (KaushalSetu SIH prototype): fictional entities, team-assumed numbers, not real or official statistics.",true
d87216cd-d79a-5487-8aa8-63bfb52df102,C-TC-H-solar-pv-2025-026,944d9d62-c375-5e41-8420-b65a108a0a38,ITI,"[""mr"",""hi""]","{""analytics"":true,""contact_by_employers"":true}",Y08,"KaushalSetu synthetic generator v2, seed 20260929",2026-09-28T12:00:00+05:30,"SYNTHETIC demo data (KaushalSetu SIH prototype): fictional entities, team-assumed numbers, not real or official statistics.",true
861fa6f5-5583-5020-8826-ef9cb09d4b9a,C-TC-H-solar-pv-2025-027,944d9d62-c375-5e41-8420-b65a108a0a38,CLASS_12,"[""mr"",""hi""]","{""analytics"":true,""contact_by_employers"":false}",Y08,"KaushalSetu synthetic generator v2, seed 20260929",2026-09-28T12:00:00+05:30,"SYNTHETIC demo data (KaushalSetu SIH prototype): fictional entities, team-assumed numbers, not real or official statistics.",true
8a83614e-787e-50f3-9b1c-c9fdeef346c9,C-TC-H-solar-pv-2025-028,944d9d62-c375-5e41-8420-b65a108a0a38,ITI,"[""mr"",""hi""]","{""analytics"":true,""contact_by_employers"":false}",Y08,"KaushalSetu synthetic generator v2, seed 20260929",2026-09-28T12:00:00+05:30,"SYNTHETIC demo data (KaushalSetu SIH prototype): fictional entities, team-assumed numbers, not real or official statistics.",true
a3d1b0a8-f9b0-5217-a9fc-c80051ead301,C-TC-H-solar-pv-2025-029,944d9d62-c375-5e41-8420-b65a108a0a38,CLASS_12,"[""mr"",""hi""]","{""analytics"":true,""contact_by_employers"":true}",Y08,"KaushalSetu synthetic generator v2, seed 20260929",2026-09-28T12:00:00+05:30,"SYNTHETIC demo data (KaushalSetu SIH prototype): fictional entities, team-assumed numbers, not real or official statistics.",true
d9718264-3d79-516e-a9a4-9f6d0fa36e6f,C-TC-H-solar-pv-2025-030,944d9d62-c375-5e41-8420-b65a108a0a38,ITI,"[""mr"",""hi""]","{""analytics"":true,""contact_by_employers"":true}",Y08,"KaushalSetu synthetic generator v2, seed 20260929",2026-09-28T12:00:00+05:30,"SYNTHETIC demo data (KaushalSetu SIH prototype): fictional entities, team-assumed numbers, not real or official statistics.",true
68c6b3f5-5f7f-5dd2-81c4-1a26e5fa6535,C-TC-H-solar-pv-2025-031,944d9d62-c375-5e41-8420-b65a108a0a38,ITI,"[""mr""]","{""analytics"":true,""contact_by_employers"":true}",Y08,"KaushalSetu synthetic generator v2, seed 20260929",2026-09-28T12:00:00+05:30,"SYNTHETIC demo data (KaushalSetu SIH prototype): fictional entities, team-assumed numbers, not real or official statistics.",true
b020fda4-be60-5fbf-9f79-c00dbc78ff46,C-TC-H-solar-pv-2025-032,944d9d62-c375-5e41-8420-b65a108a0a38,CLASS_10,"[""mr""]","{""analytics"":true,""contact_by_employers"":true}",Y08,"KaushalSetu synthetic generator v2, seed 20260929",2026-09-28T12:00:00+05:30,"SYNTHETIC demo data (KaushalSetu SIH prototype): fictional entities, team-assumed numbers, not real or official statistics.",true
e6b708aa-d8ec-58d3-8595-a4570d0a75b9,C-TC-H-solar-pv-2025-033,944d9d62-c375-5e41-8420-b65a108a0a38,ITI,"[""mr""]","{""analytics"":true,""contact_by_employers"":true}",Y08,"KaushalSetu synthetic generator v2, seed 20260929",2026-09-28T12:00:00+05:30,"SYNTHETIC demo data (KaushalSetu SIH prototype): fictional entities, team-assumed numbers, not real or official statistics.",true
2fc20ea5-f02a-56de-99ad-55af9a215093,C-TC-H-solar-pv-2025-034,944d9d62-c375-5e41-8420-b65a108a0a38,ITI,"[""mr""]","{""analytics"":true,""contact_by_employers"":true}",Y08,"KaushalSetu synthetic generator v2, seed 20260929",2026-09-28T12:00:00+05:30,"SYNTHETIC demo data (KaushalSetu SIH prototype): fictional entities, team-assumed numbers, not real or official statistics.",true
ba25f629-17da-5f61-beb5-7596fa3181f4,C-TC-H-solar-pv-2025-035,944d9d62-c375-5e41-8420-b65a108a0a38,ITI,"[""mr"",""en""]","{""analytics"":true,""contact_by_employers"":true}",Y08,"KaushalSetu synthetic generator v2, seed 20260929",2026-09-28T12:00:00+05:30,"SYNTHETIC demo data (KaushalSetu SIH prototype): fictional entities, team-assumed numbers, not real or official statistics.",true
4b40f9b0-3c43-5f02-b9ea-026f2438d88b,C-TC-H-solar-pv-2025-036,944d9d62-c375-5e41-8420-b65a108a0a38,CLASS_12,"[""mr"",""hi"",""en""]","{""analytics"":true,""contact_by_employers"":true}",Y08,"KaushalSetu synthetic generator v2, seed 20260929",2026-09-28T12:00:00+05:30,"SYNTHETIC demo data (KaushalSetu SIH prototype): fictional entities, team-assumed numbers, not real or official statistics.",true
d090740a-aecb-529a-9849-bd93571973c7,C-TC-H-solar-pv-2025-037,944d9d62-c375-5e41-8420-b65a108a0a38,DIPLOMA,"[""mr"",""hi""]","{""analytics"":true,""contact_by_employers"":true}",Y08,"KaushalSetu synthetic generator v2, seed 20260929",2026-09-28T12:00:00+05:30,"SYNTHETIC demo data (KaushalSetu SIH prototype): fictional entities, team-assumed numbers, not real or official statistics.",true
78e9a750-4782-5ac0-b0d2-6d7b45445313,C-TC-H-solar-pv-2025-038,944d9d62-c375-5e41-8420-b65a108a0a38,DIPLOMA,"[""mr"",""hi""]","{""analytics"":true,""contact_by_employers"":true}",Y08,"KaushalSetu synthetic generator v2, seed 20260929",2026-09-28T12:00:00+05:30,"SYNTHETIC demo data (KaushalSetu SIH prototype): fictional entities, team-assumed numbers, not real or official statistics.",true
3f0affb9-7879-5417-b988-cd70c1ab047f,C-TC-H-solar-pv-2025-039,944d9d62-c375-5e41-8420-b65a108a0a38,ITI,"[""mr"",""hi"",""en""]","{""analytics"":true,""contact_by_employers"":true}",Y08,"KaushalSetu synthetic generator v2, seed 20260929",2026-09-28T12:00:00+05:30,"SYNTHETIC demo data (KaushalSetu SIH prototype): fictional entities, team-assumed numbers, not real or official statistics.",true
45888281-8aa5-5baf-9182-2fc24b1e2339,C-TC-H-solar-pv-2025-040,944d9d62-c375-5e41-8420-b65a108a0a38,ITI,"[""mr"",""en""]","{""analytics"":true,""contact_by_employers"":false}",Y08,"KaushalSetu synthetic generator v2, seed 20260929",2026-09-28T12:00:00+05:30,"SYNTHETIC demo data (KaushalSetu SIH prototype): fictional entities, team-assumed numbers, not real or official statistics.",true
05d09b5a-77f3-5a1e-adca-91735073e76b,C-TC-H-solar-pv-2025-041,944d9d62-c375-5e41-8420-b65a108a0a38,ITI,"[""mr""]","{""analytics"":true,""contact_by_employers"":true}",Y08,"KaushalSetu synthetic generator v2, seed 20260929",2026-09-28T12:00:00+05:30,"SYNTHETIC demo data (KaushalSetu SIH prototype): fictional entities, team-assumed numbers, not real or official statistics.",true
a763922b-1924-53ac-9c9a-680112ce6081,C-TC-H-solar-pv-2025-042,944d9d62-c375-5e41-8420-b65a108a0a38,ITI,"[""mr"",""hi""]","{""analytics"":true,""contact_by_employers"":true}",Y08,"KaushalSetu synthetic generator v2, seed 20260929",2026-09-28T12:00:00+05:30,"SYNTHETIC demo data (KaushalSetu SIH prototype): fictional entities, team-assumed numbers, not real or official statistics.",true
16414e23-2c95-55c6-bcd8-cb51125b4bcd,C-TC-H-solar-pv-2025-043,944d9d62-c375-5e41-8420-b65a108a0a38,ITI,"[""mr"",""hi""]","{""analytics"":true,""contact_by_employers"":true}",Y08,"KaushalSetu synthetic generator v2, seed 20260929",2026-09-28T12:00:00+05:30,"SYNTHETIC demo data (KaushalSetu SIH prototype): fictional entities, team-assumed numbers, not real or official statistics.",true
94097102-7307-5cb6-ab6f-f32fd83df6a0,C-TC-H-solar-pv-2025-044,944d9d62-c375-5e41-8420-b65a108a0a38,ITI,"[""mr"",""hi"",""en""]","{""analytics"":true,""contact_by_employers"":false}",Y08,"KaushalSetu synthetic generator v2, seed 20260929",2026-09-28T12:00:00+05:30,"SYNTHETIC demo data (KaushalSetu SIH prototype): fictional entities, team-assumed numbers, not real or official statistics.",true
da228ea9-fc79-56b2-befe-4f6cbacf4135,C-TC-H-solar-pv-2025-045,944d9d62-c375-5e41-8420-b65a108a0a38,ITI,"[""mr""]","{""analytics"":true,""contact_by_employers"":true}",Y08,"KaushalSetu synthetic generator v2, seed 20260929",2026-09-28T12:00:00+05:30,"SYNTHETIC demo data (KaushalSetu SIH prototype): fictional entities, team-assumed numbers, not real or official statistics.",true
98f2999f-ed81-583b-a31e-32f8d11541e0,C-TC-H-solar-pv-2025-046,944d9d62-c375-5e41-8420-b65a108a0a38,ITI,"[""mr"",""hi"",""en""]","{""analytics"":true,""contact_by_employers"":false}",Y08,"KaushalSetu synthetic generator v2, seed 20260929",2026-09-28T12:00:00+05:30,"SYNTHETIC demo data (KaushalSetu SIH prototype): fictional entities, team-assumed numbers, not real or official statistics.",true
5606ec29-9c82-51ad-b6e5-dae9a7d02e3d,C-TC-H-solar-pv-2025-047,944d9d62-c375-5e41-8420-b65a108a0a38,ITI,"[""mr""]","{""analytics"":true,""contact_by_employers"":true}",Y08,"KaushalSetu synthetic generator v2, seed 20260929",2026-09-28T12:00:00+05:30,"SYNTHETIC demo data (KaushalSetu SIH prototype): fictional entities, team-assumed numbers, not real or official statistics.",true
7ed6c782-13c4-5a59-b872-356723658cbb,C-TC-H-solar-pv-2025-048,944d9d62-c375-5e41-8420-b65a108a0a38,ITI,"[""mr"",""en""]","{""analytics"":true,""contact_by_employers"":false}",Y08,"KaushalSetu synthetic generator v2, seed 20260929",2026-09-28T12:00:00+05:30,"SYNTHETIC demo data (KaushalSetu SIH prototype): fictional entities, team-assumed numbers, not real or official statistics.",true
c0003373-e358-5534-acb5-7af04f4fb223,C-TC-H-solar-pv-2025-049,944d9d62-c375-5e41-8420-b65a108a0a38,ITI,"[""mr"",""hi"",""en""]","{""analytics"":true,""contact_by_employers"":false}",Y08,"KaushalSetu synthetic generator v2, seed 20260929",2026-09-28T12:00:00+05:30,"SYNTHETIC demo data (KaushalSetu SIH prototype): fictional entities, team-assumed numbers, not real or official statistics.",true
139331f5-a59d-57fb-a9e1-b2cfba62ec27,C-TC-H-solar-pv-2025-050,944d9d62-c375-5e41-8420-b65a108a0a38,ITI,"[""mr"",""hi""]","{""analytics"":true,""contact_by_employers"":true}",Y08,"KaushalSetu synthetic generator v2, seed 20260929",2026-09-28T12:00:00+05:30,"SYNTHETIC demo data (KaushalSetu SIH prototype): fictional entities, team-assumed numbers, not real or official statistics.",true
cb3c887c-04a5-56c6-85f3-9b566930a566,C-TC-H-solar-pv-2025-051,944d9d62-c375-5e41-8420-b65a108a0a38,CLASS_12,"[""mr"",""en""]","{""analytics"":true,""contact_by_employers"":true}",Y08,"KaushalSetu synthetic generator v2, seed 20260929",2026-09-28T12:00:00+05:30,"SYNTHETIC demo data (KaushalSetu SIH prototype): fictional entities, team-assumed numbers, not real or official statistics.",true
6acc2ba9-aac3-547a-a38d-4d306360f83b,C-TC-H-solar-pv-2025-052,944d9d62-c375-5e41-8420-b65a108a0a38,ITI,"[""mr"",""hi""]","{""analytics"":true,""contact_by_employers"":false}",Y08,"KaushalSetu synthetic generator v2, seed 20260929",2026-09-28T12:00:00+05:30,"SYNTHETIC demo data (KaushalSetu SIH prototype): fictional entities, team-assumed numbers, not real or official statistics.",true
3182dac0-d07e-5569-b16a-bef2884cf9ea,C-TC-H-solar-pv-2025-053,944d9d62-c375-5e41-8420-b65a108a0a38,CLASS_10,"[""mr"",""en""]","{""analytics"":true,""contact_by_employers"":true}",Y08,"KaushalSetu synthetic generator v2, seed 20260929",2026-09-28T12:00:00+05:30,"SYNTHETIC demo data (KaushalSetu SIH prototype): fictional entities, team-assumed numbers, not real or official statistics.",true
653c1fe9-8991-5515-a4b0-f24abb1c8ac6,C-TC-H-solar-pv-2025-054,944d9d62-c375-5e41-8420-b65a108a0a38,CLASS_12,"[""mr"",""hi"",""en""]","{""analytics"":true,""contact_by_employers"":true}",Y08,"KaushalSetu synthetic generator v2, seed 20260929",2026-09-28T12:00:00+05:30,"SYNTHETIC demo data (KaushalSetu SIH prototype): fictional entities, team-assumed numbers, not real or official statistics.",true
40dcb282-9764-56ad-a210-de8b0eb25946,C-TC-H-solar-pv-2025-055,944d9d62-c375-5e41-8420-b65a108a0a38,ITI,"[""mr""]","{""analytics"":true,""contact_by_employers"":false}",Y08,"KaushalSetu synthetic generator v2, seed 20260929",2026-09-28T12:00:00+05:30,"SYNTHETIC demo data (KaushalSetu SIH prototype): fictional entities, team-assumed numbers, not real or official statistics.",true
e715685a-5aa5-5e2c-acd0-8757497001c2,C-TC-H-solar-pv-2025-056,944d9d62-c375-5e41-8420-b65a108a0a38,CLASS_12,"[""mr"",""hi""]","{""analytics"":true,""contact_by_employers"":true}",Y08,"KaushalSetu synthetic generator v2, seed 20260929",2026-09-28T12:00:00+05:30,"SYNTHETIC demo data (KaushalSetu SIH prototype): fictional entities, team-assumed numbers, not real or official statistics.",true
28e22fbd-13b2-57d6-8fc9-4799696347b0,C-TC-H-ev-charging-2024-001,944d9d62-c375-5e41-8420-b65a108a0a38,ITI,"[""mr"",""hi""]","{""analytics"":true,""contact_by_employers"":true}",Y08,"KaushalSetu synthetic generator v2, seed 20260929",2026-09-28T12:00:00+05:30,"SYNTHETIC demo data (KaushalSetu SIH prototype): fictional entities, team-assumed numbers, not real or official statistics.",true
3cd31456-a464-5266-853e-42b290af07f8,C-TC-H-ev-charging-2024-002,944d9d62-c375-5e41-8420-b65a108a0a38,DIPLOMA,"[""mr""]","{""analytics"":true,""contact_by_employers"":false}",Y08,"KaushalSetu synthetic generator v2, seed 20260929",2026-09-28T12:00:00+05:30,"SYNTHETIC demo data (KaushalSetu SIH prototype): fictional entities, team-assumed numbers, not real or official statistics.",true
c9885049-dbdb-57a1-85b9-5ae322412a74,C-TC-H-ev-charging-2024-003,944d9d62-c375-5e41-8420-b65a108a0a38,CLASS_12,"[""mr"",""en""]","{""analytics"":true,""contact_by_employers"":true}",Y08,"KaushalSetu synthetic generator v2, seed 20260929",2026-09-28T12:00:00+05:30,"SYNTHETIC demo data (KaushalSetu SIH prototype): fictional entities, team-assumed numbers, not real or official statistics.",true
10088034-dfff-5b2d-8fab-1f4ddffcf313,C-TC-H-ev-charging-2024-004,944d9d62-c375-5e41-8420-b65a108a0a38,DIPLOMA,"[""mr""]","{""analytics"":true,""contact_by_employers"":true}",Y08,"KaushalSetu synthetic generator v2, seed 20260929",2026-09-28T12:00:00+05:30,"SYNTHETIC demo data (KaushalSetu SIH prototype): fictional entities, team-assumed numbers, not real or official statistics.",true
e2f3cfc6-72ef-5c88-8a98-043d194cb23f,C-TC-H-ev-charging-2024-005,944d9d62-c375-5e41-8420-b65a108a0a38,ITI,"[""mr"",""hi""]","{""analytics"":true,""contact_by_employers"":true}",Y08,"KaushalSetu synthetic generator v2, seed 20260929",2026-09-28T12:00:00+05:30,"SYNTHETIC demo data (KaushalSetu SIH prototype): fictional entities, team-assumed numbers, not real or official statistics.",true
ee662d73-0a26-5476-9a1a-8b44d5f62c34,C-TC-H-ev-charging-2024-006,944d9d62-c375-5e41-8420-b65a108a0a38,ITI,"[""mr"",""hi""]","{""analytics"":true,""contact_by_employers"":true}",Y08,"KaushalSetu synthetic generator v2, seed 20260929",2026-09-28T12:00:00+05:30,"SYNTHETIC demo data (KaushalSetu SIH prototype): fictional entities, team-assumed numbers, not real or official statistics.",true
10001eb6-4243-52bf-90a5-fb59197a3563,C-TC-H-ev-charging-2024-007,944d9d62-c375-5e41-8420-b65a108a0a38,CLASS_12,"[""mr"",""hi""]","{""analytics"":true,""contact_by_employers"":true}",Y08,"KaushalSetu synthetic generator v2, seed 20260929",2026-09-28T12:00:00+05:30,"SYNTHETIC demo data (KaushalSetu SIH prototype): fictional entities, team-assumed numbers, not real or official statistics.",true
955ef40a-c523-517f-98bc-fc3865bfca48,C-TC-H-ev-charging-2024-008,944d9d62-c375-5e41-8420-b65a108a0a38,CLASS_12,"[""mr"",""en""]","{""analytics"":true,""contact_by_employers"":true}",Y08,"KaushalSetu synthetic generator v2, seed 20260929",2026-09-28T12:00:00+05:30,"SYNTHETIC demo data (KaushalSetu SIH prototype): fictional entities, team-assumed numbers, not real or official statistics.",true
abb41093-4131-56c8-80ce-8a098794b2c4,C-TC-H-ev-charging-2024-009,944d9d62-c375-5e41-8420-b65a108a0a38,DIPLOMA,"[""mr"",""hi""]","{""analytics"":true,""contact_by_employers"":true}",Y08,"KaushalSetu synthetic generator v2, seed 20260929",2026-09-28T12:00:00+05:30,"SYNTHETIC demo data (KaushalSetu SIH prototype): fictional entities, team-assumed numbers, not real or official statistics.",true
56b882e2-bd7c-5190-9059-60120d82da90,C-TC-H-ev-charging-2024-010,944d9d62-c375-5e41-8420-b65a108a0a38,CLASS_10,"[""mr"",""en""]","{""analytics"":true,""contact_by_employers"":true}",Y08,"KaushalSetu synthetic generator v2, seed 20260929",2026-09-28T12:00:00+05:30,"SYNTHETIC demo data (KaushalSetu SIH prototype): fictional entities, team-assumed numbers, not real or official statistics.",true
1952fbe6-7476-597b-a7f2-113e17749892,C-TC-H-ev-charging-2024-011,944d9d62-c375-5e41-8420-b65a108a0a38,CLASS_10,"[""mr""]","{""analytics"":true,""contact_by_employers"":false}",Y08,"KaushalSetu synthetic generator v2, seed 20260929",2026-09-28T12:00:00+05:30,"SYNTHETIC demo data (KaushalSetu SIH prototype): fictional entities, team-assumed numbers, not real or official statistics.",true
1ff138f9-8a4f-5d67-ab9a-4959e29bb345,C-TC-H-ev-charging-2024-012,944d9d62-c375-5e41-8420-b65a108a0a38,ITI,"[""mr"",""en""]","{""analytics"":true,""contact_by_employers"":false}",Y08,"KaushalSetu synthetic generator v2, seed 20260929",2026-09-28T12:00:00+05:30,"SYNTHETIC demo data (KaushalSetu SIH prototype): fictional entities, team-assumed numbers, not real or official statistics.",true
f9a0554a-7fba-543b-973a-da4cdd5fea0c,C-TC-H-ev-charging-2024-013,944d9d62-c375-5e41-8420-b65a108a0a38,ITI,"[""mr""]","{""analytics"":true,""contact_by_employers"":false}",Y08,"KaushalSetu synthetic generator v2, seed 20260929",2026-09-28T12:00:00+05:30,"SYNTHETIC demo data (KaushalSetu SIH prototype): fictional entities, team-assumed numbers, not real or official statistics.",true
a09e9282-9bd4-5b2f-a9c4-b2807eabbd2d,C-TC-H-ev-charging-2024-014,944d9d62-c375-5e41-8420-b65a108a0a38,ITI,"[""mr"",""hi""]","{""analytics"":true,""contact_by_employers"":true}",Y08,"KaushalSetu synthetic generator v2, seed 20260929",2026-09-28T12:00:00+05:30,"SYNTHETIC demo data (KaushalSetu SIH prototype): fictional entities, team-assumed numbers, not real or official statistics.",true
131de90c-1bcc-5ca6-9250-92d6e4676754,C-TC-H-ev-charging-2024-015,944d9d62-c375-5e41-8420-b65a108a0a38,CLASS_10,"[""mr""]","{""analytics"":true,""contact_by_employers"":true}",Y08,"KaushalSetu synthetic generator v2, seed 20260929",2026-09-28T12:00:00+05:30,"SYNTHETIC demo data (KaushalSetu SIH prototype): fictional entities, team-assumed numbers, not real or official statistics.",true
ff9b1124-48ec-5467-ad97-a80648e8dcc2,C-TC-H-ev-charging-2024-016,944d9d62-c375-5e41-8420-b65a108a0a38,DIPLOMA,"[""mr"",""hi"",""en""]","{""analytics"":true,""contact_by_employers"":true}",Y08,"KaushalSetu synthetic generator v2, seed 20260929",2026-09-28T12:00:00+05:30,"SYNTHETIC demo data (KaushalSetu SIH prototype): fictional entities, team-assumed numbers, not real or official statistics.",true
b15de226-f596-5aaf-ae4c-f96eb0fb10d5,C-TC-H-ev-charging-2024-017,944d9d62-c375-5e41-8420-b65a108a0a38,CLASS_10,"[""mr"",""en""]","{""analytics"":true,""contact_by_employers"":false}",Y08,"KaushalSetu synthetic generator v2, seed 20260929",2026-09-28T12:00:00+05:30,"SYNTHETIC demo data (KaushalSetu SIH prototype): fictional entities, team-assumed numbers, not real or official statistics.",true
faa21fca-71a5-5fef-874d-2800085092bc,C-TC-H-ev-charging-2024-018,944d9d62-c375-5e41-8420-b65a108a0a38,ITI,"[""mr"",""hi"",""en""]","{""analytics"":true,""contact_by_employers"":true}",Y08,"KaushalSetu synthetic generator v2, seed 20260929",2026-09-28T12:00:00+05:30,"SYNTHETIC demo data (KaushalSetu SIH prototype): fictional entities, team-assumed numbers, not real or official statistics.",true
8070dcd2-f77e-522c-a0b2-860b522bde50,C-TC-H-ev-charging-2024-019,944d9d62-c375-5e41-8420-b65a108a0a38,ITI,"[""mr"",""hi""]","{""analytics"":true,""contact_by_employers"":true}",Y08,"KaushalSetu synthetic generator v2, seed 20260929",2026-09-28T12:00:00+05:30,"SYNTHETIC demo data (KaushalSetu SIH prototype): fictional entities, team-assumed numbers, not real or official statistics.",true
36e0cd60-940a-53e0-87f6-eb483168b59b,C-TC-H-ev-charging-2024-020,944d9d62-c375-5e41-8420-b65a108a0a38,DIPLOMA,"[""mr""]","{""analytics"":true,""contact_by_employers"":false}",Y08,"KaushalSetu synthetic generator v2, seed 20260929",2026-09-28T12:00:00+05:30,"SYNTHETIC demo data (KaushalSetu SIH prototype): fictional entities, team-assumed numbers, not real or official statistics.",true
d2006397-6ba7-55ef-94c6-c25a03f19574,C-TC-H-ev-charging-2024-021,944d9d62-c375-5e41-8420-b65a108a0a38,ITI,"[""mr""]","{""analytics"":true,""contact_by_employers"":false}",Y08,"KaushalSetu synthetic generator v2, seed 20260929",2026-09-28T12:00:00+05:30,"SYNTHETIC demo data (KaushalSetu SIH prototype): fictional entities, team-assumed numbers, not real or official statistics.",true
38fc0b98-3749-5acd-97f6-6f59948e15f6,C-TC-H-ev-charging-2024-022,944d9d62-c375-5e41-8420-b65a108a0a38,ITI,"[""mr"",""hi"",""en""]","{""analytics"":true,""contact_by_employers"":true}",Y08,"KaushalSetu synthetic generator v2, seed 20260929",2026-09-28T12:00:00+05:30,"SYNTHETIC demo data (KaushalSetu SIH prototype): fictional entities, team-assumed numbers, not real or official statistics.",true
33c60af8-9d8c-5a38-9830-26d559605168,C-TC-H-ev-charging-2024-023,944d9d62-c375-5e41-8420-b65a108a0a38,ITI,"[""mr"",""hi""]","{""analytics"":true,""contact_by_employers"":true}",Y08,"KaushalSetu synthetic generator v2, seed 20260929",2026-09-28T12:00:00+05:30,"SYNTHETIC demo data (KaushalSetu SIH prototype): fictional entities, team-assumed numbers, not real or official statistics.",true
ffeaebc2-7b60-5eee-a119-6882d7aaa2a2,C-TC-H-ev-charging-2024-024,944d9d62-c375-5e41-8420-b65a108a0a38,CLASS_10,"[""mr"",""hi""]","{""analytics"":true,""contact_by_employers"":true}",Y08,"KaushalSetu synthetic generator v2, seed 20260929",2026-09-28T12:00:00+05:30,"SYNTHETIC demo data (KaushalSetu SIH prototype): fictional entities, team-assumed numbers, not real or official statistics.",true
104ea55d-9a3e-50f4-af09-812be12c3655,C-TC-H-ev-charging-2025-001,944d9d62-c375-5e41-8420-b65a108a0a38,ITI,"[""mr"",""hi"",""en""]","{""analytics"":true,""contact_by_employers"":true}",Y08,"KaushalSetu synthetic generator v2, seed 20260929",2026-09-28T12:00:00+05:30,"SYNTHETIC demo data (KaushalSetu SIH prototype): fictional entities, team-assumed numbers, not real or official statistics.",true
cc70ed12-755c-5b11-b97a-756d4c02f5ef,C-TC-H-ev-charging-2025-002,944d9d62-c375-5e41-8420-b65a108a0a38,ITI,"[""mr""]","{""analytics"":true,""contact_by_employers"":true}",Y08,"KaushalSetu synthetic generator v2, seed 20260929",2026-09-28T12:00:00+05:30,"SYNTHETIC demo data (KaushalSetu SIH prototype): fictional entities, team-assumed numbers, not real or official statistics.",true
f410ec31-f9ec-5f7e-9154-b33b71c0ae97,C-TC-H-ev-charging-2025-003,944d9d62-c375-5e41-8420-b65a108a0a38,ITI,"[""mr""]","{""analytics"":true,""contact_by_employers"":true}",Y08,"KaushalSetu synthetic generator v2, seed 20260929",2026-09-28T12:00:00+05:30,"SYNTHETIC demo data (KaushalSetu SIH prototype): fictional entities, team-assumed numbers, not real or official statistics.",true
e15d5132-189e-5222-9dfa-f5aef89ff2c4,C-TC-H-ev-charging-2025-004,944d9d62-c375-5e41-8420-b65a108a0a38,ITI,"[""mr""]","{""analytics"":true,""contact_by_employers"":true}",Y08,"KaushalSetu synthetic generator v2, seed 20260929",2026-09-28T12:00:00+05:30,"SYNTHETIC demo data (KaushalSetu SIH prototype): fictional entities, team-assumed numbers, not real or official statistics.",true
9c92dd8c-2d39-51e0-a5f1-170305c44c8e,C-TC-H-ev-charging-2025-005,944d9d62-c375-5e41-8420-b65a108a0a38,ITI,"[""mr""]","{""analytics"":true,""contact_by_employers"":true}",Y08,"KaushalSetu synthetic generator v2, seed 20260929",2026-09-28T12:00:00+05:30,"SYNTHETIC demo data (KaushalSetu SIH prototype): fictional entities, team-assumed numbers, not real or official statistics.",true
a2ae33ef-8ca1-59e0-95ab-e24b4fcbcafb,C-TC-H-ev-charging-2025-006,944d9d62-c375-5e41-8420-b65a108a0a38,ITI,"[""mr"",""hi""]","{""analytics"":true,""contact_by_employers"":true}",Y08,"KaushalSetu synthetic generator v2, seed 20260929",2026-09-28T12:00:00+05:30,"SYNTHETIC demo data (KaushalSetu SIH prototype): fictional entities, team-assumed numbers, not real or official statistics.",true
6944947b-1dd4-53f4-a874-fb1e679c3cfb,C-TC-H-ev-charging-2025-007,944d9d62-c375-5e41-8420-b65a108a0a38,CLASS_10,"[""mr""]","{""analytics"":true,""contact_by_employers"":true}",Y08,"KaushalSetu synthetic generator v2, seed 20260929",2026-09-28T12:00:00+05:30,"SYNTHETIC demo data (KaushalSetu SIH prototype): fictional entities, team-assumed numbers, not real or official statistics.",true
c1361e0b-fbf3-565e-b8f5-acfbcc0cdb25,C-TC-H-ev-charging-2025-008,944d9d62-c375-5e41-8420-b65a108a0a38,ITI,"[""mr"",""hi"",""en""]","{""analytics"":true,""contact_by_employers"":true}",Y08,"KaushalSetu synthetic generator v2, seed 20260929",2026-09-28T12:00:00+05:30,"SYNTHETIC demo data (KaushalSetu SIH prototype): fictional entities, team-assumed numbers, not real or official statistics.",true
008524a4-22df-5fb6-9b24-e125ec890d7d,C-TC-H-ev-charging-2025-009,944d9d62-c375-5e41-8420-b65a108a0a38,CLASS_12,"[""mr"",""hi""]","{""analytics"":true,""contact_by_employers"":true}",Y08,"KaushalSetu synthetic generator v2, seed 20260929",2026-09-28T12:00:00+05:30,"SYNTHETIC demo data (KaushalSetu SIH prototype): fictional entities, team-assumed numbers, not real or official statistics.",true
cfd38f62-70da-59da-98ce-74e23917a218,C-TC-H-ev-charging-2025-010,944d9d62-c375-5e41-8420-b65a108a0a38,DIPLOMA,"[""mr"",""hi"",""en""]","{""analytics"":true,""contact_by_employers"":true}",Y08,"KaushalSetu synthetic generator v2, seed 20260929",2026-09-28T12:00:00+05:30,"SYNTHETIC demo data (KaushalSetu SIH prototype): fictional entities, team-assumed numbers, not real or official statistics.",true
0d99aada-9e0d-5008-94ba-594306d1c940,C-TC-H-ev-charging-2025-011,944d9d62-c375-5e41-8420-b65a108a0a38,CLASS_12,"[""mr""]","{""analytics"":true,""contact_by_employers"":true}",Y08,"KaushalSetu synthetic generator v2, seed 20260929",2026-09-28T12:00:00+05:30,"SYNTHETIC demo data (KaushalSetu SIH prototype): fictional entities, team-assumed numbers, not real or official statistics.",true
dd7207e9-c4e9-59be-8087-1ffb443889c4,C-TC-H-ev-charging-2025-012,944d9d62-c375-5e41-8420-b65a108a0a38,ITI,"[""mr"",""hi""]","{""analytics"":true,""contact_by_employers"":true}",Y08,"KaushalSetu synthetic generator v2, seed 20260929",2026-09-28T12:00:00+05:30,"SYNTHETIC demo data (KaushalSetu SIH prototype): fictional entities, team-assumed numbers, not real or official statistics.",true
7f69e649-c639-5d50-8f41-442128749f30,C-TC-H-ev-charging-2025-013,944d9d62-c375-5e41-8420-b65a108a0a38,ITI,"[""mr"",""en""]","{""analytics"":true,""contact_by_employers"":true}",Y08,"KaushalSetu synthetic generator v2, seed 20260929",2026-09-28T12:00:00+05:30,"SYNTHETIC demo data (KaushalSetu SIH prototype): fictional entities, team-assumed numbers, not real or official statistics.",true
22cfd77f-700d-5eaa-9465-aac1decfdb03,C-TC-H-ev-charging-2025-014,944d9d62-c375-5e41-8420-b65a108a0a38,ITI,"[""mr"",""hi""]","{""analytics"":true,""contact_by_employers"":true}",Y08,"KaushalSetu synthetic generator v2, seed 20260929",2026-09-28T12:00:00+05:30,"SYNTHETIC demo data (KaushalSetu SIH prototype): fictional entities, team-assumed numbers, not real or official statistics.",true
d0d16225-24fe-5518-a600-3f4686e0b0cd,C-TC-H-ev-charging-2025-015,944d9d62-c375-5e41-8420-b65a108a0a38,ITI,"[""mr"",""hi""]","{""analytics"":true,""contact_by_employers"":true}",Y08,"KaushalSetu synthetic generator v2, seed 20260929",2026-09-28T12:00:00+05:30,"SYNTHETIC demo data (KaushalSetu SIH prototype): fictional entities, team-assumed numbers, not real or official statistics.",true
a1a8fc6c-a6dd-57c1-87b6-8645d0b7d2d0,C-TC-H-ev-charging-2025-016,944d9d62-c375-5e41-8420-b65a108a0a38,ITI,"[""mr""]","{""analytics"":true,""contact_by_employers"":true}",Y08,"KaushalSetu synthetic generator v2, seed 20260929",2026-09-28T12:00:00+05:30,"SYNTHETIC demo data (KaushalSetu SIH prototype): fictional entities, team-assumed numbers, not real or official statistics.",true
f18e3b0e-0ff5-5a5e-acf9-2c87bb80fa35,C-TC-H-ev-charging-2025-017,944d9d62-c375-5e41-8420-b65a108a0a38,ITI,"[""mr"",""hi""]","{""analytics"":true,""contact_by_employers"":true}",Y08,"KaushalSetu synthetic generator v2, seed 20260929",2026-09-28T12:00:00+05:30,"SYNTHETIC demo data (KaushalSetu SIH prototype): fictional entities, team-assumed numbers, not real or official statistics.",true
79b2859d-059c-59fd-84a3-3e6371e5d074,C-TC-H-ev-charging-2025-018,944d9d62-c375-5e41-8420-b65a108a0a38,CLASS_12,"[""mr""]","{""analytics"":true,""contact_by_employers"":true}",Y08,"KaushalSetu synthetic generator v2, seed 20260929",2026-09-28T12:00:00+05:30,"SYNTHETIC demo data (KaushalSetu SIH prototype): fictional entities, team-assumed numbers, not real or official statistics.",true
83adf9f7-1307-5035-bced-57326db1706c,C-TC-H-ev-charging-2025-019,944d9d62-c375-5e41-8420-b65a108a0a38,ITI,"[""mr"",""hi"",""en""]","{""analytics"":true,""contact_by_employers"":true}",Y08,"KaushalSetu synthetic generator v2, seed 20260929",2026-09-28T12:00:00+05:30,"SYNTHETIC demo data (KaushalSetu SIH prototype): fictional entities, team-assumed numbers, not real or official statistics.",true
6b903ac5-5198-59b4-9b48-86c2cb85167f,C-TC-H-ev-charging-2025-020,944d9d62-c375-5e41-8420-b65a108a0a38,ITI,"[""mr"",""hi""]","{""analytics"":true,""contact_by_employers"":false}",Y08,"KaushalSetu synthetic generator v2, seed 20260929",2026-09-28T12:00:00+05:30,"SYNTHETIC demo data (KaushalSetu SIH prototype): fictional entities, team-assumed numbers, not real or official statistics.",true
61bd76fc-8fc1-5843-ae39-a893dfe09357,C-TC-H-ev-charging-2025-021,944d9d62-c375-5e41-8420-b65a108a0a38,DIPLOMA,"[""mr"",""hi"",""en""]","{""analytics"":true,""contact_by_employers"":true}",Y08,"KaushalSetu synthetic generator v2, seed 20260929",2026-09-28T12:00:00+05:30,"SYNTHETIC demo data (KaushalSetu SIH prototype): fictional entities, team-assumed numbers, not real or official statistics.",true
b4d114be-17d1-502f-bce5-74da69a78886,C-TC-H-ev-charging-2025-022,944d9d62-c375-5e41-8420-b65a108a0a38,ITI,"[""mr"",""hi""]","{""analytics"":true,""contact_by_employers"":false}",Y08,"KaushalSetu synthetic generator v2, seed 20260929",2026-09-28T12:00:00+05:30,"SYNTHETIC demo data (KaushalSetu SIH prototype): fictional entities, team-assumed numbers, not real or official statistics.",true
c2a768a2-7284-52df-a400-0af0b1164111,C-TC-H-ev-charging-2025-023,944d9d62-c375-5e41-8420-b65a108a0a38,DIPLOMA,"[""mr"",""en""]","{""analytics"":true,""contact_by_employers"":true}",Y08,"KaushalSetu synthetic generator v2, seed 20260929",2026-09-28T12:00:00+05:30,"SYNTHETIC demo data (KaushalSetu SIH prototype): fictional entities, team-assumed numbers, not real or official statistics.",true
3b1d9509-b9a3-5ab3-bc1b-b7d1026e751c,C-TC-H-ev-charging-2025-024,944d9d62-c375-5e41-8420-b65a108a0a38,DIPLOMA,"[""mr""]","{""analytics"":true,""contact_by_employers"":true}",Y08,"KaushalSetu synthetic generator v2, seed 20260929",2026-09-28T12:00:00+05:30,"SYNTHETIC demo data (KaushalSetu SIH prototype): fictional entities, team-assumed numbers, not real or official statistics.",true
eb2f7b6e-07e2-54d9-8bf7-2991b44434cf,C-TC-H-ev-charging-2025-025,944d9d62-c375-5e41-8420-b65a108a0a38,ITI,"[""mr""]","{""analytics"":true,""contact_by_employers"":true}",Y08,"KaushalSetu synthetic generator v2, seed 20260929",2026-09-28T12:00:00+05:30,"SYNTHETIC demo data (KaushalSetu SIH prototype): fictional entities, team-assumed numbers, not real or official statistics.",true
d2789222-bfc7-56cd-af3f-8a9bf7705cb0,C-TC-H-ev-charging-2025-026,944d9d62-c375-5e41-8420-b65a108a0a38,ITI,"[""mr"",""en""]","{""analytics"":true,""contact_by_employers"":false}",Y08,"KaushalSetu synthetic generator v2, seed 20260929",2026-09-28T12:00:00+05:30,"SYNTHETIC demo data (KaushalSetu SIH prototype): fictional entities, team-assumed numbers, not real or official statistics.",true
c63866f6-e209-5361-affa-fd79e8991f92,C-ITI-J-wireman-2024-001,d8954509-dece-5c60-9466-34cd75d462cb,CLASS_12,"[""mr"",""hi""]","{""analytics"":true,""contact_by_employers"":false}",Y08,"KaushalSetu synthetic generator v2, seed 20260929",2026-09-28T12:00:00+05:30,"SYNTHETIC demo data (KaushalSetu SIH prototype): fictional entities, team-assumed numbers, not real or official statistics.",true
ef2915ce-938e-572c-9738-b147b607f409,C-ITI-J-wireman-2024-002,d8954509-dece-5c60-9466-34cd75d462cb,CLASS_12,"[""mr""]","{""analytics"":true,""contact_by_employers"":true}",Y08,"KaushalSetu synthetic generator v2, seed 20260929",2026-09-28T12:00:00+05:30,"SYNTHETIC demo data (KaushalSetu SIH prototype): fictional entities, team-assumed numbers, not real or official statistics.",true
e4fdeb81-fd4b-53eb-80b2-88d511cb70d9,C-ITI-J-wireman-2024-003,d8954509-dece-5c60-9466-34cd75d462cb,CLASS_10,"[""mr"",""hi"",""en""]","{""analytics"":true,""contact_by_employers"":false}",Y08,"KaushalSetu synthetic generator v2, seed 20260929",2026-09-28T12:00:00+05:30,"SYNTHETIC demo data (KaushalSetu SIH prototype): fictional entities, team-assumed numbers, not real or official statistics.",true
d9545f30-3b52-55b8-bf66-0e2bafcb4141,C-ITI-J-wireman-2024-004,d8954509-dece-5c60-9466-34cd75d462cb,CLASS_10,"[""mr"",""hi"",""en""]","{""analytics"":true,""contact_by_employers"":false}",Y08,"KaushalSetu synthetic generator v2, seed 20260929",2026-09-28T12:00:00+05:30,"SYNTHETIC demo data (KaushalSetu SIH prototype): fictional entities, team-assumed numbers, not real or official statistics.",true
099cc8fa-b4e9-5f42-aab0-0c00ac8f8e8d,C-ITI-J-wireman-2024-005,d8954509-dece-5c60-9466-34cd75d462cb,CLASS_10,"[""mr"",""hi""]","{""analytics"":true,""contact_by_employers"":true}",Y08,"KaushalSetu synthetic generator v2, seed 20260929",2026-09-28T12:00:00+05:30,"SYNTHETIC demo data (KaushalSetu SIH prototype): fictional entities, team-assumed numbers, not real or official statistics.",true
65d0eeae-3575-5c18-9812-48ac03d815dc,C-ITI-J-wireman-2024-006,d8954509-dece-5c60-9466-34cd75d462cb,CLASS_10,"[""mr""]","{""analytics"":true,""contact_by_employers"":true}",Y08,"KaushalSetu synthetic generator v2, seed 20260929",2026-09-28T12:00:00+05:30,"SYNTHETIC demo data (KaushalSetu SIH prototype): fictional entities, team-assumed numbers, not real or official statistics.",true
76d2ebcd-2bc9-5e9c-af68-12a96f4a0543,C-ITI-J-wireman-2024-007,d8954509-dece-5c60-9466-34cd75d462cb,CLASS_10,"[""mr"",""hi"",""en""]","{""analytics"":true,""contact_by_employers"":true}",Y08,"KaushalSetu synthetic generator v2, seed 20260929",2026-09-28T12:00:00+05:30,"SYNTHETIC demo data (KaushalSetu SIH prototype): fictional entities, team-assumed numbers, not real or official statistics.",true
36ec628e-a880-5b89-8e24-6f35aac8506c,C-ITI-J-wireman-2024-008,d8954509-dece-5c60-9466-34cd75d462cb,CLASS_10,"[""mr"",""hi""]","{""analytics"":true,""contact_by_employers"":true}",Y08,"KaushalSetu synthetic generator v2, seed 20260929",2026-09-28T12:00:00+05:30,"SYNTHETIC demo data (KaushalSetu SIH prototype): fictional entities, team-assumed numbers, not real or official statistics.",true
a1df9930-9316-513e-a8ba-68891c8f3ea4,C-ITI-J-wireman-2024-009,d8954509-dece-5c60-9466-34cd75d462cb,CLASS_12,"[""mr"",""en""]","{""analytics"":true,""contact_by_employers"":true}",Y08,"KaushalSetu synthetic generator v2, seed 20260929",2026-09-28T12:00:00+05:30,"SYNTHETIC demo data (KaushalSetu SIH prototype): fictional entities, team-assumed numbers, not real or official statistics.",true
aba82ff2-1abb-5475-b40e-21497e9c3c40,C-ITI-J-wireman-2024-010,d8954509-dece-5c60-9466-34cd75d462cb,CLASS_10,"[""mr""]","{""analytics"":true,""contact_by_employers"":true}",Y08,"KaushalSetu synthetic generator v2, seed 20260929",2026-09-28T12:00:00+05:30,"SYNTHETIC demo data (KaushalSetu SIH prototype): fictional entities, team-assumed numbers, not real or official statistics.",true
3884fc6e-4412-5bd1-bf45-fe72c188b7d8,C-ITI-J-wireman-2024-011,d8954509-dece-5c60-9466-34cd75d462cb,CLASS_10,"[""mr"",""hi""]","{""analytics"":true,""contact_by_employers"":true}",Y08,"KaushalSetu synthetic generator v2, seed 20260929",2026-09-28T12:00:00+05:30,"SYNTHETIC demo data (KaushalSetu SIH prototype): fictional entities, team-assumed numbers, not real or official statistics.",true
5e45c67c-8112-5c0d-b015-5d3e8b1a63dc,C-ITI-J-wireman-2024-012,d8954509-dece-5c60-9466-34cd75d462cb,CLASS_10,"[""mr"",""hi""]","{""analytics"":true,""contact_by_employers"":true}",Y08,"KaushalSetu synthetic generator v2, seed 20260929",2026-09-28T12:00:00+05:30,"SYNTHETIC demo data (KaushalSetu SIH prototype): fictional entities, team-assumed numbers, not real or official statistics.",true
9f1e7139-7aeb-547a-9f03-f99bb9b74eee,C-ITI-J-wireman-2024-013,d8954509-dece-5c60-9466-34cd75d462cb,CLASS_10,"[""mr"",""hi""]","{""analytics"":true,""contact_by_employers"":false}",Y08,"KaushalSetu synthetic generator v2, seed 20260929",2026-09-28T12:00:00+05:30,"SYNTHETIC demo data (KaushalSetu SIH prototype): fictional entities, team-assumed numbers, not real or official statistics.",true
08dcad1f-d0e7-5346-8485-9c1a7d16e423,C-ITI-J-wireman-2024-014,d8954509-dece-5c60-9466-34cd75d462cb,CLASS_12,"[""mr"",""hi"",""en""]","{""analytics"":true,""contact_by_employers"":true}",Y08,"KaushalSetu synthetic generator v2, seed 20260929",2026-09-28T12:00:00+05:30,"SYNTHETIC demo data (KaushalSetu SIH prototype): fictional entities, team-assumed numbers, not real or official statistics.",true
fb638c22-8652-51c0-ae01-3b5e21acf4da,C-ITI-J-wireman-2024-015,d8954509-dece-5c60-9466-34cd75d462cb,CLASS_12,"[""mr"",""hi"",""en""]","{""analytics"":true,""contact_by_employers"":false}",Y08,"KaushalSetu synthetic generator v2, seed 20260929",2026-09-28T12:00:00+05:30,"SYNTHETIC demo data (KaushalSetu SIH prototype): fictional entities, team-assumed numbers, not real or official statistics.",true
9141c105-bbcc-5a46-91af-3cb7975a285b,C-ITI-J-wireman-2024-016,d8954509-dece-5c60-9466-34cd75d462cb,CLASS_10,"[""mr"",""hi""]","{""analytics"":true,""contact_by_employers"":true}",Y08,"KaushalSetu synthetic generator v2, seed 20260929",2026-09-28T12:00:00+05:30,"SYNTHETIC demo data (KaushalSetu SIH prototype): fictional entities, team-assumed numbers, not real or official statistics.",true
37a4c902-512e-5f62-926c-30e9faa2082d,C-ITI-J-wireman-2024-017,d8954509-dece-5c60-9466-34cd75d462cb,CLASS_12,"[""mr"",""hi"",""en""]","{""analytics"":true,""contact_by_employers"":true}",Y08,"KaushalSetu synthetic generator v2, seed 20260929",2026-09-28T12:00:00+05:30,"SYNTHETIC demo data (KaushalSetu SIH prototype): fictional entities, team-assumed numbers, not real or official statistics.",true
9535566e-1095-5d37-871f-9bf6b9333aa1,C-ITI-J-wireman-2024-018,d8954509-dece-5c60-9466-34cd75d462cb,CLASS_10,"[""mr""]","{""analytics"":true,""contact_by_employers"":true}",Y08,"KaushalSetu synthetic generator v2, seed 20260929",2026-09-28T12:00:00+05:30,"SYNTHETIC demo data (KaushalSetu SIH prototype): fictional entities, team-assumed numbers, not real or official statistics.",true
73ad73f4-c4e4-5d54-bc10-dfa3a9857f33,C-ITI-J-wireman-2024-019,d8954509-dece-5c60-9466-34cd75d462cb,CLASS_10,"[""mr"",""hi"",""en""]","{""analytics"":true,""contact_by_employers"":true}",Y08,"KaushalSetu synthetic generator v2, seed 20260929",2026-09-28T12:00:00+05:30,"SYNTHETIC demo data (KaushalSetu SIH prototype): fictional entities, team-assumed numbers, not real or official statistics.",true
2ff2322d-bbee-5fee-9678-42fed4fddf5a,C-ITI-J-wireman-2024-020,d8954509-dece-5c60-9466-34cd75d462cb,CLASS_10,"[""mr"",""hi""]","{""analytics"":true,""contact_by_employers"":true}",Y08,"KaushalSetu synthetic generator v2, seed 20260929",2026-09-28T12:00:00+05:30,"SYNTHETIC demo data (KaushalSetu SIH prototype): fictional entities, team-assumed numbers, not real or official statistics.",true
7cc141ec-7dcd-5f26-85c3-62d8fb88c844,C-ITI-J-wireman-2024-021,d8954509-dece-5c60-9466-34cd75d462cb,CLASS_10,"[""mr"",""en""]","{""analytics"":true,""contact_by_employers"":false}",Y08,"KaushalSetu synthetic generator v2, seed 20260929",2026-09-28T12:00:00+05:30,"SYNTHETIC demo data (KaushalSetu SIH prototype): fictional entities, team-assumed numbers, not real or official statistics.",true
12a842e8-5206-55a6-bd68-6bc002002d60,C-ITI-J-wireman-2024-022,d8954509-dece-5c60-9466-34cd75d462cb,CLASS_12,"[""mr"",""hi"",""en""]","{""analytics"":true,""contact_by_employers"":true}",Y08,"KaushalSetu synthetic generator v2, seed 20260929",2026-09-28T12:00:00+05:30,"SYNTHETIC demo data (KaushalSetu SIH prototype): fictional entities, team-assumed numbers, not real or official statistics.",true
18872a8e-b862-5b20-ba5e-407e617244af,C-ITI-J-wireman-2024-023,d8954509-dece-5c60-9466-34cd75d462cb,CLASS_10,"[""mr""]","{""analytics"":true,""contact_by_employers"":true}",Y08,"KaushalSetu synthetic generator v2, seed 20260929",2026-09-28T12:00:00+05:30,"SYNTHETIC demo data (KaushalSetu SIH prototype): fictional entities, team-assumed numbers, not real or official statistics.",true
af60827e-198f-5334-86bf-49206d2a131a,C-ITI-J-wireman-2024-024,d8954509-dece-5c60-9466-34cd75d462cb,CLASS_10,"[""mr"",""hi"",""en""]","{""analytics"":true,""contact_by_employers"":false}",Y08,"KaushalSetu synthetic generator v2, seed 20260929",2026-09-28T12:00:00+05:30,"SYNTHETIC demo data (KaushalSetu SIH prototype): fictional entities, team-assumed numbers, not real or official statistics.",true
66983fd0-9b66-512b-a09d-ad4c331a3f6b,C-ITI-J-wireman-2024-025,d8954509-dece-5c60-9466-34cd75d462cb,CLASS_10,"[""mr"",""hi""]","{""analytics"":true,""contact_by_employers"":false}",Y08,"KaushalSetu synthetic generator v2, seed 20260929",2026-09-28T12:00:00+05:30,"SYNTHETIC demo data (KaushalSetu SIH prototype): fictional entities, team-assumed numbers, not real or official statistics.",true
6e8e7f2e-4acf-51bb-a284-7a223f23ea69,C-ITI-J-wireman-2024-026,d8954509-dece-5c60-9466-34cd75d462cb,CLASS_10,"[""mr"",""hi"",""en""]","{""analytics"":true,""contact_by_employers"":false}",Y08,"KaushalSetu synthetic generator v2, seed 20260929",2026-09-28T12:00:00+05:30,"SYNTHETIC demo data (KaushalSetu SIH prototype): fictional entities, team-assumed numbers, not real or official statistics.",true
83f9d3f2-fa45-5041-869c-a2d03716b36e,C-ITI-J-wireman-2024-027,d8954509-dece-5c60-9466-34cd75d462cb,CLASS_12,"[""mr"",""hi""]","{""analytics"":true,""contact_by_employers"":true}",Y08,"KaushalSetu synthetic generator v2, seed 20260929",2026-09-28T12:00:00+05:30,"SYNTHETIC demo data (KaushalSetu SIH prototype): fictional entities, team-assumed numbers, not real or official statistics.",true
30abf340-8df8-549b-bb5a-65181ae5682d,C-ITI-J-wireman-2024-028,d8954509-dece-5c60-9466-34cd75d462cb,CLASS_10,"[""mr"",""en""]","{""analytics"":true,""contact_by_employers"":false}",Y08,"KaushalSetu synthetic generator v2, seed 20260929",2026-09-28T12:00:00+05:30,"SYNTHETIC demo data (KaushalSetu SIH prototype): fictional entities, team-assumed numbers, not real or official statistics.",true
b15a1b9f-3b5d-5672-b6e3-e737c52989c8,C-ITI-J-wireman-2024-029,d8954509-dece-5c60-9466-34cd75d462cb,CLASS_10,"[""mr"",""hi""]","{""analytics"":true,""contact_by_employers"":true}",Y08,"KaushalSetu synthetic generator v2, seed 20260929",2026-09-28T12:00:00+05:30,"SYNTHETIC demo data (KaushalSetu SIH prototype): fictional entities, team-assumed numbers, not real or official statistics.",true
c5f8513d-e920-547e-8bc1-40d0382c5d4c,C-ITI-J-wireman-2024-030,d8954509-dece-5c60-9466-34cd75d462cb,CLASS_10,"[""mr"",""hi""]","{""analytics"":true,""contact_by_employers"":true}",Y08,"KaushalSetu synthetic generator v2, seed 20260929",2026-09-28T12:00:00+05:30,"SYNTHETIC demo data (KaushalSetu SIH prototype): fictional entities, team-assumed numbers, not real or official statistics.",true
943bb758-d68b-5cb8-8ae0-aaa0ee6e5a01,C-ITI-J-wireman-2024-031,d8954509-dece-5c60-9466-34cd75d462cb,CLASS_10,"[""mr"",""hi""]","{""analytics"":true,""contact_by_employers"":false}",Y08,"KaushalSetu synthetic generator v2, seed 20260929",2026-09-28T12:00:00+05:30,"SYNTHETIC demo data (KaushalSetu SIH prototype): fictional entities, team-assumed numbers, not real or official statistics.",true
d9cc98ac-1c2a-55a8-a10b-6cb7be3cbd4c,C-ITI-J-wireman-2024-032,d8954509-dece-5c60-9466-34cd75d462cb,CLASS_10,"[""mr"",""hi"",""en""]","{""analytics"":true,""contact_by_employers"":true}",Y08,"KaushalSetu synthetic generator v2, seed 20260929",2026-09-28T12:00:00+05:30,"SYNTHETIC demo data (KaushalSetu SIH prototype): fictional entities, team-assumed numbers, not real or official statistics.",true
98f94b18-20eb-5539-ba92-8f095bdaeb41,C-ITI-J-wireman-2024-033,d8954509-dece-5c60-9466-34cd75d462cb,CLASS_10,"[""mr"",""hi""]","{""analytics"":true,""contact_by_employers"":true}",Y08,"KaushalSetu synthetic generator v2, seed 20260929",2026-09-28T12:00:00+05:30,"SYNTHETIC demo data (KaushalSetu SIH prototype): fictional entities, team-assumed numbers, not real or official statistics.",true
85eaec83-93af-5d67-a9c9-66ef57a413be,C-ITI-J-wireman-2024-034,d8954509-dece-5c60-9466-34cd75d462cb,CLASS_10,"[""mr"",""hi""]","{""analytics"":true,""contact_by_employers"":true}",Y08,"KaushalSetu synthetic generator v2, seed 20260929",2026-09-28T12:00:00+05:30,"SYNTHETIC demo data (KaushalSetu SIH prototype): fictional entities, team-assumed numbers, not real or official statistics.",true
85b02b99-d5fe-5936-8559-1a4bdd6ea5ca,C-ITI-J-wireman-2024-035,d8954509-dece-5c60-9466-34cd75d462cb,CLASS_10,"[""mr"",""hi""]","{""analytics"":true,""contact_by_employers"":true}",Y08,"KaushalSetu synthetic generator v2, seed 20260929",2026-09-28T12:00:00+05:30,"SYNTHETIC demo data (KaushalSetu SIH prototype): fictional entities, team-assumed numbers, not real or official statistics.",true
1a53a965-b25a-5d14-9e92-3bb5a2ad8257,C-ITI-J-wireman-2024-036,d8954509-dece-5c60-9466-34cd75d462cb,CLASS_10,"[""mr"",""hi""]","{""analytics"":true,""contact_by_employers"":true}",Y08,"KaushalSetu synthetic generator v2, seed 20260929",2026-09-28T12:00:00+05:30,"SYNTHETIC demo data (KaushalSetu SIH prototype): fictional entities, team-assumed numbers, not real or official statistics.",true
ddc08f33-60bd-51c9-9b0d-b27a953c22c1,C-ITI-J-wireman-2024-037,d8954509-dece-5c60-9466-34cd75d462cb,CLASS_10,"[""mr"",""hi""]","{""analytics"":true,""contact_by_employers"":false}",Y08,"KaushalSetu synthetic generator v2, seed 20260929",2026-09-28T12:00:00+05:30,"SYNTHETIC demo data (KaushalSetu SIH prototype): fictional entities, team-assumed numbers, not real or official statistics.",true
b957ca05-acf2-52d3-8a1b-71eeba4ebc97,C-ITI-J-wireman-2024-038,d8954509-dece-5c60-9466-34cd75d462cb,CLASS_10,"[""mr"",""hi"",""en""]","{""analytics"":true,""contact_by_employers"":true}",Y08,"KaushalSetu synthetic generator v2, seed 20260929",2026-09-28T12:00:00+05:30,"SYNTHETIC demo data (KaushalSetu SIH prototype): fictional entities, team-assumed numbers, not real or official statistics.",true
ebb9c4aa-3cb3-565f-bb69-57bf11c4fd50,C-ITI-J-wireman-2024-039,d8954509-dece-5c60-9466-34cd75d462cb,CLASS_10,"[""mr"",""hi"",""en""]","{""analytics"":true,""contact_by_employers"":true}",Y08,"KaushalSetu synthetic generator v2, seed 20260929",2026-09-28T12:00:00+05:30,"SYNTHETIC demo data (KaushalSetu SIH prototype): fictional entities, team-assumed numbers, not real or official statistics.",true
340e65d6-3352-5828-9ac7-5444f3d6f463,C-ITI-J-wireman-2024-040,d8954509-dece-5c60-9466-34cd75d462cb,CLASS_10,"[""mr""]","{""analytics"":true,""contact_by_employers"":false}",Y08,"KaushalSetu synthetic generator v2, seed 20260929",2026-09-28T12:00:00+05:30,"SYNTHETIC demo data (KaushalSetu SIH prototype): fictional entities, team-assumed numbers, not real or official statistics.",true
fdbb4414-65b7-52cd-a078-e1cb153ab269,C-ITI-J-wireman-2024-041,d8954509-dece-5c60-9466-34cd75d462cb,CLASS_12,"[""mr"",""hi"",""en""]","{""analytics"":true,""contact_by_employers"":true}",Y08,"KaushalSetu synthetic generator v2, seed 20260929",2026-09-28T12:00:00+05:30,"SYNTHETIC demo data (KaushalSetu SIH prototype): fictional entities, team-assumed numbers, not real or official statistics.",true
b9db2ae4-dad6-5c76-8d66-3d4f233c3c3e,C-ITI-J-wireman-2024-042,d8954509-dece-5c60-9466-34cd75d462cb,CLASS_12,"[""mr"",""hi""]","{""analytics"":true,""contact_by_employers"":false}",Y08,"KaushalSetu synthetic generator v2, seed 20260929",2026-09-28T12:00:00+05:30,"SYNTHETIC demo data (KaushalSetu SIH prototype): fictional entities, team-assumed numbers, not real or official statistics.",true
f02376fc-9fab-5d7f-86c5-8b34d866f94e,C-ITI-J-wireman-2024-043,d8954509-dece-5c60-9466-34cd75d462cb,CLASS_10,"[""mr"",""en""]","{""analytics"":true,""contact_by_employers"":true}",Y08,"KaushalSetu synthetic generator v2, seed 20260929",2026-09-28T12:00:00+05:30,"SYNTHETIC demo data (KaushalSetu SIH prototype): fictional entities, team-assumed numbers, not real or official statistics.",true
2375f4fb-2f10-521f-a762-28734a0c6734,C-ITI-J-wireman-2024-044,d8954509-dece-5c60-9466-34cd75d462cb,CLASS_10,"[""mr"",""hi"",""en""]","{""analytics"":true,""contact_by_employers"":true}",Y08,"KaushalSetu synthetic generator v2, seed 20260929",2026-09-28T12:00:00+05:30,"SYNTHETIC demo data (KaushalSetu SIH prototype): fictional entities, team-assumed numbers, not real or official statistics.",true
688941ce-25c5-51f5-a812-1f266c7c9b06,C-ITI-J-wireman-2024-045,d8954509-dece-5c60-9466-34cd75d462cb,CLASS_12,"[""mr"",""hi""]","{""analytics"":true,""contact_by_employers"":true}",Y08,"KaushalSetu synthetic generator v2, seed 20260929",2026-09-28T12:00:00+05:30,"SYNTHETIC demo data (KaushalSetu SIH prototype): fictional entities, team-assumed numbers, not real or official statistics.",true
d3ee0c57-0f12-5dd0-9523-f31375924a3d,C-ITI-J-wireman-2024-046,d8954509-dece-5c60-9466-34cd75d462cb,CLASS_10,"[""mr"",""hi""]","{""analytics"":true,""contact_by_employers"":true}",Y08,"KaushalSetu synthetic generator v2, seed 20260929",2026-09-28T12:00:00+05:30,"SYNTHETIC demo data (KaushalSetu SIH prototype): fictional entities, team-assumed numbers, not real or official statistics.",true
1c9c8af5-c6af-5a56-9a0d-56bdccaa2ce2,C-ITI-J-wireman-2024-047,d8954509-dece-5c60-9466-34cd75d462cb,CLASS_10,"[""mr"",""en""]","{""analytics"":true,""contact_by_employers"":true}",Y08,"KaushalSetu synthetic generator v2, seed 20260929",2026-09-28T12:00:00+05:30,"SYNTHETIC demo data (KaushalSetu SIH prototype): fictional entities, team-assumed numbers, not real or official statistics.",true
65684cd2-c650-543f-ac4e-e7ab958cef21,C-ITI-J-wireman-2024-048,d8954509-dece-5c60-9466-34cd75d462cb,CLASS_10,"[""mr"",""hi"",""en""]","{""analytics"":true,""contact_by_employers"":false}",Y08,"KaushalSetu synthetic generator v2, seed 20260929",2026-09-28T12:00:00+05:30,"SYNTHETIC demo data (KaushalSetu SIH prototype): fictional entities, team-assumed numbers, not real or official statistics.",true
2a9ab65f-5ba5-5871-80a2-fbb2eb413342,C-ITI-J-wireman-2024-049,d8954509-dece-5c60-9466-34cd75d462cb,CLASS_10,"[""mr"",""hi"",""en""]","{""analytics"":true,""contact_by_employers"":true}",Y08,"KaushalSetu synthetic generator v2, seed 20260929",2026-09-28T12:00:00+05:30,"SYNTHETIC demo data (KaushalSetu SIH prototype): fictional entities, team-assumed numbers, not real or official statistics.",true
a148e8a2-b6ed-55d0-af35-b4d4e1f41dbd,C-ITI-J-wireman-2024-050,d8954509-dece-5c60-9466-34cd75d462cb,CLASS_10,"[""mr"",""hi"",""en""]","{""analytics"":true,""contact_by_employers"":false}",Y08,"KaushalSetu synthetic generator v2, seed 20260929",2026-09-28T12:00:00+05:30,"SYNTHETIC demo data (KaushalSetu SIH prototype): fictional entities, team-assumed numbers, not real or official statistics.",true
489e1c9c-36cd-5bb4-ac1f-1f9d821f8b76,C-ITI-J-wireman-2024-051,d8954509-dece-5c60-9466-34cd75d462cb,CLASS_10,"[""mr"",""hi"",""en""]","{""analytics"":true,""contact_by_employers"":true}",Y08,"KaushalSetu synthetic generator v2, seed 20260929",2026-09-28T12:00:00+05:30,"SYNTHETIC demo data (KaushalSetu SIH prototype): fictional entities, team-assumed numbers, not real or official statistics.",true
0bc0cce4-bb21-562a-9c34-be1b299300c1,C-ITI-J-wireman-2024-052,d8954509-dece-5c60-9466-34cd75d462cb,CLASS_10,"[""mr"",""hi""]","{""analytics"":true,""contact_by_employers"":true}",Y08,"KaushalSetu synthetic generator v2, seed 20260929",2026-09-28T12:00:00+05:30,"SYNTHETIC demo data (KaushalSetu SIH prototype): fictional entities, team-assumed numbers, not real or official statistics.",true
1157da70-b5c2-5b6d-a625-524f3375e9dd,C-ITI-J-wireman-2024-053,d8954509-dece-5c60-9466-34cd75d462cb,CLASS_12,"[""mr"",""en""]","{""analytics"":true,""contact_by_employers"":true}",Y08,"KaushalSetu synthetic generator v2, seed 20260929",2026-09-28T12:00:00+05:30,"SYNTHETIC demo data (KaushalSetu SIH prototype): fictional entities, team-assumed numbers, not real or official statistics.",true
8fb604d2-207a-5f3f-826e-ae7a017ca1bd,C-ITI-J-wireman-2024-054,d8954509-dece-5c60-9466-34cd75d462cb,CLASS_10,"[""mr""]","{""analytics"":true,""contact_by_employers"":false}",Y08,"KaushalSetu synthetic generator v2, seed 20260929",2026-09-28T12:00:00+05:30,"SYNTHETIC demo data (KaushalSetu SIH prototype): fictional entities, team-assumed numbers, not real or official statistics.",true
195085d9-92e1-5391-8270-2964046098e6,C-ITI-J-wireman-2024-055,d8954509-dece-5c60-9466-34cd75d462cb,CLASS_12,"[""mr"",""en""]","{""analytics"":true,""contact_by_employers"":true}",Y08,"KaushalSetu synthetic generator v2, seed 20260929",2026-09-28T12:00:00+05:30,"SYNTHETIC demo data (KaushalSetu SIH prototype): fictional entities, team-assumed numbers, not real or official statistics.",true
54f8f802-61b3-59b1-ad66-b2bc2bd8f45a,C-ITI-J-wireman-2024-056,d8954509-dece-5c60-9466-34cd75d462cb,CLASS_12,"[""mr""]","{""analytics"":true,""contact_by_employers"":true}",Y08,"KaushalSetu synthetic generator v2, seed 20260929",2026-09-28T12:00:00+05:30,"SYNTHETIC demo data (KaushalSetu SIH prototype): fictional entities, team-assumed numbers, not real or official statistics.",true
507dae4d-0a4d-5da3-82f6-0fa9bf55fa49,C-ITI-J-wireman-2024-057,d8954509-dece-5c60-9466-34cd75d462cb,CLASS_10,"[""mr"",""hi""]","{""analytics"":true,""contact_by_employers"":true}",Y08,"KaushalSetu synthetic generator v2, seed 20260929",2026-09-28T12:00:00+05:30,"SYNTHETIC demo data (KaushalSetu SIH prototype): fictional entities, team-assumed numbers, not real or official statistics.",true
3b907887-e318-5d40-9bf9-28f92f9f0ca9,C-ITI-J-wireman-2024-058,d8954509-dece-5c60-9466-34cd75d462cb,CLASS_12,"[""mr"",""hi""]","{""analytics"":true,""contact_by_employers"":false}",Y08,"KaushalSetu synthetic generator v2, seed 20260929",2026-09-28T12:00:00+05:30,"SYNTHETIC demo data (KaushalSetu SIH prototype): fictional entities, team-assumed numbers, not real or official statistics.",true
ac1b585c-23d5-5dcd-9546-499b7a217f50,C-ITI-J-wireman-2024-059,d8954509-dece-5c60-9466-34cd75d462cb,CLASS_10,"[""mr"",""hi""]","{""analytics"":true,""contact_by_employers"":true}",Y08,"KaushalSetu synthetic generator v2, seed 20260929",2026-09-28T12:00:00+05:30,"SYNTHETIC demo data (KaushalSetu SIH prototype): fictional entities, team-assumed numbers, not real or official statistics.",true
63fd238d-6d26-5347-9d42-2e4fa5b49ed8,C-ITI-J-wireman-2024-060,d8954509-dece-5c60-9466-34cd75d462cb,CLASS_12,"[""mr"",""hi"",""en""]","{""analytics"":true,""contact_by_employers"":true}",Y08,"KaushalSetu synthetic generator v2, seed 20260929",2026-09-28T12:00:00+05:30,"SYNTHETIC demo data (KaushalSetu SIH prototype): fictional entities, team-assumed numbers, not real or official statistics.",true
f03af5c7-4d8d-50a7-92f9-baf87f666aec,C-ITI-J-wireman-2024-061,d8954509-dece-5c60-9466-34cd75d462cb,CLASS_12,"[""mr"",""hi""]","{""analytics"":true,""contact_by_employers"":true}",Y08,"KaushalSetu synthetic generator v2, seed 20260929",2026-09-28T12:00:00+05:30,"SYNTHETIC demo data (KaushalSetu SIH prototype): fictional entities, team-assumed numbers, not real or official statistics.",true
5fd051fa-a26d-5876-bacf-3200e83d6aa2,C-ITI-J-wireman-2024-062,d8954509-dece-5c60-9466-34cd75d462cb,CLASS_12,"[""mr"",""hi"",""en""]","{""analytics"":true,""contact_by_employers"":true}",Y08,"KaushalSetu synthetic generator v2, seed 20260929",2026-09-28T12:00:00+05:30,"SYNTHETIC demo data (KaushalSetu SIH prototype): fictional entities, team-assumed numbers, not real or official statistics.",true
0232e89b-45ad-51df-9a17-5639c328086e,C-ITI-J-wireman-2024-063,d8954509-dece-5c60-9466-34cd75d462cb,CLASS_10,"[""mr""]","{""analytics"":true,""contact_by_employers"":true}",Y08,"KaushalSetu synthetic generator v2, seed 20260929",2026-09-28T12:00:00+05:30,"SYNTHETIC demo data (KaushalSetu SIH prototype): fictional entities, team-assumed numbers, not real or official statistics.",true
0912db8a-8d12-5053-b8e8-1854f901d4f6,C-ITI-J-wireman-2024-064,d8954509-dece-5c60-9466-34cd75d462cb,CLASS_10,"[""mr"",""hi"",""en""]","{""analytics"":true,""contact_by_employers"":true}",Y08,"KaushalSetu synthetic generator v2, seed 20260929",2026-09-28T12:00:00+05:30,"SYNTHETIC demo data (KaushalSetu SIH prototype): fictional entities, team-assumed numbers, not real or official statistics.",true
4b87b8bd-37c2-5e9b-aadc-1aadcd920440,C-ITI-J-wireman-2024-065,d8954509-dece-5c60-9466-34cd75d462cb,CLASS_10,"[""mr"",""en""]","{""analytics"":true,""contact_by_employers"":true}",Y08,"KaushalSetu synthetic generator v2, seed 20260929",2026-09-28T12:00:00+05:30,"SYNTHETIC demo data (KaushalSetu SIH prototype): fictional entities, team-assumed numbers, not real or official statistics.",true
0038544c-058c-5ac4-9eff-e160792a3b40,C-ITI-J-wireman-2024-066,d8954509-dece-5c60-9466-34cd75d462cb,CLASS_12,"[""mr""]","{""analytics"":true,""contact_by_employers"":true}",Y08,"KaushalSetu synthetic generator v2, seed 20260929",2026-09-28T12:00:00+05:30,"SYNTHETIC demo data (KaushalSetu SIH prototype): fictional entities, team-assumed numbers, not real or official statistics.",true
3655a3ff-4691-540f-8c22-ad7e6e3bac51,C-ITI-J-wireman-2024-067,d8954509-dece-5c60-9466-34cd75d462cb,CLASS_10,"[""mr"",""hi""]","{""analytics"":true,""contact_by_employers"":true}",Y08,"KaushalSetu synthetic generator v2, seed 20260929",2026-09-28T12:00:00+05:30,"SYNTHETIC demo data (KaushalSetu SIH prototype): fictional entities, team-assumed numbers, not real or official statistics.",true
62243579-fb00-55ff-b805-94e48da5cc6b,C-ITI-J-wireman-2024-068,d8954509-dece-5c60-9466-34cd75d462cb,CLASS_12,"[""mr"",""hi"",""en""]","{""analytics"":true,""contact_by_employers"":false}",Y08,"KaushalSetu synthetic generator v2, seed 20260929",2026-09-28T12:00:00+05:30,"SYNTHETIC demo data (KaushalSetu SIH prototype): fictional entities, team-assumed numbers, not real or official statistics.",true
ef248b7c-bbb1-5d8f-ab75-dfdde1ab853d,C-ITI-J-wireman-2024-069,d8954509-dece-5c60-9466-34cd75d462cb,CLASS_10,"[""mr""]","{""analytics"":true,""contact_by_employers"":false}",Y08,"KaushalSetu synthetic generator v2, seed 20260929",2026-09-28T12:00:00+05:30,"SYNTHETIC demo data (KaushalSetu SIH prototype): fictional entities, team-assumed numbers, not real or official statistics.",true
d3445375-cbd3-52ab-8aa6-2f1cf847860e,C-ITI-J-wireman-2024-070,d8954509-dece-5c60-9466-34cd75d462cb,CLASS_10,"[""mr"",""hi""]","{""analytics"":true,""contact_by_employers"":true}",Y08,"KaushalSetu synthetic generator v2, seed 20260929",2026-09-28T12:00:00+05:30,"SYNTHETIC demo data (KaushalSetu SIH prototype): fictional entities, team-assumed numbers, not real or official statistics.",true
976a7a73-010e-5819-b811-11c23e024690,C-ITI-J-wireman-2024-071,d8954509-dece-5c60-9466-34cd75d462cb,CLASS_10,"[""mr"",""en""]","{""analytics"":true,""contact_by_employers"":true}",Y08,"KaushalSetu synthetic generator v2, seed 20260929",2026-09-28T12:00:00+05:30,"SYNTHETIC demo data (KaushalSetu SIH prototype): fictional entities, team-assumed numbers, not real or official statistics.",true
74eb8782-5ab4-5d6b-9b27-a1f33e274c14,C-ITI-J-wireman-2024-072,d8954509-dece-5c60-9466-34cd75d462cb,CLASS_10,"[""mr""]","{""analytics"":true,""contact_by_employers"":true}",Y08,"KaushalSetu synthetic generator v2, seed 20260929",2026-09-28T12:00:00+05:30,"SYNTHETIC demo data (KaushalSetu SIH prototype): fictional entities, team-assumed numbers, not real or official statistics.",true
e7c895b7-e97d-513d-9a89-668e9e2ba0cb,C-ITI-J-wireman-2024-073,d8954509-dece-5c60-9466-34cd75d462cb,CLASS_12,"[""mr"",""en""]","{""analytics"":true,""contact_by_employers"":true}",Y08,"KaushalSetu synthetic generator v2, seed 20260929",2026-09-28T12:00:00+05:30,"SYNTHETIC demo data (KaushalSetu SIH prototype): fictional entities, team-assumed numbers, not real or official statistics.",true
8ce40e26-9f6e-5efc-8004-ecac98f7ac56,C-ITI-J-wireman-2024-074,d8954509-dece-5c60-9466-34cd75d462cb,CLASS_12,"[""mr"",""hi"",""en""]","{""analytics"":true,""contact_by_employers"":false}",Y08,"KaushalSetu synthetic generator v2, seed 20260929",2026-09-28T12:00:00+05:30,"SYNTHETIC demo data (KaushalSetu SIH prototype): fictional entities, team-assumed numbers, not real or official statistics.",true
05537eea-0175-5a82-9b92-969a824c3e2d,C-ITI-J-wireman-2024-075,d8954509-dece-5c60-9466-34cd75d462cb,CLASS_10,"[""mr"",""hi""]","{""analytics"":true,""contact_by_employers"":false}",Y08,"KaushalSetu synthetic generator v2, seed 20260929",2026-09-28T12:00:00+05:30,"SYNTHETIC demo data (KaushalSetu SIH prototype): fictional entities, team-assumed numbers, not real or official statistics.",true
cb235609-4f22-54e2-a7d8-c434a68ca52f,C-ITI-J-wireman-2024-076,d8954509-dece-5c60-9466-34cd75d462cb,CLASS_12,"[""mr"",""hi"",""en""]","{""analytics"":true,""contact_by_employers"":true}",Y08,"KaushalSetu synthetic generator v2, seed 20260929",2026-09-28T12:00:00+05:30,"SYNTHETIC demo data (KaushalSetu SIH prototype): fictional entities, team-assumed numbers, not real or official statistics.",true
00604350-93aa-5a4f-93ec-f26bc7ae0eda,C-ITI-J-wireman-2024-077,d8954509-dece-5c60-9466-34cd75d462cb,CLASS_10,"[""mr""]","{""analytics"":true,""contact_by_employers"":true}",Y08,"KaushalSetu synthetic generator v2, seed 20260929",2026-09-28T12:00:00+05:30,"SYNTHETIC demo data (KaushalSetu SIH prototype): fictional entities, team-assumed numbers, not real or official statistics.",true
1961764c-c495-5a0d-8ad5-c307bf2f626f,C-ITI-J-wireman-2024-078,d8954509-dece-5c60-9466-34cd75d462cb,CLASS_10,"[""mr"",""en""]","{""analytics"":true,""contact_by_employers"":true}",Y08,"KaushalSetu synthetic generator v2, seed 20260929",2026-09-28T12:00:00+05:30,"SYNTHETIC demo data (KaushalSetu SIH prototype): fictional entities, team-assumed numbers, not real or official statistics.",true
c7cb90ea-b5ef-53f9-932c-7a65ee7ed29b,C-ITI-J-wireman-2025-001,d8954509-dece-5c60-9466-34cd75d462cb,CLASS_10,"[""mr""]","{""analytics"":true,""contact_by_employers"":true}",Y08,"KaushalSetu synthetic generator v2, seed 20260929",2026-09-28T12:00:00+05:30,"SYNTHETIC demo data (KaushalSetu SIH prototype): fictional entities, team-assumed numbers, not real or official statistics.",true
d14d957d-8e0d-5202-b42c-de4a3a4aee28,C-ITI-J-wireman-2025-002,d8954509-dece-5c60-9466-34cd75d462cb,CLASS_10,"[""mr"",""hi""]","{""analytics"":true,""contact_by_employers"":false}",Y08,"KaushalSetu synthetic generator v2, seed 20260929",2026-09-28T12:00:00+05:30,"SYNTHETIC demo data (KaushalSetu SIH prototype): fictional entities, team-assumed numbers, not real or official statistics.",true
e526cb37-7411-5e3d-8c91-c9b53af19ac2,C-ITI-J-wireman-2025-003,d8954509-dece-5c60-9466-34cd75d462cb,CLASS_12,"[""mr""]","{""analytics"":true,""contact_by_employers"":true}",Y08,"KaushalSetu synthetic generator v2, seed 20260929",2026-09-28T12:00:00+05:30,"SYNTHETIC demo data (KaushalSetu SIH prototype): fictional entities, team-assumed numbers, not real or official statistics.",true
f9676876-0868-526f-bc05-341b4ba2e310,C-ITI-J-wireman-2025-004,d8954509-dece-5c60-9466-34cd75d462cb,CLASS_10,"[""mr"",""en""]","{""analytics"":true,""contact_by_employers"":false}",Y08,"KaushalSetu synthetic generator v2, seed 20260929",2026-09-28T12:00:00+05:30,"SYNTHETIC demo data (KaushalSetu SIH prototype): fictional entities, team-assumed numbers, not real or official statistics.",true
5522efc4-86ce-5176-b4bf-a7c49c05b4a8,C-ITI-J-wireman-2025-005,d8954509-dece-5c60-9466-34cd75d462cb,CLASS_12,"[""mr"",""en""]","{""analytics"":true,""contact_by_employers"":true}",Y08,"KaushalSetu synthetic generator v2, seed 20260929",2026-09-28T12:00:00+05:30,"SYNTHETIC demo data (KaushalSetu SIH prototype): fictional entities, team-assumed numbers, not real or official statistics.",true
ed3c20ad-6b5a-5483-ae2c-fde212e14732,C-ITI-J-wireman-2025-006,d8954509-dece-5c60-9466-34cd75d462cb,CLASS_10,"[""mr"",""hi""]","{""analytics"":true,""contact_by_employers"":true}",Y08,"KaushalSetu synthetic generator v2, seed 20260929",2026-09-28T12:00:00+05:30,"SYNTHETIC demo data (KaushalSetu SIH prototype): fictional entities, team-assumed numbers, not real or official statistics.",true
cae93cfe-5d7d-5fea-8f3d-380383a86dff,C-ITI-J-wireman-2025-007,d8954509-dece-5c60-9466-34cd75d462cb,CLASS_10,"[""mr"",""hi""]","{""analytics"":true,""contact_by_employers"":true}",Y08,"KaushalSetu synthetic generator v2, seed 20260929",2026-09-28T12:00:00+05:30,"SYNTHETIC demo data (KaushalSetu SIH prototype): fictional entities, team-assumed numbers, not real or official statistics.",true
cd2f6c87-c5cf-5bba-b324-e7511dcb199a,C-ITI-J-wireman-2025-008,d8954509-dece-5c60-9466-34cd75d462cb,CLASS_10,"[""mr""]","{""analytics"":true,""contact_by_employers"":true}",Y08,"KaushalSetu synthetic generator v2, seed 20260929",2026-09-28T12:00:00+05:30,"SYNTHETIC demo data (KaushalSetu SIH prototype): fictional entities, team-assumed numbers, not real or official statistics.",true
bbc5aa34-f8bd-5fa4-99e5-10f787cbfbe8,C-ITI-J-wireman-2025-009,d8954509-dece-5c60-9466-34cd75d462cb,CLASS_10,"[""mr""]","{""analytics"":true,""contact_by_employers"":true}",Y08,"KaushalSetu synthetic generator v2, seed 20260929",2026-09-28T12:00:00+05:30,"SYNTHETIC demo data (KaushalSetu SIH prototype): fictional entities, team-assumed numbers, not real or official statistics.",true
d4e7cf76-ce45-5962-99d8-64c9b020892f,C-ITI-J-wireman-2025-010,d8954509-dece-5c60-9466-34cd75d462cb,CLASS_10,"[""mr"",""hi""]","{""analytics"":true,""contact_by_employers"":true}",Y08,"KaushalSetu synthetic generator v2, seed 20260929",2026-09-28T12:00:00+05:30,"SYNTHETIC demo data (KaushalSetu SIH prototype): fictional entities, team-assumed numbers, not real or official statistics.",true
09a1ff19-ecf9-5de7-ad21-b5d28dbc78a8,C-ITI-J-wireman-2025-011,d8954509-dece-5c60-9466-34cd75d462cb,CLASS_10,"[""mr"",""hi"",""en""]","{""analytics"":true,""contact_by_employers"":true}",Y08,"KaushalSetu synthetic generator v2, seed 20260929",2026-09-28T12:00:00+05:30,"SYNTHETIC demo data (KaushalSetu SIH prototype): fictional entities, team-assumed numbers, not real or official statistics.",true
1ac67fe5-039b-59a6-b977-e9c6fc47e753,C-ITI-J-wireman-2025-012,d8954509-dece-5c60-9466-34cd75d462cb,CLASS_10,"[""mr"",""hi"",""en""]","{""analytics"":true,""contact_by_employers"":true}",Y08,"KaushalSetu synthetic generator v2, seed 20260929",2026-09-28T12:00:00+05:30,"SYNTHETIC demo data (KaushalSetu SIH prototype): fictional entities, team-assumed numbers, not real or official statistics.",true
b29ee705-3605-52ab-bfa6-51b6ee12bbb0,C-ITI-J-wireman-2025-013,d8954509-dece-5c60-9466-34cd75d462cb,CLASS_10,"[""mr"",""hi""]","{""analytics"":true,""contact_by_employers"":false}",Y08,"KaushalSetu synthetic generator v2, seed 20260929",2026-09-28T12:00:00+05:30,"SYNTHETIC demo data (KaushalSetu SIH prototype): fictional entities, team-assumed numbers, not real or official statistics.",true
06e2ad82-6b61-573f-9528-15d946f8b810,C-ITI-J-wireman-2025-014,d8954509-dece-5c60-9466-34cd75d462cb,CLASS_10,"[""mr"",""en""]","{""analytics"":true,""contact_by_employers"":false}",Y08,"KaushalSetu synthetic generator v2, seed 20260929",2026-09-28T12:00:00+05:30,"SYNTHETIC demo data (KaushalSetu SIH prototype): fictional entities, team-assumed numbers, not real or official statistics.",true
fc78a5fa-a19f-5a83-8ec5-245eb45cd42e,C-ITI-J-wireman-2025-015,d8954509-dece-5c60-9466-34cd75d462cb,CLASS_10,"[""mr"",""hi""]","{""analytics"":true,""contact_by_employers"":false}",Y08,"KaushalSetu synthetic generator v2, seed 20260929",2026-09-28T12:00:00+05:30,"SYNTHETIC demo data (KaushalSetu SIH prototype): fictional entities, team-assumed numbers, not real or official statistics.",true
1f943aac-3de6-5178-b051-1b2a62bf0cd1,C-ITI-J-wireman-2025-016,d8954509-dece-5c60-9466-34cd75d462cb,CLASS_10,"[""mr"",""hi""]","{""analytics"":true,""contact_by_employers"":false}",Y08,"KaushalSetu synthetic generator v2, seed 20260929",2026-09-28T12:00:00+05:30,"SYNTHETIC demo data (KaushalSetu SIH prototype): fictional entities, team-assumed numbers, not real or official statistics.",true
0780d643-a80e-58d7-9fc7-5ba60d3704bc,C-ITI-J-wireman-2025-017,d8954509-dece-5c60-9466-34cd75d462cb,CLASS_10,"[""mr"",""hi""]","{""analytics"":true,""contact_by_employers"":false}",Y08,"KaushalSetu synthetic generator v2, seed 20260929",2026-09-28T12:00:00+05:30,"SYNTHETIC demo data (KaushalSetu SIH prototype): fictional entities, team-assumed numbers, not real or official statistics.",true
43bf76c2-abc5-5605-8f2b-7c26520f6c1b,C-ITI-J-wireman-2025-018,d8954509-dece-5c60-9466-34cd75d462cb,CLASS_10,"[""mr"",""en""]","{""analytics"":true,""contact_by_employers"":true}",Y08,"KaushalSetu synthetic generator v2, seed 20260929",2026-09-28T12:00:00+05:30,"SYNTHETIC demo data (KaushalSetu SIH prototype): fictional entities, team-assumed numbers, not real or official statistics.",true
e8c5d149-9351-51d5-9de3-30c739d8c80a,C-ITI-J-wireman-2025-019,d8954509-dece-5c60-9466-34cd75d462cb,CLASS_10,"[""mr"",""hi""]","{""analytics"":true,""contact_by_employers"":true}",Y08,"KaushalSetu synthetic generator v2, seed 20260929",2026-09-28T12:00:00+05:30,"SYNTHETIC demo data (KaushalSetu SIH prototype): fictional entities, team-assumed numbers, not real or official statistics.",true
b10ad71c-c5d9-5677-9d7f-39efbfdd640e,C-ITI-J-wireman-2025-020,d8954509-dece-5c60-9466-34cd75d462cb,CLASS_12,"[""mr""]","{""analytics"":true,""contact_by_employers"":true}",Y08,"KaushalSetu synthetic generator v2, seed 20260929",2026-09-28T12:00:00+05:30,"SYNTHETIC demo data (KaushalSetu SIH prototype): fictional entities, team-assumed numbers, not real or official statistics.",true
500aa640-558c-5af0-89b4-92789d17def4,C-ITI-J-wireman-2025-021,d8954509-dece-5c60-9466-34cd75d462cb,CLASS_12,"[""mr"",""en""]","{""analytics"":true,""contact_by_employers"":true}",Y08,"KaushalSetu synthetic generator v2, seed 20260929",2026-09-28T12:00:00+05:30,"SYNTHETIC demo data (KaushalSetu SIH prototype): fictional entities, team-assumed numbers, not real or official statistics.",true
77256f2e-bd02-5e48-8915-f76728b51361,C-ITI-J-wireman-2025-022,d8954509-dece-5c60-9466-34cd75d462cb,CLASS_12,"[""mr"",""en""]","{""analytics"":true,""contact_by_employers"":true}",Y08,"KaushalSetu synthetic generator v2, seed 20260929",2026-09-28T12:00:00+05:30,"SYNTHETIC demo data (KaushalSetu SIH prototype): fictional entities, team-assumed numbers, not real or official statistics.",true
9efc0a15-413d-57c6-8f67-308091716493,C-ITI-J-wireman-2025-023,d8954509-dece-5c60-9466-34cd75d462cb,CLASS_10,"[""mr"",""hi"",""en""]","{""analytics"":true,""contact_by_employers"":true}",Y08,"KaushalSetu synthetic generator v2, seed 20260929",2026-09-28T12:00:00+05:30,"SYNTHETIC demo data (KaushalSetu SIH prototype): fictional entities, team-assumed numbers, not real or official statistics.",true
108a09e7-fbd5-5c93-beb9-5c76f2925d1b,C-ITI-J-wireman-2025-024,d8954509-dece-5c60-9466-34cd75d462cb,CLASS_10,"[""mr"",""hi"",""en""]","{""analytics"":true,""contact_by_employers"":true}",Y08,"KaushalSetu synthetic generator v2, seed 20260929",2026-09-28T12:00:00+05:30,"SYNTHETIC demo data (KaushalSetu SIH prototype): fictional entities, team-assumed numbers, not real or official statistics.",true
e735f5a6-60aa-54cc-8570-afc280062921,C-ITI-J-wireman-2025-025,d8954509-dece-5c60-9466-34cd75d462cb,CLASS_10,"[""mr"",""hi""]","{""analytics"":true,""contact_by_employers"":true}",Y08,"KaushalSetu synthetic generator v2, seed 20260929",2026-09-28T12:00:00+05:30,"SYNTHETIC demo data (KaushalSetu SIH prototype): fictional entities, team-assumed numbers, not real or official statistics.",true
9629c3e1-6231-57c9-887c-6886ff7aeed4,C-ITI-J-wireman-2025-026,d8954509-dece-5c60-9466-34cd75d462cb,CLASS_10,"[""mr"",""hi""]","{""analytics"":true,""contact_by_employers"":true}",Y08,"KaushalSetu synthetic generator v2, seed 20260929",2026-09-28T12:00:00+05:30,"SYNTHETIC demo data (KaushalSetu SIH prototype): fictional entities, team-assumed numbers, not real or official statistics.",true
e636a238-ec3a-56d7-aede-b4b1a4c94b89,C-ITI-J-wireman-2025-027,d8954509-dece-5c60-9466-34cd75d462cb,CLASS_12,"[""mr""]","{""analytics"":true,""contact_by_employers"":true}",Y08,"KaushalSetu synthetic generator v2, seed 20260929",2026-09-28T12:00:00+05:30,"SYNTHETIC demo data (KaushalSetu SIH prototype): fictional entities, team-assumed numbers, not real or official statistics.",true
8e994fae-8862-50d2-bf09-8471fb33506a,C-ITI-J-wireman-2025-028,d8954509-dece-5c60-9466-34cd75d462cb,CLASS_12,"[""mr"",""hi""]","{""analytics"":true,""contact_by_employers"":true}",Y08,"KaushalSetu synthetic generator v2, seed 20260929",2026-09-28T12:00:00+05:30,"SYNTHETIC demo data (KaushalSetu SIH prototype): fictional entities, team-assumed numbers, not real or official statistics.",true
844b9b04-23b7-5ab3-abd6-e9f342fa945f,C-ITI-J-wireman-2025-029,d8954509-dece-5c60-9466-34cd75d462cb,CLASS_12,"[""mr"",""hi"",""en""]","{""analytics"":true,""contact_by_employers"":true}",Y08,"KaushalSetu synthetic generator v2, seed 20260929",2026-09-28T12:00:00+05:30,"SYNTHETIC demo data (KaushalSetu SIH prototype): fictional entities, team-assumed numbers, not real or official statistics.",true
4134e153-1656-597a-adc7-d667c47fc46f,C-ITI-J-wireman-2025-030,d8954509-dece-5c60-9466-34cd75d462cb,CLASS_10,"[""mr"",""hi""]","{""analytics"":true,""contact_by_employers"":false}",Y08,"KaushalSetu synthetic generator v2, seed 20260929",2026-09-28T12:00:00+05:30,"SYNTHETIC demo data (KaushalSetu SIH prototype): fictional entities, team-assumed numbers, not real or official statistics.",true
b11546f0-5e76-5f8f-b00a-57b469e9340b,C-ITI-J-wireman-2025-031,d8954509-dece-5c60-9466-34cd75d462cb,CLASS_10,"[""mr""]","{""analytics"":true,""contact_by_employers"":true}",Y08,"KaushalSetu synthetic generator v2, seed 20260929",2026-09-28T12:00:00+05:30,"SYNTHETIC demo data (KaushalSetu SIH prototype): fictional entities, team-assumed numbers, not real or official statistics.",true
054eba97-194a-5877-a43f-3b4ace3bde15,C-ITI-J-wireman-2025-032,d8954509-dece-5c60-9466-34cd75d462cb,CLASS_12,"[""mr""]","{""analytics"":true,""contact_by_employers"":true}",Y08,"KaushalSetu synthetic generator v2, seed 20260929",2026-09-28T12:00:00+05:30,"SYNTHETIC demo data (KaushalSetu SIH prototype): fictional entities, team-assumed numbers, not real or official statistics.",true
f318f872-0b50-5b62-9512-36d786cca050,C-ITI-J-wireman-2025-033,d8954509-dece-5c60-9466-34cd75d462cb,CLASS_10,"[""mr""]","{""analytics"":true,""contact_by_employers"":false}",Y08,"KaushalSetu synthetic generator v2, seed 20260929",2026-09-28T12:00:00+05:30,"SYNTHETIC demo data (KaushalSetu SIH prototype): fictional entities, team-assumed numbers, not real or official statistics.",true
84ee7dd7-3d60-5553-8742-a010a8f90ebb,C-ITI-J-wireman-2025-034,d8954509-dece-5c60-9466-34cd75d462cb,CLASS_10,"[""mr""]","{""analytics"":true,""contact_by_employers"":true}",Y08,"KaushalSetu synthetic generator v2, seed 20260929",2026-09-28T12:00:00+05:30,"SYNTHETIC demo data (KaushalSetu SIH prototype): fictional entities, team-assumed numbers, not real or official statistics.",true
d3c54660-199e-5632-bd9b-021a5eec5612,C-ITI-J-wireman-2025-035,d8954509-dece-5c60-9466-34cd75d462cb,CLASS_10,"[""mr"",""hi""]","{""analytics"":true,""contact_by_employers"":false}",Y08,"KaushalSetu synthetic generator v2, seed 20260929",2026-09-28T12:00:00+05:30,"SYNTHETIC demo data (KaushalSetu SIH prototype): fictional entities, team-assumed numbers, not real or official statistics.",true
efadda75-0bc0-5d0d-a588-923285535bdb,C-ITI-J-wireman-2025-036,d8954509-dece-5c60-9466-34cd75d462cb,CLASS_10,"[""mr"",""hi""]","{""analytics"":true,""contact_by_employers"":false}",Y08,"KaushalSetu synthetic generator v2, seed 20260929",2026-09-28T12:00:00+05:30,"SYNTHETIC demo data (KaushalSetu SIH prototype): fictional entities, team-assumed numbers, not real or official statistics.",true
2efe205e-62d5-5d24-bec9-bd2a4dc26612,C-ITI-J-wireman-2025-037,d8954509-dece-5c60-9466-34cd75d462cb,CLASS_10,"[""mr"",""hi""]","{""analytics"":true,""contact_by_employers"":true}",Y08,"KaushalSetu synthetic generator v2, seed 20260929",2026-09-28T12:00:00+05:30,"SYNTHETIC demo data (KaushalSetu SIH prototype): fictional entities, team-assumed numbers, not real or official statistics.",true
394f018b-2036-50d7-977c-54728cae2153,C-ITI-J-wireman-2025-038,d8954509-dece-5c60-9466-34cd75d462cb,CLASS_10,"[""mr""]","{""analytics"":true,""contact_by_employers"":true}",Y08,"KaushalSetu synthetic generator v2, seed 20260929",2026-09-28T12:00:00+05:30,"SYNTHETIC demo data (KaushalSetu SIH prototype): fictional entities, team-assumed numbers, not real or official statistics.",true
1ef8a3c8-c73d-527d-89c8-f7fd19a2bb21,C-ITI-J-wireman-2025-039,d8954509-dece-5c60-9466-34cd75d462cb,CLASS_10,"[""mr""]","{""analytics"":true,""contact_by_employers"":true}",Y08,"KaushalSetu synthetic generator v2, seed 20260929",2026-09-28T12:00:00+05:30,"SYNTHETIC demo data (KaushalSetu SIH prototype): fictional entities, team-assumed numbers, not real or official statistics.",true
3f43b848-2110-524a-8231-71599a79aeb0,C-ITI-J-wireman-2025-040,d8954509-dece-5c60-9466-34cd75d462cb,CLASS_10,"[""mr"",""hi""]","{""analytics"":true,""contact_by_employers"":true}",Y08,"KaushalSetu synthetic generator v2, seed 20260929",2026-09-28T12:00:00+05:30,"SYNTHETIC demo data (KaushalSetu SIH prototype): fictional entities, team-assumed numbers, not real or official statistics.",true
a243eb4c-470e-5f65-81a9-df175f66c5b0,C-ITI-J-wireman-2025-041,d8954509-dece-5c60-9466-34cd75d462cb,CLASS_10,"[""mr""]","{""analytics"":true,""contact_by_employers"":true}",Y08,"KaushalSetu synthetic generator v2, seed 20260929",2026-09-28T12:00:00+05:30,"SYNTHETIC demo data (KaushalSetu SIH prototype): fictional entities, team-assumed numbers, not real or official statistics.",true
da6d09e1-3f31-58eb-a3de-e3d4e5e31013,C-ITI-J-wireman-2025-042,d8954509-dece-5c60-9466-34cd75d462cb,CLASS_12,"[""mr"",""en""]","{""analytics"":true,""contact_by_employers"":true}",Y08,"KaushalSetu synthetic generator v2, seed 20260929",2026-09-28T12:00:00+05:30,"SYNTHETIC demo data (KaushalSetu SIH prototype): fictional entities, team-assumed numbers, not real or official statistics.",true
22daf059-0c5d-591a-89e6-85428a687032,C-ITI-J-wireman-2025-043,d8954509-dece-5c60-9466-34cd75d462cb,CLASS_12,"[""mr""]","{""analytics"":true,""contact_by_employers"":true}",Y08,"KaushalSetu synthetic generator v2, seed 20260929",2026-09-28T12:00:00+05:30,"SYNTHETIC demo data (KaushalSetu SIH prototype): fictional entities, team-assumed numbers, not real or official statistics.",true
7467ca17-2f29-50ce-b362-5e550be75bd2,C-ITI-J-wireman-2025-044,d8954509-dece-5c60-9466-34cd75d462cb,CLASS_10,"[""mr"",""hi"",""en""]","{""analytics"":true,""contact_by_employers"":true}",Y08,"KaushalSetu synthetic generator v2, seed 20260929",2026-09-28T12:00:00+05:30,"SYNTHETIC demo data (KaushalSetu SIH prototype): fictional entities, team-assumed numbers, not real or official statistics.",true
c07987c2-74a1-5eb2-a06b-98316e7300d5,C-ITI-J-wireman-2025-045,d8954509-dece-5c60-9466-34cd75d462cb,CLASS_10,"[""mr"",""hi""]","{""analytics"":true,""contact_by_employers"":true}",Y08,"KaushalSetu synthetic generator v2, seed 20260929",2026-09-28T12:00:00+05:30,"SYNTHETIC demo data (KaushalSetu SIH prototype): fictional entities, team-assumed numbers, not real or official statistics.",true
e6648052-84e7-53d8-b5b5-dc2acf3e4d83,C-ITI-J-wireman-2025-046,d8954509-dece-5c60-9466-34cd75d462cb,CLASS_10,"[""mr"",""en""]","{""analytics"":true,""contact_by_employers"":true}",Y08,"KaushalSetu synthetic generator v2, seed 20260929",2026-09-28T12:00:00+05:30,"SYNTHETIC demo data (KaushalSetu SIH prototype): fictional entities, team-assumed numbers, not real or official statistics.",true
4a11f7af-e35d-5b8b-841e-a251758b5622,C-ITI-J-wireman-2025-047,d8954509-dece-5c60-9466-34cd75d462cb,CLASS_12,"[""mr"",""hi"",""en""]","{""analytics"":true,""contact_by_employers"":true}",Y08,"KaushalSetu synthetic generator v2, seed 20260929",2026-09-28T12:00:00+05:30,"SYNTHETIC demo data (KaushalSetu SIH prototype): fictional entities, team-assumed numbers, not real or official statistics.",true
8279a041-59e9-5951-af85-284d7e29f489,C-ITI-J-wireman-2025-048,d8954509-dece-5c60-9466-34cd75d462cb,CLASS_10,"[""mr""]","{""analytics"":true,""contact_by_employers"":true}",Y08,"KaushalSetu synthetic generator v2, seed 20260929",2026-09-28T12:00:00+05:30,"SYNTHETIC demo data (KaushalSetu SIH prototype): fictional entities, team-assumed numbers, not real or official statistics.",true
38656b98-8fa8-5caa-81ea-47bc4d0f2983,C-ITI-J-wireman-2025-049,d8954509-dece-5c60-9466-34cd75d462cb,CLASS_10,"[""mr""]","{""analytics"":true,""contact_by_employers"":true}",Y08,"KaushalSetu synthetic generator v2, seed 20260929",2026-09-28T12:00:00+05:30,"SYNTHETIC demo data (KaushalSetu SIH prototype): fictional entities, team-assumed numbers, not real or official statistics.",true
10ab1b7f-5687-5f83-8b80-7ac77b784499,C-ITI-J-wireman-2025-050,d8954509-dece-5c60-9466-34cd75d462cb,CLASS_10,"[""mr"",""hi""]","{""analytics"":true,""contact_by_employers"":true}",Y08,"KaushalSetu synthetic generator v2, seed 20260929",2026-09-28T12:00:00+05:30,"SYNTHETIC demo data (KaushalSetu SIH prototype): fictional entities, team-assumed numbers, not real or official statistics.",true
4303f0a1-7e24-5954-9f2d-8d9fcd4f3f81,C-ITI-J-wireman-2025-051,d8954509-dece-5c60-9466-34cd75d462cb,CLASS_10,"[""mr"",""hi"",""en""]","{""analytics"":true,""contact_by_employers"":true}",Y08,"KaushalSetu synthetic generator v2, seed 20260929",2026-09-28T12:00:00+05:30,"SYNTHETIC demo data (KaushalSetu SIH prototype): fictional entities, team-assumed numbers, not real or official statistics.",true
e32aba3f-b80d-5723-a718-dcd7154d86bc,C-ITI-J-wireman-2025-052,d8954509-dece-5c60-9466-34cd75d462cb,CLASS_12,"[""mr"",""hi"",""en""]","{""analytics"":true,""contact_by_employers"":true}",Y08,"KaushalSetu synthetic generator v2, seed 20260929",2026-09-28T12:00:00+05:30,"SYNTHETIC demo data (KaushalSetu SIH prototype): fictional entities, team-assumed numbers, not real or official statistics.",true
505faf68-b5c9-5026-8829-d4f4c5ba0a5f,C-ITI-J-wireman-2025-053,d8954509-dece-5c60-9466-34cd75d462cb,CLASS_10,"[""mr""]","{""analytics"":true,""contact_by_employers"":true}",Y08,"KaushalSetu synthetic generator v2, seed 20260929",2026-09-28T12:00:00+05:30,"SYNTHETIC demo data (KaushalSetu SIH prototype): fictional entities, team-assumed numbers, not real or official statistics.",true
8056c38f-604f-50c8-b39e-459b50dcc57b,C-ITI-J-wireman-2025-054,d8954509-dece-5c60-9466-34cd75d462cb,CLASS_12,"[""mr""]","{""analytics"":true,""contact_by_employers"":true}",Y08,"KaushalSetu synthetic generator v2, seed 20260929",2026-09-28T12:00:00+05:30,"SYNTHETIC demo data (KaushalSetu SIH prototype): fictional entities, team-assumed numbers, not real or official statistics.",true
ceec55db-9a65-5d5a-ab02-14ce9b7853ea,C-ITI-J-wireman-2025-055,d8954509-dece-5c60-9466-34cd75d462cb,CLASS_10,"[""mr"",""hi""]","{""analytics"":true,""contact_by_employers"":true}",Y08,"KaushalSetu synthetic generator v2, seed 20260929",2026-09-28T12:00:00+05:30,"SYNTHETIC demo data (KaushalSetu SIH prototype): fictional entities, team-assumed numbers, not real or official statistics.",true
b9e2bf52-0f03-50eb-a438-cb188b1524c4,C-ITI-J-wireman-2025-056,d8954509-dece-5c60-9466-34cd75d462cb,CLASS_12,"[""mr""]","{""analytics"":true,""contact_by_employers"":false}",Y08,"KaushalSetu synthetic generator v2, seed 20260929",2026-09-28T12:00:00+05:30,"SYNTHETIC demo data (KaushalSetu SIH prototype): fictional entities, team-assumed numbers, not real or official statistics.",true
75709375-4ec9-5e9f-b004-b9b5bb6f077c,C-ITI-J-wireman-2025-057,d8954509-dece-5c60-9466-34cd75d462cb,CLASS_10,"[""mr"",""en""]","{""analytics"":true,""contact_by_employers"":true}",Y08,"KaushalSetu synthetic generator v2, seed 20260929",2026-09-28T12:00:00+05:30,"SYNTHETIC demo data (KaushalSetu SIH prototype): fictional entities, team-assumed numbers, not real or official statistics.",true
29229da8-ec1e-5240-a019-bd3d6119a5e3,C-ITI-J-wireman-2025-058,d8954509-dece-5c60-9466-34cd75d462cb,CLASS_12,"[""mr"",""hi"",""en""]","{""analytics"":true,""contact_by_employers"":false}",Y08,"KaushalSetu synthetic generator v2, seed 20260929",2026-09-28T12:00:00+05:30,"SYNTHETIC demo data (KaushalSetu SIH prototype): fictional entities, team-assumed numbers, not real or official statistics.",true
558d9956-1ea4-58d7-a1fd-fec88650c96f,C-ITI-J-wireman-2025-059,d8954509-dece-5c60-9466-34cd75d462cb,CLASS_10,"[""mr"",""hi"",""en""]","{""analytics"":true,""contact_by_employers"":true}",Y08,"KaushalSetu synthetic generator v2, seed 20260929",2026-09-28T12:00:00+05:30,"SYNTHETIC demo data (KaushalSetu SIH prototype): fictional entities, team-assumed numbers, not real or official statistics.",true
fc2e1824-8c59-5e3d-9519-403663543b53,C-ITI-J-wireman-2025-060,d8954509-dece-5c60-9466-34cd75d462cb,CLASS_10,"[""mr"",""hi"",""en""]","{""analytics"":true,""contact_by_employers"":true}",Y08,"KaushalSetu synthetic generator v2, seed 20260929",2026-09-28T12:00:00+05:30,"SYNTHETIC demo data (KaushalSetu SIH prototype): fictional entities, team-assumed numbers, not real or official statistics.",true
9f5d6416-43f9-582f-b356-513fc974d942,C-ITI-J-wireman-2025-061,d8954509-dece-5c60-9466-34cd75d462cb,CLASS_12,"[""mr"",""en""]","{""analytics"":true,""contact_by_employers"":true}",Y08,"KaushalSetu synthetic generator v2, seed 20260929",2026-09-28T12:00:00+05:30,"SYNTHETIC demo data (KaushalSetu SIH prototype): fictional entities, team-assumed numbers, not real or official statistics.",true
c76359a9-1a0f-5880-97ef-98a13b201740,C-ITI-J-wireman-2025-062,d8954509-dece-5c60-9466-34cd75d462cb,CLASS_10,"[""mr""]","{""analytics"":true,""contact_by_employers"":true}",Y08,"KaushalSetu synthetic generator v2, seed 20260929",2026-09-28T12:00:00+05:30,"SYNTHETIC demo data (KaushalSetu SIH prototype): fictional entities, team-assumed numbers, not real or official statistics.",true
ac567b3c-7061-5cc1-bf2e-21304a4a973a,C-ITI-J-wireman-2025-063,d8954509-dece-5c60-9466-34cd75d462cb,CLASS_10,"[""mr"",""hi""]","{""analytics"":true,""contact_by_employers"":true}",Y08,"KaushalSetu synthetic generator v2, seed 20260929",2026-09-28T12:00:00+05:30,"SYNTHETIC demo data (KaushalSetu SIH prototype): fictional entities, team-assumed numbers, not real or official statistics.",true
071a7ae8-32ad-5194-b68c-182254f99d9c,C-ITI-J-wireman-2025-064,d8954509-dece-5c60-9466-34cd75d462cb,CLASS_10,"[""mr"",""hi"",""en""]","{""analytics"":true,""contact_by_employers"":false}",Y08,"KaushalSetu synthetic generator v2, seed 20260929",2026-09-28T12:00:00+05:30,"SYNTHETIC demo data (KaushalSetu SIH prototype): fictional entities, team-assumed numbers, not real or official statistics.",true
e605ea01-0212-582c-8308-94209763b522,C-ITI-J-wireman-2025-065,d8954509-dece-5c60-9466-34cd75d462cb,CLASS_12,"[""mr"",""hi"",""en""]","{""analytics"":true,""contact_by_employers"":false}",Y08,"KaushalSetu synthetic generator v2, seed 20260929",2026-09-28T12:00:00+05:30,"SYNTHETIC demo data (KaushalSetu SIH prototype): fictional entities, team-assumed numbers, not real or official statistics.",true
d392e611-6dff-5202-b49a-a284df693d2d,C-ITI-J-wireman-2025-066,d8954509-dece-5c60-9466-34cd75d462cb,CLASS_10,"[""mr"",""hi""]","{""analytics"":true,""contact_by_employers"":true}",Y08,"KaushalSetu synthetic generator v2, seed 20260929",2026-09-28T12:00:00+05:30,"SYNTHETIC demo data (KaushalSetu SIH prototype): fictional entities, team-assumed numbers, not real or official statistics.",true
f9ad1512-085c-502f-93ac-560d041c83d0,C-ITI-J-wireman-2025-067,d8954509-dece-5c60-9466-34cd75d462cb,CLASS_12,"[""mr""]","{""analytics"":true,""contact_by_employers"":true}",Y08,"KaushalSetu synthetic generator v2, seed 20260929",2026-09-28T12:00:00+05:30,"SYNTHETIC demo data (KaushalSetu SIH prototype): fictional entities, team-assumed numbers, not real or official statistics.",true
8a849441-4b84-59ac-8521-b1b92b2dbc8a,C-ITI-J-wireman-2025-068,d8954509-dece-5c60-9466-34cd75d462cb,CLASS_10,"[""mr""]","{""analytics"":true,""contact_by_employers"":true}",Y08,"KaushalSetu synthetic generator v2, seed 20260929",2026-09-28T12:00:00+05:30,"SYNTHETIC demo data (KaushalSetu SIH prototype): fictional entities, team-assumed numbers, not real or official statistics.",true
37e3099e-7ace-5dc3-9ba8-8c4d172ccdd1,C-ITI-J-wireman-2025-069,d8954509-dece-5c60-9466-34cd75d462cb,CLASS_12,"[""mr"",""en""]","{""analytics"":true,""contact_by_employers"":false}",Y08,"KaushalSetu synthetic generator v2, seed 20260929",2026-09-28T12:00:00+05:30,"SYNTHETIC demo data (KaushalSetu SIH prototype): fictional entities, team-assumed numbers, not real or official statistics.",true
ee5b4a99-d273-584f-b8fd-61e0f0025d78,C-ITI-J-wireman-2025-070,d8954509-dece-5c60-9466-34cd75d462cb,CLASS_12,"[""mr"",""en""]","{""analytics"":true,""contact_by_employers"":true}",Y08,"KaushalSetu synthetic generator v2, seed 20260929",2026-09-28T12:00:00+05:30,"SYNTHETIC demo data (KaushalSetu SIH prototype): fictional entities, team-assumed numbers, not real or official statistics.",true
61bb644e-cc76-59f9-97a5-7bd76564b1b7,C-ITI-J-wireman-2025-071,d8954509-dece-5c60-9466-34cd75d462cb,CLASS_10,"[""mr"",""hi"",""en""]","{""analytics"":true,""contact_by_employers"":true}",Y08,"KaushalSetu synthetic generator v2, seed 20260929",2026-09-28T12:00:00+05:30,"SYNTHETIC demo data (KaushalSetu SIH prototype): fictional entities, team-assumed numbers, not real or official statistics.",true
77e53491-ef50-5b7d-b792-11b54586dd17,C-ITI-J-wireman-2025-072,d8954509-dece-5c60-9466-34cd75d462cb,CLASS_10,"[""mr"",""hi"",""en""]","{""analytics"":true,""contact_by_employers"":false}",Y08,"KaushalSetu synthetic generator v2, seed 20260929",2026-09-28T12:00:00+05:30,"SYNTHETIC demo data (KaushalSetu SIH prototype): fictional entities, team-assumed numbers, not real or official statistics.",true
a330196b-9ea7-53e5-8fb1-5191c78dc49a,C-ITI-J-wireman-2025-073,d8954509-dece-5c60-9466-34cd75d462cb,CLASS_10,"[""mr"",""hi""]","{""analytics"":true,""contact_by_employers"":false}",Y08,"KaushalSetu synthetic generator v2, seed 20260929",2026-09-28T12:00:00+05:30,"SYNTHETIC demo data (KaushalSetu SIH prototype): fictional entities, team-assumed numbers, not real or official statistics.",true
e3dc5f1b-849c-590d-858c-e817330b81ed,C-ITI-J-wireman-2025-074,d8954509-dece-5c60-9466-34cd75d462cb,CLASS_12,"[""mr"",""en""]","{""analytics"":true,""contact_by_employers"":true}",Y08,"KaushalSetu synthetic generator v2, seed 20260929",2026-09-28T12:00:00+05:30,"SYNTHETIC demo data (KaushalSetu SIH prototype): fictional entities, team-assumed numbers, not real or official statistics.",true
7842de36-f498-55de-aeb3-b1e98fed9793,C-ITI-J-wireman-2025-075,d8954509-dece-5c60-9466-34cd75d462cb,CLASS_10,"[""mr""]","{""analytics"":true,""contact_by_employers"":true}",Y08,"KaushalSetu synthetic generator v2, seed 20260929",2026-09-28T12:00:00+05:30,"SYNTHETIC demo data (KaushalSetu SIH prototype): fictional entities, team-assumed numbers, not real or official statistics.",true
f3fbea58-a78b-5ba2-ad23-ff8f7723ea16,C-ITI-J-wireman-2025-076,d8954509-dece-5c60-9466-34cd75d462cb,CLASS_10,"[""mr"",""hi""]","{""analytics"":true,""contact_by_employers"":true}",Y08,"KaushalSetu synthetic generator v2, seed 20260929",2026-09-28T12:00:00+05:30,"SYNTHETIC demo data (KaushalSetu SIH prototype): fictional entities, team-assumed numbers, not real or official statistics.",true
280648aa-8dc3-5916-89bd-177e51130242,C-ITI-J-electrician-2024-001,d8954509-dece-5c60-9466-34cd75d462cb,CLASS_10,"[""mr"",""hi"",""en""]","{""analytics"":true,""contact_by_employers"":false}",Y08,"KaushalSetu synthetic generator v2, seed 20260929",2026-09-28T12:00:00+05:30,"SYNTHETIC demo data (KaushalSetu SIH prototype): fictional entities, team-assumed numbers, not real or official statistics.",true
6db76935-d8c5-5ef1-a0b7-8cea694d0c69,C-ITI-J-electrician-2024-002,d8954509-dece-5c60-9466-34cd75d462cb,CLASS_10,"[""mr""]","{""analytics"":true,""contact_by_employers"":true}",Y08,"KaushalSetu synthetic generator v2, seed 20260929",2026-09-28T12:00:00+05:30,"SYNTHETIC demo data (KaushalSetu SIH prototype): fictional entities, team-assumed numbers, not real or official statistics.",true
037e62d6-52e7-5cd8-ba7f-104e837da3f2,C-ITI-J-electrician-2024-003,d8954509-dece-5c60-9466-34cd75d462cb,CLASS_10,"[""mr"",""en""]","{""analytics"":true,""contact_by_employers"":false}",Y08,"KaushalSetu synthetic generator v2, seed 20260929",2026-09-28T12:00:00+05:30,"SYNTHETIC demo data (KaushalSetu SIH prototype): fictional entities, team-assumed numbers, not real or official statistics.",true
337d0114-5cb3-5b2e-89b7-ef839573743f,C-ITI-J-electrician-2024-004,d8954509-dece-5c60-9466-34cd75d462cb,CLASS_10,"[""mr"",""en""]","{""analytics"":true,""contact_by_employers"":true}",Y08,"KaushalSetu synthetic generator v2, seed 20260929",2026-09-28T12:00:00+05:30,"SYNTHETIC demo data (KaushalSetu SIH prototype): fictional entities, team-assumed numbers, not real or official statistics.",true
bdc7f93e-4eed-5f9e-b4d7-d5c04237fd1a,C-ITI-J-electrician-2024-005,d8954509-dece-5c60-9466-34cd75d462cb,CLASS_10,"[""mr"",""hi"",""en""]","{""analytics"":true,""contact_by_employers"":false}",Y08,"KaushalSetu synthetic generator v2, seed 20260929",2026-09-28T12:00:00+05:30,"SYNTHETIC demo data (KaushalSetu SIH prototype): fictional entities, team-assumed numbers, not real or official statistics.",true
d678218e-80d3-5af3-b088-03025889465b,C-ITI-J-electrician-2024-006,d8954509-dece-5c60-9466-34cd75d462cb,CLASS_10,"[""mr"",""hi"",""en""]","{""analytics"":true,""contact_by_employers"":false}",Y08,"KaushalSetu synthetic generator v2, seed 20260929",2026-09-28T12:00:00+05:30,"SYNTHETIC demo data (KaushalSetu SIH prototype): fictional entities, team-assumed numbers, not real or official statistics.",true
31a19759-6359-5a16-8906-1db375aac5fe,C-ITI-J-electrician-2024-007,d8954509-dece-5c60-9466-34cd75d462cb,CLASS_12,"[""mr""]","{""analytics"":true,""contact_by_employers"":true}",Y08,"KaushalSetu synthetic generator v2, seed 20260929",2026-09-28T12:00:00+05:30,"SYNTHETIC demo data (KaushalSetu SIH prototype): fictional entities, team-assumed numbers, not real or official statistics.",true
937c19f4-66d8-5769-a2c8-d981af6da987,C-ITI-J-electrician-2024-008,d8954509-dece-5c60-9466-34cd75d462cb,CLASS_10,"[""mr"",""hi""]","{""analytics"":true,""contact_by_employers"":true}",Y08,"KaushalSetu synthetic generator v2, seed 20260929",2026-09-28T12:00:00+05:30,"SYNTHETIC demo data (KaushalSetu SIH prototype): fictional entities, team-assumed numbers, not real or official statistics.",true
3c7d337b-c54e-57f9-a6ba-ad4aaf2df4b9,C-ITI-J-electrician-2024-009,d8954509-dece-5c60-9466-34cd75d462cb,CLASS_12,"[""mr"",""en""]","{""analytics"":true,""contact_by_employers"":true}",Y08,"KaushalSetu synthetic generator v2, seed 20260929",2026-09-28T12:00:00+05:30,"SYNTHETIC demo data (KaushalSetu SIH prototype): fictional entities, team-assumed numbers, not real or official statistics.",true
9fe0bde7-0f4e-51ae-80ac-dc5ffab5447b,C-ITI-J-electrician-2024-010,d8954509-dece-5c60-9466-34cd75d462cb,CLASS_12,"[""mr"",""hi""]","{""analytics"":true,""contact_by_employers"":true}",Y08,"KaushalSetu synthetic generator v2, seed 20260929",2026-09-28T12:00:00+05:30,"SYNTHETIC demo data (KaushalSetu SIH prototype): fictional entities, team-assumed numbers, not real or official statistics.",true
0098663a-5cdf-5b15-ae72-e8a766c26b66,C-ITI-J-electrician-2024-011,d8954509-dece-5c60-9466-34cd75d462cb,CLASS_10,"[""mr"",""hi""]","{""analytics"":true,""contact_by_employers"":true}",Y08,"KaushalSetu synthetic generator v2, seed 20260929",2026-09-28T12:00:00+05:30,"SYNTHETIC demo data (KaushalSetu SIH prototype): fictional entities, team-assumed numbers, not real or official statistics.",true
ef6c8b06-d3ea-5d36-a103-5ccd917ee3e8,C-ITI-J-electrician-2024-012,d8954509-dece-5c60-9466-34cd75d462cb,CLASS_12,"[""mr"",""hi"",""en""]","{""analytics"":true,""contact_by_employers"":true}",Y08,"KaushalSetu synthetic generator v2, seed 20260929",2026-09-28T12:00:00+05:30,"SYNTHETIC demo data (KaushalSetu SIH prototype): fictional entities, team-assumed numbers, not real or official statistics.",true
60c2c6fa-fd0f-5ca5-a074-da04f96fba11,C-ITI-J-electrician-2024-013,d8954509-dece-5c60-9466-34cd75d462cb,CLASS_10,"[""mr""]","{""analytics"":true,""contact_by_employers"":true}",Y08,"KaushalSetu synthetic generator v2, seed 20260929",2026-09-28T12:00:00+05:30,"SYNTHETIC demo data (KaushalSetu SIH prototype): fictional entities, team-assumed numbers, not real or official statistics.",true
5d9358ad-a7ec-53a2-9819-d9cedc799f03,C-ITI-J-electrician-2024-014,d8954509-dece-5c60-9466-34cd75d462cb,CLASS_10,"[""mr"",""hi""]","{""analytics"":true,""contact_by_employers"":true}",Y08,"KaushalSetu synthetic generator v2, seed 20260929",2026-09-28T12:00:00+05:30,"SYNTHETIC demo data (KaushalSetu SIH prototype): fictional entities, team-assumed numbers, not real or official statistics.",true
7776da1e-7e02-5f85-93f6-2d2128c46a26,C-ITI-J-electrician-2024-015,d8954509-dece-5c60-9466-34cd75d462cb,CLASS_10,"[""mr"",""hi""]","{""analytics"":true,""contact_by_employers"":true}",Y08,"KaushalSetu synthetic generator v2, seed 20260929",2026-09-28T12:00:00+05:30,"SYNTHETIC demo data (KaushalSetu SIH prototype): fictional entities, team-assumed numbers, not real or official statistics.",true
b2598e47-18ea-528c-bbf8-61293f45d1d9,C-ITI-J-electrician-2024-016,d8954509-dece-5c60-9466-34cd75d462cb,CLASS_10,"[""mr""]","{""analytics"":true,""contact_by_employers"":true}",Y08,"KaushalSetu synthetic generator v2, seed 20260929",2026-09-28T12:00:00+05:30,"SYNTHETIC demo data (KaushalSetu SIH prototype): fictional entities, team-assumed numbers, not real or official statistics.",true
6749bbe2-2359-5f0f-9114-f9f669cdeb42,C-ITI-J-electrician-2024-017,d8954509-dece-5c60-9466-34cd75d462cb,CLASS_10,"[""mr"",""hi"",""en""]","{""analytics"":true,""contact_by_employers"":false}",Y08,"KaushalSetu synthetic generator v2, seed 20260929",2026-09-28T12:00:00+05:30,"SYNTHETIC demo data (KaushalSetu SIH prototype): fictional entities, team-assumed numbers, not real or official statistics.",true
3b35927a-11d5-57a5-90f9-e9fa4b6fda7a,C-ITI-J-electrician-2024-018,d8954509-dece-5c60-9466-34cd75d462cb,CLASS_12,"[""mr"",""hi""]","{""analytics"":true,""contact_by_employers"":true}",Y08,"KaushalSetu synthetic generator v2, seed 20260929",2026-09-28T12:00:00+05:30,"SYNTHETIC demo data (KaushalSetu SIH prototype): fictional entities, team-assumed numbers, not real or official statistics.",true
18b706db-8da0-58fe-b7f4-4226f19ea4a6,C-ITI-J-electrician-2024-019,d8954509-dece-5c60-9466-34cd75d462cb,CLASS_12,"[""mr"",""hi""]","{""analytics"":true,""contact_by_employers"":false}",Y08,"KaushalSetu synthetic generator v2, seed 20260929",2026-09-28T12:00:00+05:30,"SYNTHETIC demo data (KaushalSetu SIH prototype): fictional entities, team-assumed numbers, not real or official statistics.",true
974a6900-ac7f-59f6-9ce5-a86d7a6c50d9,C-ITI-J-electrician-2024-020,d8954509-dece-5c60-9466-34cd75d462cb,CLASS_12,"[""mr"",""hi""]","{""analytics"":true,""contact_by_employers"":false}",Y08,"KaushalSetu synthetic generator v2, seed 20260929",2026-09-28T12:00:00+05:30,"SYNTHETIC demo data (KaushalSetu SIH prototype): fictional entities, team-assumed numbers, not real or official statistics.",true
61f54d59-9e50-5153-bd00-feffe05ff4f7,C-ITI-J-electrician-2024-021,d8954509-dece-5c60-9466-34cd75d462cb,CLASS_10,"[""mr"",""hi""]","{""analytics"":true,""contact_by_employers"":false}",Y08,"KaushalSetu synthetic generator v2, seed 20260929",2026-09-28T12:00:00+05:30,"SYNTHETIC demo data (KaushalSetu SIH prototype): fictional entities, team-assumed numbers, not real or official statistics.",true
a04bc76f-8bd4-50c5-803a-373746e0c777,C-ITI-J-electrician-2024-022,d8954509-dece-5c60-9466-34cd75d462cb,CLASS_12,"[""mr"",""en""]","{""analytics"":true,""contact_by_employers"":true}",Y08,"KaushalSetu synthetic generator v2, seed 20260929",2026-09-28T12:00:00+05:30,"SYNTHETIC demo data (KaushalSetu SIH prototype): fictional entities, team-assumed numbers, not real or official statistics.",true
ef6abefe-744e-5083-a9cc-1e5bd5f47eb2,C-ITI-J-electrician-2024-023,d8954509-dece-5c60-9466-34cd75d462cb,CLASS_10,"[""mr"",""hi""]","{""analytics"":true,""contact_by_employers"":true}",Y08,"KaushalSetu synthetic generator v2, seed 20260929",2026-09-28T12:00:00+05:30,"SYNTHETIC demo data (KaushalSetu SIH prototype): fictional entities, team-assumed numbers, not real or official statistics.",true
ea84dd32-6afb-5c59-81a5-b626946e2d02,C-ITI-J-electrician-2024-024,d8954509-dece-5c60-9466-34cd75d462cb,CLASS_12,"[""mr""]","{""analytics"":true,""contact_by_employers"":false}",Y08,"KaushalSetu synthetic generator v2, seed 20260929",2026-09-28T12:00:00+05:30,"SYNTHETIC demo data (KaushalSetu SIH prototype): fictional entities, team-assumed numbers, not real or official statistics.",true
f42a8406-4e19-5984-8a0e-3a0bf04bf5ac,C-ITI-J-electrician-2024-025,d8954509-dece-5c60-9466-34cd75d462cb,CLASS_10,"[""mr"",""hi""]","{""analytics"":true,""contact_by_employers"":true}",Y08,"KaushalSetu synthetic generator v2, seed 20260929",2026-09-28T12:00:00+05:30,"SYNTHETIC demo data (KaushalSetu SIH prototype): fictional entities, team-assumed numbers, not real or official statistics.",true
65b6dc8d-72fe-5350-b0f6-6fc13e611a7f,C-ITI-J-electrician-2024-026,d8954509-dece-5c60-9466-34cd75d462cb,CLASS_12,"[""mr"",""hi"",""en""]","{""analytics"":true,""contact_by_employers"":true}",Y08,"KaushalSetu synthetic generator v2, seed 20260929",2026-09-28T12:00:00+05:30,"SYNTHETIC demo data (KaushalSetu SIH prototype): fictional entities, team-assumed numbers, not real or official statistics.",true
d0347f00-45b5-5bfe-9516-ed7818bb0625,C-ITI-J-electrician-2024-027,d8954509-dece-5c60-9466-34cd75d462cb,CLASS_10,"[""mr""]","{""analytics"":true,""contact_by_employers"":true}",Y08,"KaushalSetu synthetic generator v2, seed 20260929",2026-09-28T12:00:00+05:30,"SYNTHETIC demo data (KaushalSetu SIH prototype): fictional entities, team-assumed numbers, not real or official statistics.",true
1781c1bf-afd7-56e1-ad53-8360e8d1523d,C-ITI-J-electrician-2024-028,d8954509-dece-5c60-9466-34cd75d462cb,CLASS_10,"[""mr"",""hi"",""en""]","{""analytics"":true,""contact_by_employers"":true}",Y08,"KaushalSetu synthetic generator v2, seed 20260929",2026-09-28T12:00:00+05:30,"SYNTHETIC demo data (KaushalSetu SIH prototype): fictional entities, team-assumed numbers, not real or official statistics.",true
db12d02e-de85-57be-969a-bcefffec3c17,C-ITI-J-electrician-2024-029,d8954509-dece-5c60-9466-34cd75d462cb,CLASS_10,"[""mr""]","{""analytics"":true,""contact_by_employers"":false}",Y08,"KaushalSetu synthetic generator v2, seed 20260929",2026-09-28T12:00:00+05:30,"SYNTHETIC demo data (KaushalSetu SIH prototype): fictional entities, team-assumed numbers, not real or official statistics.",true
ffffc3d6-7f74-5347-ae7e-8f7416c45c98,C-ITI-J-electrician-2024-030,d8954509-dece-5c60-9466-34cd75d462cb,CLASS_12,"[""mr""]","{""analytics"":true,""contact_by_employers"":true}",Y08,"KaushalSetu synthetic generator v2, seed 20260929",2026-09-28T12:00:00+05:30,"SYNTHETIC demo data (KaushalSetu SIH prototype): fictional entities, team-assumed numbers, not real or official statistics.",true
1877b4a3-ecfd-51c8-9f3d-2805fc207583,C-ITI-J-electrician-2024-031,d8954509-dece-5c60-9466-34cd75d462cb,CLASS_10,"[""mr""]","{""analytics"":true,""contact_by_employers"":true}",Y08,"KaushalSetu synthetic generator v2, seed 20260929",2026-09-28T12:00:00+05:30,"SYNTHETIC demo data (KaushalSetu SIH prototype): fictional entities, team-assumed numbers, not real or official statistics.",true
afce2df4-645b-5bde-a8f7-13e81e292188,C-ITI-J-electrician-2024-032,d8954509-dece-5c60-9466-34cd75d462cb,CLASS_10,"[""mr""]","{""analytics"":true,""contact_by_employers"":true}",Y08,"KaushalSetu synthetic generator v2, seed 20260929",2026-09-28T12:00:00+05:30,"SYNTHETIC demo data (KaushalSetu SIH prototype): fictional entities, team-assumed numbers, not real or official statistics.",true
1c64ce79-c518-52a1-9fcb-65b6f8d65fe0,C-ITI-J-electrician-2024-033,d8954509-dece-5c60-9466-34cd75d462cb,CLASS_10,"[""mr"",""hi""]","{""analytics"":true,""contact_by_employers"":false}",Y08,"KaushalSetu synthetic generator v2, seed 20260929",2026-09-28T12:00:00+05:30,"SYNTHETIC demo data (KaushalSetu SIH prototype): fictional entities, team-assumed numbers, not real or official statistics.",true
25e0b5c3-863e-5de8-bc1e-1de883f88eba,C-ITI-J-electrician-2024-034,d8954509-dece-5c60-9466-34cd75d462cb,CLASS_10,"[""mr"",""hi""]","{""analytics"":true,""contact_by_employers"":true}",Y08,"KaushalSetu synthetic generator v2, seed 20260929",2026-09-28T12:00:00+05:30,"SYNTHETIC demo data (KaushalSetu SIH prototype): fictional entities, team-assumed numbers, not real or official statistics.",true
99ab5fed-12a3-5815-851b-69b12da3c772,C-ITI-J-electrician-2024-035,d8954509-dece-5c60-9466-34cd75d462cb,CLASS_12,"[""mr"",""hi""]","{""analytics"":true,""contact_by_employers"":false}",Y08,"KaushalSetu synthetic generator v2, seed 20260929",2026-09-28T12:00:00+05:30,"SYNTHETIC demo data (KaushalSetu SIH prototype): fictional entities, team-assumed numbers, not real or official statistics.",true
7719e3ce-2a54-5169-a042-7aa49a5e57c0,C-ITI-J-electrician-2024-036,d8954509-dece-5c60-9466-34cd75d462cb,CLASS_10,"[""mr"",""hi""]","{""analytics"":true,""contact_by_employers"":true}",Y08,"KaushalSetu synthetic generator v2, seed 20260929",2026-09-28T12:00:00+05:30,"SYNTHETIC demo data (KaushalSetu SIH prototype): fictional entities, team-assumed numbers, not real or official statistics.",true
94aa3bc6-86d1-58af-a09e-1c6e05f7af39,C-ITI-J-electrician-2025-001,d8954509-dece-5c60-9466-34cd75d462cb,CLASS_12,"[""mr"",""hi""]","{""analytics"":true,""contact_by_employers"":false}",Y08,"KaushalSetu synthetic generator v2, seed 20260929",2026-09-28T12:00:00+05:30,"SYNTHETIC demo data (KaushalSetu SIH prototype): fictional entities, team-assumed numbers, not real or official statistics.",true
e233e2e5-d349-5de0-aa73-c10e1f63f8f6,C-ITI-J-electrician-2025-002,d8954509-dece-5c60-9466-34cd75d462cb,CLASS_10,"[""mr""]","{""analytics"":true,""contact_by_employers"":false}",Y08,"KaushalSetu synthetic generator v2, seed 20260929",2026-09-28T12:00:00+05:30,"SYNTHETIC demo data (KaushalSetu SIH prototype): fictional entities, team-assumed numbers, not real or official statistics.",true
2a8568d5-6b0c-5cdb-bdc4-cd3c03950c37,C-ITI-J-electrician-2025-003,d8954509-dece-5c60-9466-34cd75d462cb,CLASS_10,"[""mr"",""hi""]","{""analytics"":true,""contact_by_employers"":true}",Y08,"KaushalSetu synthetic generator v2, seed 20260929",2026-09-28T12:00:00+05:30,"SYNTHETIC demo data (KaushalSetu SIH prototype): fictional entities, team-assumed numbers, not real or official statistics.",true
f6b31b00-c9c6-55f3-b1c4-f349c570b3e3,C-ITI-J-electrician-2025-004,d8954509-dece-5c60-9466-34cd75d462cb,CLASS_10,"[""mr"",""hi""]","{""analytics"":true,""contact_by_employers"":true}",Y08,"KaushalSetu synthetic generator v2, seed 20260929",2026-09-28T12:00:00+05:30,"SYNTHETIC demo data (KaushalSetu SIH prototype): fictional entities, team-assumed numbers, not real or official statistics.",true
198cf439-e429-5fc0-b8fa-63bc0c21a2cd,C-ITI-J-electrician-2025-005,d8954509-dece-5c60-9466-34cd75d462cb,CLASS_10,"[""mr"",""hi"",""en""]","{""analytics"":true,""contact_by_employers"":true}",Y08,"KaushalSetu synthetic generator v2, seed 20260929",2026-09-28T12:00:00+05:30,"SYNTHETIC demo data (KaushalSetu SIH prototype): fictional entities, team-assumed numbers, not real or official statistics.",true
01c1540a-b759-5427-a136-d77b0d4b6061,C-ITI-J-electrician-2025-006,d8954509-dece-5c60-9466-34cd75d462cb,CLASS_10,"[""mr"",""hi"",""en""]","{""analytics"":true,""contact_by_employers"":true}",Y08,"KaushalSetu synthetic generator v2, seed 20260929",2026-09-28T12:00:00+05:30,"SYNTHETIC demo data (KaushalSetu SIH prototype): fictional entities, team-assumed numbers, not real or official statistics.",true
e5ec97be-e460-5d60-a65e-0fc050b27fd8,C-ITI-J-electrician-2025-007,d8954509-dece-5c60-9466-34cd75d462cb,CLASS_10,"[""mr"",""hi""]","{""analytics"":true,""contact_by_employers"":true}",Y08,"KaushalSetu synthetic generator v2, seed 20260929",2026-09-28T12:00:00+05:30,"SYNTHETIC demo data (KaushalSetu SIH prototype): fictional entities, team-assumed numbers, not real or official statistics.",true
25f566e1-1fc0-5000-b56d-2cc07e8d6057,C-ITI-J-electrician-2025-008,d8954509-dece-5c60-9466-34cd75d462cb,CLASS_10,"[""mr"",""hi""]","{""analytics"":true,""contact_by_employers"":true}",Y08,"KaushalSetu synthetic generator v2, seed 20260929",2026-09-28T12:00:00+05:30,"SYNTHETIC demo data (KaushalSetu SIH prototype): fictional entities, team-assumed numbers, not real or official statistics.",true
a6e87469-f202-519f-a397-bd0373df60d6,C-ITI-J-electrician-2025-009,d8954509-dece-5c60-9466-34cd75d462cb,CLASS_10,"[""mr"",""hi"",""en""]","{""analytics"":true,""contact_by_employers"":false}",Y08,"KaushalSetu synthetic generator v2, seed 20260929",2026-09-28T12:00:00+05:30,"SYNTHETIC demo data (KaushalSetu SIH prototype): fictional entities, team-assumed numbers, not real or official statistics.",true
8261ae4a-fc95-5b4a-b7eb-8d0e77d7c56c,C-ITI-J-electrician-2025-010,d8954509-dece-5c60-9466-34cd75d462cb,CLASS_10,"[""mr"",""hi""]","{""analytics"":true,""contact_by_employers"":false}",Y08,"KaushalSetu synthetic generator v2, seed 20260929",2026-09-28T12:00:00+05:30,"SYNTHETIC demo data (KaushalSetu SIH prototype): fictional entities, team-assumed numbers, not real or official statistics.",true
bc7ba141-5ae7-544a-b641-963a45c6c79d,C-ITI-J-electrician-2025-011,d8954509-dece-5c60-9466-34cd75d462cb,CLASS_12,"[""mr"",""en""]","{""analytics"":true,""contact_by_employers"":true}",Y08,"KaushalSetu synthetic generator v2, seed 20260929",2026-09-28T12:00:00+05:30,"SYNTHETIC demo data (KaushalSetu SIH prototype): fictional entities, team-assumed numbers, not real or official statistics.",true
27e9fe4f-2b91-50ff-b164-3f81ef6a16b9,C-ITI-J-electrician-2025-012,d8954509-dece-5c60-9466-34cd75d462cb,CLASS_12,"[""mr""]","{""analytics"":true,""contact_by_employers"":true}",Y08,"KaushalSetu synthetic generator v2, seed 20260929",2026-09-28T12:00:00+05:30,"SYNTHETIC demo data (KaushalSetu SIH prototype): fictional entities, team-assumed numbers, not real or official statistics.",true
1c9f3c0d-c643-5f21-b9cb-46e87a3b6994,C-ITI-J-electrician-2025-013,d8954509-dece-5c60-9466-34cd75d462cb,CLASS_10,"[""mr"",""en""]","{""analytics"":true,""contact_by_employers"":true}",Y08,"KaushalSetu synthetic generator v2, seed 20260929",2026-09-28T12:00:00+05:30,"SYNTHETIC demo data (KaushalSetu SIH prototype): fictional entities, team-assumed numbers, not real or official statistics.",true
3d384e57-665f-5358-b2c3-cfcad3ad48f4,C-ITI-J-electrician-2025-014,d8954509-dece-5c60-9466-34cd75d462cb,CLASS_10,"[""mr"",""hi""]","{""analytics"":true,""contact_by_employers"":false}",Y08,"KaushalSetu synthetic generator v2, seed 20260929",2026-09-28T12:00:00+05:30,"SYNTHETIC demo data (KaushalSetu SIH prototype): fictional entities, team-assumed numbers, not real or official statistics.",true
431f0b69-55a9-54b6-a72f-07f8f933a55a,C-ITI-J-electrician-2025-015,d8954509-dece-5c60-9466-34cd75d462cb,CLASS_10,"[""mr"",""en""]","{""analytics"":true,""contact_by_employers"":true}",Y08,"KaushalSetu synthetic generator v2, seed 20260929",2026-09-28T12:00:00+05:30,"SYNTHETIC demo data (KaushalSetu SIH prototype): fictional entities, team-assumed numbers, not real or official statistics.",true
91f60ff6-fce5-5d4f-b29d-2d3cf5de12e2,C-ITI-J-electrician-2025-016,d8954509-dece-5c60-9466-34cd75d462cb,CLASS_10,"[""mr"",""hi"",""en""]","{""analytics"":true,""contact_by_employers"":true}",Y08,"KaushalSetu synthetic generator v2, seed 20260929",2026-09-28T12:00:00+05:30,"SYNTHETIC demo data (KaushalSetu SIH prototype): fictional entities, team-assumed numbers, not real or official statistics.",true
0259eaa3-cd69-5b4c-b680-e202b256f888,C-ITI-J-electrician-2025-017,d8954509-dece-5c60-9466-34cd75d462cb,CLASS_12,"[""mr""]","{""analytics"":true,""contact_by_employers"":false}",Y08,"KaushalSetu synthetic generator v2, seed 20260929",2026-09-28T12:00:00+05:30,"SYNTHETIC demo data (KaushalSetu SIH prototype): fictional entities, team-assumed numbers, not real or official statistics.",true
accc64d4-3689-5c40-97bb-c8c6e7de94bc,C-ITI-J-electrician-2025-018,d8954509-dece-5c60-9466-34cd75d462cb,CLASS_10,"[""mr"",""hi"",""en""]","{""analytics"":true,""contact_by_employers"":true}",Y08,"KaushalSetu synthetic generator v2, seed 20260929",2026-09-28T12:00:00+05:30,"SYNTHETIC demo data (KaushalSetu SIH prototype): fictional entities, team-assumed numbers, not real or official statistics.",true
1f6c39e6-bf0a-5658-81ca-a69d24d45e93,C-ITI-J-electrician-2025-019,d8954509-dece-5c60-9466-34cd75d462cb,CLASS_12,"[""mr"",""hi""]","{""analytics"":true,""contact_by_employers"":true}",Y08,"KaushalSetu synthetic generator v2, seed 20260929",2026-09-28T12:00:00+05:30,"SYNTHETIC demo data (KaushalSetu SIH prototype): fictional entities, team-assumed numbers, not real or official statistics.",true
dfb5e9be-4347-5eeb-b58b-7ec097f63f05,C-ITI-J-electrician-2025-020,d8954509-dece-5c60-9466-34cd75d462cb,CLASS_10,"[""mr"",""hi"",""en""]","{""analytics"":true,""contact_by_employers"":true}",Y08,"KaushalSetu synthetic generator v2, seed 20260929",2026-09-28T12:00:00+05:30,"SYNTHETIC demo data (KaushalSetu SIH prototype): fictional entities, team-assumed numbers, not real or official statistics.",true
76459d3a-07a0-54ae-8c44-857c2ef670ad,C-ITI-J-electrician-2025-021,d8954509-dece-5c60-9466-34cd75d462cb,CLASS_12,"[""mr"",""hi""]","{""analytics"":true,""contact_by_employers"":true}",Y08,"KaushalSetu synthetic generator v2, seed 20260929",2026-09-28T12:00:00+05:30,"SYNTHETIC demo data (KaushalSetu SIH prototype): fictional entities, team-assumed numbers, not real or official statistics.",true
ac545de4-cda3-5dc5-865a-07bfab4b8a71,C-ITI-J-electrician-2025-022,d8954509-dece-5c60-9466-34cd75d462cb,CLASS_10,"[""mr"",""hi"",""en""]","{""analytics"":true,""contact_by_employers"":true}",Y08,"KaushalSetu synthetic generator v2, seed 20260929",2026-09-28T12:00:00+05:30,"SYNTHETIC demo data (KaushalSetu SIH prototype): fictional entities, team-assumed numbers, not real or official statistics.",true
a66657fd-e60f-563f-81c7-9a451b6df1f8,C-ITI-J-electrician-2025-023,d8954509-dece-5c60-9466-34cd75d462cb,CLASS_10,"[""mr"",""en""]","{""analytics"":true,""contact_by_employers"":false}",Y08,"KaushalSetu synthetic generator v2, seed 20260929",2026-09-28T12:00:00+05:30,"SYNTHETIC demo data (KaushalSetu SIH prototype): fictional entities, team-assumed numbers, not real or official statistics.",true
1266e4a5-c7ab-5f3a-88b6-023f7fda7840,C-ITI-J-electrician-2025-024,d8954509-dece-5c60-9466-34cd75d462cb,CLASS_12,"[""mr"",""hi""]","{""analytics"":true,""contact_by_employers"":true}",Y08,"KaushalSetu synthetic generator v2, seed 20260929",2026-09-28T12:00:00+05:30,"SYNTHETIC demo data (KaushalSetu SIH prototype): fictional entities, team-assumed numbers, not real or official statistics.",true
5f8a3012-bf67-5fb6-9194-37b3a5db7e79,C-ITI-J-electrician-2025-025,d8954509-dece-5c60-9466-34cd75d462cb,CLASS_10,"[""mr"",""en""]","{""analytics"":true,""contact_by_employers"":true}",Y08,"KaushalSetu synthetic generator v2, seed 20260929",2026-09-28T12:00:00+05:30,"SYNTHETIC demo data (KaushalSetu SIH prototype): fictional entities, team-assumed numbers, not real or official statistics.",true
56f13d9e-407a-582d-b8aa-0c5f78273a8d,C-ITI-J-electrician-2025-026,d8954509-dece-5c60-9466-34cd75d462cb,CLASS_10,"[""mr"",""hi""]","{""analytics"":true,""contact_by_employers"":true}",Y08,"KaushalSetu synthetic generator v2, seed 20260929",2026-09-28T12:00:00+05:30,"SYNTHETIC demo data (KaushalSetu SIH prototype): fictional entities, team-assumed numbers, not real or official statistics.",true
cb47412c-4622-5497-9a2c-c12f0ed6bac2,C-ITI-J-electrician-2025-027,d8954509-dece-5c60-9466-34cd75d462cb,CLASS_10,"[""mr"",""en""]","{""analytics"":true,""contact_by_employers"":true}",Y08,"KaushalSetu synthetic generator v2, seed 20260929",2026-09-28T12:00:00+05:30,"SYNTHETIC demo data (KaushalSetu SIH prototype): fictional entities, team-assumed numbers, not real or official statistics.",true
94b4a003-143f-571e-8183-76af8c3edd5f,C-ITI-J-electrician-2025-028,d8954509-dece-5c60-9466-34cd75d462cb,CLASS_12,"[""mr"",""hi"",""en""]","{""analytics"":true,""contact_by_employers"":false}",Y08,"KaushalSetu synthetic generator v2, seed 20260929",2026-09-28T12:00:00+05:30,"SYNTHETIC demo data (KaushalSetu SIH prototype): fictional entities, team-assumed numbers, not real or official statistics.",true
a1f48932-822a-575b-97a7-237b1e5130b9,C-ITI-J-electrician-2025-029,d8954509-dece-5c60-9466-34cd75d462cb,CLASS_12,"[""mr""]","{""analytics"":true,""contact_by_employers"":true}",Y08,"KaushalSetu synthetic generator v2, seed 20260929",2026-09-28T12:00:00+05:30,"SYNTHETIC demo data (KaushalSetu SIH prototype): fictional entities, team-assumed numbers, not real or official statistics.",true
71a20966-7a74-5b40-9a7c-bf5ce1b22e42,C-ITI-J-electrician-2025-030,d8954509-dece-5c60-9466-34cd75d462cb,CLASS_12,"[""mr"",""hi""]","{""analytics"":true,""contact_by_employers"":false}",Y08,"KaushalSetu synthetic generator v2, seed 20260929",2026-09-28T12:00:00+05:30,"SYNTHETIC demo data (KaushalSetu SIH prototype): fictional entities, team-assumed numbers, not real or official statistics.",true
ddc0a9fd-87cd-5181-b250-af38c0cfb137,C-ITI-J-electrician-2025-031,d8954509-dece-5c60-9466-34cd75d462cb,CLASS_10,"[""mr"",""hi""]","{""analytics"":true,""contact_by_employers"":true}",Y08,"KaushalSetu synthetic generator v2, seed 20260929",2026-09-28T12:00:00+05:30,"SYNTHETIC demo data (KaushalSetu SIH prototype): fictional entities, team-assumed numbers, not real or official statistics.",true
1714baae-0d0a-5ca9-a58b-27c1e50d428b,C-ITI-J-electrician-2025-032,d8954509-dece-5c60-9466-34cd75d462cb,CLASS_10,"[""mr"",""hi""]","{""analytics"":true,""contact_by_employers"":true}",Y08,"KaushalSetu synthetic generator v2, seed 20260929",2026-09-28T12:00:00+05:30,"SYNTHETIC demo data (KaushalSetu SIH prototype): fictional entities, team-assumed numbers, not real or official statistics.",true
3551404d-066f-5c46-a957-20ca0ee69203,C-ITI-J-electrician-2025-033,d8954509-dece-5c60-9466-34cd75d462cb,CLASS_10,"[""mr"",""hi"",""en""]","{""analytics"":true,""contact_by_employers"":false}",Y08,"KaushalSetu synthetic generator v2, seed 20260929",2026-09-28T12:00:00+05:30,"SYNTHETIC demo data (KaushalSetu SIH prototype): fictional entities, team-assumed numbers, not real or official statistics.",true
3f3e3a96-d312-596e-87b4-4b5c5320e3fd,C-ITI-J-electrician-2025-034,d8954509-dece-5c60-9466-34cd75d462cb,CLASS_10,"[""mr""]","{""analytics"":true,""contact_by_employers"":true}",Y08,"KaushalSetu synthetic generator v2, seed 20260929",2026-09-28T12:00:00+05:30,"SYNTHETIC demo data (KaushalSetu SIH prototype): fictional entities, team-assumed numbers, not real or official statistics.",true
c5219483-602b-51e5-870b-ac207b1a4827,C-ITI-J-electrician-2025-035,d8954509-dece-5c60-9466-34cd75d462cb,CLASS_12,"[""mr""]","{""analytics"":true,""contact_by_employers"":false}",Y08,"KaushalSetu synthetic generator v2, seed 20260929",2026-09-28T12:00:00+05:30,"SYNTHETIC demo data (KaushalSetu SIH prototype): fictional entities, team-assumed numbers, not real or official statistics.",true
1517af4d-1787-5e8d-bcce-123b9b9ffe29,C-ITI-K-wireman-2024-001,d8954509-dece-5c60-9466-34cd75d462cb,CLASS_12,"[""mr"",""en""]","{""analytics"":true,""contact_by_employers"":true}",Y08,"KaushalSetu synthetic generator v2, seed 20260929",2026-09-28T12:00:00+05:30,"SYNTHETIC demo data (KaushalSetu SIH prototype): fictional entities, team-assumed numbers, not real or official statistics.",true
0c1caa31-6e08-5db9-ae8d-1a91fb14da10,C-ITI-K-wireman-2024-002,d8954509-dece-5c60-9466-34cd75d462cb,CLASS_12,"[""mr"",""hi""]","{""analytics"":true,""contact_by_employers"":true}",Y08,"KaushalSetu synthetic generator v2, seed 20260929",2026-09-28T12:00:00+05:30,"SYNTHETIC demo data (KaushalSetu SIH prototype): fictional entities, team-assumed numbers, not real or official statistics.",true
108f44c1-3312-5683-8bf5-b3f8f8958b0b,C-ITI-K-wireman-2024-003,d8954509-dece-5c60-9466-34cd75d462cb,CLASS_12,"[""mr"",""hi"",""en""]","{""analytics"":true,""contact_by_employers"":true}",Y08,"KaushalSetu synthetic generator v2, seed 20260929",2026-09-28T12:00:00+05:30,"SYNTHETIC demo data (KaushalSetu SIH prototype): fictional entities, team-assumed numbers, not real or official statistics.",true
92509b9c-1b2e-57ef-9748-9d5e13b73e34,C-ITI-K-wireman-2024-004,d8954509-dece-5c60-9466-34cd75d462cb,CLASS_10,"[""mr"",""en""]","{""analytics"":true,""contact_by_employers"":true}",Y08,"KaushalSetu synthetic generator v2, seed 20260929",2026-09-28T12:00:00+05:30,"SYNTHETIC demo data (KaushalSetu SIH prototype): fictional entities, team-assumed numbers, not real or official statistics.",true
3e98621c-08b1-545b-95ea-e98706bc2eea,C-ITI-K-wireman-2024-005,d8954509-dece-5c60-9466-34cd75d462cb,CLASS_12,"[""mr"",""hi""]","{""analytics"":true,""contact_by_employers"":false}",Y08,"KaushalSetu synthetic generator v2, seed 20260929",2026-09-28T12:00:00+05:30,"SYNTHETIC demo data (KaushalSetu SIH prototype): fictional entities, team-assumed numbers, not real or official statistics.",true
cd6ec74c-8387-56da-b5ef-fc8def8fc3db,C-ITI-K-wireman-2024-006,d8954509-dece-5c60-9466-34cd75d462cb,CLASS_12,"[""mr""]","{""analytics"":true,""contact_by_employers"":true}",Y08,"KaushalSetu synthetic generator v2, seed 20260929",2026-09-28T12:00:00+05:30,"SYNTHETIC demo data (KaushalSetu SIH prototype): fictional entities, team-assumed numbers, not real or official statistics.",true
218db350-48c9-53a7-8685-84a39a3d408f,C-ITI-K-wireman-2024-007,d8954509-dece-5c60-9466-34cd75d462cb,CLASS_12,"[""mr"",""hi"",""en""]","{""analytics"":true,""contact_by_employers"":true}",Y08,"KaushalSetu synthetic generator v2, seed 20260929",2026-09-28T12:00:00+05:30,"SYNTHETIC demo data (KaushalSetu SIH prototype): fictional entities, team-assumed numbers, not real or official statistics.",true
251e2777-54bc-5318-bf51-18eda2a28999,C-ITI-K-wireman-2024-008,d8954509-dece-5c60-9466-34cd75d462cb,CLASS_10,"[""mr"",""hi""]","{""analytics"":true,""contact_by_employers"":false}",Y08,"KaushalSetu synthetic generator v2, seed 20260929",2026-09-28T12:00:00+05:30,"SYNTHETIC demo data (KaushalSetu SIH prototype): fictional entities, team-assumed numbers, not real or official statistics.",true
2edf3103-1986-5b76-9491-529946411d80,C-ITI-K-wireman-2024-009,d8954509-dece-5c60-9466-34cd75d462cb,CLASS_10,"[""mr"",""hi""]","{""analytics"":true,""contact_by_employers"":true}",Y08,"KaushalSetu synthetic generator v2, seed 20260929",2026-09-28T12:00:00+05:30,"SYNTHETIC demo data (KaushalSetu SIH prototype): fictional entities, team-assumed numbers, not real or official statistics.",true
2eeace5f-9f74-53ec-a914-4927b94b71f3,C-ITI-K-wireman-2024-010,d8954509-dece-5c60-9466-34cd75d462cb,CLASS_12,"[""mr""]","{""analytics"":true,""contact_by_employers"":true}",Y08,"KaushalSetu synthetic generator v2, seed 20260929",2026-09-28T12:00:00+05:30,"SYNTHETIC demo data (KaushalSetu SIH prototype): fictional entities, team-assumed numbers, not real or official statistics.",true
c35b3b52-5b62-5468-bbff-2969ccc9d731,C-ITI-K-wireman-2024-011,d8954509-dece-5c60-9466-34cd75d462cb,CLASS_10,"[""mr""]","{""analytics"":true,""contact_by_employers"":true}",Y08,"KaushalSetu synthetic generator v2, seed 20260929",2026-09-28T12:00:00+05:30,"SYNTHETIC demo data (KaushalSetu SIH prototype): fictional entities, team-assumed numbers, not real or official statistics.",true
263eec6a-1a9d-53d5-af80-8b69635a724d,C-ITI-K-wireman-2024-012,d8954509-dece-5c60-9466-34cd75d462cb,CLASS_10,"[""mr"",""hi"",""en""]","{""analytics"":true,""contact_by_employers"":true}",Y08,"KaushalSetu synthetic generator v2, seed 20260929",2026-09-28T12:00:00+05:30,"SYNTHETIC demo data (KaushalSetu SIH prototype): fictional entities, team-assumed numbers, not real or official statistics.",true
5b460fef-78ae-51fd-8fb2-9c7b6ff7a86b,C-ITI-K-wireman-2024-013,d8954509-dece-5c60-9466-34cd75d462cb,CLASS_12,"[""mr"",""en""]","{""analytics"":true,""contact_by_employers"":false}",Y08,"KaushalSetu synthetic generator v2, seed 20260929",2026-09-28T12:00:00+05:30,"SYNTHETIC demo data (KaushalSetu SIH prototype): fictional entities, team-assumed numbers, not real or official statistics.",true
c924e594-c327-5a6f-a581-b70f33e07f53,C-ITI-K-wireman-2024-014,d8954509-dece-5c60-9466-34cd75d462cb,CLASS_10,"[""mr""]","{""analytics"":true,""contact_by_employers"":true}",Y08,"KaushalSetu synthetic generator v2, seed 20260929",2026-09-28T12:00:00+05:30,"SYNTHETIC demo data (KaushalSetu SIH prototype): fictional entities, team-assumed numbers, not real or official statistics.",true
0c8dd9aa-61bc-5ce7-adf6-b02c87a37a0e,C-ITI-K-wireman-2024-015,d8954509-dece-5c60-9466-34cd75d462cb,CLASS_12,"[""mr"",""hi""]","{""analytics"":true,""contact_by_employers"":true}",Y08,"KaushalSetu synthetic generator v2, seed 20260929",2026-09-28T12:00:00+05:30,"SYNTHETIC demo data (KaushalSetu SIH prototype): fictional entities, team-assumed numbers, not real or official statistics.",true
cb78474c-e5ec-5a88-b50b-b42472efef1c,C-ITI-K-wireman-2024-016,d8954509-dece-5c60-9466-34cd75d462cb,CLASS_10,"[""mr"",""en""]","{""analytics"":true,""contact_by_employers"":true}",Y08,"KaushalSetu synthetic generator v2, seed 20260929",2026-09-28T12:00:00+05:30,"SYNTHETIC demo data (KaushalSetu SIH prototype): fictional entities, team-assumed numbers, not real or official statistics.",true
872d5f5c-38cd-5969-82f0-ffa7522a2e0f,C-ITI-K-wireman-2024-017,d8954509-dece-5c60-9466-34cd75d462cb,CLASS_10,"[""mr""]","{""analytics"":true,""contact_by_employers"":true}",Y08,"KaushalSetu synthetic generator v2, seed 20260929",2026-09-28T12:00:00+05:30,"SYNTHETIC demo data (KaushalSetu SIH prototype): fictional entities, team-assumed numbers, not real or official statistics.",true
bb3a929d-eace-546f-ac44-eb39fe14542f,C-ITI-K-wireman-2024-018,d8954509-dece-5c60-9466-34cd75d462cb,CLASS_12,"[""mr"",""hi""]","{""analytics"":true,""contact_by_employers"":false}",Y08,"KaushalSetu synthetic generator v2, seed 20260929",2026-09-28T12:00:00+05:30,"SYNTHETIC demo data (KaushalSetu SIH prototype): fictional entities, team-assumed numbers, not real or official statistics.",true
fc9676f8-29e9-57a6-b4cb-6b8025e1fc00,C-ITI-K-wireman-2024-019,d8954509-dece-5c60-9466-34cd75d462cb,CLASS_10,"[""mr"",""en""]","{""analytics"":true,""contact_by_employers"":true}",Y08,"KaushalSetu synthetic generator v2, seed 20260929",2026-09-28T12:00:00+05:30,"SYNTHETIC demo data (KaushalSetu SIH prototype): fictional entities, team-assumed numbers, not real or official statistics.",true
47ff04b7-2f3a-5c0e-8260-528204266929,C-ITI-K-wireman-2024-020,d8954509-dece-5c60-9466-34cd75d462cb,CLASS_10,"[""mr"",""hi""]","{""analytics"":true,""contact_by_employers"":true}",Y08,"KaushalSetu synthetic generator v2, seed 20260929",2026-09-28T12:00:00+05:30,"SYNTHETIC demo data (KaushalSetu SIH prototype): fictional entities, team-assumed numbers, not real or official statistics.",true
612eedce-c924-5564-bd25-5ccb1914beb8,C-ITI-K-wireman-2024-021,d8954509-dece-5c60-9466-34cd75d462cb,CLASS_10,"[""mr""]","{""analytics"":true,""contact_by_employers"":true}",Y08,"KaushalSetu synthetic generator v2, seed 20260929",2026-09-28T12:00:00+05:30,"SYNTHETIC demo data (KaushalSetu SIH prototype): fictional entities, team-assumed numbers, not real or official statistics.",true
9579151c-f11f-57ab-9e17-f484ef5d005d,C-ITI-K-wireman-2024-022,d8954509-dece-5c60-9466-34cd75d462cb,CLASS_10,"[""mr""]","{""analytics"":true,""contact_by_employers"":false}",Y08,"KaushalSetu synthetic generator v2, seed 20260929",2026-09-28T12:00:00+05:30,"SYNTHETIC demo data (KaushalSetu SIH prototype): fictional entities, team-assumed numbers, not real or official statistics.",true
4cb639bc-aeed-5122-8403-c8de715182d7,C-ITI-K-wireman-2024-023,d8954509-dece-5c60-9466-34cd75d462cb,CLASS_10,"[""mr"",""hi"",""en""]","{""analytics"":true,""contact_by_employers"":false}",Y08,"KaushalSetu synthetic generator v2, seed 20260929",2026-09-28T12:00:00+05:30,"SYNTHETIC demo data (KaushalSetu SIH prototype): fictional entities, team-assumed numbers, not real or official statistics.",true
ff78326a-c740-5e00-9ee2-9460d6c64644,C-ITI-K-wireman-2024-024,d8954509-dece-5c60-9466-34cd75d462cb,CLASS_10,"[""mr""]","{""analytics"":true,""contact_by_employers"":true}",Y08,"KaushalSetu synthetic generator v2, seed 20260929",2026-09-28T12:00:00+05:30,"SYNTHETIC demo data (KaushalSetu SIH prototype): fictional entities, team-assumed numbers, not real or official statistics.",true
d1ed9aed-6841-5e8f-a43d-8129a2688323,C-ITI-K-wireman-2024-025,d8954509-dece-5c60-9466-34cd75d462cb,CLASS_10,"[""mr"",""hi"",""en""]","{""analytics"":true,""contact_by_employers"":false}",Y08,"KaushalSetu synthetic generator v2, seed 20260929",2026-09-28T12:00:00+05:30,"SYNTHETIC demo data (KaushalSetu SIH prototype): fictional entities, team-assumed numbers, not real or official statistics.",true
aa22a443-ba59-55a6-99c1-a04ae8d0fa81,C-ITI-K-wireman-2024-026,d8954509-dece-5c60-9466-34cd75d462cb,CLASS_10,"[""mr"",""hi""]","{""analytics"":true,""contact_by_employers"":false}",Y08,"KaushalSetu synthetic generator v2, seed 20260929",2026-09-28T12:00:00+05:30,"SYNTHETIC demo data (KaushalSetu SIH prototype): fictional entities, team-assumed numbers, not real or official statistics.",true
7787217d-9c5d-5585-b6a8-7895896c8d59,C-ITI-K-wireman-2024-027,d8954509-dece-5c60-9466-34cd75d462cb,CLASS_10,"[""mr"",""hi""]","{""analytics"":true,""contact_by_employers"":true}",Y08,"KaushalSetu synthetic generator v2, seed 20260929",2026-09-28T12:00:00+05:30,"SYNTHETIC demo data (KaushalSetu SIH prototype): fictional entities, team-assumed numbers, not real or official statistics.",true
b7f6d1bb-d073-5540-9211-f27c6b73d218,C-ITI-K-wireman-2024-028,d8954509-dece-5c60-9466-34cd75d462cb,CLASS_12,"[""mr"",""en""]","{""analytics"":true,""contact_by_employers"":true}",Y08,"KaushalSetu synthetic generator v2, seed 20260929",2026-09-28T12:00:00+05:30,"SYNTHETIC demo data (KaushalSetu SIH prototype): fictional entities, team-assumed numbers, not real or official statistics.",true
2c24bb08-06d6-53fc-8d36-13ced97e65cb,C-ITI-K-wireman-2024-029,d8954509-dece-5c60-9466-34cd75d462cb,CLASS_12,"[""mr"",""en""]","{""analytics"":true,""contact_by_employers"":true}",Y08,"KaushalSetu synthetic generator v2, seed 20260929",2026-09-28T12:00:00+05:30,"SYNTHETIC demo data (KaushalSetu SIH prototype): fictional entities, team-assumed numbers, not real or official statistics.",true
58ef16f0-7696-55df-a558-f51c80ed52bc,C-ITI-K-wireman-2024-030,d8954509-dece-5c60-9466-34cd75d462cb,CLASS_10,"[""mr""]","{""analytics"":true,""contact_by_employers"":true}",Y08,"KaushalSetu synthetic generator v2, seed 20260929",2026-09-28T12:00:00+05:30,"SYNTHETIC demo data (KaushalSetu SIH prototype): fictional entities, team-assumed numbers, not real or official statistics.",true
9174c300-51df-5acf-a690-3f18845729df,C-ITI-K-wireman-2024-031,d8954509-dece-5c60-9466-34cd75d462cb,CLASS_12,"[""mr"",""hi"",""en""]","{""analytics"":true,""contact_by_employers"":true}",Y08,"KaushalSetu synthetic generator v2, seed 20260929",2026-09-28T12:00:00+05:30,"SYNTHETIC demo data (KaushalSetu SIH prototype): fictional entities, team-assumed numbers, not real or official statistics.",true
3c65e5fd-0a10-5034-94d4-8308edeb1cc5,C-ITI-K-wireman-2024-032,d8954509-dece-5c60-9466-34cd75d462cb,CLASS_12,"[""mr"",""hi"",""en""]","{""analytics"":true,""contact_by_employers"":false}",Y08,"KaushalSetu synthetic generator v2, seed 20260929",2026-09-28T12:00:00+05:30,"SYNTHETIC demo data (KaushalSetu SIH prototype): fictional entities, team-assumed numbers, not real or official statistics.",true
792f64e6-3788-578d-8eec-8edb2c41a648,C-ITI-K-wireman-2024-033,d8954509-dece-5c60-9466-34cd75d462cb,CLASS_10,"[""mr"",""en""]","{""analytics"":true,""contact_by_employers"":false}",Y08,"KaushalSetu synthetic generator v2, seed 20260929",2026-09-28T12:00:00+05:30,"SYNTHETIC demo data (KaushalSetu SIH prototype): fictional entities, team-assumed numbers, not real or official statistics.",true
202b0ffb-a0cc-5d94-b134-053ee0931547,C-ITI-K-wireman-2024-034,d8954509-dece-5c60-9466-34cd75d462cb,CLASS_12,"[""mr"",""hi""]","{""analytics"":true,""contact_by_employers"":true}",Y08,"KaushalSetu synthetic generator v2, seed 20260929",2026-09-28T12:00:00+05:30,"SYNTHETIC demo data (KaushalSetu SIH prototype): fictional entities, team-assumed numbers, not real or official statistics.",true
cc4c3fbd-0abf-5fbc-a568-4ff5a810a3af,C-ITI-K-wireman-2024-035,d8954509-dece-5c60-9466-34cd75d462cb,CLASS_10,"[""mr""]","{""analytics"":true,""contact_by_employers"":true}",Y08,"KaushalSetu synthetic generator v2, seed 20260929",2026-09-28T12:00:00+05:30,"SYNTHETIC demo data (KaushalSetu SIH prototype): fictional entities, team-assumed numbers, not real or official statistics.",true
b01e72f1-c7d0-5062-89ef-ac6c796934f4,C-ITI-K-wireman-2024-036,d8954509-dece-5c60-9466-34cd75d462cb,CLASS_10,"[""mr"",""hi""]","{""analytics"":true,""contact_by_employers"":false}",Y08,"KaushalSetu synthetic generator v2, seed 20260929",2026-09-28T12:00:00+05:30,"SYNTHETIC demo data (KaushalSetu SIH prototype): fictional entities, team-assumed numbers, not real or official statistics.",true
9b42dd91-5e72-5bba-9444-8d9b90bcb74a,C-ITI-K-wireman-2024-037,d8954509-dece-5c60-9466-34cd75d462cb,CLASS_12,"[""mr"",""en""]","{""analytics"":true,""contact_by_employers"":true}",Y08,"KaushalSetu synthetic generator v2, seed 20260929",2026-09-28T12:00:00+05:30,"SYNTHETIC demo data (KaushalSetu SIH prototype): fictional entities, team-assumed numbers, not real or official statistics.",true
b2ffdf74-31ff-56e3-9ab4-2b05111e8f2a,C-ITI-K-wireman-2024-038,d8954509-dece-5c60-9466-34cd75d462cb,CLASS_12,"[""mr"",""hi""]","{""analytics"":true,""contact_by_employers"":true}",Y08,"KaushalSetu synthetic generator v2, seed 20260929",2026-09-28T12:00:00+05:30,"SYNTHETIC demo data (KaushalSetu SIH prototype): fictional entities, team-assumed numbers, not real or official statistics.",true
de74e5b0-7e75-5e30-a639-7c6d32c7fecc,C-ITI-K-wireman-2024-039,d8954509-dece-5c60-9466-34cd75d462cb,CLASS_10,"[""mr"",""hi""]","{""analytics"":true,""contact_by_employers"":true}",Y08,"KaushalSetu synthetic generator v2, seed 20260929",2026-09-28T12:00:00+05:30,"SYNTHETIC demo data (KaushalSetu SIH prototype): fictional entities, team-assumed numbers, not real or official statistics.",true
98fb3565-b145-50ae-8db0-5f7b2fe34fac,C-ITI-K-wireman-2024-040,d8954509-dece-5c60-9466-34cd75d462cb,CLASS_10,"[""mr"",""en""]","{""analytics"":true,""contact_by_employers"":false}",Y08,"KaushalSetu synthetic generator v2, seed 20260929",2026-09-28T12:00:00+05:30,"SYNTHETIC demo data (KaushalSetu SIH prototype): fictional entities, team-assumed numbers, not real or official statistics.",true
04304ea1-27bb-5fc6-a0ac-e8058c51c644,C-ITI-K-wireman-2024-041,d8954509-dece-5c60-9466-34cd75d462cb,CLASS_10,"[""mr"",""hi"",""en""]","{""analytics"":true,""contact_by_employers"":false}",Y08,"KaushalSetu synthetic generator v2, seed 20260929",2026-09-28T12:00:00+05:30,"SYNTHETIC demo data (KaushalSetu SIH prototype): fictional entities, team-assumed numbers, not real or official statistics.",true
4ee296b1-6370-5e84-a686-961e072aadce,C-ITI-K-wireman-2024-042,d8954509-dece-5c60-9466-34cd75d462cb,CLASS_10,"[""mr"",""en""]","{""analytics"":true,""contact_by_employers"":false}",Y08,"KaushalSetu synthetic generator v2, seed 20260929",2026-09-28T12:00:00+05:30,"SYNTHETIC demo data (KaushalSetu SIH prototype): fictional entities, team-assumed numbers, not real or official statistics.",true
a7944777-b4ca-5534-aa68-c14056dbccdb,C-ITI-K-wireman-2024-043,d8954509-dece-5c60-9466-34cd75d462cb,CLASS_10,"[""mr""]","{""analytics"":true,""contact_by_employers"":true}",Y08,"KaushalSetu synthetic generator v2, seed 20260929",2026-09-28T12:00:00+05:30,"SYNTHETIC demo data (KaushalSetu SIH prototype): fictional entities, team-assumed numbers, not real or official statistics.",true
0b153b84-311e-5ac5-bc65-ba488cf915ab,C-ITI-K-wireman-2024-044,d8954509-dece-5c60-9466-34cd75d462cb,CLASS_12,"[""mr"",""en""]","{""analytics"":true,""contact_by_employers"":true}",Y08,"KaushalSetu synthetic generator v2, seed 20260929",2026-09-28T12:00:00+05:30,"SYNTHETIC demo data (KaushalSetu SIH prototype): fictional entities, team-assumed numbers, not real or official statistics.",true
c50a78c3-9491-5159-8bd8-214f07da40c7,C-ITI-K-wireman-2024-045,d8954509-dece-5c60-9466-34cd75d462cb,CLASS_12,"[""mr"",""en""]","{""analytics"":true,""contact_by_employers"":false}",Y08,"KaushalSetu synthetic generator v2, seed 20260929",2026-09-28T12:00:00+05:30,"SYNTHETIC demo data (KaushalSetu SIH prototype): fictional entities, team-assumed numbers, not real or official statistics.",true
b2554626-e596-58e1-9aa8-eb6b1d7c7798,C-ITI-K-wireman-2024-046,d8954509-dece-5c60-9466-34cd75d462cb,CLASS_12,"[""mr""]","{""analytics"":true,""contact_by_employers"":true}",Y08,"KaushalSetu synthetic generator v2, seed 20260929",2026-09-28T12:00:00+05:30,"SYNTHETIC demo data (KaushalSetu SIH prototype): fictional entities, team-assumed numbers, not real or official statistics.",true
63bd86e8-09c9-576e-84b7-ba3ce6984315,C-ITI-K-wireman-2024-047,d8954509-dece-5c60-9466-34cd75d462cb,CLASS_12,"[""mr"",""hi""]","{""analytics"":true,""contact_by_employers"":false}",Y08,"KaushalSetu synthetic generator v2, seed 20260929",2026-09-28T12:00:00+05:30,"SYNTHETIC demo data (KaushalSetu SIH prototype): fictional entities, team-assumed numbers, not real or official statistics.",true
7cde11f7-71bb-5c4f-bb8e-53440a6eefb0,C-ITI-K-wireman-2024-048,d8954509-dece-5c60-9466-34cd75d462cb,CLASS_10,"[""mr"",""en""]","{""analytics"":true,""contact_by_employers"":true}",Y08,"KaushalSetu synthetic generator v2, seed 20260929",2026-09-28T12:00:00+05:30,"SYNTHETIC demo data (KaushalSetu SIH prototype): fictional entities, team-assumed numbers, not real or official statistics.",true
c00742e9-b2b2-5290-918d-5941942357cf,C-ITI-K-wireman-2024-049,d8954509-dece-5c60-9466-34cd75d462cb,CLASS_12,"[""mr""]","{""analytics"":true,""contact_by_employers"":true}",Y08,"KaushalSetu synthetic generator v2, seed 20260929",2026-09-28T12:00:00+05:30,"SYNTHETIC demo data (KaushalSetu SIH prototype): fictional entities, team-assumed numbers, not real or official statistics.",true
2910d515-3c67-5118-b418-4a503d18a3ea,C-ITI-K-wireman-2024-050,d8954509-dece-5c60-9466-34cd75d462cb,CLASS_10,"[""mr""]","{""analytics"":true,""contact_by_employers"":true}",Y08,"KaushalSetu synthetic generator v2, seed 20260929",2026-09-28T12:00:00+05:30,"SYNTHETIC demo data (KaushalSetu SIH prototype): fictional entities, team-assumed numbers, not real or official statistics.",true
e889df28-c534-56b7-93b8-316f2b0d251c,C-ITI-K-wireman-2024-051,d8954509-dece-5c60-9466-34cd75d462cb,CLASS_10,"[""mr"",""hi""]","{""analytics"":true,""contact_by_employers"":true}",Y08,"KaushalSetu synthetic generator v2, seed 20260929",2026-09-28T12:00:00+05:30,"SYNTHETIC demo data (KaushalSetu SIH prototype): fictional entities, team-assumed numbers, not real or official statistics.",true
e4add28c-b3db-54b1-8f6b-801b283ce9d1,C-ITI-K-wireman-2024-052,d8954509-dece-5c60-9466-34cd75d462cb,CLASS_12,"[""mr"",""hi"",""en""]","{""analytics"":true,""contact_by_employers"":false}",Y08,"KaushalSetu synthetic generator v2, seed 20260929",2026-09-28T12:00:00+05:30,"SYNTHETIC demo data (KaushalSetu SIH prototype): fictional entities, team-assumed numbers, not real or official statistics.",true
1ff56635-ab31-550d-a33f-bb8059322029,C-ITI-K-wireman-2024-053,d8954509-dece-5c60-9466-34cd75d462cb,CLASS_12,"[""mr"",""hi"",""en""]","{""analytics"":true,""contact_by_employers"":true}",Y08,"KaushalSetu synthetic generator v2, seed 20260929",2026-09-28T12:00:00+05:30,"SYNTHETIC demo data (KaushalSetu SIH prototype): fictional entities, team-assumed numbers, not real or official statistics.",true
7b0c94d6-d5ba-52a2-9050-8b3fcc1f0ea5,C-ITI-K-wireman-2024-054,d8954509-dece-5c60-9466-34cd75d462cb,CLASS_12,"[""mr""]","{""analytics"":true,""contact_by_employers"":true}",Y08,"KaushalSetu synthetic generator v2, seed 20260929",2026-09-28T12:00:00+05:30,"SYNTHETIC demo data (KaushalSetu SIH prototype): fictional entities, team-assumed numbers, not real or official statistics.",true
03907e74-72dd-5a26-a353-f83c086654f3,C-ITI-K-wireman-2024-055,d8954509-dece-5c60-9466-34cd75d462cb,CLASS_10,"[""mr"",""hi"",""en""]","{""analytics"":true,""contact_by_employers"":true}",Y08,"KaushalSetu synthetic generator v2, seed 20260929",2026-09-28T12:00:00+05:30,"SYNTHETIC demo data (KaushalSetu SIH prototype): fictional entities, team-assumed numbers, not real or official statistics.",true
063b3f24-0089-5faa-84e9-6da216f89a5e,C-ITI-K-wireman-2024-056,d8954509-dece-5c60-9466-34cd75d462cb,CLASS_10,"[""mr""]","{""analytics"":true,""contact_by_employers"":true}",Y08,"KaushalSetu synthetic generator v2, seed 20260929",2026-09-28T12:00:00+05:30,"SYNTHETIC demo data (KaushalSetu SIH prototype): fictional entities, team-assumed numbers, not real or official statistics.",true
9d995791-7cd9-5843-b789-df87c6b41522,C-ITI-K-wireman-2024-057,d8954509-dece-5c60-9466-34cd75d462cb,CLASS_12,"[""mr"",""en""]","{""analytics"":true,""contact_by_employers"":false}",Y08,"KaushalSetu synthetic generator v2, seed 20260929",2026-09-28T12:00:00+05:30,"SYNTHETIC demo data (KaushalSetu SIH prototype): fictional entities, team-assumed numbers, not real or official statistics.",true
8fe52a10-0719-52de-8ece-e4aa141ccbca,C-ITI-K-wireman-2024-058,d8954509-dece-5c60-9466-34cd75d462cb,CLASS_12,"[""mr"",""hi""]","{""analytics"":true,""contact_by_employers"":false}",Y08,"KaushalSetu synthetic generator v2, seed 20260929",2026-09-28T12:00:00+05:30,"SYNTHETIC demo data (KaushalSetu SIH prototype): fictional entities, team-assumed numbers, not real or official statistics.",true
b758e99d-5060-559e-9a9f-dc0b6fc91af5,C-ITI-K-wireman-2025-001,d8954509-dece-5c60-9466-34cd75d462cb,CLASS_10,"[""mr"",""en""]","{""analytics"":true,""contact_by_employers"":true}",Y08,"KaushalSetu synthetic generator v2, seed 20260929",2026-09-28T12:00:00+05:30,"SYNTHETIC demo data (KaushalSetu SIH prototype): fictional entities, team-assumed numbers, not real or official statistics.",true
b950cf48-bf75-565d-9ba4-7bace234859a,C-ITI-K-wireman-2025-002,d8954509-dece-5c60-9466-34cd75d462cb,CLASS_12,"[""mr"",""hi"",""en""]","{""analytics"":true,""contact_by_employers"":false}",Y08,"KaushalSetu synthetic generator v2, seed 20260929",2026-09-28T12:00:00+05:30,"SYNTHETIC demo data (KaushalSetu SIH prototype): fictional entities, team-assumed numbers, not real or official statistics.",true
daade767-59b4-57bd-a6c3-9371d6493530,C-ITI-K-wireman-2025-003,d8954509-dece-5c60-9466-34cd75d462cb,CLASS_10,"[""mr"",""en""]","{""analytics"":true,""contact_by_employers"":true}",Y08,"KaushalSetu synthetic generator v2, seed 20260929",2026-09-28T12:00:00+05:30,"SYNTHETIC demo data (KaushalSetu SIH prototype): fictional entities, team-assumed numbers, not real or official statistics.",true
8af3c1e7-5691-5db2-9c75-e802a775225f,C-ITI-K-wireman-2025-004,d8954509-dece-5c60-9466-34cd75d462cb,CLASS_12,"[""mr"",""hi""]","{""analytics"":true,""contact_by_employers"":true}",Y08,"KaushalSetu synthetic generator v2, seed 20260929",2026-09-28T12:00:00+05:30,"SYNTHETIC demo data (KaushalSetu SIH prototype): fictional entities, team-assumed numbers, not real or official statistics.",true
303a7377-d088-5e77-bfab-6458c6a0b0ba,C-ITI-K-wireman-2025-005,d8954509-dece-5c60-9466-34cd75d462cb,CLASS_12,"[""mr"",""hi"",""en""]","{""analytics"":true,""contact_by_employers"":false}",Y08,"KaushalSetu synthetic generator v2, seed 20260929",2026-09-28T12:00:00+05:30,"SYNTHETIC demo data (KaushalSetu SIH prototype): fictional entities, team-assumed numbers, not real or official statistics.",true
3e671582-ccb5-567f-a9df-3c8c96ed6792,C-ITI-K-wireman-2025-006,d8954509-dece-5c60-9466-34cd75d462cb,CLASS_10,"[""mr"",""hi""]","{""analytics"":true,""contact_by_employers"":true}",Y08,"KaushalSetu synthetic generator v2, seed 20260929",2026-09-28T12:00:00+05:30,"SYNTHETIC demo data (KaushalSetu SIH prototype): fictional entities, team-assumed numbers, not real or official statistics.",true
4fef318a-6757-5225-8df4-3476bc5604ec,C-ITI-K-wireman-2025-007,d8954509-dece-5c60-9466-34cd75d462cb,CLASS_10,"[""mr""]","{""analytics"":true,""contact_by_employers"":true}",Y08,"KaushalSetu synthetic generator v2, seed 20260929",2026-09-28T12:00:00+05:30,"SYNTHETIC demo data (KaushalSetu SIH prototype): fictional entities, team-assumed numbers, not real or official statistics.",true
aa912bbe-5d48-5196-a0b2-379e79ff2962,C-ITI-K-wireman-2025-008,d8954509-dece-5c60-9466-34cd75d462cb,CLASS_12,"[""mr"",""hi"",""en""]","{""analytics"":true,""contact_by_employers"":false}",Y08,"KaushalSetu synthetic generator v2, seed 20260929",2026-09-28T12:00:00+05:30,"SYNTHETIC demo data (KaushalSetu SIH prototype): fictional entities, team-assumed numbers, not real or official statistics.",true
d80bd781-324c-59ff-8668-45dcde56ac3f,C-ITI-K-wireman-2025-009,d8954509-dece-5c60-9466-34cd75d462cb,CLASS_12,"[""mr"",""hi""]","{""analytics"":true,""contact_by_employers"":true}",Y08,"KaushalSetu synthetic generator v2, seed 20260929",2026-09-28T12:00:00+05:30,"SYNTHETIC demo data (KaushalSetu SIH prototype): fictional entities, team-assumed numbers, not real or official statistics.",true
4909ecf4-2533-576d-9751-56eb8b36cd8a,C-ITI-K-wireman-2025-010,d8954509-dece-5c60-9466-34cd75d462cb,CLASS_10,"[""mr"",""hi""]","{""analytics"":true,""contact_by_employers"":false}",Y08,"KaushalSetu synthetic generator v2, seed 20260929",2026-09-28T12:00:00+05:30,"SYNTHETIC demo data (KaushalSetu SIH prototype): fictional entities, team-assumed numbers, not real or official statistics.",true
b805b946-da5b-5357-9ccb-51d53d4936ff,C-ITI-K-wireman-2025-011,d8954509-dece-5c60-9466-34cd75d462cb,CLASS_10,"[""mr""]","{""analytics"":true,""contact_by_employers"":false}",Y08,"KaushalSetu synthetic generator v2, seed 20260929",2026-09-28T12:00:00+05:30,"SYNTHETIC demo data (KaushalSetu SIH prototype): fictional entities, team-assumed numbers, not real or official statistics.",true
9859f8f0-6d3c-5970-9b19-22e6210a6e13,C-ITI-K-wireman-2025-012,d8954509-dece-5c60-9466-34cd75d462cb,CLASS_10,"[""mr"",""hi""]","{""analytics"":true,""contact_by_employers"":true}",Y08,"KaushalSetu synthetic generator v2, seed 20260929",2026-09-28T12:00:00+05:30,"SYNTHETIC demo data (KaushalSetu SIH prototype): fictional entities, team-assumed numbers, not real or official statistics.",true
e82dc6dd-875c-5035-8049-72cf6c891e44,C-ITI-K-wireman-2025-013,d8954509-dece-5c60-9466-34cd75d462cb,CLASS_10,"[""mr""]","{""analytics"":true,""contact_by_employers"":true}",Y08,"KaushalSetu synthetic generator v2, seed 20260929",2026-09-28T12:00:00+05:30,"SYNTHETIC demo data (KaushalSetu SIH prototype): fictional entities, team-assumed numbers, not real or official statistics.",true
07925a72-f2b7-50d9-a0b3-dbd491e930a3,C-ITI-K-wireman-2025-014,d8954509-dece-5c60-9466-34cd75d462cb,CLASS_12,"[""mr"",""hi""]","{""analytics"":true,""contact_by_employers"":true}",Y08,"KaushalSetu synthetic generator v2, seed 20260929",2026-09-28T12:00:00+05:30,"SYNTHETIC demo data (KaushalSetu SIH prototype): fictional entities, team-assumed numbers, not real or official statistics.",true
dd4d1979-af47-5257-b9a3-91b35ce277b3,C-ITI-K-wireman-2025-015,d8954509-dece-5c60-9466-34cd75d462cb,CLASS_10,"[""mr""]","{""analytics"":true,""contact_by_employers"":false}",Y08,"KaushalSetu synthetic generator v2, seed 20260929",2026-09-28T12:00:00+05:30,"SYNTHETIC demo data (KaushalSetu SIH prototype): fictional entities, team-assumed numbers, not real or official statistics.",true
129958fc-3043-57ad-b3ca-0b2908cfd1aa,C-ITI-K-wireman-2025-016,d8954509-dece-5c60-9466-34cd75d462cb,CLASS_10,"[""mr"",""en""]","{""analytics"":true,""contact_by_employers"":true}",Y08,"KaushalSetu synthetic generator v2, seed 20260929",2026-09-28T12:00:00+05:30,"SYNTHETIC demo data (KaushalSetu SIH prototype): fictional entities, team-assumed numbers, not real or official statistics.",true
ec703c89-f8be-549a-a85f-eb71a3d0cd5f,C-ITI-K-wireman-2025-017,d8954509-dece-5c60-9466-34cd75d462cb,CLASS_12,"[""mr"",""en""]","{""analytics"":true,""contact_by_employers"":false}",Y08,"KaushalSetu synthetic generator v2, seed 20260929",2026-09-28T12:00:00+05:30,"SYNTHETIC demo data (KaushalSetu SIH prototype): fictional entities, team-assumed numbers, not real or official statistics.",true
66f06a12-88a9-54b7-b9c8-4a4549349e28,C-ITI-K-wireman-2025-018,d8954509-dece-5c60-9466-34cd75d462cb,CLASS_12,"[""mr"",""hi"",""en""]","{""analytics"":true,""contact_by_employers"":true}",Y08,"KaushalSetu synthetic generator v2, seed 20260929",2026-09-28T12:00:00+05:30,"SYNTHETIC demo data (KaushalSetu SIH prototype): fictional entities, team-assumed numbers, not real or official statistics.",true
7748dad6-c5fc-542c-801d-34f7aad638a6,C-ITI-K-wireman-2025-019,d8954509-dece-5c60-9466-34cd75d462cb,CLASS_10,"[""mr"",""hi""]","{""analytics"":true,""contact_by_employers"":true}",Y08,"KaushalSetu synthetic generator v2, seed 20260929",2026-09-28T12:00:00+05:30,"SYNTHETIC demo data (KaushalSetu SIH prototype): fictional entities, team-assumed numbers, not real or official statistics.",true
cb8de825-778a-5ffd-b853-46042a78f9b6,C-ITI-K-wireman-2025-020,d8954509-dece-5c60-9466-34cd75d462cb,CLASS_10,"[""mr"",""en""]","{""analytics"":true,""contact_by_employers"":true}",Y08,"KaushalSetu synthetic generator v2, seed 20260929",2026-09-28T12:00:00+05:30,"SYNTHETIC demo data (KaushalSetu SIH prototype): fictional entities, team-assumed numbers, not real or official statistics.",true
ef3300b5-fa92-5900-add1-c2c1958c2f30,C-ITI-K-wireman-2025-021,d8954509-dece-5c60-9466-34cd75d462cb,CLASS_10,"[""mr"",""hi"",""en""]","{""analytics"":true,""contact_by_employers"":true}",Y08,"KaushalSetu synthetic generator v2, seed 20260929",2026-09-28T12:00:00+05:30,"SYNTHETIC demo data (KaushalSetu SIH prototype): fictional entities, team-assumed numbers, not real or official statistics.",true
2b2afa56-5920-538e-890e-26307d430d14,C-ITI-K-wireman-2025-022,d8954509-dece-5c60-9466-34cd75d462cb,CLASS_10,"[""mr""]","{""analytics"":true,""contact_by_employers"":true}",Y08,"KaushalSetu synthetic generator v2, seed 20260929",2026-09-28T12:00:00+05:30,"SYNTHETIC demo data (KaushalSetu SIH prototype): fictional entities, team-assumed numbers, not real or official statistics.",true
125013b0-f875-5f79-9820-9edd3cb17f60,C-ITI-K-wireman-2025-023,d8954509-dece-5c60-9466-34cd75d462cb,CLASS_10,"[""mr""]","{""analytics"":true,""contact_by_employers"":true}",Y08,"KaushalSetu synthetic generator v2, seed 20260929",2026-09-28T12:00:00+05:30,"SYNTHETIC demo data (KaushalSetu SIH prototype): fictional entities, team-assumed numbers, not real or official statistics.",true
e2373bc6-daea-56f1-88f4-8f93d3368979,C-ITI-K-wireman-2025-024,d8954509-dece-5c60-9466-34cd75d462cb,CLASS_10,"[""mr"",""hi""]","{""analytics"":true,""contact_by_employers"":true}",Y08,"KaushalSetu synthetic generator v2, seed 20260929",2026-09-28T12:00:00+05:30,"SYNTHETIC demo data (KaushalSetu SIH prototype): fictional entities, team-assumed numbers, not real or official statistics.",true
c7e83665-e060-5c43-987b-746c5bcef166,C-ITI-K-wireman-2025-025,d8954509-dece-5c60-9466-34cd75d462cb,CLASS_12,"[""mr"",""en""]","{""analytics"":true,""contact_by_employers"":true}",Y08,"KaushalSetu synthetic generator v2, seed 20260929",2026-09-28T12:00:00+05:30,"SYNTHETIC demo data (KaushalSetu SIH prototype): fictional entities, team-assumed numbers, not real or official statistics.",true
2c2156d2-a845-5c66-9bdd-c81ca63c5183,C-ITI-K-wireman-2025-026,d8954509-dece-5c60-9466-34cd75d462cb,CLASS_12,"[""mr"",""hi""]","{""analytics"":true,""contact_by_employers"":false}",Y08,"KaushalSetu synthetic generator v2, seed 20260929",2026-09-28T12:00:00+05:30,"SYNTHETIC demo data (KaushalSetu SIH prototype): fictional entities, team-assumed numbers, not real or official statistics.",true
8e2ebaca-510b-5df5-87d2-fbf9d7c1c893,C-ITI-K-wireman-2025-027,d8954509-dece-5c60-9466-34cd75d462cb,CLASS_12,"[""mr""]","{""analytics"":true,""contact_by_employers"":false}",Y08,"KaushalSetu synthetic generator v2, seed 20260929",2026-09-28T12:00:00+05:30,"SYNTHETIC demo data (KaushalSetu SIH prototype): fictional entities, team-assumed numbers, not real or official statistics.",true
d710473a-5d34-58ac-bb67-022f75fdb95f,C-ITI-K-wireman-2025-028,d8954509-dece-5c60-9466-34cd75d462cb,CLASS_10,"[""mr"",""hi""]","{""analytics"":true,""contact_by_employers"":true}",Y08,"KaushalSetu synthetic generator v2, seed 20260929",2026-09-28T12:00:00+05:30,"SYNTHETIC demo data (KaushalSetu SIH prototype): fictional entities, team-assumed numbers, not real or official statistics.",true
c3ffaed0-7716-59ad-8c93-9b71fe91ab4a,C-ITI-K-wireman-2025-029,d8954509-dece-5c60-9466-34cd75d462cb,CLASS_10,"[""mr"",""hi"",""en""]","{""analytics"":true,""contact_by_employers"":false}",Y08,"KaushalSetu synthetic generator v2, seed 20260929",2026-09-28T12:00:00+05:30,"SYNTHETIC demo data (KaushalSetu SIH prototype): fictional entities, team-assumed numbers, not real or official statistics.",true
9741d900-c029-5333-b07c-952fa99d0b9d,C-ITI-K-wireman-2025-030,d8954509-dece-5c60-9466-34cd75d462cb,CLASS_10,"[""mr"",""hi""]","{""analytics"":true,""contact_by_employers"":true}",Y08,"KaushalSetu synthetic generator v2, seed 20260929",2026-09-28T12:00:00+05:30,"SYNTHETIC demo data (KaushalSetu SIH prototype): fictional entities, team-assumed numbers, not real or official statistics.",true
36ded04b-3c5b-5892-b109-353fc6ff2c61,C-ITI-K-wireman-2025-031,d8954509-dece-5c60-9466-34cd75d462cb,CLASS_12,"[""mr"",""hi""]","{""analytics"":true,""contact_by_employers"":true}",Y08,"KaushalSetu synthetic generator v2, seed 20260929",2026-09-28T12:00:00+05:30,"SYNTHETIC demo data (KaushalSetu SIH prototype): fictional entities, team-assumed numbers, not real or official statistics.",true
72f04858-7aeb-5786-945b-63f143755541,C-ITI-K-wireman-2025-032,d8954509-dece-5c60-9466-34cd75d462cb,CLASS_10,"[""mr"",""hi"",""en""]","{""analytics"":true,""contact_by_employers"":true}",Y08,"KaushalSetu synthetic generator v2, seed 20260929",2026-09-28T12:00:00+05:30,"SYNTHETIC demo data (KaushalSetu SIH prototype): fictional entities, team-assumed numbers, not real or official statistics.",true
3fda98fe-e073-52fb-a844-0f9aab2ed3be,C-ITI-K-wireman-2025-033,d8954509-dece-5c60-9466-34cd75d462cb,CLASS_10,"[""mr"",""hi""]","{""analytics"":true,""contact_by_employers"":true}",Y08,"KaushalSetu synthetic generator v2, seed 20260929",2026-09-28T12:00:00+05:30,"SYNTHETIC demo data (KaushalSetu SIH prototype): fictional entities, team-assumed numbers, not real or official statistics.",true
16210a0b-c5bf-5eca-805f-9ac88b3f6d85,C-ITI-K-wireman-2025-034,d8954509-dece-5c60-9466-34cd75d462cb,CLASS_12,"[""mr""]","{""analytics"":true,""contact_by_employers"":true}",Y08,"KaushalSetu synthetic generator v2, seed 20260929",2026-09-28T12:00:00+05:30,"SYNTHETIC demo data (KaushalSetu SIH prototype): fictional entities, team-assumed numbers, not real or official statistics.",true
ce211e35-717b-5849-996c-5993fc1374b9,C-ITI-K-wireman-2025-035,d8954509-dece-5c60-9466-34cd75d462cb,CLASS_10,"[""mr"",""hi""]","{""analytics"":true,""contact_by_employers"":false}",Y08,"KaushalSetu synthetic generator v2, seed 20260929",2026-09-28T12:00:00+05:30,"SYNTHETIC demo data (KaushalSetu SIH prototype): fictional entities, team-assumed numbers, not real or official statistics.",true
e3961509-794f-500c-9c68-b408088503f3,C-ITI-K-wireman-2025-036,d8954509-dece-5c60-9466-34cd75d462cb,CLASS_12,"[""mr"",""hi""]","{""analytics"":true,""contact_by_employers"":true}",Y08,"KaushalSetu synthetic generator v2, seed 20260929",2026-09-28T12:00:00+05:30,"SYNTHETIC demo data (KaushalSetu SIH prototype): fictional entities, team-assumed numbers, not real or official statistics.",true
b2317f76-c705-5d26-a7ab-60bbfdeb0b56,C-ITI-K-wireman-2025-037,d8954509-dece-5c60-9466-34cd75d462cb,CLASS_10,"[""mr"",""hi"",""en""]","{""analytics"":true,""contact_by_employers"":false}",Y08,"KaushalSetu synthetic generator v2, seed 20260929",2026-09-28T12:00:00+05:30,"SYNTHETIC demo data (KaushalSetu SIH prototype): fictional entities, team-assumed numbers, not real or official statistics.",true
fad2a3f6-c6ee-5d93-b964-d53cdc2437b0,C-ITI-K-wireman-2025-038,d8954509-dece-5c60-9466-34cd75d462cb,CLASS_10,"[""mr"",""hi""]","{""analytics"":true,""contact_by_employers"":false}",Y08,"KaushalSetu synthetic generator v2, seed 20260929",2026-09-28T12:00:00+05:30,"SYNTHETIC demo data (KaushalSetu SIH prototype): fictional entities, team-assumed numbers, not real or official statistics.",true
7913a98e-35a5-5208-9e86-e7b64bd4ecf6,C-ITI-K-wireman-2025-039,d8954509-dece-5c60-9466-34cd75d462cb,CLASS_10,"[""mr"",""hi""]","{""analytics"":true,""contact_by_employers"":true}",Y08,"KaushalSetu synthetic generator v2, seed 20260929",2026-09-28T12:00:00+05:30,"SYNTHETIC demo data (KaushalSetu SIH prototype): fictional entities, team-assumed numbers, not real or official statistics.",true
fdb1cb70-cfdd-5701-926b-3ea2423c3562,C-ITI-K-wireman-2025-040,d8954509-dece-5c60-9466-34cd75d462cb,CLASS_10,"[""mr"",""hi"",""en""]","{""analytics"":true,""contact_by_employers"":false}",Y08,"KaushalSetu synthetic generator v2, seed 20260929",2026-09-28T12:00:00+05:30,"SYNTHETIC demo data (KaushalSetu SIH prototype): fictional entities, team-assumed numbers, not real or official statistics.",true
97a77876-8be4-5d5c-bcd4-7fcf3aba0f75,C-ITI-K-wireman-2025-041,d8954509-dece-5c60-9466-34cd75d462cb,CLASS_12,"[""mr""]","{""analytics"":true,""contact_by_employers"":false}",Y08,"KaushalSetu synthetic generator v2, seed 20260929",2026-09-28T12:00:00+05:30,"SYNTHETIC demo data (KaushalSetu SIH prototype): fictional entities, team-assumed numbers, not real or official statistics.",true
46e90ead-7c21-54cd-8e53-30a8bd0c760c,C-ITI-K-wireman-2025-042,d8954509-dece-5c60-9466-34cd75d462cb,CLASS_10,"[""mr"",""hi"",""en""]","{""analytics"":true,""contact_by_employers"":false}",Y08,"KaushalSetu synthetic generator v2, seed 20260929",2026-09-28T12:00:00+05:30,"SYNTHETIC demo data (KaushalSetu SIH prototype): fictional entities, team-assumed numbers, not real or official statistics.",true
03fbb0eb-5220-5e49-bb24-9142585d69a5,C-ITI-K-wireman-2025-043,d8954509-dece-5c60-9466-34cd75d462cb,CLASS_12,"[""mr""]","{""analytics"":true,""contact_by_employers"":true}",Y08,"KaushalSetu synthetic generator v2, seed 20260929",2026-09-28T12:00:00+05:30,"SYNTHETIC demo data (KaushalSetu SIH prototype): fictional entities, team-assumed numbers, not real or official statistics.",true
67f58893-45c9-5ce0-8bbc-30de7d34e960,C-ITI-K-wireman-2025-044,d8954509-dece-5c60-9466-34cd75d462cb,CLASS_12,"[""mr""]","{""analytics"":true,""contact_by_employers"":true}",Y08,"KaushalSetu synthetic generator v2, seed 20260929",2026-09-28T12:00:00+05:30,"SYNTHETIC demo data (KaushalSetu SIH prototype): fictional entities, team-assumed numbers, not real or official statistics.",true
8cbfb692-b9ff-57bb-9e09-49a30ed373c4,C-ITI-K-wireman-2025-045,d8954509-dece-5c60-9466-34cd75d462cb,CLASS_12,"[""mr"",""hi"",""en""]","{""analytics"":true,""contact_by_employers"":true}",Y08,"KaushalSetu synthetic generator v2, seed 20260929",2026-09-28T12:00:00+05:30,"SYNTHETIC demo data (KaushalSetu SIH prototype): fictional entities, team-assumed numbers, not real or official statistics.",true
751ac72c-4c55-5380-90e4-cfbe00b5e51e,C-ITI-K-wireman-2025-046,d8954509-dece-5c60-9466-34cd75d462cb,CLASS_10,"[""mr"",""en""]","{""analytics"":true,""contact_by_employers"":true}",Y08,"KaushalSetu synthetic generator v2, seed 20260929",2026-09-28T12:00:00+05:30,"SYNTHETIC demo data (KaushalSetu SIH prototype): fictional entities, team-assumed numbers, not real or official statistics.",true
8bb32a8f-c238-5180-873f-5bdc8bbe1338,C-ITI-K-wireman-2025-047,d8954509-dece-5c60-9466-34cd75d462cb,CLASS_12,"[""mr"",""hi""]","{""analytics"":true,""contact_by_employers"":false}",Y08,"KaushalSetu synthetic generator v2, seed 20260929",2026-09-28T12:00:00+05:30,"SYNTHETIC demo data (KaushalSetu SIH prototype): fictional entities, team-assumed numbers, not real or official statistics.",true
d916ba31-8b47-5626-bf91-92a008a2dd07,C-ITI-K-wireman-2025-048,d8954509-dece-5c60-9466-34cd75d462cb,CLASS_10,"[""mr""]","{""analytics"":true,""contact_by_employers"":true}",Y08,"KaushalSetu synthetic generator v2, seed 20260929",2026-09-28T12:00:00+05:30,"SYNTHETIC demo data (KaushalSetu SIH prototype): fictional entities, team-assumed numbers, not real or official statistics.",true
964ecebc-f2e8-582a-a3bf-a85b7c1b4bb2,C-ITI-K-wireman-2025-049,d8954509-dece-5c60-9466-34cd75d462cb,CLASS_10,"[""mr""]","{""analytics"":true,""contact_by_employers"":false}",Y08,"KaushalSetu synthetic generator v2, seed 20260929",2026-09-28T12:00:00+05:30,"SYNTHETIC demo data (KaushalSetu SIH prototype): fictional entities, team-assumed numbers, not real or official statistics.",true
ea3234b3-1170-5230-b217-db97d0f95919,C-ITI-K-wireman-2025-050,d8954509-dece-5c60-9466-34cd75d462cb,CLASS_10,"[""mr"",""hi"",""en""]","{""analytics"":true,""contact_by_employers"":true}",Y08,"KaushalSetu synthetic generator v2, seed 20260929",2026-09-28T12:00:00+05:30,"SYNTHETIC demo data (KaushalSetu SIH prototype): fictional entities, team-assumed numbers, not real or official statistics.",true
d19cf3a2-8c18-52eb-a8a3-a23d3aabafd7,C-ITI-K-wireman-2025-051,d8954509-dece-5c60-9466-34cd75d462cb,CLASS_10,"[""mr"",""hi"",""en""]","{""analytics"":true,""contact_by_employers"":true}",Y08,"KaushalSetu synthetic generator v2, seed 20260929",2026-09-28T12:00:00+05:30,"SYNTHETIC demo data (KaushalSetu SIH prototype): fictional entities, team-assumed numbers, not real or official statistics.",true
3d587948-8607-5844-adca-8d0f5913284c,C-ITI-K-wireman-2025-052,d8954509-dece-5c60-9466-34cd75d462cb,CLASS_10,"[""mr""]","{""analytics"":true,""contact_by_employers"":false}",Y08,"KaushalSetu synthetic generator v2, seed 20260929",2026-09-28T12:00:00+05:30,"SYNTHETIC demo data (KaushalSetu SIH prototype): fictional entities, team-assumed numbers, not real or official statistics.",true
161322a6-da48-5c26-80c2-b3f95fda7938,C-ITI-K-wireman-2025-053,d8954509-dece-5c60-9466-34cd75d462cb,CLASS_10,"[""mr"",""hi"",""en""]","{""analytics"":true,""contact_by_employers"":true}",Y08,"KaushalSetu synthetic generator v2, seed 20260929",2026-09-28T12:00:00+05:30,"SYNTHETIC demo data (KaushalSetu SIH prototype): fictional entities, team-assumed numbers, not real or official statistics.",true
dc4fc9d1-eae9-5cdf-b377-ccce49b4bf2a,C-ITI-K-wireman-2025-054,d8954509-dece-5c60-9466-34cd75d462cb,CLASS_10,"[""mr"",""hi"",""en""]","{""analytics"":true,""contact_by_employers"":true}",Y08,"KaushalSetu synthetic generator v2, seed 20260929",2026-09-28T12:00:00+05:30,"SYNTHETIC demo data (KaushalSetu SIH prototype): fictional entities, team-assumed numbers, not real or official statistics.",true
c18b7215-bf70-5ae9-b24d-09bce6aeb5d7,C-ITI-K-wireman-2025-055,d8954509-dece-5c60-9466-34cd75d462cb,CLASS_10,"[""mr"",""hi""]","{""analytics"":true,""contact_by_employers"":false}",Y08,"KaushalSetu synthetic generator v2, seed 20260929",2026-09-28T12:00:00+05:30,"SYNTHETIC demo data (KaushalSetu SIH prototype): fictional entities, team-assumed numbers, not real or official statistics.",true
fed3c19b-fa35-5a4e-9e0e-b001b1251920,C-ITI-K-wireman-2025-056,d8954509-dece-5c60-9466-34cd75d462cb,CLASS_10,"[""mr"",""hi"",""en""]","{""analytics"":true,""contact_by_employers"":true}",Y08,"KaushalSetu synthetic generator v2, seed 20260929",2026-09-28T12:00:00+05:30,"SYNTHETIC demo data (KaushalSetu SIH prototype): fictional entities, team-assumed numbers, not real or official statistics.",true
293c9751-2440-57b8-b02a-8ddc890c9183,C-ITI-K-wireman-2025-057,d8954509-dece-5c60-9466-34cd75d462cb,CLASS_10,"[""mr""]","{""analytics"":true,""contact_by_employers"":true}",Y08,"KaushalSetu synthetic generator v2, seed 20260929",2026-09-28T12:00:00+05:30,"SYNTHETIC demo data (KaushalSetu SIH prototype): fictional entities, team-assumed numbers, not real or official statistics.",true
