id,candidate_id,course_offering_id,status,enrolled_on,completed_on,source,source_ref,fetched_at,license_note,is_synthetic
ab318869-20be-52cc-866e-20cd866e9a88,2e0eff49-62d6-50c1-8954-d7d1437b7a37,7c337dc1-3c1b-56c4-a5e7-d2b73862bb61,COMPLETED,2023-08-03,2025-07-19,Y09,"KaushalSetu synthetic generator v2, seed 20260929",2026-09-28T12:00:00+05:30,"SYNTHETIC demo data (KaushalSetu SIH prototype): fictional entities, team-assumed numbers, not real or official statistics.",true
48887656-a5d1-5cd5-8144-83850a3554c2,d467e331-be86-51b8-839b-098f27fb537c,7c337dc1-3c1b-56c4-a5e7-d2b73862bb61,COMPLETED,2023-08-01,2025-07-27,Y09,"KaushalSetu synthetic generator v2, seed 20260929",2026-09-28T12:00:00+05:30,"SYNTHETIC demo data (KaushalSetu SIH prototype): fictional entities, team-assumed numbers, not real or official statistics.",true
430d475b-9534-543c-824e-e2c2e17b8165,73231a6c-9cfe-50fb-898a-a24e42ac77b7,7c337dc1-3c1b-56c4-a5e7-d2b73862bb61,COMPLETED,2023-08-17,2025-07-30,Y09,"KaushalSetu synthetic generator v2, seed 20260929",2026-09-28T12:00:00+05:30,"SYNTHETIC demo data (KaushalSetu SIH prototype): fictional entities, team-assumed numbers, not real or official statistics.",true
88b88a1d-3921-579b-9286-b4544f87acb9,7c8700d9-bb22-57bd-b2a1-f7286a0d46e4,7c337dc1-3c1b-56c4-a5e7-d2b73862bb61,COMPLETED,2023-08-02,2025-07-30,Y09,"KaushalSetu synthetic generator v2, seed 20260929",2026-09-28T12:00:00+05:30,"SYNTHETIC demo data (KaushalSetu SIH prototype): fictional entities, team-assumed numbers, not real or official statistics.",true
638aa4b7-96d1-5378-a5a2-43eef005dff5,966b862f-24b5-5f0f-9dde-c94277a0679a,7c337dc1-3c1b-56c4-a5e7-d2b73862bb61,COMPLETED,2023-08-17,2025-07-26,Y09,"KaushalSetu synthetic generator v2, seed 20260929",2026-09-28T12:00:00+05:30,"SYNTHETIC demo data (KaushalSetu SIH prototype): fictional entities, team-assumed numbers, not real or official statistics.",true
141828c6-8963-5973-b988-ed02d0b4a4a1,86dae277-5bd5-5df6-80a8-ebea742892b7,7c337dc1-3c1b-56c4-a5e7-d2b73862bb61,DROPPED,2023-08-25,,Y09,"KaushalSetu synthetic generator v2, seed 20260929",2026-09-28T12:00:00+05:30,"SYNTHETIC demo data (KaushalSetu SIH prototype): fictional entities, team-assumed numbers, not real or official statistics.",true
77f6dea0-ddd9-509d-b9a4-83aaf1bd4ad9,1e5eb149-8d63-5253-9477-d644e8a57d6e,7c337dc1-3c1b-56c4-a5e7-d2b73862bb61,COMPLETED,2023-08-06,2025-07-18,Y09,"KaushalSetu synthetic generator v2, seed 20260929",2026-09-28T12:00:00+05:30,"SYNTHETIC demo data (KaushalSetu SIH prototype): fictional entities, team-assumed numbers, not real or official statistics.",true
11ac9e5f-b2ef-5e70-bdea-9b71a0bf77f1,ed3c4f80-8afb-5015-acea-9c7049f38b2e,7c337dc1-3c1b-56c4-a5e7-d2b73862bb61,COMPLETED,2023-08-01,2025-07-25,Y09,"KaushalSetu synthetic generator v2, seed 20260929",2026-09-28T12:00:00+05:30,"SYNTHETIC demo data (KaushalSetu SIH prototype): fictional entities, team-assumed numbers, not real or official statistics.",true
4062a649-efb4-5396-aa76-6399d4d4b3cf,39ffb2b0-906e-5103-8571-43596bff0748,7c337dc1-3c1b-56c4-a5e7-d2b73862bb61,COMPLETED,2023-08-01,2025-07-16,Y09,"KaushalSetu synthetic generator v2, seed 20260929",2026-09-28T12:00:00+05:30,"SYNTHETIC demo data (KaushalSetu SIH prototype): fictional entities, team-assumed numbers, not real or official statistics.",true
aaeccc8b-4c54-5626-b09f-d76a1dfe5551,0725285f-819f-5039-8513-17b00499c07b,7c337dc1-3c1b-56c4-a5e7-d2b73862bb61,COMPLETED,2023-08-13,2025-07-27,Y09,"KaushalSetu synthetic generator v2, seed 20260929",2026-09-28T12:00:00+05:30,"SYNTHETIC demo data (KaushalSetu SIH prototype): fictional entities, team-assumed numbers, not real or official statistics.",true
9e670854-959c-50b4-9a55-6ad9a3a5a62c,0a8a70f0-7fcb-5a06-8602-d7c3b42b9c32,7c337dc1-3c1b-56c4-a5e7-d2b73862bb61,DROPPED,2023-08-08,,Y09,"KaushalSetu synthetic generator v2, seed 20260929",2026-09-28T12:00:00+05:30,"SYNTHETIC demo data (KaushalSetu SIH prototype): fictional entities, team-assumed numbers, not real or official statistics.",true
e6fe733d-017f-52a5-9716-84a6bfb3bd28,90cbe720-0d34-5bec-9749-4003de2ebd7a,7c337dc1-3c1b-56c4-a5e7-d2b73862bb61,COMPLETED,2023-08-13,2025-07-25,Y09,"KaushalSetu synthetic generator v2, seed 20260929",2026-09-28T12:00:00+05:30,"SYNTHETIC demo data (KaushalSetu SIH prototype): fictional entities, team-assumed numbers, not real or official statistics.",true
4e433301-46a4-5cc8-953c-cb7f0c63c30e,aaee2a5f-65b9-5c21-91b0-13dc0ac3ae0a,7c337dc1-3c1b-56c4-a5e7-d2b73862bb61,COMPLETED,2023-08-15,2025-07-22,Y09,"KaushalSetu synthetic generator v2, seed 20260929",2026-09-28T12:00:00+05:30,"SYNTHETIC demo data (KaushalSetu SIH prototype): fictional entities, team-assumed numbers, not real or official statistics.",true
4f38e113-846f-595f-aa52-4aa02db96287,5991348d-7cc0-5b78-a1b1-e0636f3f2242,7c337dc1-3c1b-56c4-a5e7-d2b73862bb61,COMPLETED,2023-08-31,2025-07-22,Y09,"KaushalSetu synthetic generator v2, seed 20260929",2026-09-28T12:00:00+05:30,"SYNTHETIC demo data (KaushalSetu SIH prototype): fictional entities, team-assumed numbers, not real or official statistics.",true
5b10ba26-fea2-50ca-9751-d356d14a17be,143ba7aa-7e20-53e1-9fd6-10d3cf577131,7c337dc1-3c1b-56c4-a5e7-d2b73862bb61,COMPLETED,2023-08-02,2025-07-16,Y09,"KaushalSetu synthetic generator v2, seed 20260929",2026-09-28T12:00:00+05:30,"SYNTHETIC demo data (KaushalSetu SIH prototype): fictional entities, team-assumed numbers, not real or official statistics.",true
1a599833-6e9d-550c-9b8f-0754a350d9f2,ea323116-866f-57b6-92c8-1a77803f1b23,7c337dc1-3c1b-56c4-a5e7-d2b73862bb61,COMPLETED,2023-08-10,2025-07-25,Y09,"KaushalSetu synthetic generator v2, seed 20260929",2026-09-28T12:00:00+05:30,"SYNTHETIC demo data (KaushalSetu SIH prototype): fictional entities, team-assumed numbers, not real or official statistics.",true
272b6c48-ff39-5458-ad86-698f89b628c8,932677a5-f3f4-5195-98ca-81351fd99027,7c337dc1-3c1b-56c4-a5e7-d2b73862bb61,COMPLETED,2023-08-30,2025-07-26,Y09,"KaushalSetu synthetic generator v2, seed 20260929",2026-09-28T12:00:00+05:30,"SYNTHETIC demo data (KaushalSetu SIH prototype): fictional entities, team-assumed numbers, not real or official statistics.",true
e280a0f6-041d-5941-a589-f547bf7595e1,d0976b1f-40cb-510b-b8b3-11643d75492f,7c337dc1-3c1b-56c4-a5e7-d2b73862bb61,COMPLETED,2023-08-19,2025-07-29,Y09,"KaushalSetu synthetic generator v2, seed 20260929",2026-09-28T12:00:00+05:30,"SYNTHETIC demo data (KaushalSetu SIH prototype): fictional entities, team-assumed numbers, not real or official statistics.",true
e007c23e-bab8-5453-94a6-8f39c4d41684,131e830c-c527-580d-a85f-38bf5df8ebc0,7c337dc1-3c1b-56c4-a5e7-d2b73862bb61,COMPLETED,2023-08-14,2025-07-31,Y09,"KaushalSetu synthetic generator v2, seed 20260929",2026-09-28T12:00:00+05:30,"SYNTHETIC demo data (KaushalSetu SIH prototype): fictional entities, team-assumed numbers, not real or official statistics.",true
849e3247-878b-5ce9-8bda-bad96ba47e49,636a9815-3608-50ca-b9ab-9b50710bfe7d,7c337dc1-3c1b-56c4-a5e7-d2b73862bb61,COMPLETED,2023-08-06,2025-07-18,Y09,"KaushalSetu synthetic generator v2, seed 20260929",2026-09-28T12:00:00+05:30,"SYNTHETIC demo data (KaushalSetu SIH prototype): fictional entities, team-assumed numbers, not real or official statistics.",true
95c6edf9-b352-5605-b8b7-7db2e24fa8ac,495292ed-f2ed-5a52-a982-05654154568b,7c337dc1-3c1b-56c4-a5e7-d2b73862bb61,COMPLETED,2023-08-08,2025-07-18,Y09,"KaushalSetu synthetic generator v2, seed 20260929",2026-09-28T12:00:00+05:30,"SYNTHETIC demo data (KaushalSetu SIH prototype): fictional entities, team-assumed numbers, not real or official statistics.",true
8dfe6c36-25e3-5404-8ae2-7387e86d13e2,a9b78c80-ee44-5401-8276-e5446ce3601b,7c337dc1-3c1b-56c4-a5e7-d2b73862bb61,COMPLETED,2023-08-17,2025-07-25,Y09,"KaushalSetu synthetic generator v2, seed 20260929",2026-09-28T12:00:00+05:30,"SYNTHETIC demo data (KaushalSetu SIH prototype): fictional entities, team-assumed numbers, not real or official statistics.",true
dc4482bd-62e2-54a6-a409-abd6d13680d9,70f1ed33-83cd-57eb-8953-193847e11955,7c337dc1-3c1b-56c4-a5e7-d2b73862bb61,COMPLETED,2023-08-18,2025-07-17,Y09,"KaushalSetu synthetic generator v2, seed 20260929",2026-09-28T12:00:00+05:30,"SYNTHETIC demo data (KaushalSetu SIH prototype): fictional entities, team-assumed numbers, not real or official statistics.",true
3607c2c3-b1a5-52c5-9c82-47467ceb76c1,8fe5dadc-9b2c-581f-852c-4f3133a044f6,7c337dc1-3c1b-56c4-a5e7-d2b73862bb61,COMPLETED,2023-08-23,2025-07-20,Y09,"KaushalSetu synthetic generator v2, seed 20260929",2026-09-28T12:00:00+05:30,"SYNTHETIC demo data (KaushalSetu SIH prototype): fictional entities, team-assumed numbers, not real or official statistics.",true
4b1ca669-f670-5e3a-9044-37f43bd80355,3c721ce1-9c64-5d3f-b115-d922c8d3dc3b,7c337dc1-3c1b-56c4-a5e7-d2b73862bb61,COMPLETED,2023-08-15,2025-07-31,Y09,"KaushalSetu synthetic generator v2, seed 20260929",2026-09-28T12:00:00+05:30,"SYNTHETIC demo data (KaushalSetu SIH prototype): fictional entities, team-assumed numbers, not real or official statistics.",true
0857f9fd-0b65-535d-92c1-8ae435cc6d5b,2b93aa50-9214-52ef-871d-0d1b1a13baef,7c337dc1-3c1b-56c4-a5e7-d2b73862bb61,COMPLETED,2023-08-29,2025-07-30,Y09,"KaushalSetu synthetic generator v2, seed 20260929",2026-09-28T12:00:00+05:30,"SYNTHETIC demo data (KaushalSetu SIH prototype): fictional entities, team-assumed numbers, not real or official statistics.",true
32882dd8-e24d-53a5-b676-cc4461b95a0e,14217410-17eb-5eec-9e08-a480990c4985,7c337dc1-3c1b-56c4-a5e7-d2b73862bb61,DROPPED,2023-08-01,,Y09,"KaushalSetu synthetic generator v2, seed 20260929",2026-09-28T12:00:00+05:30,"SYNTHETIC demo data (KaushalSetu SIH prototype): fictional entities, team-assumed numbers, not real or official statistics.",true
958357b2-9dab-53f2-86f7-52f52df54b42,ab7fb08e-2cb7-5b5c-bd88-eca2d409bdfa,7c337dc1-3c1b-56c4-a5e7-d2b73862bb61,COMPLETED,2023-08-26,2025-07-22,Y09,"KaushalSetu synthetic generator v2, seed 20260929",2026-09-28T12:00:00+05:30,"SYNTHETIC demo data (KaushalSetu SIH prototype): fictional entities, team-assumed numbers, not real or official statistics.",true
d42480fb-185b-5491-8dfd-976b6c22df9e,1471006a-4240-5eaa-8a23-e50abfa10c79,7c337dc1-3c1b-56c4-a5e7-d2b73862bb61,COMPLETED,2023-08-14,2025-07-25,Y09,"KaushalSetu synthetic generator v2, seed 20260929",2026-09-28T12:00:00+05:30,"SYNTHETIC demo data (KaushalSetu SIH prototype): fictional entities, team-assumed numbers, not real or official statistics.",true
d134abdb-daa4-5bef-9032-cf3cc8a2ce60,ba7763b2-a2db-5ebd-9a9e-18cc2c0b4b6f,7c337dc1-3c1b-56c4-a5e7-d2b73862bb61,DROPPED,2023-08-16,,Y09,"KaushalSetu synthetic generator v2, seed 20260929",2026-09-28T12:00:00+05:30,"SYNTHETIC demo data (KaushalSetu SIH prototype): fictional entities, team-assumed numbers, not real or official statistics.",true
c6a1c313-1eb0-5a6d-91a4-16feb1052fce,07883e7c-1999-5a0e-985a-507ee12f5797,7c337dc1-3c1b-56c4-a5e7-d2b73862bb61,COMPLETED,2023-08-07,2025-07-24,Y09,"KaushalSetu synthetic generator v2, seed 20260929",2026-09-28T12:00:00+05:30,"SYNTHETIC demo data (KaushalSetu SIH prototype): fictional entities, team-assumed numbers, not real or official statistics.",true
3429a07d-655e-5e84-a858-5651b0035b74,59afab35-3838-53c1-86ef-5710e57bf60d,7c337dc1-3c1b-56c4-a5e7-d2b73862bb61,COMPLETED,2023-08-30,2025-07-20,Y09,"KaushalSetu synthetic generator v2, seed 20260929",2026-09-28T12:00:00+05:30,"SYNTHETIC demo data (KaushalSetu SIH prototype): fictional entities, team-assumed numbers, not real or official statistics.",true
ecc4d646-11ef-52b0-9026-751109d66f8e,d930aa91-6ce1-5f05-91e5-43cd007b55e5,7c337dc1-3c1b-56c4-a5e7-d2b73862bb61,COMPLETED,2023-08-14,2025-07-16,Y09,"KaushalSetu synthetic generator v2, seed 20260929",2026-09-28T12:00:00+05:30,"SYNTHETIC demo data (KaushalSetu SIH prototype): fictional entities, team-assumed numbers, not real or official statistics.",true
0118990f-53d3-57f8-baf3-87c11a961361,a3b28269-023d-5c6c-a3f0-fa2da5cb76e3,7c337dc1-3c1b-56c4-a5e7-d2b73862bb61,COMPLETED,2023-08-05,2025-07-18,Y09,"KaushalSetu synthetic generator v2, seed 20260929",2026-09-28T12:00:00+05:30,"SYNTHETIC demo data (KaushalSetu SIH prototype): fictional entities, team-assumed numbers, not real or official statistics.",true
2dadde57-19cd-5d3f-9a59-7f124d8db8ff,1f325f32-2cfd-5d65-b62a-27cc899f0752,7c337dc1-3c1b-56c4-a5e7-d2b73862bb61,COMPLETED,2023-08-20,2025-07-19,Y09,"KaushalSetu synthetic generator v2, seed 20260929",2026-09-28T12:00:00+05:30,"SYNTHETIC demo data (KaushalSetu SIH prototype): fictional entities, team-assumed numbers, not real or official statistics.",true
21906e5a-71c2-5395-91ef-bfe5af2c164b,5ce2361a-6939-5acf-b8b5-7464c999bf3c,7c337dc1-3c1b-56c4-a5e7-d2b73862bb61,COMPLETED,2023-08-13,2025-07-26,Y09,"KaushalSetu synthetic generator v2, seed 20260929",2026-09-28T12:00:00+05:30,"SYNTHETIC demo data (KaushalSetu SIH prototype): fictional entities, team-assumed numbers, not real or official statistics.",true
7d66fe97-69f5-5e00-a15b-13e0ab85dce9,cd97892a-d798-5de6-9464-14bd0b47d038,7c337dc1-3c1b-56c4-a5e7-d2b73862bb61,COMPLETED,2023-08-28,2025-07-21,Y09,"KaushalSetu synthetic generator v2, seed 20260929",2026-09-28T12:00:00+05:30,"SYNTHETIC demo data (KaushalSetu SIH prototype): fictional entities, team-assumed numbers, not real or official statistics.",true
c091e4d3-da9b-5dfc-8b65-ae5f73f3c4e1,be9e88b5-8e16-5dd6-981d-ef32e3667bd6,7c337dc1-3c1b-56c4-a5e7-d2b73862bb61,COMPLETED,2023-08-05,2025-07-25,Y09,"KaushalSetu synthetic generator v2, seed 20260929",2026-09-28T12:00:00+05:30,"SYNTHETIC demo data (KaushalSetu SIH prototype): fictional entities, team-assumed numbers, not real or official statistics.",true
f225ced4-3de4-513c-a085-c36d8061f38d,cc2a1585-dfff-56a4-ab00-6bcf7c897fab,7c337dc1-3c1b-56c4-a5e7-d2b73862bb61,COMPLETED,2023-08-30,2025-07-18,Y09,"KaushalSetu synthetic generator v2, seed 20260929",2026-09-28T12:00:00+05:30,"SYNTHETIC demo data (KaushalSetu SIH prototype): fictional entities, team-assumed numbers, not real or official statistics.",true
070f916c-a802-5dfc-997d-99d98524b308,e7986a9e-ecd6-596f-bb96-9733f0b6f822,7c337dc1-3c1b-56c4-a5e7-d2b73862bb61,DROPPED,2023-08-16,,Y09,"KaushalSetu synthetic generator v2, seed 20260929",2026-09-28T12:00:00+05:30,"SYNTHETIC demo data (KaushalSetu SIH prototype): fictional entities, team-assumed numbers, not real or official statistics.",true
8bbaf8f9-02de-5694-8f76-a89d6b123471,7504e220-d802-56ef-9b8d-6563c3bb48b6,7c337dc1-3c1b-56c4-a5e7-d2b73862bb61,COMPLETED,2023-08-19,2025-07-26,Y09,"KaushalSetu synthetic generator v2, seed 20260929",2026-09-28T12:00:00+05:30,"SYNTHETIC demo data (KaushalSetu SIH prototype): fictional entities, team-assumed numbers, not real or official statistics.",true
2e3d4a3b-032b-5e77-9302-bf024160da1f,cfad0ed5-70fc-5fb3-9a98-3d53beb3e624,7c337dc1-3c1b-56c4-a5e7-d2b73862bb61,COMPLETED,2023-08-21,2025-07-30,Y09,"KaushalSetu synthetic generator v2, seed 20260929",2026-09-28T12:00:00+05:30,"SYNTHETIC demo data (KaushalSetu SIH prototype): fictional entities, team-assumed numbers, not real or official statistics.",true
eeaaeb37-6aa4-5f28-8649-01df47a162fc,73e17046-589c-5145-8b4f-408f093942fe,7c337dc1-3c1b-56c4-a5e7-d2b73862bb61,COMPLETED,2023-08-17,2025-07-30,Y09,"KaushalSetu synthetic generator v2, seed 20260929",2026-09-28T12:00:00+05:30,"SYNTHETIC demo data (KaushalSetu SIH prototype): fictional entities, team-assumed numbers, not real or official statistics.",true
5f8bb4ae-cda1-53db-be8c-3624d572da33,c22753fd-3bad-581a-888b-177da174f1c3,7c337dc1-3c1b-56c4-a5e7-d2b73862bb61,COMPLETED,2023-08-13,2025-07-29,Y09,"KaushalSetu synthetic generator v2, seed 20260929",2026-09-28T12:00:00+05:30,"SYNTHETIC demo data (KaushalSetu SIH prototype): fictional entities, team-assumed numbers, not real or official statistics.",true
6c9a17ec-fbae-5412-a207-0be5b9be9714,b44bcad5-348b-5758-bbac-2d77ee1bd052,7c337dc1-3c1b-56c4-a5e7-d2b73862bb61,DROPPED,2023-08-17,,Y09,"KaushalSetu synthetic generator v2, seed 20260929",2026-09-28T12:00:00+05:30,"SYNTHETIC demo data (KaushalSetu SIH prototype): fictional entities, team-assumed numbers, not real or official statistics.",true
491e37d9-d24b-5926-9ebe-25e405457e43,0286232f-de79-5af0-8810-c3e86d6453eb,7c337dc1-3c1b-56c4-a5e7-d2b73862bb61,COMPLETED,2023-08-09,2025-07-30,Y09,"KaushalSetu synthetic generator v2, seed 20260929",2026-09-28T12:00:00+05:30,"SYNTHETIC demo data (KaushalSetu SIH prototype): fictional entities, team-assumed numbers, not real or official statistics.",true
3decc696-f6ad-5d27-bbf7-1a1008969198,159d8c31-5120-56a7-a774-7d6b43c9e2d4,7c337dc1-3c1b-56c4-a5e7-d2b73862bb61,COMPLETED,2023-08-14,2025-07-30,Y09,"KaushalSetu synthetic generator v2, seed 20260929",2026-09-28T12:00:00+05:30,"SYNTHETIC demo data (KaushalSetu SIH prototype): fictional entities, team-assumed numbers, not real or official statistics.",true
11401c35-38f0-5f7f-8d88-33275e026f7d,193e4fef-00bf-5a15-9154-caa0b558f232,7c337dc1-3c1b-56c4-a5e7-d2b73862bb61,COMPLETED,2023-08-28,2025-07-17,Y09,"KaushalSetu synthetic generator v2, seed 20260929",2026-09-28T12:00:00+05:30,"SYNTHETIC demo data (KaushalSetu SIH prototype): fictional entities, team-assumed numbers, not real or official statistics.",true
6c57fc57-c449-5359-86f0-9e8716e5345a,0e367a0a-8697-5150-974d-dc67901e947d,7c337dc1-3c1b-56c4-a5e7-d2b73862bb61,COMPLETED,2023-08-20,2025-07-30,Y09,"KaushalSetu synthetic generator v2, seed 20260929",2026-09-28T12:00:00+05:30,"SYNTHETIC demo data (KaushalSetu SIH prototype): fictional entities, team-assumed numbers, not real or official statistics.",true
179f0157-6251-5d75-857f-aa4a2635a267,1c31138e-af9b-584f-aa1d-89c8238140eb,7c337dc1-3c1b-56c4-a5e7-d2b73862bb61,COMPLETED,2023-08-12,2025-07-16,Y09,"KaushalSetu synthetic generator v2, seed 20260929",2026-09-28T12:00:00+05:30,"SYNTHETIC demo data (KaushalSetu SIH prototype): fictional entities, team-assumed numbers, not real or official statistics.",true
d7c47bea-1aef-5787-9f09-e7ac921f59b6,09dec5c7-e741-5780-9377-6f873ec54f1b,7c337dc1-3c1b-56c4-a5e7-d2b73862bb61,COMPLETED,2023-08-10,2025-07-20,Y09,"KaushalSetu synthetic generator v2, seed 20260929",2026-09-28T12:00:00+05:30,"SYNTHETIC demo data (KaushalSetu SIH prototype): fictional entities, team-assumed numbers, not real or official statistics.",true
6cef65f4-3aa0-511d-a4e7-015f29945f12,9675bf8b-2a69-5223-961a-5dd8fe35e2b3,7c337dc1-3c1b-56c4-a5e7-d2b73862bb61,COMPLETED,2023-08-19,2025-07-27,Y09,"KaushalSetu synthetic generator v2, seed 20260929",2026-09-28T12:00:00+05:30,"SYNTHETIC demo data (KaushalSetu SIH prototype): fictional entities, team-assumed numbers, not real or official statistics.",true
c573980a-a22a-5759-af76-47863435bc8b,2302a5e6-6ff2-53ce-8f10-2cb312bff3ad,7c337dc1-3c1b-56c4-a5e7-d2b73862bb61,COMPLETED,2023-08-30,2025-07-31,Y09,"KaushalSetu synthetic generator v2, seed 20260929",2026-09-28T12:00:00+05:30,"SYNTHETIC demo data (KaushalSetu SIH prototype): fictional entities, team-assumed numbers, not real or official statistics.",true
b5bad0b6-7ed2-574b-992e-10a5cc5307d3,5323554b-d7e9-5740-8ce9-5754ac3e6627,7c337dc1-3c1b-56c4-a5e7-d2b73862bb61,COMPLETED,2023-08-08,2025-07-15,Y09,"KaushalSetu synthetic generator v2, seed 20260929",2026-09-28T12:00:00+05:30,"SYNTHETIC demo data (KaushalSetu SIH prototype): fictional entities, team-assumed numbers, not real or official statistics.",true
752081a2-c943-54f1-bd79-eb83662442dc,6e08777b-f9e5-5823-bdc6-4caed3ed5c25,7c337dc1-3c1b-56c4-a5e7-d2b73862bb61,COMPLETED,2023-08-01,2025-07-31,Y09,"KaushalSetu synthetic generator v2, seed 20260929",2026-09-28T12:00:00+05:30,"SYNTHETIC demo data (KaushalSetu SIH prototype): fictional entities, team-assumed numbers, not real or official statistics.",true
9b388633-3fcf-564a-a894-ad64e4563a65,199d9d77-7f80-5ffd-89ef-be24797f2ebd,7c337dc1-3c1b-56c4-a5e7-d2b73862bb61,COMPLETED,2023-08-14,2025-07-21,Y09,"KaushalSetu synthetic generator v2, seed 20260929",2026-09-28T12:00:00+05:30,"SYNTHETIC demo data (KaushalSetu SIH prototype): fictional entities, team-assumed numbers, not real or official statistics.",true
8f56a50e-d294-511a-90a1-5ac59ea2ead7,689809c0-e020-55e5-8f05-cf935605a560,7c337dc1-3c1b-56c4-a5e7-d2b73862bb61,COMPLETED,2023-08-05,2025-07-19,Y09,"KaushalSetu synthetic generator v2, seed 20260929",2026-09-28T12:00:00+05:30,"SYNTHETIC demo data (KaushalSetu SIH prototype): fictional entities, team-assumed numbers, not real or official statistics.",true
1cbb1b7b-5026-5fb2-b6be-7da31242cca2,2ff15518-c209-5c3c-85cd-15a4872d223c,7c337dc1-3c1b-56c4-a5e7-d2b73862bb61,DROPPED,2023-08-31,,Y09,"KaushalSetu synthetic generator v2, seed 20260929",2026-09-28T12:00:00+05:30,"SYNTHETIC demo data (KaushalSetu SIH prototype): fictional entities, team-assumed numbers, not real or official statistics.",true
e375d5c8-193b-5295-a19a-4f94a4d34c0f,bdb0ce28-18e1-5de8-a9ae-a0a98543348c,d85ead1c-ac63-5848-93e7-fbbefb0ff135,COMPLETED,2024-08-20,2026-07-22,Y09,"KaushalSetu synthetic generator v2, seed 20260929",2026-09-28T12:00:00+05:30,"SYNTHETIC demo data (KaushalSetu SIH prototype): fictional entities, team-assumed numbers, not real or official statistics.",true
8e4f8b64-0e36-5c68-b9f3-09e18c1b39a1,7cb940be-8f83-51b3-8dd6-90c90ada3b1b,d85ead1c-ac63-5848-93e7-fbbefb0ff135,COMPLETED,2024-08-20,2026-07-15,Y09,"KaushalSetu synthetic generator v2, seed 20260929",2026-09-28T12:00:00+05:30,"SYNTHETIC demo data (KaushalSetu SIH prototype): fictional entities, team-assumed numbers, not real or official statistics.",true
c416040a-64a3-5b60-87d1-7b503fac9ee6,e2e86d41-1f38-5c42-b1e5-c9d30a3bf3c6,d85ead1c-ac63-5848-93e7-fbbefb0ff135,DROPPED,2024-08-13,,Y09,"KaushalSetu synthetic generator v2, seed 20260929",2026-09-28T12:00:00+05:30,"SYNTHETIC demo data (KaushalSetu SIH prototype): fictional entities, team-assumed numbers, not real or official statistics.",true
7a3a57fa-b51c-5b71-8361-70021035075b,b9a666f8-6b88-50d9-be45-597277b975fa,d85ead1c-ac63-5848-93e7-fbbefb0ff135,COMPLETED,2024-08-01,2026-07-23,Y09,"KaushalSetu synthetic generator v2, seed 20260929",2026-09-28T12:00:00+05:30,"SYNTHETIC demo data (KaushalSetu SIH prototype): fictional entities, team-assumed numbers, not real or official statistics.",true
033ee928-116d-5c88-958e-81053ac2c45f,0b1cfacc-2ab0-509c-9cc9-e3ad14cdec4a,d85ead1c-ac63-5848-93e7-fbbefb0ff135,COMPLETED,2024-08-24,2026-07-24,Y09,"KaushalSetu synthetic generator v2, seed 20260929",2026-09-28T12:00:00+05:30,"SYNTHETIC demo data (KaushalSetu SIH prototype): fictional entities, team-assumed numbers, not real or official statistics.",true
02205392-9970-5393-9ca9-ea04222cc7ef,a4f720d6-8087-55da-aeae-66766340d988,d85ead1c-ac63-5848-93e7-fbbefb0ff135,DROPPED,2024-08-03,,Y09,"KaushalSetu synthetic generator v2, seed 20260929",2026-09-28T12:00:00+05:30,"SYNTHETIC demo data (KaushalSetu SIH prototype): fictional entities, team-assumed numbers, not real or official statistics.",true
fad91a93-47e3-5266-b8a6-bdda278b0f14,0a6a9477-0106-5043-8086-e7f753ad8d96,d85ead1c-ac63-5848-93e7-fbbefb0ff135,COMPLETED,2024-08-10,2026-07-19,Y09,"KaushalSetu synthetic generator v2, seed 20260929",2026-09-28T12:00:00+05:30,"SYNTHETIC demo data (KaushalSetu SIH prototype): fictional entities, team-assumed numbers, not real or official statistics.",true
6301719c-964b-5702-ac07-fc5f06eab19b,92763413-a5de-5553-8cb1-76fbe4acad49,d85ead1c-ac63-5848-93e7-fbbefb0ff135,COMPLETED,2024-08-22,2026-07-19,Y09,"KaushalSetu synthetic generator v2, seed 20260929",2026-09-28T12:00:00+05:30,"SYNTHETIC demo data (KaushalSetu SIH prototype): fictional entities, team-assumed numbers, not real or official statistics.",true
0a8e55c6-d4db-546a-a7fe-f294ebc486d7,42cb7237-04eb-5959-a39d-115dae4dc052,d85ead1c-ac63-5848-93e7-fbbefb0ff135,COMPLETED,2024-08-16,2026-07-18,Y09,"KaushalSetu synthetic generator v2, seed 20260929",2026-09-28T12:00:00+05:30,"SYNTHETIC demo data (KaushalSetu SIH prototype): fictional entities, team-assumed numbers, not real or official statistics.",true
62ff46f8-e229-56ec-a154-a3268a6219a5,bd571fcc-1925-5b72-a2ca-437eb7af8bbc,d85ead1c-ac63-5848-93e7-fbbefb0ff135,COMPLETED,2024-08-11,2026-07-15,Y09,"KaushalSetu synthetic generator v2, seed 20260929",2026-09-28T12:00:00+05:30,"SYNTHETIC demo data (KaushalSetu SIH prototype): fictional entities, team-assumed numbers, not real or official statistics.",true
9bc86b6d-0694-542c-ac1f-b33eb2e73a5a,17cf73ab-2baf-5b8f-8897-bf776a692ae1,d85ead1c-ac63-5848-93e7-fbbefb0ff135,COMPLETED,2024-08-03,2026-07-27,Y09,"KaushalSetu synthetic generator v2, seed 20260929",2026-09-28T12:00:00+05:30,"SYNTHETIC demo data (KaushalSetu SIH prototype): fictional entities, team-assumed numbers, not real or official statistics.",true
c9720960-7227-5d3d-bb04-f34363b6b0f4,125630bf-e380-53e1-af84-8afe2c6bdcd3,d85ead1c-ac63-5848-93e7-fbbefb0ff135,COMPLETED,2024-08-25,2026-07-28,Y09,"KaushalSetu synthetic generator v2, seed 20260929",2026-09-28T12:00:00+05:30,"SYNTHETIC demo data (KaushalSetu SIH prototype): fictional entities, team-assumed numbers, not real or official statistics.",true
128498cd-07c7-5953-8120-f77439f07517,a412ebb5-faea-5337-b360-22b83163a542,d85ead1c-ac63-5848-93e7-fbbefb0ff135,COMPLETED,2024-08-28,2026-07-19,Y09,"KaushalSetu synthetic generator v2, seed 20260929",2026-09-28T12:00:00+05:30,"SYNTHETIC demo data (KaushalSetu SIH prototype): fictional entities, team-assumed numbers, not real or official statistics.",true
86b7f23a-1e06-501a-b6de-aa31f52ee9f3,e0cd4c34-a224-54c0-8334-fdd891da5bd9,d85ead1c-ac63-5848-93e7-fbbefb0ff135,DROPPED,2024-08-10,,Y09,"KaushalSetu synthetic generator v2, seed 20260929",2026-09-28T12:00:00+05:30,"SYNTHETIC demo data (KaushalSetu SIH prototype): fictional entities, team-assumed numbers, not real or official statistics.",true
f717ac59-d23f-5d14-868e-197aa1020a7d,b8ce57eb-0d6c-52c9-a219-47d24fa536b5,d85ead1c-ac63-5848-93e7-fbbefb0ff135,COMPLETED,2024-08-28,2026-07-17,Y09,"KaushalSetu synthetic generator v2, seed 20260929",2026-09-28T12:00:00+05:30,"SYNTHETIC demo data (KaushalSetu SIH prototype): fictional entities, team-assumed numbers, not real or official statistics.",true
76707aa1-e55e-5bb9-a5f6-4e81e1c6d0de,bcd8eb1e-babc-5ee1-a4a8-9c077fec7bc4,d85ead1c-ac63-5848-93e7-fbbefb0ff135,COMPLETED,2024-08-10,2026-07-28,Y09,"KaushalSetu synthetic generator v2, seed 20260929",2026-09-28T12:00:00+05:30,"SYNTHETIC demo data (KaushalSetu SIH prototype): fictional entities, team-assumed numbers, not real or official statistics.",true
141ae301-9c26-5697-b5a4-3091e1785774,ded06133-fd39-5c3d-9ec5-2cc7b4302861,d85ead1c-ac63-5848-93e7-fbbefb0ff135,COMPLETED,2024-08-09,2026-07-20,Y09,"KaushalSetu synthetic generator v2, seed 20260929",2026-09-28T12:00:00+05:30,"SYNTHETIC demo data (KaushalSetu SIH prototype): fictional entities, team-assumed numbers, not real or official statistics.",true
f82e8027-2167-57f6-89f5-79fb39fca25c,0da74428-ae6c-55e4-8c8e-ee0c650505ed,d85ead1c-ac63-5848-93e7-fbbefb0ff135,COMPLETED,2024-08-21,2026-07-15,Y09,"KaushalSetu synthetic generator v2, seed 20260929",2026-09-28T12:00:00+05:30,"SYNTHETIC demo data (KaushalSetu SIH prototype): fictional entities, team-assumed numbers, not real or official statistics.",true
554cdd35-1052-5de4-b752-33e97d285ff6,21b4fa5b-ded9-5c05-ab7e-e9932d26f6c2,d85ead1c-ac63-5848-93e7-fbbefb0ff135,COMPLETED,2024-08-19,2026-07-21,Y09,"KaushalSetu synthetic generator v2, seed 20260929",2026-09-28T12:00:00+05:30,"SYNTHETIC demo data (KaushalSetu SIH prototype): fictional entities, team-assumed numbers, not real or official statistics.",true
8ff741be-e96f-5152-94ec-1a33978953cb,48ee7108-b396-5cfd-a5e6-5fd2c6b2fcf3,d85ead1c-ac63-5848-93e7-fbbefb0ff135,COMPLETED,2024-08-28,2026-07-28,Y09,"KaushalSetu synthetic generator v2, seed 20260929",2026-09-28T12:00:00+05:30,"SYNTHETIC demo data (KaushalSetu SIH prototype): fictional entities, team-assumed numbers, not real or official statistics.",true
bb10d1c3-b28c-5562-bc7e-5b948e38c0a7,846b6856-46b4-59de-8786-ac140523a702,d85ead1c-ac63-5848-93e7-fbbefb0ff135,COMPLETED,2024-08-01,2026-07-15,Y09,"KaushalSetu synthetic generator v2, seed 20260929",2026-09-28T12:00:00+05:30,"SYNTHETIC demo data (KaushalSetu SIH prototype): fictional entities, team-assumed numbers, not real or official statistics.",true
dd810f46-6341-5b9a-9974-b969fe145b75,df881bc9-0e68-5d7c-8f93-33903e597f88,d85ead1c-ac63-5848-93e7-fbbefb0ff135,COMPLETED,2024-08-12,2026-07-25,Y09,"KaushalSetu synthetic generator v2, seed 20260929",2026-09-28T12:00:00+05:30,"SYNTHETIC demo data (KaushalSetu SIH prototype): fictional entities, team-assumed numbers, not real or official statistics.",true
128db8a6-206f-5a19-a975-8fe742847260,f55af6bd-18bf-53b0-a327-c3b5e93c805a,d85ead1c-ac63-5848-93e7-fbbefb0ff135,COMPLETED,2024-08-20,2026-07-16,Y09,"KaushalSetu synthetic generator v2, seed 20260929",2026-09-28T12:00:00+05:30,"SYNTHETIC demo data (KaushalSetu SIH prototype): fictional entities, team-assumed numbers, not real or official statistics.",true
7389d3e5-f62e-5a7d-a79f-47301fcfe78b,b37de517-db43-53bd-ad9b-3b22972edbb1,d85ead1c-ac63-5848-93e7-fbbefb0ff135,COMPLETED,2024-08-16,2026-07-19,Y09,"KaushalSetu synthetic generator v2, seed 20260929",2026-09-28T12:00:00+05:30,"SYNTHETIC demo data (KaushalSetu SIH prototype): fictional entities, team-assumed numbers, not real or official statistics.",true
eca74a80-7392-57f0-a35d-57b09919d1e7,5e665893-50f2-50a8-a59b-cc1621a70ea3,d85ead1c-ac63-5848-93e7-fbbefb0ff135,DROPPED,2024-08-16,,Y09,"KaushalSetu synthetic generator v2, seed 20260929",2026-09-28T12:00:00+05:30,"SYNTHETIC demo data (KaushalSetu SIH prototype): fictional entities, team-assumed numbers, not real or official statistics.",true
164ea5f8-13bd-574b-84cc-a9fbcaebb21f,623a7f9b-7ae6-570e-bd4d-f986f49f1e37,d85ead1c-ac63-5848-93e7-fbbefb0ff135,COMPLETED,2024-08-19,2026-07-17,Y09,"KaushalSetu synthetic generator v2, seed 20260929",2026-09-28T12:00:00+05:30,"SYNTHETIC demo data (KaushalSetu SIH prototype): fictional entities, team-assumed numbers, not real or official statistics.",true
76ed3929-a8ba-50f7-918b-d9c53daebf9c,75b13884-9ffd-5aea-a627-870cec4f7981,d85ead1c-ac63-5848-93e7-fbbefb0ff135,COMPLETED,2024-08-18,2026-07-27,Y09,"KaushalSetu synthetic generator v2, seed 20260929",2026-09-28T12:00:00+05:30,"SYNTHETIC demo data (KaushalSetu SIH prototype): fictional entities, team-assumed numbers, not real or official statistics.",true
28d74321-200c-5caa-a649-ef3617dc7893,088a52ba-2077-5494-8a74-28b2b58475cd,d85ead1c-ac63-5848-93e7-fbbefb0ff135,COMPLETED,2024-08-27,2026-07-27,Y09,"KaushalSetu synthetic generator v2, seed 20260929",2026-09-28T12:00:00+05:30,"SYNTHETIC demo data (KaushalSetu SIH prototype): fictional entities, team-assumed numbers, not real or official statistics.",true
85381f82-cc9a-5192-ae33-219856c98ea9,43d32390-76b3-530c-ba44-0cf9930d0bbc,d85ead1c-ac63-5848-93e7-fbbefb0ff135,DROPPED,2024-08-02,,Y09,"KaushalSetu synthetic generator v2, seed 20260929",2026-09-28T12:00:00+05:30,"SYNTHETIC demo data (KaushalSetu SIH prototype): fictional entities, team-assumed numbers, not real or official statistics.",true
ab9b7c55-59e0-5eab-8659-77cc133406a8,c8f686f8-29af-5f25-8bff-52a804f6ee02,d85ead1c-ac63-5848-93e7-fbbefb0ff135,COMPLETED,2024-08-08,2026-07-20,Y09,"KaushalSetu synthetic generator v2, seed 20260929",2026-09-28T12:00:00+05:30,"SYNTHETIC demo data (KaushalSetu SIH prototype): fictional entities, team-assumed numbers, not real or official statistics.",true
790037c0-c19e-52fa-ac28-bf53fca02e44,c97cfffa-7a9a-5c73-81a6-ee9c81727b6f,d85ead1c-ac63-5848-93e7-fbbefb0ff135,COMPLETED,2024-08-16,2026-07-21,Y09,"KaushalSetu synthetic generator v2, seed 20260929",2026-09-28T12:00:00+05:30,"SYNTHETIC demo data (KaushalSetu SIH prototype): fictional entities, team-assumed numbers, not real or official statistics.",true
27d596a8-692c-5be2-8cc3-614dc88b77a6,26900881-5ac4-5caf-b76b-b918462e3344,d85ead1c-ac63-5848-93e7-fbbefb0ff135,DROPPED,2024-08-26,,Y09,"KaushalSetu synthetic generator v2, seed 20260929",2026-09-28T12:00:00+05:30,"SYNTHETIC demo data (KaushalSetu SIH prototype): fictional entities, team-assumed numbers, not real or official statistics.",true
3dd4d2ec-9d82-5ae7-8eec-75f623eb8ab1,eef47610-8ad9-5734-8820-f34110332f72,d85ead1c-ac63-5848-93e7-fbbefb0ff135,COMPLETED,2024-08-19,2026-07-23,Y09,"KaushalSetu synthetic generator v2, seed 20260929",2026-09-28T12:00:00+05:30,"SYNTHETIC demo data (KaushalSetu SIH prototype): fictional entities, team-assumed numbers, not real or official statistics.",true
3651083a-24d7-5218-a357-7018b33b1a5b,02297b6d-4096-5b63-88f8-00d99e0f9bb0,d85ead1c-ac63-5848-93e7-fbbefb0ff135,COMPLETED,2024-08-04,2026-07-31,Y09,"KaushalSetu synthetic generator v2, seed 20260929",2026-09-28T12:00:00+05:30,"SYNTHETIC demo data (KaushalSetu SIH prototype): fictional entities, team-assumed numbers, not real or official statistics.",true
be888d5d-f1a8-577f-9e15-b970b2da0114,e2399619-8161-52e7-aed7-e5816b868793,d85ead1c-ac63-5848-93e7-fbbefb0ff135,COMPLETED,2024-08-29,2026-07-20,Y09,"KaushalSetu synthetic generator v2, seed 20260929",2026-09-28T12:00:00+05:30,"SYNTHETIC demo data (KaushalSetu SIH prototype): fictional entities, team-assumed numbers, not real or official statistics.",true
2b53d076-7e80-5fc0-9cfb-5aa7dea82fa2,d543cdd5-8049-5f75-bfaf-0bf57698ee5e,d85ead1c-ac63-5848-93e7-fbbefb0ff135,COMPLETED,2024-08-29,2026-07-26,Y09,"KaushalSetu synthetic generator v2, seed 20260929",2026-09-28T12:00:00+05:30,"SYNTHETIC demo data (KaushalSetu SIH prototype): fictional entities, team-assumed numbers, not real or official statistics.",true
5c288487-f4d7-5cc2-981b-c2e00d902fad,a7df22f4-913a-5121-bcce-2347b2c19f8c,d85ead1c-ac63-5848-93e7-fbbefb0ff135,DROPPED,2024-08-19,,Y09,"KaushalSetu synthetic generator v2, seed 20260929",2026-09-28T12:00:00+05:30,"SYNTHETIC demo data (KaushalSetu SIH prototype): fictional entities, team-assumed numbers, not real or official statistics.",true
8c50f8ba-1ede-5026-83eb-4f9135a6b451,c9d1bcfc-02c0-56b0-b55b-6a7843488a64,d85ead1c-ac63-5848-93e7-fbbefb0ff135,COMPLETED,2024-08-24,2026-07-23,Y09,"KaushalSetu synthetic generator v2, seed 20260929",2026-09-28T12:00:00+05:30,"SYNTHETIC demo data (KaushalSetu SIH prototype): fictional entities, team-assumed numbers, not real or official statistics.",true
f69c5dff-3bab-554b-9d28-1e9b5209a53b,592c3156-c513-59f3-a345-8ce7145bd78a,d85ead1c-ac63-5848-93e7-fbbefb0ff135,COMPLETED,2024-08-12,2026-07-15,Y09,"KaushalSetu synthetic generator v2, seed 20260929",2026-09-28T12:00:00+05:30,"SYNTHETIC demo data (KaushalSetu SIH prototype): fictional entities, team-assumed numbers, not real or official statistics.",true
b5263b36-c969-5959-92d3-db32f3612b89,01567504-ec68-5e87-a70b-f7b4c652f6ec,d85ead1c-ac63-5848-93e7-fbbefb0ff135,COMPLETED,2024-08-15,2026-07-28,Y09,"KaushalSetu synthetic generator v2, seed 20260929",2026-09-28T12:00:00+05:30,"SYNTHETIC demo data (KaushalSetu SIH prototype): fictional entities, team-assumed numbers, not real or official statistics.",true
3f93f581-c19d-5672-b6a1-e212b83cb58d,79af50d9-50db-5a41-bd1f-e6a6abdd663d,d85ead1c-ac63-5848-93e7-fbbefb0ff135,COMPLETED,2024-08-26,2026-07-30,Y09,"KaushalSetu synthetic generator v2, seed 20260929",2026-09-28T12:00:00+05:30,"SYNTHETIC demo data (KaushalSetu SIH prototype): fictional entities, team-assumed numbers, not real or official statistics.",true
1a889c3c-2243-55b2-b7b2-2ec39ef281df,f5f44bd0-c94a-5b8d-ab4d-b87f81cd0d44,d85ead1c-ac63-5848-93e7-fbbefb0ff135,COMPLETED,2024-08-04,2026-07-27,Y09,"KaushalSetu synthetic generator v2, seed 20260929",2026-09-28T12:00:00+05:30,"SYNTHETIC demo data (KaushalSetu SIH prototype): fictional entities, team-assumed numbers, not real or official statistics.",true
0cc3ba9c-95d0-52cb-b661-d1745d9f8315,c063dd1a-e02f-50ab-9751-42d10a11d728,d85ead1c-ac63-5848-93e7-fbbefb0ff135,COMPLETED,2024-08-31,2026-07-16,Y09,"KaushalSetu synthetic generator v2, seed 20260929",2026-09-28T12:00:00+05:30,"SYNTHETIC demo data (KaushalSetu SIH prototype): fictional entities, team-assumed numbers, not real or official statistics.",true
97ff819f-b0e2-5aaf-97c8-6e154b296f59,e83fadbc-48d4-526c-b119-592fbbac74d1,d85ead1c-ac63-5848-93e7-fbbefb0ff135,DROPPED,2024-08-28,,Y09,"KaushalSetu synthetic generator v2, seed 20260929",2026-09-28T12:00:00+05:30,"SYNTHETIC demo data (KaushalSetu SIH prototype): fictional entities, team-assumed numbers, not real or official statistics.",true
9953f21f-3054-5b8c-8282-f0d03da14e1c,654b7897-a6e2-5885-8f30-1f62ff0cfb3f,d85ead1c-ac63-5848-93e7-fbbefb0ff135,COMPLETED,2024-08-28,2026-07-27,Y09,"KaushalSetu synthetic generator v2, seed 20260929",2026-09-28T12:00:00+05:30,"SYNTHETIC demo data (KaushalSetu SIH prototype): fictional entities, team-assumed numbers, not real or official statistics.",true
f958ab46-2743-5cc7-83e1-3a54e7000ac6,6669cb41-aecf-5258-9e22-e8590490fe53,d85ead1c-ac63-5848-93e7-fbbefb0ff135,COMPLETED,2024-08-26,2026-07-25,Y09,"KaushalSetu synthetic generator v2, seed 20260929",2026-09-28T12:00:00+05:30,"SYNTHETIC demo data (KaushalSetu SIH prototype): fictional entities, team-assumed numbers, not real or official statistics.",true
f8f49bf6-2d53-5f40-bf1f-300269c0c625,0765848e-9fa4-5b8e-b12e-681d6449703a,d85ead1c-ac63-5848-93e7-fbbefb0ff135,COMPLETED,2024-08-01,2026-07-27,Y09,"KaushalSetu synthetic generator v2, seed 20260929",2026-09-28T12:00:00+05:30,"SYNTHETIC demo data (KaushalSetu SIH prototype): fictional entities, team-assumed numbers, not real or official statistics.",true
9392dcb3-b3e8-5d65-8d0a-7b023b21958e,7a15fbb5-21c0-565b-8703-c6f56a89d1e0,d85ead1c-ac63-5848-93e7-fbbefb0ff135,COMPLETED,2024-08-28,2026-07-27,Y09,"KaushalSetu synthetic generator v2, seed 20260929",2026-09-28T12:00:00+05:30,"SYNTHETIC demo data (KaushalSetu SIH prototype): fictional entities, team-assumed numbers, not real or official statistics.",true
102f2ff0-321d-5495-8ab8-167bd87eeb4d,2e4fab15-757f-5cae-b685-270d8cb8edf4,d85ead1c-ac63-5848-93e7-fbbefb0ff135,COMPLETED,2024-08-14,2026-07-25,Y09,"KaushalSetu synthetic generator v2, seed 20260929",2026-09-28T12:00:00+05:30,"SYNTHETIC demo data (KaushalSetu SIH prototype): fictional entities, team-assumed numbers, not real or official statistics.",true
a42f10be-cc0d-542c-8750-e074eb7093b9,bc9acfbb-476d-5679-8979-b8721ea32438,d85ead1c-ac63-5848-93e7-fbbefb0ff135,COMPLETED,2024-08-16,2026-07-25,Y09,"KaushalSetu synthetic generator v2, seed 20260929",2026-09-28T12:00:00+05:30,"SYNTHETIC demo data (KaushalSetu SIH prototype): fictional entities, team-assumed numbers, not real or official statistics.",true
263c0024-6bd1-57da-9862-6047100acab1,44a49516-4536-595c-a15b-d85c5d2b64df,d85ead1c-ac63-5848-93e7-fbbefb0ff135,COMPLETED,2024-08-23,2026-07-24,Y09,"KaushalSetu synthetic generator v2, seed 20260929",2026-09-28T12:00:00+05:30,"SYNTHETIC demo data (KaushalSetu SIH prototype): fictional entities, team-assumed numbers, not real or official statistics.",true
0d34b60a-8dda-5c25-a47a-9ffc22b6eea1,9d42c4fc-0ca1-5afe-b61b-e2e4be193a43,d85ead1c-ac63-5848-93e7-fbbefb0ff135,COMPLETED,2024-08-01,2026-07-15,Y09,"KaushalSetu synthetic generator v2, seed 20260929",2026-09-28T12:00:00+05:30,"SYNTHETIC demo data (KaushalSetu SIH prototype): fictional entities, team-assumed numbers, not real or official statistics.",true
09c271f2-faec-5455-990d-c61120ce29ae,235bedb2-1200-52aa-933c-900f3f29c8ec,d85ead1c-ac63-5848-93e7-fbbefb0ff135,COMPLETED,2024-08-14,2026-07-26,Y09,"KaushalSetu synthetic generator v2, seed 20260929",2026-09-28T12:00:00+05:30,"SYNTHETIC demo data (KaushalSetu SIH prototype): fictional entities, team-assumed numbers, not real or official statistics.",true
dda4d71c-d866-5e26-93b5-e11359afd375,e7cd06f0-ac6d-5e1a-b3e6-f95fe95da0b6,d85ead1c-ac63-5848-93e7-fbbefb0ff135,COMPLETED,2024-08-28,2026-07-27,Y09,"KaushalSetu synthetic generator v2, seed 20260929",2026-09-28T12:00:00+05:30,"SYNTHETIC demo data (KaushalSetu SIH prototype): fictional entities, team-assumed numbers, not real or official statistics.",true
e82eef7e-73e2-549d-9a66-7f2381f47081,1d1d5d51-70bf-55c0-9717-23ae0d30ea6f,d85ead1c-ac63-5848-93e7-fbbefb0ff135,COMPLETED,2024-08-17,2026-07-25,Y09,"KaushalSetu synthetic generator v2, seed 20260929",2026-09-28T12:00:00+05:30,"SYNTHETIC demo data (KaushalSetu SIH prototype): fictional entities, team-assumed numbers, not real or official statistics.",true
dd31765b-c71e-59d3-972b-093958891586,41f3975a-a280-50d6-8abd-0c13c691cd08,d85ead1c-ac63-5848-93e7-fbbefb0ff135,COMPLETED,2024-08-17,2026-07-21,Y09,"KaushalSetu synthetic generator v2, seed 20260929",2026-09-28T12:00:00+05:30,"SYNTHETIC demo data (KaushalSetu SIH prototype): fictional entities, team-assumed numbers, not real or official statistics.",true
faf6ae0a-68fd-5616-bafe-8bf4f332f779,fae4b777-f459-571c-ac8d-df1ac25809a9,d85ead1c-ac63-5848-93e7-fbbefb0ff135,COMPLETED,2024-08-17,2026-07-28,Y09,"KaushalSetu synthetic generator v2, seed 20260929",2026-09-28T12:00:00+05:30,"SYNTHETIC demo data (KaushalSetu SIH prototype): fictional entities, team-assumed numbers, not real or official statistics.",true
30792411-b0e9-55f7-a2c5-2947fbd63d99,6f1383cb-8b94-584e-b8c1-464dc178d785,1edd166a-e5f5-5b10-ba3e-6c9005278d0d,COMPLETED,2023-08-19,2025-07-17,Y09,"KaushalSetu synthetic generator v2, seed 20260929",2026-09-28T12:00:00+05:30,"SYNTHETIC demo data (KaushalSetu SIH prototype): fictional entities, team-assumed numbers, not real or official statistics.",true
8dabba5a-4b4c-564e-b8ea-a826cf362c7c,67121421-e673-5efc-8314-c05d4126fcf1,1edd166a-e5f5-5b10-ba3e-6c9005278d0d,COMPLETED,2023-08-17,2025-07-17,Y09,"KaushalSetu synthetic generator v2, seed 20260929",2026-09-28T12:00:00+05:30,"SYNTHETIC demo data (KaushalSetu SIH prototype): fictional entities, team-assumed numbers, not real or official statistics.",true
12984098-88f2-5d3d-9355-40780e3e663d,a4f81393-750e-53e2-ac66-b38b96c650ef,1edd166a-e5f5-5b10-ba3e-6c9005278d0d,COMPLETED,2023-08-09,2025-07-18,Y09,"KaushalSetu synthetic generator v2, seed 20260929",2026-09-28T12:00:00+05:30,"SYNTHETIC demo data (KaushalSetu SIH prototype): fictional entities, team-assumed numbers, not real or official statistics.",true
9f9b3ba7-4673-5b48-b144-3147363981cc,1cea8805-5370-57e8-9d43-fca5805932f1,1edd166a-e5f5-5b10-ba3e-6c9005278d0d,COMPLETED,2023-08-28,2025-07-27,Y09,"KaushalSetu synthetic generator v2, seed 20260929",2026-09-28T12:00:00+05:30,"SYNTHETIC demo data (KaushalSetu SIH prototype): fictional entities, team-assumed numbers, not real or official statistics.",true
a87d4b5a-d8c4-5257-a680-9b4a32f6b8da,26abb2e3-6702-59de-8baa-2ce72979b4dd,1edd166a-e5f5-5b10-ba3e-6c9005278d0d,COMPLETED,2023-08-29,2025-07-28,Y09,"KaushalSetu synthetic generator v2, seed 20260929",2026-09-28T12:00:00+05:30,"SYNTHETIC demo data (KaushalSetu SIH prototype): fictional entities, team-assumed numbers, not real or official statistics.",true
b832132a-72aa-5b54-9de1-3012c00cffff,81f10e13-e13b-552a-8703-91629fc2c100,1edd166a-e5f5-5b10-ba3e-6c9005278d0d,DROPPED,2023-08-20,,Y09,"KaushalSetu synthetic generator v2, seed 20260929",2026-09-28T12:00:00+05:30,"SYNTHETIC demo data (KaushalSetu SIH prototype): fictional entities, team-assumed numbers, not real or official statistics.",true
5481d4a3-4ecf-5597-8e92-765b5b4cfa06,7517ffd9-5d40-570d-b271-6558ab72502c,1edd166a-e5f5-5b10-ba3e-6c9005278d0d,COMPLETED,2023-08-13,2025-07-29,Y09,"KaushalSetu synthetic generator v2, seed 20260929",2026-09-28T12:00:00+05:30,"SYNTHETIC demo data (KaushalSetu SIH prototype): fictional entities, team-assumed numbers, not real or official statistics.",true
85dd7137-f08e-5a22-9f00-d997cb47430e,cc4c8fcb-96d2-5fab-836c-5d6cea6e4b79,1edd166a-e5f5-5b10-ba3e-6c9005278d0d,DROPPED,2023-08-07,,Y09,"KaushalSetu synthetic generator v2, seed 20260929",2026-09-28T12:00:00+05:30,"SYNTHETIC demo data (KaushalSetu SIH prototype): fictional entities, team-assumed numbers, not real or official statistics.",true
1596f8e9-aa36-5e59-a747-7d4cbe39ceab,91dd6555-444a-5afb-bda0-923a13cc7826,1edd166a-e5f5-5b10-ba3e-6c9005278d0d,COMPLETED,2023-08-28,2025-07-25,Y09,"KaushalSetu synthetic generator v2, seed 20260929",2026-09-28T12:00:00+05:30,"SYNTHETIC demo data (KaushalSetu SIH prototype): fictional entities, team-assumed numbers, not real or official statistics.",true
317a9029-ff7c-5797-81bd-cc6dac1576ec,78953207-055c-5a8c-9a11-0e2df7f6c9dc,1edd166a-e5f5-5b10-ba3e-6c9005278d0d,COMPLETED,2023-08-16,2025-07-28,Y09,"KaushalSetu synthetic generator v2, seed 20260929",2026-09-28T12:00:00+05:30,"SYNTHETIC demo data (KaushalSetu SIH prototype): fictional entities, team-assumed numbers, not real or official statistics.",true
1be22c64-dab9-56b1-9b69-f8da72df747a,e34d4e54-b641-5dc2-8aaf-e8a9e4c97528,1edd166a-e5f5-5b10-ba3e-6c9005278d0d,COMPLETED,2023-08-12,2025-07-20,Y09,"KaushalSetu synthetic generator v2, seed 20260929",2026-09-28T12:00:00+05:30,"SYNTHETIC demo data (KaushalSetu SIH prototype): fictional entities, team-assumed numbers, not real or official statistics.",true
e3e44fda-ebc6-5966-a68b-d433b7565a9c,84d373e7-f877-5c5f-b05d-046722288973,1edd166a-e5f5-5b10-ba3e-6c9005278d0d,COMPLETED,2023-08-30,2025-07-17,Y09,"KaushalSetu synthetic generator v2, seed 20260929",2026-09-28T12:00:00+05:30,"SYNTHETIC demo data (KaushalSetu SIH prototype): fictional entities, team-assumed numbers, not real or official statistics.",true
d43b45e5-9af5-5191-99d2-8a0e84b22660,cecfc8eb-4911-51b0-986e-64d9627cd52d,1edd166a-e5f5-5b10-ba3e-6c9005278d0d,COMPLETED,2023-08-10,2025-07-23,Y09,"KaushalSetu synthetic generator v2, seed 20260929",2026-09-28T12:00:00+05:30,"SYNTHETIC demo data (KaushalSetu SIH prototype): fictional entities, team-assumed numbers, not real or official statistics.",true
c9af19f0-56b6-5dfc-8106-f4d8c160cb2e,2faa2189-1ac4-5331-8601-8f398dfe176d,1edd166a-e5f5-5b10-ba3e-6c9005278d0d,COMPLETED,2023-08-02,2025-07-20,Y09,"KaushalSetu synthetic generator v2, seed 20260929",2026-09-28T12:00:00+05:30,"SYNTHETIC demo data (KaushalSetu SIH prototype): fictional entities, team-assumed numbers, not real or official statistics.",true
8cad3a8b-4a42-57a9-a19e-537d4e66e676,d362ff3a-3132-5204-833c-2bf5204ab7a8,1edd166a-e5f5-5b10-ba3e-6c9005278d0d,COMPLETED,2023-08-02,2025-07-29,Y09,"KaushalSetu synthetic generator v2, seed 20260929",2026-09-28T12:00:00+05:30,"SYNTHETIC demo data (KaushalSetu SIH prototype): fictional entities, team-assumed numbers, not real or official statistics.",true
1f1b29d5-ee8d-5d92-bc2f-d03077c3e715,0a25d1cb-b5ed-52ad-a3d0-4eb2a2d9df40,1edd166a-e5f5-5b10-ba3e-6c9005278d0d,COMPLETED,2023-08-03,2025-07-26,Y09,"KaushalSetu synthetic generator v2, seed 20260929",2026-09-28T12:00:00+05:30,"SYNTHETIC demo data (KaushalSetu SIH prototype): fictional entities, team-assumed numbers, not real or official statistics.",true
40e29eb8-d7bc-5d2e-9b94-1f19878ee3be,d36a66f1-fde5-5bf3-808e-9b0b80819126,1edd166a-e5f5-5b10-ba3e-6c9005278d0d,COMPLETED,2023-08-31,2025-07-28,Y09,"KaushalSetu synthetic generator v2, seed 20260929",2026-09-28T12:00:00+05:30,"SYNTHETIC demo data (KaushalSetu SIH prototype): fictional entities, team-assumed numbers, not real or official statistics.",true
ba0266e6-f085-5d32-b3df-6fcfb24d376a,ee670c23-69e4-5315-a476-541fac916b43,1edd166a-e5f5-5b10-ba3e-6c9005278d0d,COMPLETED,2023-08-01,2025-07-19,Y09,"KaushalSetu synthetic generator v2, seed 20260929",2026-09-28T12:00:00+05:30,"SYNTHETIC demo data (KaushalSetu SIH prototype): fictional entities, team-assumed numbers, not real or official statistics.",true
dc37a3ca-e8ec-53ee-ab53-ba027d47ff4f,6afe8285-423d-507b-87fa-c686ce6306d5,1edd166a-e5f5-5b10-ba3e-6c9005278d0d,COMPLETED,2023-08-02,2025-07-27,Y09,"KaushalSetu synthetic generator v2, seed 20260929",2026-09-28T12:00:00+05:30,"SYNTHETIC demo data (KaushalSetu SIH prototype): fictional entities, team-assumed numbers, not real or official statistics.",true
7d331c16-b2e9-53fc-aac3-8b9a52abef0f,a7ed5be3-81cf-5f03-be3b-c30d0247df6f,1edd166a-e5f5-5b10-ba3e-6c9005278d0d,COMPLETED,2023-08-23,2025-07-28,Y09,"KaushalSetu synthetic generator v2, seed 20260929",2026-09-28T12:00:00+05:30,"SYNTHETIC demo data (KaushalSetu SIH prototype): fictional entities, team-assumed numbers, not real or official statistics.",true
c4a87571-1cce-5dc9-858b-29584ff58354,6822bafd-3213-52f9-b91e-0b2a41568133,1edd166a-e5f5-5b10-ba3e-6c9005278d0d,COMPLETED,2023-08-10,2025-07-20,Y09,"KaushalSetu synthetic generator v2, seed 20260929",2026-09-28T12:00:00+05:30,"SYNTHETIC demo data (KaushalSetu SIH prototype): fictional entities, team-assumed numbers, not real or official statistics.",true
c6cf3f2d-b565-52b1-86a0-6aba1498247a,aa1f5214-2323-5973-b4b8-5751e0756ec4,1edd166a-e5f5-5b10-ba3e-6c9005278d0d,COMPLETED,2023-08-21,2025-07-20,Y09,"KaushalSetu synthetic generator v2, seed 20260929",2026-09-28T12:00:00+05:30,"SYNTHETIC demo data (KaushalSetu SIH prototype): fictional entities, team-assumed numbers, not real or official statistics.",true
d0982f64-baa2-590a-9424-fd19b860248b,4f6d89ff-e46f-50b4-aed6-575dc8afd80e,1edd166a-e5f5-5b10-ba3e-6c9005278d0d,COMPLETED,2023-08-23,2025-07-15,Y09,"KaushalSetu synthetic generator v2, seed 20260929",2026-09-28T12:00:00+05:30,"SYNTHETIC demo data (KaushalSetu SIH prototype): fictional entities, team-assumed numbers, not real or official statistics.",true
68168ecb-bc4a-5cc9-be7e-40c547c740d4,f86cfe4f-4a7d-59fe-8076-39c1c251a9e2,1edd166a-e5f5-5b10-ba3e-6c9005278d0d,COMPLETED,2023-08-20,2025-07-29,Y09,"KaushalSetu synthetic generator v2, seed 20260929",2026-09-28T12:00:00+05:30,"SYNTHETIC demo data (KaushalSetu SIH prototype): fictional entities, team-assumed numbers, not real or official statistics.",true
bc718361-29c8-560b-a05b-08e3baf0027e,9ebeb861-663f-5d6b-a945-c0b6f7250aa2,1edd166a-e5f5-5b10-ba3e-6c9005278d0d,COMPLETED,2023-08-26,2025-07-16,Y09,"KaushalSetu synthetic generator v2, seed 20260929",2026-09-28T12:00:00+05:30,"SYNTHETIC demo data (KaushalSetu SIH prototype): fictional entities, team-assumed numbers, not real or official statistics.",true
f10868a3-7de5-571c-9a82-34f18bd79b92,6b37e601-9b78-53f0-bcad-c1181683f786,1edd166a-e5f5-5b10-ba3e-6c9005278d0d,COMPLETED,2023-08-29,2025-07-17,Y09,"KaushalSetu synthetic generator v2, seed 20260929",2026-09-28T12:00:00+05:30,"SYNTHETIC demo data (KaushalSetu SIH prototype): fictional entities, team-assumed numbers, not real or official statistics.",true
907283a1-763f-517f-89e7-b3ea1e94eb43,5d5cdf41-66e6-5ebe-9cd5-32be060f26ea,1edd166a-e5f5-5b10-ba3e-6c9005278d0d,DROPPED,2023-08-23,,Y09,"KaushalSetu synthetic generator v2, seed 20260929",2026-09-28T12:00:00+05:30,"SYNTHETIC demo data (KaushalSetu SIH prototype): fictional entities, team-assumed numbers, not real or official statistics.",true
f9df563a-c34f-583c-94b0-9c4aa1bd24a0,200b1488-2f78-5b16-b5b6-c44e66653cc9,1edd166a-e5f5-5b10-ba3e-6c9005278d0d,COMPLETED,2023-08-01,2025-07-31,Y09,"KaushalSetu synthetic generator v2, seed 20260929",2026-09-28T12:00:00+05:30,"SYNTHETIC demo data (KaushalSetu SIH prototype): fictional entities, team-assumed numbers, not real or official statistics.",true
9b276b76-d534-533f-9c73-10aa5e8fb949,9f0b7209-6f92-5b9b-9f2f-9c5b42ae6480,1edd166a-e5f5-5b10-ba3e-6c9005278d0d,DROPPED,2023-08-26,,Y09,"KaushalSetu synthetic generator v2, seed 20260929",2026-09-28T12:00:00+05:30,"SYNTHETIC demo data (KaushalSetu SIH prototype): fictional entities, team-assumed numbers, not real or official statistics.",true
31ce731d-85f7-53d0-a3a0-9a2eee41fe5d,1006477b-45f2-5cae-b352-85f5530ed3b7,1edd166a-e5f5-5b10-ba3e-6c9005278d0d,COMPLETED,2023-08-25,2025-07-22,Y09,"KaushalSetu synthetic generator v2, seed 20260929",2026-09-28T12:00:00+05:30,"SYNTHETIC demo data (KaushalSetu SIH prototype): fictional entities, team-assumed numbers, not real or official statistics.",true
2d1aab0d-0b14-559c-8c40-d5d2062bdf01,f1080c66-5782-5552-9579-a02b5f7ba669,1edd166a-e5f5-5b10-ba3e-6c9005278d0d,COMPLETED,2023-08-27,2025-07-28,Y09,"KaushalSetu synthetic generator v2, seed 20260929",2026-09-28T12:00:00+05:30,"SYNTHETIC demo data (KaushalSetu SIH prototype): fictional entities, team-assumed numbers, not real or official statistics.",true
27db157c-5d80-5c56-ac21-263ca63410f1,bae0eda6-3dcf-5439-a6b3-f667e1604805,1edd166a-e5f5-5b10-ba3e-6c9005278d0d,COMPLETED,2023-08-26,2025-07-15,Y09,"KaushalSetu synthetic generator v2, seed 20260929",2026-09-28T12:00:00+05:30,"SYNTHETIC demo data (KaushalSetu SIH prototype): fictional entities, team-assumed numbers, not real or official statistics.",true
4182fa30-1747-5081-93fb-19e845104fd2,6fb1709a-da76-549d-927e-15a451725c98,1edd166a-e5f5-5b10-ba3e-6c9005278d0d,COMPLETED,2023-08-02,2025-07-20,Y09,"KaushalSetu synthetic generator v2, seed 20260929",2026-09-28T12:00:00+05:30,"SYNTHETIC demo data (KaushalSetu SIH prototype): fictional entities, team-assumed numbers, not real or official statistics.",true
ad46b258-53f3-5d86-8d14-316f76bdab17,93c83648-64ed-5d06-9c6a-42c4c020bc92,1edd166a-e5f5-5b10-ba3e-6c9005278d0d,COMPLETED,2023-08-21,2025-07-15,Y09,"KaushalSetu synthetic generator v2, seed 20260929",2026-09-28T12:00:00+05:30,"SYNTHETIC demo data (KaushalSetu SIH prototype): fictional entities, team-assumed numbers, not real or official statistics.",true
4945085d-8ac7-55b7-86b4-0d7ff890d7c0,47521db6-bf6b-555a-8900-897abf1afcd7,1edd166a-e5f5-5b10-ba3e-6c9005278d0d,COMPLETED,2023-08-14,2025-07-29,Y09,"KaushalSetu synthetic generator v2, seed 20260929",2026-09-28T12:00:00+05:30,"SYNTHETIC demo data (KaushalSetu SIH prototype): fictional entities, team-assumed numbers, not real or official statistics.",true
4a43f28e-4701-5c78-8024-8ff226d4d945,ed836025-864a-534e-b4ed-25907a938544,1edd166a-e5f5-5b10-ba3e-6c9005278d0d,COMPLETED,2023-08-11,2025-07-22,Y09,"KaushalSetu synthetic generator v2, seed 20260929",2026-09-28T12:00:00+05:30,"SYNTHETIC demo data (KaushalSetu SIH prototype): fictional entities, team-assumed numbers, not real or official statistics.",true
77661b82-e1c8-5afb-9fcd-3f1c328d6d7d,9525af28-91bf-5ad3-86cc-89ccbbc11ca7,1edd166a-e5f5-5b10-ba3e-6c9005278d0d,DROPPED,2023-08-05,,Y09,"KaushalSetu synthetic generator v2, seed 20260929",2026-09-28T12:00:00+05:30,"SYNTHETIC demo data (KaushalSetu SIH prototype): fictional entities, team-assumed numbers, not real or official statistics.",true
96003832-44ac-52c1-9f13-1b581b2d6729,ffed649b-4383-5164-89ed-19ab06a9ae9d,1edd166a-e5f5-5b10-ba3e-6c9005278d0d,COMPLETED,2023-08-22,2025-07-25,Y09,"KaushalSetu synthetic generator v2, seed 20260929",2026-09-28T12:00:00+05:30,"SYNTHETIC demo data (KaushalSetu SIH prototype): fictional entities, team-assumed numbers, not real or official statistics.",true
80d8100a-3175-5e3a-b07f-cebb36f5be45,e79459c5-bbe8-5a09-a83b-99f1abf1e29d,1edd166a-e5f5-5b10-ba3e-6c9005278d0d,COMPLETED,2023-08-14,2025-07-25,Y09,"KaushalSetu synthetic generator v2, seed 20260929",2026-09-28T12:00:00+05:30,"SYNTHETIC demo data (KaushalSetu SIH prototype): fictional entities, team-assumed numbers, not real or official statistics.",true
84579375-c9d3-5aab-9568-ebe62df00660,62ad88c6-c969-5847-bc7d-f9d8c2f1e16a,1edd166a-e5f5-5b10-ba3e-6c9005278d0d,COMPLETED,2023-08-06,2025-07-25,Y09,"KaushalSetu synthetic generator v2, seed 20260929",2026-09-28T12:00:00+05:30,"SYNTHETIC demo data (KaushalSetu SIH prototype): fictional entities, team-assumed numbers, not real or official statistics.",true
13ce93f1-49ed-59c0-941b-ad436b592419,0bdeadfd-773a-5f4d-812b-f758bcd69ec8,1edd166a-e5f5-5b10-ba3e-6c9005278d0d,COMPLETED,2023-08-04,2025-07-15,Y09,"KaushalSetu synthetic generator v2, seed 20260929",2026-09-28T12:00:00+05:30,"SYNTHETIC demo data (KaushalSetu SIH prototype): fictional entities, team-assumed numbers, not real or official statistics.",true
7fb9a0a6-cc33-5488-b798-f66d05d7a550,b343a2f8-d983-517f-8606-a9988c099a20,1edd166a-e5f5-5b10-ba3e-6c9005278d0d,COMPLETED,2023-08-30,2025-07-28,Y09,"KaushalSetu synthetic generator v2, seed 20260929",2026-09-28T12:00:00+05:30,"SYNTHETIC demo data (KaushalSetu SIH prototype): fictional entities, team-assumed numbers, not real or official statistics.",true
a8b9102d-2a97-550e-8c1d-a0b1fcf9bcbe,ba79b01c-f616-5e25-a229-d4d8d940294f,1edd166a-e5f5-5b10-ba3e-6c9005278d0d,DROPPED,2023-08-10,,Y09,"KaushalSetu synthetic generator v2, seed 20260929",2026-09-28T12:00:00+05:30,"SYNTHETIC demo data (KaushalSetu SIH prototype): fictional entities, team-assumed numbers, not real or official statistics.",true
f73ae95f-9808-5f0b-988a-7d15906d50d5,5ce40512-681b-556c-a603-ee9da0089584,1edd166a-e5f5-5b10-ba3e-6c9005278d0d,COMPLETED,2023-08-26,2025-07-23,Y09,"KaushalSetu synthetic generator v2, seed 20260929",2026-09-28T12:00:00+05:30,"SYNTHETIC demo data (KaushalSetu SIH prototype): fictional entities, team-assumed numbers, not real or official statistics.",true
07376525-653d-54a8-9376-7e0b2d9bbae7,590e9d16-e6e7-5e32-ad1e-89f3164c0930,1edd166a-e5f5-5b10-ba3e-6c9005278d0d,COMPLETED,2023-08-07,2025-07-21,Y09,"KaushalSetu synthetic generator v2, seed 20260929",2026-09-28T12:00:00+05:30,"SYNTHETIC demo data (KaushalSetu SIH prototype): fictional entities, team-assumed numbers, not real or official statistics.",true
76dcfd84-73a5-5e41-9ef6-47deff5a7c72,77fc6a9a-fb15-56cc-ade0-19cfac1d10f3,1edd166a-e5f5-5b10-ba3e-6c9005278d0d,COMPLETED,2023-08-16,2025-07-22,Y09,"KaushalSetu synthetic generator v2, seed 20260929",2026-09-28T12:00:00+05:30,"SYNTHETIC demo data (KaushalSetu SIH prototype): fictional entities, team-assumed numbers, not real or official statistics.",true
47a0a758-74d4-51ee-b73d-24fd3c6d572d,4f145d76-3224-5681-b9c2-51c57efa9dd1,1edd166a-e5f5-5b10-ba3e-6c9005278d0d,COMPLETED,2023-08-02,2025-07-18,Y09,"KaushalSetu synthetic generator v2, seed 20260929",2026-09-28T12:00:00+05:30,"SYNTHETIC demo data (KaushalSetu SIH prototype): fictional entities, team-assumed numbers, not real or official statistics.",true
2c898bbf-32d5-5419-8059-fb6c97a026bc,5597f4ef-dcf5-5204-80a1-14ceeb93e804,1edd166a-e5f5-5b10-ba3e-6c9005278d0d,COMPLETED,2023-08-15,2025-07-23,Y09,"KaushalSetu synthetic generator v2, seed 20260929",2026-09-28T12:00:00+05:30,"SYNTHETIC demo data (KaushalSetu SIH prototype): fictional entities, team-assumed numbers, not real or official statistics.",true
a2116391-9c04-5d68-bccf-1df425bbeb62,e2549eff-b7ce-5fb5-9b15-e52fc6310512,1edd166a-e5f5-5b10-ba3e-6c9005278d0d,DROPPED,2023-08-24,,Y09,"KaushalSetu synthetic generator v2, seed 20260929",2026-09-28T12:00:00+05:30,"SYNTHETIC demo data (KaushalSetu SIH prototype): fictional entities, team-assumed numbers, not real or official statistics.",true
52684977-76ca-5b41-a3bf-cd9a247bb673,eb224b21-0784-5cb8-a044-e1656989fc17,1edd166a-e5f5-5b10-ba3e-6c9005278d0d,COMPLETED,2023-08-09,2025-07-31,Y09,"KaushalSetu synthetic generator v2, seed 20260929",2026-09-28T12:00:00+05:30,"SYNTHETIC demo data (KaushalSetu SIH prototype): fictional entities, team-assumed numbers, not real or official statistics.",true
932bb700-e01d-5343-be06-9e4db39331f1,4b483d49-5183-5b7c-b26f-07f9baf4685a,1edd166a-e5f5-5b10-ba3e-6c9005278d0d,COMPLETED,2023-08-09,2025-07-21,Y09,"KaushalSetu synthetic generator v2, seed 20260929",2026-09-28T12:00:00+05:30,"SYNTHETIC demo data (KaushalSetu SIH prototype): fictional entities, team-assumed numbers, not real or official statistics.",true
711f681b-6e6b-5203-acda-4a63a9689a98,05b7924b-91f4-57f4-b95b-d879b51ae2af,1edd166a-e5f5-5b10-ba3e-6c9005278d0d,DROPPED,2023-08-04,,Y09,"KaushalSetu synthetic generator v2, seed 20260929",2026-09-28T12:00:00+05:30,"SYNTHETIC demo data (KaushalSetu SIH prototype): fictional entities, team-assumed numbers, not real or official statistics.",true
6debf125-8648-5b99-9c5a-2ac459965319,52cde316-038a-57fa-9911-2a087af52cdb,1edd166a-e5f5-5b10-ba3e-6c9005278d0d,COMPLETED,2023-08-17,2025-07-31,Y09,"KaushalSetu synthetic generator v2, seed 20260929",2026-09-28T12:00:00+05:30,"SYNTHETIC demo data (KaushalSetu SIH prototype): fictional entities, team-assumed numbers, not real or official statistics.",true
d2aff4db-2315-5f66-9684-572c0be7c713,21e04895-d9c9-52a0-a056-25d9ce523ab2,0f5fad00-0142-51b0-a8b4-cb05fd4ff426,COMPLETED,2024-08-17,2026-07-27,Y09,"KaushalSetu synthetic generator v2, seed 20260929",2026-09-28T12:00:00+05:30,"SYNTHETIC demo data (KaushalSetu SIH prototype): fictional entities, team-assumed numbers, not real or official statistics.",true
fb193756-42e6-5ae5-ab40-9c86e2f4448e,f1427aba-93ec-57be-afa1-4a54d57e4f45,0f5fad00-0142-51b0-a8b4-cb05fd4ff426,COMPLETED,2024-08-16,2026-07-31,Y09,"KaushalSetu synthetic generator v2, seed 20260929",2026-09-28T12:00:00+05:30,"SYNTHETIC demo data (KaushalSetu SIH prototype): fictional entities, team-assumed numbers, not real or official statistics.",true
d125694c-2f81-5409-883f-9b38d3495cab,3886e8b6-cf46-5555-b0d9-5e161e0a6fbb,0f5fad00-0142-51b0-a8b4-cb05fd4ff426,COMPLETED,2024-08-13,2026-07-24,Y09,"KaushalSetu synthetic generator v2, seed 20260929",2026-09-28T12:00:00+05:30,"SYNTHETIC demo data (KaushalSetu SIH prototype): fictional entities, team-assumed numbers, not real or official statistics.",true
53cd41c1-4ff7-51ff-a1d3-5282534e3083,71ab72fa-897f-5127-a28d-9a39ee6435cd,0f5fad00-0142-51b0-a8b4-cb05fd4ff426,COMPLETED,2024-08-14,2026-07-30,Y09,"KaushalSetu synthetic generator v2, seed 20260929",2026-09-28T12:00:00+05:30,"SYNTHETIC demo data (KaushalSetu SIH prototype): fictional entities, team-assumed numbers, not real or official statistics.",true
9bec6aad-04f7-5b3a-bd0e-32d7ac48dc69,f524a433-6adc-550e-a86a-1283aee3b529,0f5fad00-0142-51b0-a8b4-cb05fd4ff426,DROPPED,2024-08-06,,Y09,"KaushalSetu synthetic generator v2, seed 20260929",2026-09-28T12:00:00+05:30,"SYNTHETIC demo data (KaushalSetu SIH prototype): fictional entities, team-assumed numbers, not real or official statistics.",true
aa1ad6dc-bf41-5235-a755-40b71acdacf4,6888504c-1793-578f-b90c-8156ce32dcc4,0f5fad00-0142-51b0-a8b4-cb05fd4ff426,COMPLETED,2024-08-20,2026-07-28,Y09,"KaushalSetu synthetic generator v2, seed 20260929",2026-09-28T12:00:00+05:30,"SYNTHETIC demo data (KaushalSetu SIH prototype): fictional entities, team-assumed numbers, not real or official statistics.",true
9ce8b15c-c9b6-5cea-a854-6b96133d082b,fb249352-62c6-541a-b139-4e0bfec46ac4,0f5fad00-0142-51b0-a8b4-cb05fd4ff426,COMPLETED,2024-08-17,2026-07-29,Y09,"KaushalSetu synthetic generator v2, seed 20260929",2026-09-28T12:00:00+05:30,"SYNTHETIC demo data (KaushalSetu SIH prototype): fictional entities, team-assumed numbers, not real or official statistics.",true
a2e18d0b-33ab-507e-be23-eaf8bee66c3f,77da519d-f6df-52e4-b0ad-0c15aa435e1a,0f5fad00-0142-51b0-a8b4-cb05fd4ff426,COMPLETED,2024-08-06,2026-07-30,Y09,"KaushalSetu synthetic generator v2, seed 20260929",2026-09-28T12:00:00+05:30,"SYNTHETIC demo data (KaushalSetu SIH prototype): fictional entities, team-assumed numbers, not real or official statistics.",true
869ce133-bb5a-5a60-90cb-28022c5a6db6,cf37c6cd-5a78-581b-a27c-b644afdadaa1,0f5fad00-0142-51b0-a8b4-cb05fd4ff426,COMPLETED,2024-08-07,2026-07-16,Y09,"KaushalSetu synthetic generator v2, seed 20260929",2026-09-28T12:00:00+05:30,"SYNTHETIC demo data (KaushalSetu SIH prototype): fictional entities, team-assumed numbers, not real or official statistics.",true
ba14e22f-49a0-5fc7-baac-0fb3fac1a571,6c67e32e-248a-5fd7-985c-525c3b03e958,0f5fad00-0142-51b0-a8b4-cb05fd4ff426,DROPPED,2024-08-26,,Y09,"KaushalSetu synthetic generator v2, seed 20260929",2026-09-28T12:00:00+05:30,"SYNTHETIC demo data (KaushalSetu SIH prototype): fictional entities, team-assumed numbers, not real or official statistics.",true
1c22607f-9790-532d-9645-f8574024d6c1,de2ee98d-5aeb-5c49-b419-b9227dfd7399,0f5fad00-0142-51b0-a8b4-cb05fd4ff426,COMPLETED,2024-08-20,2026-07-28,Y09,"KaushalSetu synthetic generator v2, seed 20260929",2026-09-28T12:00:00+05:30,"SYNTHETIC demo data (KaushalSetu SIH prototype): fictional entities, team-assumed numbers, not real or official statistics.",true
35f7d294-d674-5e42-8a91-2cef868468e7,c914f638-d38b-50c2-80f1-b33115ef8fbb,0f5fad00-0142-51b0-a8b4-cb05fd4ff426,COMPLETED,2024-08-17,2026-07-22,Y09,"KaushalSetu synthetic generator v2, seed 20260929",2026-09-28T12:00:00+05:30,"SYNTHETIC demo data (KaushalSetu SIH prototype): fictional entities, team-assumed numbers, not real or official statistics.",true
d35bdf8e-39c3-51a4-9b6f-f8bbdb399221,f16cd2ea-0764-58c7-8eea-ed0e8b6c5eb1,0f5fad00-0142-51b0-a8b4-cb05fd4ff426,DROPPED,2024-08-21,,Y09,"KaushalSetu synthetic generator v2, seed 20260929",2026-09-28T12:00:00+05:30,"SYNTHETIC demo data (KaushalSetu SIH prototype): fictional entities, team-assumed numbers, not real or official statistics.",true
e46f95e1-d54d-512b-9d52-2a084428a684,c0e3dcdc-bbca-5cba-966b-2f969875cf03,0f5fad00-0142-51b0-a8b4-cb05fd4ff426,COMPLETED,2024-08-28,2026-07-15,Y09,"KaushalSetu synthetic generator v2, seed 20260929",2026-09-28T12:00:00+05:30,"SYNTHETIC demo data (KaushalSetu SIH prototype): fictional entities, team-assumed numbers, not real or official statistics.",true
36a23e02-dd3c-5ba9-a425-9208d0b1cae8,13ea427e-8c9f-5f8f-9647-297a845c096e,0f5fad00-0142-51b0-a8b4-cb05fd4ff426,COMPLETED,2024-08-30,2026-07-22,Y09,"KaushalSetu synthetic generator v2, seed 20260929",2026-09-28T12:00:00+05:30,"SYNTHETIC demo data (KaushalSetu SIH prototype): fictional entities, team-assumed numbers, not real or official statistics.",true
016003a4-d898-5707-8a1b-22327b89666d,3161520e-4d15-555a-8694-8747a24bec3e,0f5fad00-0142-51b0-a8b4-cb05fd4ff426,DROPPED,2024-08-10,,Y09,"KaushalSetu synthetic generator v2, seed 20260929",2026-09-28T12:00:00+05:30,"SYNTHETIC demo data (KaushalSetu SIH prototype): fictional entities, team-assumed numbers, not real or official statistics.",true
b69ee815-0860-5176-a8bd-1c7b5fb630e4,ba7e33f0-108b-5a60-91fc-1e831bbf65ef,0f5fad00-0142-51b0-a8b4-cb05fd4ff426,COMPLETED,2024-08-23,2026-07-29,Y09,"KaushalSetu synthetic generator v2, seed 20260929",2026-09-28T12:00:00+05:30,"SYNTHETIC demo data (KaushalSetu SIH prototype): fictional entities, team-assumed numbers, not real or official statistics.",true
0fca872c-0333-598d-abaf-7da757ef45dc,7676c6be-3cbc-507a-b98a-a5cd9e86b11b,0f5fad00-0142-51b0-a8b4-cb05fd4ff426,COMPLETED,2024-08-16,2026-07-21,Y09,"KaushalSetu synthetic generator v2, seed 20260929",2026-09-28T12:00:00+05:30,"SYNTHETIC demo data (KaushalSetu SIH prototype): fictional entities, team-assumed numbers, not real or official statistics.",true
e69f21bc-336f-5f9d-b50b-0a176abd91f2,3324e25a-4264-5106-bcce-848a074efb41,0f5fad00-0142-51b0-a8b4-cb05fd4ff426,COMPLETED,2024-08-27,2026-07-30,Y09,"KaushalSetu synthetic generator v2, seed 20260929",2026-09-28T12:00:00+05:30,"SYNTHETIC demo data (KaushalSetu SIH prototype): fictional entities, team-assumed numbers, not real or official statistics.",true
4d3e7227-61f5-5415-8fc8-8c2db52932c1,e4e98174-4ab7-59e9-92b7-888e97abd673,0f5fad00-0142-51b0-a8b4-cb05fd4ff426,COMPLETED,2024-08-14,2026-07-28,Y09,"KaushalSetu synthetic generator v2, seed 20260929",2026-09-28T12:00:00+05:30,"SYNTHETIC demo data (KaushalSetu SIH prototype): fictional entities, team-assumed numbers, not real or official statistics.",true
3de39108-78f8-505e-b22d-9c05fa882b97,49871120-3157-53a2-94ed-f881852f1d20,0f5fad00-0142-51b0-a8b4-cb05fd4ff426,COMPLETED,2024-08-15,2026-07-20,Y09,"KaushalSetu synthetic generator v2, seed 20260929",2026-09-28T12:00:00+05:30,"SYNTHETIC demo data (KaushalSetu SIH prototype): fictional entities, team-assumed numbers, not real or official statistics.",true
fdc60299-63b1-5d66-88ef-12d1d6945349,6b7bbbb2-ef3a-5147-b42d-70ab51479f95,0f5fad00-0142-51b0-a8b4-cb05fd4ff426,COMPLETED,2024-08-04,2026-07-30,Y09,"KaushalSetu synthetic generator v2, seed 20260929",2026-09-28T12:00:00+05:30,"SYNTHETIC demo data (KaushalSetu SIH prototype): fictional entities, team-assumed numbers, not real or official statistics.",true
53ace1f1-ab17-5eb3-bd74-1c3da1f21377,3ea1b798-2378-5676-ae1a-91d3f516869c,0f5fad00-0142-51b0-a8b4-cb05fd4ff426,COMPLETED,2024-08-31,2026-07-30,Y09,"KaushalSetu synthetic generator v2, seed 20260929",2026-09-28T12:00:00+05:30,"SYNTHETIC demo data (KaushalSetu SIH prototype): fictional entities, team-assumed numbers, not real or official statistics.",true
d132c91e-a194-5755-9893-c733ab9ba989,77998bb9-3637-5c2d-a786-652eb037cbad,0f5fad00-0142-51b0-a8b4-cb05fd4ff426,COMPLETED,2024-08-19,2026-07-22,Y09,"KaushalSetu synthetic generator v2, seed 20260929",2026-09-28T12:00:00+05:30,"SYNTHETIC demo data (KaushalSetu SIH prototype): fictional entities, team-assumed numbers, not real or official statistics.",true
dc82d79e-6145-500c-a514-f575f9beb414,8e16e0f1-3681-5ff3-b2c7-ac3760ad20dd,0f5fad00-0142-51b0-a8b4-cb05fd4ff426,DROPPED,2024-08-05,,Y09,"KaushalSetu synthetic generator v2, seed 20260929",2026-09-28T12:00:00+05:30,"SYNTHETIC demo data (KaushalSetu SIH prototype): fictional entities, team-assumed numbers, not real or official statistics.",true
0dd04bd8-9429-5c7c-80e0-32bbe9317a64,01887438-794c-5605-9e95-8bdbf624002b,0f5fad00-0142-51b0-a8b4-cb05fd4ff426,COMPLETED,2024-08-30,2026-07-23,Y09,"KaushalSetu synthetic generator v2, seed 20260929",2026-09-28T12:00:00+05:30,"SYNTHETIC demo data (KaushalSetu SIH prototype): fictional entities, team-assumed numbers, not real or official statistics.",true
f9218446-cb55-5a45-a2b1-a8a42b8e6584,bfe044a4-beeb-529c-972f-cf90a4e3a067,0f5fad00-0142-51b0-a8b4-cb05fd4ff426,COMPLETED,2024-08-28,2026-07-17,Y09,"KaushalSetu synthetic generator v2, seed 20260929",2026-09-28T12:00:00+05:30,"SYNTHETIC demo data (KaushalSetu SIH prototype): fictional entities, team-assumed numbers, not real or official statistics.",true
59a9336d-4e0e-510c-8632-2ab43d56513d,e8f2ba52-1ecf-5e4c-9e9e-8d9404a78d66,0f5fad00-0142-51b0-a8b4-cb05fd4ff426,COMPLETED,2024-08-23,2026-07-24,Y09,"KaushalSetu synthetic generator v2, seed 20260929",2026-09-28T12:00:00+05:30,"SYNTHETIC demo data (KaushalSetu SIH prototype): fictional entities, team-assumed numbers, not real or official statistics.",true
301549a0-e720-574e-9610-fe3c6cbde072,d4057cdf-fea4-53ba-ab5e-3d9cd849b9ce,0f5fad00-0142-51b0-a8b4-cb05fd4ff426,COMPLETED,2024-08-08,2026-07-20,Y09,"KaushalSetu synthetic generator v2, seed 20260929",2026-09-28T12:00:00+05:30,"SYNTHETIC demo data (KaushalSetu SIH prototype): fictional entities, team-assumed numbers, not real or official statistics.",true
ae686b12-48f9-5c0b-a08d-ae1f128bf555,309afc65-6f88-5be0-a1a1-b331fef64063,0f5fad00-0142-51b0-a8b4-cb05fd4ff426,COMPLETED,2024-08-26,2026-07-27,Y09,"KaushalSetu synthetic generator v2, seed 20260929",2026-09-28T12:00:00+05:30,"SYNTHETIC demo data (KaushalSetu SIH prototype): fictional entities, team-assumed numbers, not real or official statistics.",true
74540da7-5c1d-5927-a9d3-45d507547e76,dfa1ea53-226a-5837-98aa-2ad41137a892,0f5fad00-0142-51b0-a8b4-cb05fd4ff426,COMPLETED,2024-08-16,2026-07-22,Y09,"KaushalSetu synthetic generator v2, seed 20260929",2026-09-28T12:00:00+05:30,"SYNTHETIC demo data (KaushalSetu SIH prototype): fictional entities, team-assumed numbers, not real or official statistics.",true
e581412b-4305-5213-8466-13f6139d575d,7b1561f7-21bb-531d-bb60-4c6faa047e81,0f5fad00-0142-51b0-a8b4-cb05fd4ff426,COMPLETED,2024-08-28,2026-07-24,Y09,"KaushalSetu synthetic generator v2, seed 20260929",2026-09-28T12:00:00+05:30,"SYNTHETIC demo data (KaushalSetu SIH prototype): fictional entities, team-assumed numbers, not real or official statistics.",true
ac3d3ba5-f080-58f2-9c97-6c71157b19a9,18426dd5-644c-5ae3-9329-87c870caa509,0f5fad00-0142-51b0-a8b4-cb05fd4ff426,DROPPED,2024-08-18,,Y09,"KaushalSetu synthetic generator v2, seed 20260929",2026-09-28T12:00:00+05:30,"SYNTHETIC demo data (KaushalSetu SIH prototype): fictional entities, team-assumed numbers, not real or official statistics.",true
7e26c3c2-5f58-5ef6-ad3e-e0ad14a6b003,4f13d3d4-98b4-5e8c-a22b-2f5688f8fb55,0f5fad00-0142-51b0-a8b4-cb05fd4ff426,COMPLETED,2024-08-11,2026-07-17,Y09,"KaushalSetu synthetic generator v2, seed 20260929",2026-09-28T12:00:00+05:30,"SYNTHETIC demo data (KaushalSetu SIH prototype): fictional entities, team-assumed numbers, not real or official statistics.",true
edb92054-6e85-54cb-b67b-737b62c4c51a,915cc6af-9b98-5a3e-b713-9fa3bfcd8c6f,0f5fad00-0142-51b0-a8b4-cb05fd4ff426,COMPLETED,2024-08-28,2026-07-18,Y09,"KaushalSetu synthetic generator v2, seed 20260929",2026-09-28T12:00:00+05:30,"SYNTHETIC demo data (KaushalSetu SIH prototype): fictional entities, team-assumed numbers, not real or official statistics.",true
7b885067-ab4d-51ac-87ae-a55de81f6a04,cc7c4a92-9511-5861-99b4-951ed0c65372,0f5fad00-0142-51b0-a8b4-cb05fd4ff426,COMPLETED,2024-08-08,2026-07-26,Y09,"KaushalSetu synthetic generator v2, seed 20260929",2026-09-28T12:00:00+05:30,"SYNTHETIC demo data (KaushalSetu SIH prototype): fictional entities, team-assumed numbers, not real or official statistics.",true
abb06ac5-01b9-588d-81af-4b5d12a6b808,32fa9033-97bd-5979-86aa-5e164f4b373c,0f5fad00-0142-51b0-a8b4-cb05fd4ff426,COMPLETED,2024-08-22,2026-07-25,Y09,"KaushalSetu synthetic generator v2, seed 20260929",2026-09-28T12:00:00+05:30,"SYNTHETIC demo data (KaushalSetu SIH prototype): fictional entities, team-assumed numbers, not real or official statistics.",true
0d236ab1-728b-5110-9256-117dc89a98b8,f5e450a9-947c-5377-911a-8cfd062524ca,0f5fad00-0142-51b0-a8b4-cb05fd4ff426,COMPLETED,2024-08-11,2026-07-29,Y09,"KaushalSetu synthetic generator v2, seed 20260929",2026-09-28T12:00:00+05:30,"SYNTHETIC demo data (KaushalSetu SIH prototype): fictional entities, team-assumed numbers, not real or official statistics.",true
5bf81a50-491c-53c7-aac5-88886fd46220,8385cbd7-26d8-5068-ab44-ba6e5149bef9,0f5fad00-0142-51b0-a8b4-cb05fd4ff426,COMPLETED,2024-08-02,2026-07-27,Y09,"KaushalSetu synthetic generator v2, seed 20260929",2026-09-28T12:00:00+05:30,"SYNTHETIC demo data (KaushalSetu SIH prototype): fictional entities, team-assumed numbers, not real or official statistics.",true
aa2bf856-95eb-53a6-b59c-c6670d8147fb,2cb85a29-8f34-5d8d-959d-982b4050bdfe,0f5fad00-0142-51b0-a8b4-cb05fd4ff426,COMPLETED,2024-08-18,2026-07-21,Y09,"KaushalSetu synthetic generator v2, seed 20260929",2026-09-28T12:00:00+05:30,"SYNTHETIC demo data (KaushalSetu SIH prototype): fictional entities, team-assumed numbers, not real or official statistics.",true
aaf5f79f-48e5-565f-9131-339f398c47eb,e89eec3c-c438-53a7-9bb8-13f7b45b7da2,0f5fad00-0142-51b0-a8b4-cb05fd4ff426,COMPLETED,2024-08-07,2026-07-24,Y09,"KaushalSetu synthetic generator v2, seed 20260929",2026-09-28T12:00:00+05:30,"SYNTHETIC demo data (KaushalSetu SIH prototype): fictional entities, team-assumed numbers, not real or official statistics.",true
d437c5a2-26e6-5b7b-a91c-5e3915d79286,874e5bbc-4353-5122-a2ed-ed595a4f8369,0f5fad00-0142-51b0-a8b4-cb05fd4ff426,COMPLETED,2024-08-07,2026-07-17,Y09,"KaushalSetu synthetic generator v2, seed 20260929",2026-09-28T12:00:00+05:30,"SYNTHETIC demo data (KaushalSetu SIH prototype): fictional entities, team-assumed numbers, not real or official statistics.",true
41cd50a6-9651-5c13-acd9-5b072f3b3ebb,cd4c15b8-402a-5cd4-86ba-1db342b938e4,0f5fad00-0142-51b0-a8b4-cb05fd4ff426,COMPLETED,2024-08-22,2026-07-20,Y09,"KaushalSetu synthetic generator v2, seed 20260929",2026-09-28T12:00:00+05:30,"SYNTHETIC demo data (KaushalSetu SIH prototype): fictional entities, team-assumed numbers, not real or official statistics.",true
f3439158-ba3a-5958-9301-affd388dc238,20256f06-af70-5dba-b796-9c4a1cc65b87,0f5fad00-0142-51b0-a8b4-cb05fd4ff426,COMPLETED,2024-08-05,2026-07-23,Y09,"KaushalSetu synthetic generator v2, seed 20260929",2026-09-28T12:00:00+05:30,"SYNTHETIC demo data (KaushalSetu SIH prototype): fictional entities, team-assumed numbers, not real or official statistics.",true
1ec6f51d-d1e8-5c78-8eda-0e352883674c,4cba3303-21ef-560b-af14-6dcc442fa94b,0f5fad00-0142-51b0-a8b4-cb05fd4ff426,COMPLETED,2024-08-29,2026-07-22,Y09,"KaushalSetu synthetic generator v2, seed 20260929",2026-09-28T12:00:00+05:30,"SYNTHETIC demo data (KaushalSetu SIH prototype): fictional entities, team-assumed numbers, not real or official statistics.",true
1674b6c3-b8e8-5831-81b1-2ef221466b4a,9af151ba-08e9-56b0-808a-2301e86a3b24,0f5fad00-0142-51b0-a8b4-cb05fd4ff426,DROPPED,2024-08-27,,Y09,"KaushalSetu synthetic generator v2, seed 20260929",2026-09-28T12:00:00+05:30,"SYNTHETIC demo data (KaushalSetu SIH prototype): fictional entities, team-assumed numbers, not real or official statistics.",true
1b7f22b5-dc43-519e-b42a-1e4505d2ac6b,bf857a1c-9475-509c-bf80-5dad948d0352,0f5fad00-0142-51b0-a8b4-cb05fd4ff426,COMPLETED,2024-08-29,2026-07-28,Y09,"KaushalSetu synthetic generator v2, seed 20260929",2026-09-28T12:00:00+05:30,"SYNTHETIC demo data (KaushalSetu SIH prototype): fictional entities, team-assumed numbers, not real or official statistics.",true
95391150-535d-581a-8b0c-638cd69bdf76,9e9a6a96-f177-5f57-9cc0-4515273ac4ec,0f5fad00-0142-51b0-a8b4-cb05fd4ff426,COMPLETED,2024-08-26,2026-07-24,Y09,"KaushalSetu synthetic generator v2, seed 20260929",2026-09-28T12:00:00+05:30,"SYNTHETIC demo data (KaushalSetu SIH prototype): fictional entities, team-assumed numbers, not real or official statistics.",true
54a09c10-6af7-5a1b-8023-03b4aef14bed,3913f588-cd2f-5f3d-9aa6-39194d71afad,0f5fad00-0142-51b0-a8b4-cb05fd4ff426,DROPPED,2024-08-18,,Y09,"KaushalSetu synthetic generator v2, seed 20260929",2026-09-28T12:00:00+05:30,"SYNTHETIC demo data (KaushalSetu SIH prototype): fictional entities, team-assumed numbers, not real or official statistics.",true
c63590d5-56c9-53b4-829c-2f998e66cee8,01c402bc-f077-5505-980e-a68d3dfee0ce,0f5fad00-0142-51b0-a8b4-cb05fd4ff426,COMPLETED,2024-08-14,2026-07-25,Y09,"KaushalSetu synthetic generator v2, seed 20260929",2026-09-28T12:00:00+05:30,"SYNTHETIC demo data (KaushalSetu SIH prototype): fictional entities, team-assumed numbers, not real or official statistics.",true
ee624851-73b6-5b05-8ede-919409d62c36,06e7eb2f-2a08-5dca-9f2a-4fca9f5dc950,0f5fad00-0142-51b0-a8b4-cb05fd4ff426,COMPLETED,2024-08-10,2026-07-27,Y09,"KaushalSetu synthetic generator v2, seed 20260929",2026-09-28T12:00:00+05:30,"SYNTHETIC demo data (KaushalSetu SIH prototype): fictional entities, team-assumed numbers, not real or official statistics.",true
267ca21e-b64d-5931-bbe5-9c6d1acea994,0d19ad54-92ee-5a9f-a9b0-429b7fc8ba02,0f5fad00-0142-51b0-a8b4-cb05fd4ff426,COMPLETED,2024-08-17,2026-07-15,Y09,"KaushalSetu synthetic generator v2, seed 20260929",2026-09-28T12:00:00+05:30,"SYNTHETIC demo data (KaushalSetu SIH prototype): fictional entities, team-assumed numbers, not real or official statistics.",true
b7755bf6-37eb-507a-a310-ed129438d80a,16d96c60-a79d-5d6e-9179-8428bbbb35e7,3cf9cc30-6183-5e04-8aa5-4cb54f19cfbc,DROPPED,2023-08-25,,Y09,"KaushalSetu synthetic generator v2, seed 20260929",2026-09-28T12:00:00+05:30,"SYNTHETIC demo data (KaushalSetu SIH prototype): fictional entities, team-assumed numbers, not real or official statistics.",true
44dd3291-3597-5909-a099-382aaf6fbe42,4914af9c-db44-5db7-895e-2634ff573fd9,3cf9cc30-6183-5e04-8aa5-4cb54f19cfbc,COMPLETED,2023-08-28,2025-07-17,Y09,"KaushalSetu synthetic generator v2, seed 20260929",2026-09-28T12:00:00+05:30,"SYNTHETIC demo data (KaushalSetu SIH prototype): fictional entities, team-assumed numbers, not real or official statistics.",true
dbd11a96-9e62-5cba-b9ef-15594dff3d2c,8ae7038e-e030-5095-8498-b613664c3757,3cf9cc30-6183-5e04-8aa5-4cb54f19cfbc,COMPLETED,2023-08-20,2025-07-26,Y09,"KaushalSetu synthetic generator v2, seed 20260929",2026-09-28T12:00:00+05:30,"SYNTHETIC demo data (KaushalSetu SIH prototype): fictional entities, team-assumed numbers, not real or official statistics.",true
cae28b30-b05e-51e3-8f97-e2e886156279,f1094bc1-abf5-5b0b-ac8c-3c9ddba71df6,3cf9cc30-6183-5e04-8aa5-4cb54f19cfbc,COMPLETED,2023-08-22,2025-07-19,Y09,"KaushalSetu synthetic generator v2, seed 20260929",2026-09-28T12:00:00+05:30,"SYNTHETIC demo data (KaushalSetu SIH prototype): fictional entities, team-assumed numbers, not real or official statistics.",true
5a621b65-52e5-598c-88d7-06a7bda3b98d,fb57347b-4d27-56ff-bf46-6ac941a3d40f,3cf9cc30-6183-5e04-8aa5-4cb54f19cfbc,COMPLETED,2023-08-05,2025-07-23,Y09,"KaushalSetu synthetic generator v2, seed 20260929",2026-09-28T12:00:00+05:30,"SYNTHETIC demo data (KaushalSetu SIH prototype): fictional entities, team-assumed numbers, not real or official statistics.",true
51b52c32-497c-5fcb-9b5b-4b676d90ec5f,8595ae50-09d3-5dfd-a0ae-dda62a3e50e2,3cf9cc30-6183-5e04-8aa5-4cb54f19cfbc,COMPLETED,2023-08-13,2025-07-27,Y09,"KaushalSetu synthetic generator v2, seed 20260929",2026-09-28T12:00:00+05:30,"SYNTHETIC demo data (KaushalSetu SIH prototype): fictional entities, team-assumed numbers, not real or official statistics.",true
ec36eac8-fb09-5179-831a-48b45a32b63b,f7ebbcf0-5fc6-57bc-90b8-0f5718cab69b,3cf9cc30-6183-5e04-8aa5-4cb54f19cfbc,COMPLETED,2023-08-22,2025-07-31,Y09,"KaushalSetu synthetic generator v2, seed 20260929",2026-09-28T12:00:00+05:30,"SYNTHETIC demo data (KaushalSetu SIH prototype): fictional entities, team-assumed numbers, not real or official statistics.",true
1c5b9504-979e-5696-8ebf-779e2989c07c,467c5a05-4a48-59e8-aa59-15e98d6daf95,3cf9cc30-6183-5e04-8aa5-4cb54f19cfbc,COMPLETED,2023-08-12,2025-07-28,Y09,"KaushalSetu synthetic generator v2, seed 20260929",2026-09-28T12:00:00+05:30,"SYNTHETIC demo data (KaushalSetu SIH prototype): fictional entities, team-assumed numbers, not real or official statistics.",true
5fbd788d-1adb-56ae-9c9d-9e7760d5104b,78d6d20d-928e-5ed9-a55b-4b8dc2c02120,3cf9cc30-6183-5e04-8aa5-4cb54f19cfbc,DROPPED,2023-08-27,,Y09,"KaushalSetu synthetic generator v2, seed 20260929",2026-09-28T12:00:00+05:30,"SYNTHETIC demo data (KaushalSetu SIH prototype): fictional entities, team-assumed numbers, not real or official statistics.",true
11ae65f0-9283-53c6-ae38-977c8e834441,9a1a2c6e-4d0c-56a8-a41b-7d238542310d,3cf9cc30-6183-5e04-8aa5-4cb54f19cfbc,COMPLETED,2023-08-07,2025-07-15,Y09,"KaushalSetu synthetic generator v2, seed 20260929",2026-09-28T12:00:00+05:30,"SYNTHETIC demo data (KaushalSetu SIH prototype): fictional entities, team-assumed numbers, not real or official statistics.",true
18e751c8-c05b-5aec-8f7c-fd7d6e116cc3,06c56787-0334-534a-97c5-a2dc84f3f82d,3cf9cc30-6183-5e04-8aa5-4cb54f19cfbc,COMPLETED,2023-08-20,2025-07-19,Y09,"KaushalSetu synthetic generator v2, seed 20260929",2026-09-28T12:00:00+05:30,"SYNTHETIC demo data (KaushalSetu SIH prototype): fictional entities, team-assumed numbers, not real or official statistics.",true
18281eed-d104-5e07-b86b-2fd9ed9e74df,170a08c0-298d-567f-9613-6312901e4be9,3cf9cc30-6183-5e04-8aa5-4cb54f19cfbc,COMPLETED,2023-08-19,2025-07-31,Y09,"KaushalSetu synthetic generator v2, seed 20260929",2026-09-28T12:00:00+05:30,"SYNTHETIC demo data (KaushalSetu SIH prototype): fictional entities, team-assumed numbers, not real or official statistics.",true
3483b61e-06a8-59c5-8126-b9c62d634170,4a124a80-ce0f-5b53-8e19-5d7fb5ae5429,3cf9cc30-6183-5e04-8aa5-4cb54f19cfbc,COMPLETED,2023-08-16,2025-07-18,Y09,"KaushalSetu synthetic generator v2, seed 20260929",2026-09-28T12:00:00+05:30,"SYNTHETIC demo data (KaushalSetu SIH prototype): fictional entities, team-assumed numbers, not real or official statistics.",true
69b6060a-4467-5d1b-becc-dfe297739283,b9e9d642-b44b-5e77-bbde-37d3e42a110f,3cf9cc30-6183-5e04-8aa5-4cb54f19cfbc,COMPLETED,2023-08-10,2025-07-26,Y09,"KaushalSetu synthetic generator v2, seed 20260929",2026-09-28T12:00:00+05:30,"SYNTHETIC demo data (KaushalSetu SIH prototype): fictional entities, team-assumed numbers, not real or official statistics.",true
70e7159d-13db-5bc3-9962-2b847c769eef,777a263d-3227-5ae1-8232-a5ed87deb3ee,3cf9cc30-6183-5e04-8aa5-4cb54f19cfbc,DROPPED,2023-08-31,,Y09,"KaushalSetu synthetic generator v2, seed 20260929",2026-09-28T12:00:00+05:30,"SYNTHETIC demo data (KaushalSetu SIH prototype): fictional entities, team-assumed numbers, not real or official statistics.",true
8771f035-bf04-560e-82ac-0ee6a6d0e66e,c8b8dfea-e35e-5a6d-bbb7-20878b19e865,3cf9cc30-6183-5e04-8aa5-4cb54f19cfbc,COMPLETED,2023-08-01,2025-07-23,Y09,"KaushalSetu synthetic generator v2, seed 20260929",2026-09-28T12:00:00+05:30,"SYNTHETIC demo data (KaushalSetu SIH prototype): fictional entities, team-assumed numbers, not real or official statistics.",true
ef10d6ed-f5c4-577e-9a4e-e349501a52e4,a09da1b7-138f-5f48-b774-2fe80efa0783,3cf9cc30-6183-5e04-8aa5-4cb54f19cfbc,DROPPED,2023-08-22,,Y09,"KaushalSetu synthetic generator v2, seed 20260929",2026-09-28T12:00:00+05:30,"SYNTHETIC demo data (KaushalSetu SIH prototype): fictional entities, team-assumed numbers, not real or official statistics.",true
d9fa343f-aafd-5c47-9c57-de2431f69cee,b43c2d99-15d3-5be5-9399-cfd9076e056a,3cf9cc30-6183-5e04-8aa5-4cb54f19cfbc,COMPLETED,2023-08-16,2025-07-30,Y09,"KaushalSetu synthetic generator v2, seed 20260929",2026-09-28T12:00:00+05:30,"SYNTHETIC demo data (KaushalSetu SIH prototype): fictional entities, team-assumed numbers, not real or official statistics.",true
b1622a97-d9e1-5fe1-9cff-31bf7afa174f,0acf5c2b-07df-5cbb-9474-17cee6547579,3cf9cc30-6183-5e04-8aa5-4cb54f19cfbc,COMPLETED,2023-08-22,2025-07-15,Y09,"KaushalSetu synthetic generator v2, seed 20260929",2026-09-28T12:00:00+05:30,"SYNTHETIC demo data (KaushalSetu SIH prototype): fictional entities, team-assumed numbers, not real or official statistics.",true
8e905ab1-c01b-5e95-a8e3-931f7e4ce7a9,f91eda9f-f42e-54c2-9652-99973135f2ce,3cf9cc30-6183-5e04-8aa5-4cb54f19cfbc,COMPLETED,2023-08-28,2025-07-16,Y09,"KaushalSetu synthetic generator v2, seed 20260929",2026-09-28T12:00:00+05:30,"SYNTHETIC demo data (KaushalSetu SIH prototype): fictional entities, team-assumed numbers, not real or official statistics.",true
57e6b868-b913-5bcd-86bf-2c5ab5252849,62599bad-d731-5bf3-ad2e-75c12b06d9a0,3cf9cc30-6183-5e04-8aa5-4cb54f19cfbc,COMPLETED,2023-08-22,2025-07-26,Y09,"KaushalSetu synthetic generator v2, seed 20260929",2026-09-28T12:00:00+05:30,"SYNTHETIC demo data (KaushalSetu SIH prototype): fictional entities, team-assumed numbers, not real or official statistics.",true
1a6297bb-764b-5e4f-9eb7-8d6ff9e948b2,dd289eeb-107f-505e-a3df-a8540641537e,3cf9cc30-6183-5e04-8aa5-4cb54f19cfbc,COMPLETED,2023-08-19,2025-07-31,Y09,"KaushalSetu synthetic generator v2, seed 20260929",2026-09-28T12:00:00+05:30,"SYNTHETIC demo data (KaushalSetu SIH prototype): fictional entities, team-assumed numbers, not real or official statistics.",true
2204bc3a-e4a7-5528-95f8-326ecdd5afa0,9914dd22-8ec9-5af3-9a19-53cc5828a882,3cf9cc30-6183-5e04-8aa5-4cb54f19cfbc,COMPLETED,2023-08-01,2025-07-29,Y09,"KaushalSetu synthetic generator v2, seed 20260929",2026-09-28T12:00:00+05:30,"SYNTHETIC demo data (KaushalSetu SIH prototype): fictional entities, team-assumed numbers, not real or official statistics.",true
45991c78-4d30-50bd-8bd8-e36a05a975d2,32b5406b-034f-5053-a6a7-e0b67c5b6214,3cf9cc30-6183-5e04-8aa5-4cb54f19cfbc,COMPLETED,2023-08-05,2025-07-17,Y09,"KaushalSetu synthetic generator v2, seed 20260929",2026-09-28T12:00:00+05:30,"SYNTHETIC demo data (KaushalSetu SIH prototype): fictional entities, team-assumed numbers, not real or official statistics.",true
ff544ac5-e592-5888-af3e-0425b5a3a1d8,c1b693c2-6f27-5df6-8c52-1dff55cd317b,3cf9cc30-6183-5e04-8aa5-4cb54f19cfbc,DROPPED,2023-08-29,,Y09,"KaushalSetu synthetic generator v2, seed 20260929",2026-09-28T12:00:00+05:30,"SYNTHETIC demo data (KaushalSetu SIH prototype): fictional entities, team-assumed numbers, not real or official statistics.",true
67e01b65-e3e0-5896-ab52-e4b6e9e4e377,0f6cd1dd-98ef-5691-b9dd-0188df30745d,3cf9cc30-6183-5e04-8aa5-4cb54f19cfbc,COMPLETED,2023-08-15,2025-07-29,Y09,"KaushalSetu synthetic generator v2, seed 20260929",2026-09-28T12:00:00+05:30,"SYNTHETIC demo data (KaushalSetu SIH prototype): fictional entities, team-assumed numbers, not real or official statistics.",true
fcbec428-cd0c-58f2-9904-c1d379bdf666,a3c1d22f-a7cf-517e-b595-70ac7277ba28,3cf9cc30-6183-5e04-8aa5-4cb54f19cfbc,COMPLETED,2023-08-19,2025-07-27,Y09,"KaushalSetu synthetic generator v2, seed 20260929",2026-09-28T12:00:00+05:30,"SYNTHETIC demo data (KaushalSetu SIH prototype): fictional entities, team-assumed numbers, not real or official statistics.",true
bd981d37-c704-51c3-9711-2dadb9010da8,96d39cb4-5678-583e-ac62-8da4a7297822,3cf9cc30-6183-5e04-8aa5-4cb54f19cfbc,COMPLETED,2023-08-27,2025-07-21,Y09,"KaushalSetu synthetic generator v2, seed 20260929",2026-09-28T12:00:00+05:30,"SYNTHETIC demo data (KaushalSetu SIH prototype): fictional entities, team-assumed numbers, not real or official statistics.",true
df4be561-c207-57a3-9605-5923cf199911,769a8f9f-3397-5fbc-bb41-dcb032c88fae,3cf9cc30-6183-5e04-8aa5-4cb54f19cfbc,DROPPED,2023-08-07,,Y09,"KaushalSetu synthetic generator v2, seed 20260929",2026-09-28T12:00:00+05:30,"SYNTHETIC demo data (KaushalSetu SIH prototype): fictional entities, team-assumed numbers, not real or official statistics.",true
0fc839a5-1251-5944-adf0-939bcfb62a39,fbd34524-9f6e-5c86-aa0f-e2a62a151ae8,3cf9cc30-6183-5e04-8aa5-4cb54f19cfbc,COMPLETED,2023-08-06,2025-07-31,Y09,"KaushalSetu synthetic generator v2, seed 20260929",2026-09-28T12:00:00+05:30,"SYNTHETIC demo data (KaushalSetu SIH prototype): fictional entities, team-assumed numbers, not real or official statistics.",true
6851cd64-5e26-5392-a9b1-5fb272145751,bb59ab66-6800-56e4-bb75-b38916b3ec8b,3cf9cc30-6183-5e04-8aa5-4cb54f19cfbc,COMPLETED,2023-08-27,2025-07-18,Y09,"KaushalSetu synthetic generator v2, seed 20260929",2026-09-28T12:00:00+05:30,"SYNTHETIC demo data (KaushalSetu SIH prototype): fictional entities, team-assumed numbers, not real or official statistics.",true
1be91fee-cb48-5834-acdf-feea8d83ae94,cc90d40a-a228-5de6-9238-19c22931ff78,3cf9cc30-6183-5e04-8aa5-4cb54f19cfbc,COMPLETED,2023-08-09,2025-07-29,Y09,"KaushalSetu synthetic generator v2, seed 20260929",2026-09-28T12:00:00+05:30,"SYNTHETIC demo data (KaushalSetu SIH prototype): fictional entities, team-assumed numbers, not real or official statistics.",true
6d487f43-da78-51c9-9d3d-2d67ad0ac5d3,bb83525d-2300-51b4-badf-1b9ab5ac6a99,3cf9cc30-6183-5e04-8aa5-4cb54f19cfbc,COMPLETED,2023-08-08,2025-07-29,Y09,"KaushalSetu synthetic generator v2, seed 20260929",2026-09-28T12:00:00+05:30,"SYNTHETIC demo data (KaushalSetu SIH prototype): fictional entities, team-assumed numbers, not real or official statistics.",true
63304174-edf2-5aeb-8d81-79d33896fd97,d8ae8610-7d46-5fb2-93db-d4b642b35595,3cf9cc30-6183-5e04-8aa5-4cb54f19cfbc,COMPLETED,2023-08-13,2025-07-24,Y09,"KaushalSetu synthetic generator v2, seed 20260929",2026-09-28T12:00:00+05:30,"SYNTHETIC demo data (KaushalSetu SIH prototype): fictional entities, team-assumed numbers, not real or official statistics.",true
bc10218a-881c-58f7-9468-1ae3e93f0ef9,4a63393a-5eb1-5524-ab15-0dbf624a21fd,3cf9cc30-6183-5e04-8aa5-4cb54f19cfbc,COMPLETED,2023-08-31,2025-07-30,Y09,"KaushalSetu synthetic generator v2, seed 20260929",2026-09-28T12:00:00+05:30,"SYNTHETIC demo data (KaushalSetu SIH prototype): fictional entities, team-assumed numbers, not real or official statistics.",true
bae92536-3314-52e9-834c-2d61c3df3eeb,4fe4f6d2-9fae-5453-9512-fb215a1c7c60,3cf9cc30-6183-5e04-8aa5-4cb54f19cfbc,COMPLETED,2023-08-19,2025-07-22,Y09,"KaushalSetu synthetic generator v2, seed 20260929",2026-09-28T12:00:00+05:30,"SYNTHETIC demo data (KaushalSetu SIH prototype): fictional entities, team-assumed numbers, not real or official statistics.",true
9e8ac017-326d-5e8e-a44a-28191f9890b6,4e78ce52-241e-5fba-8a1d-4a51ca713d89,765264b5-3233-5f0e-8ecd-b97e23fdc0d6,COMPLETED,2024-08-14,2026-07-19,Y09,"KaushalSetu synthetic generator v2, seed 20260929",2026-09-28T12:00:00+05:30,"SYNTHETIC demo data (KaushalSetu SIH prototype): fictional entities, team-assumed numbers, not real or official statistics.",true
60dab3db-9813-58e9-a59f-22f15488508e,19e83a6d-315b-50cb-ae94-7fb338776753,765264b5-3233-5f0e-8ecd-b97e23fdc0d6,DROPPED,2024-08-13,,Y09,"KaushalSetu synthetic generator v2, seed 20260929",2026-09-28T12:00:00+05:30,"SYNTHETIC demo data (KaushalSetu SIH prototype): fictional entities, team-assumed numbers, not real or official statistics.",true
725bb0bf-3a0f-5706-b338-075bb6cce321,4b9558a2-ca0e-533e-821d-1a066df1bc59,765264b5-3233-5f0e-8ecd-b97e23fdc0d6,COMPLETED,2024-08-03,2026-07-21,Y09,"KaushalSetu synthetic generator v2, seed 20260929",2026-09-28T12:00:00+05:30,"SYNTHETIC demo data (KaushalSetu SIH prototype): fictional entities, team-assumed numbers, not real or official statistics.",true
34a7e7af-94b3-53ec-bfd8-80861b59a635,ae37c496-9fd2-57a9-a0f7-4eaa72db6569,765264b5-3233-5f0e-8ecd-b97e23fdc0d6,DROPPED,2024-08-29,,Y09,"KaushalSetu synthetic generator v2, seed 20260929",2026-09-28T12:00:00+05:30,"SYNTHETIC demo data (KaushalSetu SIH prototype): fictional entities, team-assumed numbers, not real or official statistics.",true
5750b625-db0a-523e-afdf-2cc53725b94e,579fdbc5-976a-55d4-9908-6f65c78aa5b4,765264b5-3233-5f0e-8ecd-b97e23fdc0d6,COMPLETED,2024-08-30,2026-07-18,Y09,"KaushalSetu synthetic generator v2, seed 20260929",2026-09-28T12:00:00+05:30,"SYNTHETIC demo data (KaushalSetu SIH prototype): fictional entities, team-assumed numbers, not real or official statistics.",true
6cf165f4-cf0f-51c1-94f8-4d76b40e3406,2aabf4f9-8dc0-566b-836c-cfe147ad887c,765264b5-3233-5f0e-8ecd-b97e23fdc0d6,DROPPED,2024-08-14,,Y09,"KaushalSetu synthetic generator v2, seed 20260929",2026-09-28T12:00:00+05:30,"SYNTHETIC demo data (KaushalSetu SIH prototype): fictional entities, team-assumed numbers, not real or official statistics.",true
46f777d8-18c4-5b65-b9fd-2bda926905d0,a185a1db-0a77-56ed-9da8-6150d488e1d8,765264b5-3233-5f0e-8ecd-b97e23fdc0d6,COMPLETED,2024-08-03,2026-07-16,Y09,"KaushalSetu synthetic generator v2, seed 20260929",2026-09-28T12:00:00+05:30,"SYNTHETIC demo data (KaushalSetu SIH prototype): fictional entities, team-assumed numbers, not real or official statistics.",true
334dde27-3f8f-541e-a924-3ead0e344d3b,e447d364-746e-56a9-b171-92076787047f,765264b5-3233-5f0e-8ecd-b97e23fdc0d6,COMPLETED,2024-08-04,2026-07-18,Y09,"KaushalSetu synthetic generator v2, seed 20260929",2026-09-28T12:00:00+05:30,"SYNTHETIC demo data (KaushalSetu SIH prototype): fictional entities, team-assumed numbers, not real or official statistics.",true
1e1bd8d8-8efb-50fe-8dc5-7685960b8c00,9e3c4bc0-697a-503e-b893-dd101db31853,765264b5-3233-5f0e-8ecd-b97e23fdc0d6,COMPLETED,2024-08-14,2026-07-24,Y09,"KaushalSetu synthetic generator v2, seed 20260929",2026-09-28T12:00:00+05:30,"SYNTHETIC demo data (KaushalSetu SIH prototype): fictional entities, team-assumed numbers, not real or official statistics.",true
b9d379d3-984f-5d56-8a5e-63887ac2c2b6,024ed3e5-b3d8-59b8-a522-0f313b59ff80,765264b5-3233-5f0e-8ecd-b97e23fdc0d6,COMPLETED,2024-08-07,2026-07-20,Y09,"KaushalSetu synthetic generator v2, seed 20260929",2026-09-28T12:00:00+05:30,"SYNTHETIC demo data (KaushalSetu SIH prototype): fictional entities, team-assumed numbers, not real or official statistics.",true
266d1bcd-a65b-5b29-b41b-a9fb90901151,f38659ae-e99b-5e33-9573-00cc7bdeb3b9,765264b5-3233-5f0e-8ecd-b97e23fdc0d6,COMPLETED,2024-08-15,2026-07-27,Y09,"KaushalSetu synthetic generator v2, seed 20260929",2026-09-28T12:00:00+05:30,"SYNTHETIC demo data (KaushalSetu SIH prototype): fictional entities, team-assumed numbers, not real or official statistics.",true
3aea37c0-d670-5b8a-9f34-7280e92a82d3,366c0d67-e130-57c4-a8ba-023f8c731950,765264b5-3233-5f0e-8ecd-b97e23fdc0d6,COMPLETED,2024-08-06,2026-07-29,Y09,"KaushalSetu synthetic generator v2, seed 20260929",2026-09-28T12:00:00+05:30,"SYNTHETIC demo data (KaushalSetu SIH prototype): fictional entities, team-assumed numbers, not real or official statistics.",true
dbf95623-98a3-5c70-a25a-28151a6e4208,68b74b2c-db5d-53fe-9c33-d34d1c941132,765264b5-3233-5f0e-8ecd-b97e23fdc0d6,DROPPED,2024-08-19,,Y09,"KaushalSetu synthetic generator v2, seed 20260929",2026-09-28T12:00:00+05:30,"SYNTHETIC demo data (KaushalSetu SIH prototype): fictional entities, team-assumed numbers, not real or official statistics.",true
84e81867-dfff-5bc5-8856-7da0074902ca,4eb9c97f-78fc-5e94-931f-ea041d6754e1,765264b5-3233-5f0e-8ecd-b97e23fdc0d6,DROPPED,2024-08-11,,Y09,"KaushalSetu synthetic generator v2, seed 20260929",2026-09-28T12:00:00+05:30,"SYNTHETIC demo data (KaushalSetu SIH prototype): fictional entities, team-assumed numbers, not real or official statistics.",true
54d121b0-663c-5e5c-a649-4dea63ab5b46,38a3a0f4-4c62-5074-8f21-deb335632ec5,765264b5-3233-5f0e-8ecd-b97e23fdc0d6,COMPLETED,2024-08-10,2026-07-23,Y09,"KaushalSetu synthetic generator v2, seed 20260929",2026-09-28T12:00:00+05:30,"SYNTHETIC demo data (KaushalSetu SIH prototype): fictional entities, team-assumed numbers, not real or official statistics.",true
95373e75-0e4a-55f9-90a2-9edb0d7b7f42,a68fe46d-ca3a-5a91-b86c-6e98037649f2,765264b5-3233-5f0e-8ecd-b97e23fdc0d6,COMPLETED,2024-08-15,2026-07-29,Y09,"KaushalSetu synthetic generator v2, seed 20260929",2026-09-28T12:00:00+05:30,"SYNTHETIC demo data (KaushalSetu SIH prototype): fictional entities, team-assumed numbers, not real or official statistics.",true
d65c8238-7f31-5f18-a52d-0eb9fe9b1374,9f7997ab-7f80-5fa5-9935-20a7aa6e197b,765264b5-3233-5f0e-8ecd-b97e23fdc0d6,COMPLETED,2024-08-07,2026-07-31,Y09,"KaushalSetu synthetic generator v2, seed 20260929",2026-09-28T12:00:00+05:30,"SYNTHETIC demo data (KaushalSetu SIH prototype): fictional entities, team-assumed numbers, not real or official statistics.",true
5cc8061e-e0d1-5992-a821-ec867d08cb17,dbc79c46-e912-5118-a6fd-0c19f7dc241a,765264b5-3233-5f0e-8ecd-b97e23fdc0d6,COMPLETED,2024-08-21,2026-07-27,Y09,"KaushalSetu synthetic generator v2, seed 20260929",2026-09-28T12:00:00+05:30,"SYNTHETIC demo data (KaushalSetu SIH prototype): fictional entities, team-assumed numbers, not real or official statistics.",true
f613c293-7895-5427-9545-c0d7c665aacb,938f4897-cc15-517c-a5e5-61261e462312,765264b5-3233-5f0e-8ecd-b97e23fdc0d6,COMPLETED,2024-08-07,2026-07-26,Y09,"KaushalSetu synthetic generator v2, seed 20260929",2026-09-28T12:00:00+05:30,"SYNTHETIC demo data (KaushalSetu SIH prototype): fictional entities, team-assumed numbers, not real or official statistics.",true
a23372d4-6e09-5e0b-a388-a98cdba84492,b23bdbbf-ec59-5e77-a14b-e04a7ccc1219,765264b5-3233-5f0e-8ecd-b97e23fdc0d6,COMPLETED,2024-08-17,2026-07-23,Y09,"KaushalSetu synthetic generator v2, seed 20260929",2026-09-28T12:00:00+05:30,"SYNTHETIC demo data (KaushalSetu SIH prototype): fictional entities, team-assumed numbers, not real or official statistics.",true
8c0fe9fb-e106-5451-b068-03ad3b64936b,831871f7-e4e9-588c-b29a-1ce39a781664,765264b5-3233-5f0e-8ecd-b97e23fdc0d6,COMPLETED,2024-08-12,2026-07-26,Y09,"KaushalSetu synthetic generator v2, seed 20260929",2026-09-28T12:00:00+05:30,"SYNTHETIC demo data (KaushalSetu SIH prototype): fictional entities, team-assumed numbers, not real or official statistics.",true
bfc7b8bf-f925-586e-a510-254edb9df032,2364a8cd-dc42-5993-9357-1496657845c3,765264b5-3233-5f0e-8ecd-b97e23fdc0d6,COMPLETED,2024-08-21,2026-07-29,Y09,"KaushalSetu synthetic generator v2, seed 20260929",2026-09-28T12:00:00+05:30,"SYNTHETIC demo data (KaushalSetu SIH prototype): fictional entities, team-assumed numbers, not real or official statistics.",true
58dd8fcf-c737-5970-ad1d-92fa742d86f5,6c08676f-9b09-555f-93e3-8263b3c7adf0,765264b5-3233-5f0e-8ecd-b97e23fdc0d6,COMPLETED,2024-08-07,2026-07-21,Y09,"KaushalSetu synthetic generator v2, seed 20260929",2026-09-28T12:00:00+05:30,"SYNTHETIC demo data (KaushalSetu SIH prototype): fictional entities, team-assumed numbers, not real or official statistics.",true
9b5c690f-4e4b-562e-9c2e-694e5a52511b,0d315adc-ab6a-511e-b005-4ebf99953cfd,765264b5-3233-5f0e-8ecd-b97e23fdc0d6,COMPLETED,2024-08-28,2026-07-25,Y09,"KaushalSetu synthetic generator v2, seed 20260929",2026-09-28T12:00:00+05:30,"SYNTHETIC demo data (KaushalSetu SIH prototype): fictional entities, team-assumed numbers, not real or official statistics.",true
e34dbd04-3aaa-5495-991a-6985259434b2,da5f8b45-c11c-502b-b71b-623cf2ef758d,765264b5-3233-5f0e-8ecd-b97e23fdc0d6,COMPLETED,2024-08-03,2026-07-27,Y09,"KaushalSetu synthetic generator v2, seed 20260929",2026-09-28T12:00:00+05:30,"SYNTHETIC demo data (KaushalSetu SIH prototype): fictional entities, team-assumed numbers, not real or official statistics.",true
9b2fb94f-cb07-5532-9063-4d32542e312b,a717a05e-2394-5cb8-b3ac-04831534afbd,765264b5-3233-5f0e-8ecd-b97e23fdc0d6,COMPLETED,2024-08-23,2026-07-19,Y09,"KaushalSetu synthetic generator v2, seed 20260929",2026-09-28T12:00:00+05:30,"SYNTHETIC demo data (KaushalSetu SIH prototype): fictional entities, team-assumed numbers, not real or official statistics.",true
3f80430b-4444-5055-934e-c76211f0ec07,288db956-d9ef-59c9-8cca-9e16f8b695ac,765264b5-3233-5f0e-8ecd-b97e23fdc0d6,COMPLETED,2024-08-19,2026-07-20,Y09,"KaushalSetu synthetic generator v2, seed 20260929",2026-09-28T12:00:00+05:30,"SYNTHETIC demo data (KaushalSetu SIH prototype): fictional entities, team-assumed numbers, not real or official statistics.",true
81270ea8-af98-5033-8774-af429f26dd79,771e3cb1-060b-5e79-a043-ff2d7084e111,765264b5-3233-5f0e-8ecd-b97e23fdc0d6,COMPLETED,2024-08-08,2026-07-27,Y09,"KaushalSetu synthetic generator v2, seed 20260929",2026-09-28T12:00:00+05:30,"SYNTHETIC demo data (KaushalSetu SIH prototype): fictional entities, team-assumed numbers, not real or official statistics.",true
2df530b9-ee0b-5daa-b62d-ea15c30db989,671360c8-23f4-5a1a-a749-78e8041625c6,765264b5-3233-5f0e-8ecd-b97e23fdc0d6,COMPLETED,2024-08-09,2026-07-17,Y09,"KaushalSetu synthetic generator v2, seed 20260929",2026-09-28T12:00:00+05:30,"SYNTHETIC demo data (KaushalSetu SIH prototype): fictional entities, team-assumed numbers, not real or official statistics.",true
7d8d1aff-6b9f-5990-b058-e8789c9e6654,59b52755-77ef-53c4-a343-31d53e11c99d,765264b5-3233-5f0e-8ecd-b97e23fdc0d6,COMPLETED,2024-08-02,2026-07-16,Y09,"KaushalSetu synthetic generator v2, seed 20260929",2026-09-28T12:00:00+05:30,"SYNTHETIC demo data (KaushalSetu SIH prototype): fictional entities, team-assumed numbers, not real or official statistics.",true
107c1bec-b37e-50da-aa8f-52b6f1b34c11,451482fb-a38f-51a9-afa0-9f1c60448d29,765264b5-3233-5f0e-8ecd-b97e23fdc0d6,COMPLETED,2024-08-19,2026-07-31,Y09,"KaushalSetu synthetic generator v2, seed 20260929",2026-09-28T12:00:00+05:30,"SYNTHETIC demo data (KaushalSetu SIH prototype): fictional entities, team-assumed numbers, not real or official statistics.",true
889f221c-1130-5249-b8ae-3b579187dbc6,df7a2cb6-8f1b-5451-9105-e3264bfc9ae8,765264b5-3233-5f0e-8ecd-b97e23fdc0d6,COMPLETED,2024-08-20,2026-07-27,Y09,"KaushalSetu synthetic generator v2, seed 20260929",2026-09-28T12:00:00+05:30,"SYNTHETIC demo data (KaushalSetu SIH prototype): fictional entities, team-assumed numbers, not real or official statistics.",true
9ed11d15-f104-5844-b953-73fa6052260d,0e85f616-6744-58e4-8dab-5d63b99c33d9,765264b5-3233-5f0e-8ecd-b97e23fdc0d6,COMPLETED,2024-08-09,2026-07-26,Y09,"KaushalSetu synthetic generator v2, seed 20260929",2026-09-28T12:00:00+05:30,"SYNTHETIC demo data (KaushalSetu SIH prototype): fictional entities, team-assumed numbers, not real or official statistics.",true
1b1caf08-64c0-5eca-ba27-afe69f9e84f4,2739a2f1-1b62-529c-ad97-6b6194e5e564,765264b5-3233-5f0e-8ecd-b97e23fdc0d6,COMPLETED,2024-08-28,2026-07-22,Y09,"KaushalSetu synthetic generator v2, seed 20260929",2026-09-28T12:00:00+05:30,"SYNTHETIC demo data (KaushalSetu SIH prototype): fictional entities, team-assumed numbers, not real or official statistics.",true
5f584589-7b78-5156-874b-46a2ef0b204d,b19eb8c1-3252-5db7-823a-dc113b26146f,765264b5-3233-5f0e-8ecd-b97e23fdc0d6,COMPLETED,2024-08-21,2026-07-24,Y09,"KaushalSetu synthetic generator v2, seed 20260929",2026-09-28T12:00:00+05:30,"SYNTHETIC demo data (KaushalSetu SIH prototype): fictional entities, team-assumed numbers, not real or official statistics.",true
f92f292c-9683-5c17-9dfe-329ae00e55db,da9f41fc-f1e5-55c4-87bc-11e4fc47ba82,b1f6d11f-ed15-5307-a6e5-98f313a3a7fc,DROPPED,2024-12-16,,Y09,"KaushalSetu synthetic generator v2, seed 20260929",2026-09-28T12:00:00+05:30,"SYNTHETIC demo data (KaushalSetu SIH prototype): fictional entities, team-assumed numbers, not real or official statistics.",true
42d22248-5240-5008-b3d8-79d8f9563010,653669c0-f57a-542c-9bb6-8146d5f7fc52,b1f6d11f-ed15-5307-a6e5-98f313a3a7fc,COMPLETED,2025-03-23,2025-06-11,Y09,"KaushalSetu synthetic generator v2, seed 20260929",2026-09-28T12:00:00+05:30,"SYNTHETIC demo data (KaushalSetu SIH prototype): fictional entities, team-assumed numbers, not real or official statistics.",true
0aa85661-c9aa-563d-9b08-39b7f4682140,4adcc138-9e13-596e-a7a2-377aefbd88fc,b1f6d11f-ed15-5307-a6e5-98f313a3a7fc,COMPLETED,2025-05-04,2025-07-19,Y09,"KaushalSetu synthetic generator v2, seed 20260929",2026-09-28T12:00:00+05:30,"SYNTHETIC demo data (KaushalSetu SIH prototype): fictional entities, team-assumed numbers, not real or official statistics.",true
ab2aa278-7c4f-53a9-86a7-9741e5e3a342,d9b688da-8d63-5f28-8e0c-d89c08ee6416,b1f6d11f-ed15-5307-a6e5-98f313a3a7fc,COMPLETED,2024-11-12,2025-01-31,Y09,"KaushalSetu synthetic generator v2, seed 20260929",2026-09-28T12:00:00+05:30,"SYNTHETIC demo data (KaushalSetu SIH prototype): fictional entities, team-assumed numbers, not real or official statistics.",true
4f617218-9d3f-5007-97eb-f9da6b41ff37,e462a530-7e6e-55ca-9812-db1f46b58dad,b1f6d11f-ed15-5307-a6e5-98f313a3a7fc,DROPPED,2024-08-06,,Y09,"KaushalSetu synthetic generator v2, seed 20260929",2026-09-28T12:00:00+05:30,"SYNTHETIC demo data (KaushalSetu SIH prototype): fictional entities, team-assumed numbers, not real or official statistics.",true
c685efdd-bf5f-5fae-ac1e-cf6b32fb094d,d7c0008e-8607-52a0-8a27-00dbf7b8b923,b1f6d11f-ed15-5307-a6e5-98f313a3a7fc,COMPLETED,2025-01-15,2025-04-02,Y09,"KaushalSetu synthetic generator v2, seed 20260929",2026-09-28T12:00:00+05:30,"SYNTHETIC demo data (KaushalSetu SIH prototype): fictional entities, team-assumed numbers, not real or official statistics.",true
6d60eb87-9a12-5a38-9e79-4b8e43969d50,78d02331-4e23-5541-ad8f-2bd94b1ca5cd,b1f6d11f-ed15-5307-a6e5-98f313a3a7fc,COMPLETED,2025-02-26,2025-05-13,Y09,"KaushalSetu synthetic generator v2, seed 20260929",2026-09-28T12:00:00+05:30,"SYNTHETIC demo data (KaushalSetu SIH prototype): fictional entities, team-assumed numbers, not real or official statistics.",true
c40a9e4b-3812-5015-a581-888cac7c48cc,dc4d5450-1470-5e98-825a-8d52d294ae50,b1f6d11f-ed15-5307-a6e5-98f313a3a7fc,COMPLETED,2025-03-11,2025-05-28,Y09,"KaushalSetu synthetic generator v2, seed 20260929",2026-09-28T12:00:00+05:30,"SYNTHETIC demo data (KaushalSetu SIH prototype): fictional entities, team-assumed numbers, not real or official statistics.",true
524855a5-7e9d-5ec6-ba6d-3c5433a93964,b4cfdf11-f98e-5cf6-b6ff-77bff5470a3b,b1f6d11f-ed15-5307-a6e5-98f313a3a7fc,COMPLETED,2024-08-11,2024-10-30,Y09,"KaushalSetu synthetic generator v2, seed 20260929",2026-09-28T12:00:00+05:30,"SYNTHETIC demo data (KaushalSetu SIH prototype): fictional entities, team-assumed numbers, not real or official statistics.",true
f6169b0a-6b8e-55ae-80cf-660c71b4ca5a,85c7acf2-d559-5c37-a792-680348d139a8,b1f6d11f-ed15-5307-a6e5-98f313a3a7fc,DROPPED,2024-11-17,,Y09,"KaushalSetu synthetic generator v2, seed 20260929",2026-09-28T12:00:00+05:30,"SYNTHETIC demo data (KaushalSetu SIH prototype): fictional entities, team-assumed numbers, not real or official statistics.",true
89c02214-8842-5711-9348-883c8b1fe221,91678e19-a897-50a9-9e9e-cb09561b5261,b1f6d11f-ed15-5307-a6e5-98f313a3a7fc,COMPLETED,2025-04-02,2025-06-16,Y09,"KaushalSetu synthetic generator v2, seed 20260929",2026-09-28T12:00:00+05:30,"SYNTHETIC demo data (KaushalSetu SIH prototype): fictional entities, team-assumed numbers, not real or official statistics.",true
f706de0d-e6c0-5337-9094-6986304b18cd,cae94c7a-bc0e-5997-9f48-e4e1541f6b2d,b1f6d11f-ed15-5307-a6e5-98f313a3a7fc,COMPLETED,2024-11-07,2025-01-25,Y09,"KaushalSetu synthetic generator v2, seed 20260929",2026-09-28T12:00:00+05:30,"SYNTHETIC demo data (KaushalSetu SIH prototype): fictional entities, team-assumed numbers, not real or official statistics.",true
1b897987-1839-572d-b2de-ca7ed2526bc6,1bb73a6c-af2e-5c4b-9db6-568831a24a8e,b1f6d11f-ed15-5307-a6e5-98f313a3a7fc,COMPLETED,2024-11-03,2025-01-17,Y09,"KaushalSetu synthetic generator v2, seed 20260929",2026-09-28T12:00:00+05:30,"SYNTHETIC demo data (KaushalSetu SIH prototype): fictional entities, team-assumed numbers, not real or official statistics.",true
14ea41e8-895f-5bd1-b6af-e1ffbbf45bb1,53b89ae2-9b14-5df0-9e3a-9345905244f2,b1f6d11f-ed15-5307-a6e5-98f313a3a7fc,COMPLETED,2024-11-27,2025-02-14,Y09,"KaushalSetu synthetic generator v2, seed 20260929",2026-09-28T12:00:00+05:30,"SYNTHETIC demo data (KaushalSetu SIH prototype): fictional entities, team-assumed numbers, not real or official statistics.",true
67be219b-1269-5af2-a29b-e644515caabf,89b7c2df-71bc-5fdc-86e4-9183c5c4b940,b1f6d11f-ed15-5307-a6e5-98f313a3a7fc,COMPLETED,2024-08-09,2024-10-23,Y09,"KaushalSetu synthetic generator v2, seed 20260929",2026-09-28T12:00:00+05:30,"SYNTHETIC demo data (KaushalSetu SIH prototype): fictional entities, team-assumed numbers, not real or official statistics.",true
f1799976-ed72-5c3f-ab04-670b4171e1ba,5836efa3-5ecc-5921-9362-08919667fe72,b1f6d11f-ed15-5307-a6e5-98f313a3a7fc,COMPLETED,2024-10-20,2025-01-06,Y09,"KaushalSetu synthetic generator v2, seed 20260929",2026-09-28T12:00:00+05:30,"SYNTHETIC demo data (KaushalSetu SIH prototype): fictional entities, team-assumed numbers, not real or official statistics.",true
a1c0a13d-5c7c-5649-a7e2-42a9c09b2a80,023e1f14-12aa-557d-b558-d2bbd968a008,b1f6d11f-ed15-5307-a6e5-98f313a3a7fc,COMPLETED,2024-09-08,2024-11-25,Y09,"KaushalSetu synthetic generator v2, seed 20260929",2026-09-28T12:00:00+05:30,"SYNTHETIC demo data (KaushalSetu SIH prototype): fictional entities, team-assumed numbers, not real or official statistics.",true
ca160912-cd0f-557e-b922-e86b6fb73e29,84654f60-a8a7-56f5-b210-6cc231260643,b1f6d11f-ed15-5307-a6e5-98f313a3a7fc,COMPLETED,2025-03-31,2025-06-18,Y09,"KaushalSetu synthetic generator v2, seed 20260929",2026-09-28T12:00:00+05:30,"SYNTHETIC demo data (KaushalSetu SIH prototype): fictional entities, team-assumed numbers, not real or official statistics.",true
9d3d046a-0a3e-51e9-b4a7-4d2bc4844b26,52006940-e7c4-5c6c-b347-704ab3e7eb29,b1f6d11f-ed15-5307-a6e5-98f313a3a7fc,COMPLETED,2024-10-12,2024-12-29,Y09,"KaushalSetu synthetic generator v2, seed 20260929",2026-09-28T12:00:00+05:30,"SYNTHETIC demo data (KaushalSetu SIH prototype): fictional entities, team-assumed numbers, not real or official statistics.",true
606d6ec5-a1e7-5d98-bebc-d56356f56606,3dd573c9-c619-5bbe-8a05-2cd3d36d562b,b1f6d11f-ed15-5307-a6e5-98f313a3a7fc,COMPLETED,2024-08-22,2024-11-06,Y09,"KaushalSetu synthetic generator v2, seed 20260929",2026-09-28T12:00:00+05:30,"SYNTHETIC demo data (KaushalSetu SIH prototype): fictional entities, team-assumed numbers, not real or official statistics.",true
06638865-0251-5cb4-a80d-cae4f3c99f64,ad1305dc-5118-58ef-be59-124140492ef2,b1f6d11f-ed15-5307-a6e5-98f313a3a7fc,COMPLETED,2024-11-02,2025-01-22,Y09,"KaushalSetu synthetic generator v2, seed 20260929",2026-09-28T12:00:00+05:30,"SYNTHETIC demo data (KaushalSetu SIH prototype): fictional entities, team-assumed numbers, not real or official statistics.",true
9e8252a4-c33d-5cdc-a92f-8c78bb0ebd0e,86760cb0-c249-5d75-84a1-b14ce9198cd1,b1f6d11f-ed15-5307-a6e5-98f313a3a7fc,COMPLETED,2024-12-17,2025-03-06,Y09,"KaushalSetu synthetic generator v2, seed 20260929",2026-09-28T12:00:00+05:30,"SYNTHETIC demo data (KaushalSetu SIH prototype): fictional entities, team-assumed numbers, not real or official statistics.",true
159d972d-d76d-54db-bccd-c5e679758147,2e972de7-0b01-5b5b-8e27-3f6db69c4d77,b1f6d11f-ed15-5307-a6e5-98f313a3a7fc,DROPPED,2024-10-05,,Y09,"KaushalSetu synthetic generator v2, seed 20260929",2026-09-28T12:00:00+05:30,"SYNTHETIC demo data (KaushalSetu SIH prototype): fictional entities, team-assumed numbers, not real or official statistics.",true
eea789e9-b911-5635-801b-bc19e4e0e096,30347e74-7551-593e-b8f2-b9e4728f0dad,b1f6d11f-ed15-5307-a6e5-98f313a3a7fc,COMPLETED,2024-08-27,2024-11-11,Y09,"KaushalSetu synthetic generator v2, seed 20260929",2026-09-28T12:00:00+05:30,"SYNTHETIC demo data (KaushalSetu SIH prototype): fictional entities, team-assumed numbers, not real or official statistics.",true
84affe75-004e-5e86-8b74-b341e000c252,43eeae39-895e-53a6-b3b3-24493da474e0,b1f6d11f-ed15-5307-a6e5-98f313a3a7fc,COMPLETED,2025-01-29,2025-04-20,Y09,"KaushalSetu synthetic generator v2, seed 20260929",2026-09-28T12:00:00+05:30,"SYNTHETIC demo data (KaushalSetu SIH prototype): fictional entities, team-assumed numbers, not real or official statistics.",true
ceab9d51-2581-590a-8b69-899d2b54ae28,3272fa0e-e1f5-5be7-9f0c-c1180eff3692,b1f6d11f-ed15-5307-a6e5-98f313a3a7fc,COMPLETED,2024-09-05,2024-11-24,Y09,"KaushalSetu synthetic generator v2, seed 20260929",2026-09-28T12:00:00+05:30,"SYNTHETIC demo data (KaushalSetu SIH prototype): fictional entities, team-assumed numbers, not real or official statistics.",true
ec16471c-89ce-5285-8426-f1727b57a74c,1058999f-27ef-5039-ba96-29eb2f7931c7,b1f6d11f-ed15-5307-a6e5-98f313a3a7fc,COMPLETED,2024-10-27,2025-01-10,Y09,"KaushalSetu synthetic generator v2, seed 20260929",2026-09-28T12:00:00+05:30,"SYNTHETIC demo data (KaushalSetu SIH prototype): fictional entities, team-assumed numbers, not real or official statistics.",true
cb212edb-27c1-56d4-982e-25cde5f35dbe,276cd6ce-34bf-5ccd-9532-aa21baf7753f,b1f6d11f-ed15-5307-a6e5-98f313a3a7fc,COMPLETED,2025-04-07,2025-06-26,Y09,"KaushalSetu synthetic generator v2, seed 20260929",2026-09-28T12:00:00+05:30,"SYNTHETIC demo data (KaushalSetu SIH prototype): fictional entities, team-assumed numbers, not real or official statistics.",true
897cce95-7074-56f3-aee4-f6069ebfd1de,721f0fad-9df4-51df-86e1-dcbb1e39f92f,b1f6d11f-ed15-5307-a6e5-98f313a3a7fc,COMPLETED,2025-03-20,2025-06-06,Y09,"KaushalSetu synthetic generator v2, seed 20260929",2026-09-28T12:00:00+05:30,"SYNTHETIC demo data (KaushalSetu SIH prototype): fictional entities, team-assumed numbers, not real or official statistics.",true
35c302b5-de5d-5c62-83a3-dc9a8091734d,22d21540-cf1b-5f6c-aa3e-d55f628735b7,b1f6d11f-ed15-5307-a6e5-98f313a3a7fc,COMPLETED,2024-12-31,2025-03-18,Y09,"KaushalSetu synthetic generator v2, seed 20260929",2026-09-28T12:00:00+05:30,"SYNTHETIC demo data (KaushalSetu SIH prototype): fictional entities, team-assumed numbers, not real or official statistics.",true
3e92ade9-6b7f-5be3-8431-fda0fb51eab3,319696d8-6e77-599d-ab23-21bc09ffe026,b1f6d11f-ed15-5307-a6e5-98f313a3a7fc,COMPLETED,2024-08-10,2024-10-29,Y09,"KaushalSetu synthetic generator v2, seed 20260929",2026-09-28T12:00:00+05:30,"SYNTHETIC demo data (KaushalSetu SIH prototype): fictional entities, team-assumed numbers, not real or official statistics.",true
6e0a2be1-3ba9-5076-8c9d-ede23d960df3,3980fa82-eea3-5341-a840-ca3a7bdc6615,b1f6d11f-ed15-5307-a6e5-98f313a3a7fc,COMPLETED,2025-03-01,2025-05-17,Y09,"KaushalSetu synthetic generator v2, seed 20260929",2026-09-28T12:00:00+05:30,"SYNTHETIC demo data (KaushalSetu SIH prototype): fictional entities, team-assumed numbers, not real or official statistics.",true
3d50eedb-e62b-58d5-ac88-e0f7f683d0d8,67559b25-c812-5d5f-adb0-226e8649a9ce,b1f6d11f-ed15-5307-a6e5-98f313a3a7fc,COMPLETED,2024-12-13,2025-03-02,Y09,"KaushalSetu synthetic generator v2, seed 20260929",2026-09-28T12:00:00+05:30,"SYNTHETIC demo data (KaushalSetu SIH prototype): fictional entities, team-assumed numbers, not real or official statistics.",true
d73b3da8-1613-5f6b-9959-85bb0b003243,58be12c0-c2e5-52ad-b24f-93a1564f6a91,b1f6d11f-ed15-5307-a6e5-98f313a3a7fc,COMPLETED,2024-09-27,2024-12-12,Y09,"KaushalSetu synthetic generator v2, seed 20260929",2026-09-28T12:00:00+05:30,"SYNTHETIC demo data (KaushalSetu SIH prototype): fictional entities, team-assumed numbers, not real or official statistics.",true
342577f4-bc99-5d86-8973-c07994b0010d,723b08d3-8e49-55db-97c9-8f8e2bcb2260,b1f6d11f-ed15-5307-a6e5-98f313a3a7fc,COMPLETED,2025-05-06,2025-07-25,Y09,"KaushalSetu synthetic generator v2, seed 20260929",2026-09-28T12:00:00+05:30,"SYNTHETIC demo data (KaushalSetu SIH prototype): fictional entities, team-assumed numbers, not real or official statistics.",true
331f2992-f4e7-5557-983e-7c9282b8c6f1,99a52a57-1be3-59d6-beff-3db7e8668ee5,b1f6d11f-ed15-5307-a6e5-98f313a3a7fc,COMPLETED,2024-09-22,2024-12-07,Y09,"KaushalSetu synthetic generator v2, seed 20260929",2026-09-28T12:00:00+05:30,"SYNTHETIC demo data (KaushalSetu SIH prototype): fictional entities, team-assumed numbers, not real or official statistics.",true
4bf70c2a-e9d2-595c-ae5b-efff4c931597,654d7cdb-ffb7-5be1-aff4-c70445c78438,b1f6d11f-ed15-5307-a6e5-98f313a3a7fc,COMPLETED,2024-10-31,2025-01-18,Y09,"KaushalSetu synthetic generator v2, seed 20260929",2026-09-28T12:00:00+05:30,"SYNTHETIC demo data (KaushalSetu SIH prototype): fictional entities, team-assumed numbers, not real or official statistics.",true
bf657afb-3cda-575c-a870-5c8de5383d56,370994f7-2eb1-5d8a-b7ea-f56d5569a6f5,b1f6d11f-ed15-5307-a6e5-98f313a3a7fc,COMPLETED,2024-08-31,2024-11-15,Y09,"KaushalSetu synthetic generator v2, seed 20260929",2026-09-28T12:00:00+05:30,"SYNTHETIC demo data (KaushalSetu SIH prototype): fictional entities, team-assumed numbers, not real or official statistics.",true
d5f0f252-eb16-59f6-a78a-9d8af076d51d,b1aae340-0d1a-5c9a-8bbd-128d98725953,b1f6d11f-ed15-5307-a6e5-98f313a3a7fc,COMPLETED,2025-02-20,2025-05-07,Y09,"KaushalSetu synthetic generator v2, seed 20260929",2026-09-28T12:00:00+05:30,"SYNTHETIC demo data (KaushalSetu SIH prototype): fictional entities, team-assumed numbers, not real or official statistics.",true
6d28fae2-e9e0-55d8-9379-c06249211f01,d885c4f3-c7ed-54d8-bcb1-fecdc43a4684,b1f6d11f-ed15-5307-a6e5-98f313a3a7fc,COMPLETED,2025-04-01,2025-06-15,Y09,"KaushalSetu synthetic generator v2, seed 20260929",2026-09-28T12:00:00+05:30,"SYNTHETIC demo data (KaushalSetu SIH prototype): fictional entities, team-assumed numbers, not real or official statistics.",true
736295c1-0b55-5a1c-b77c-c084adde6ce9,368b5bdd-5bdb-5894-84f1-4a0745a24b08,b1f6d11f-ed15-5307-a6e5-98f313a3a7fc,COMPLETED,2025-03-26,2025-06-13,Y09,"KaushalSetu synthetic generator v2, seed 20260929",2026-09-28T12:00:00+05:30,"SYNTHETIC demo data (KaushalSetu SIH prototype): fictional entities, team-assumed numbers, not real or official statistics.",true
613d5354-48f5-57de-a589-0f97d6f8225a,b6aac96e-7533-5b08-84be-f9c8be0e6635,b1f6d11f-ed15-5307-a6e5-98f313a3a7fc,COMPLETED,2024-09-29,2024-12-18,Y09,"KaushalSetu synthetic generator v2, seed 20260929",2026-09-28T12:00:00+05:30,"SYNTHETIC demo data (KaushalSetu SIH prototype): fictional entities, team-assumed numbers, not real or official statistics.",true
2f4ff442-c526-5bda-b47f-c20db9ee3027,fa596a45-3984-507d-9c36-890dfa1459a4,b1f6d11f-ed15-5307-a6e5-98f313a3a7fc,COMPLETED,2024-10-06,2024-12-22,Y09,"KaushalSetu synthetic generator v2, seed 20260929",2026-09-28T12:00:00+05:30,"SYNTHETIC demo data (KaushalSetu SIH prototype): fictional entities, team-assumed numbers, not real or official statistics.",true
9158623a-b183-5ec1-adc0-5f8cc55a44c4,2c673ebd-c6ff-5970-a91f-987a3ff51f47,b1f6d11f-ed15-5307-a6e5-98f313a3a7fc,COMPLETED,2024-11-21,2025-02-04,Y09,"KaushalSetu synthetic generator v2, seed 20260929",2026-09-28T12:00:00+05:30,"SYNTHETIC demo data (KaushalSetu SIH prototype): fictional entities, team-assumed numbers, not real or official statistics.",true
1a24464b-7dbb-5e9c-b4b0-1e4f9578da7f,a60192ce-ddd9-5a1c-8fee-e5023b2fe0aa,b1f6d11f-ed15-5307-a6e5-98f313a3a7fc,COMPLETED,2025-03-10,2025-05-27,Y09,"KaushalSetu synthetic generator v2, seed 20260929",2026-09-28T12:00:00+05:30,"SYNTHETIC demo data (KaushalSetu SIH prototype): fictional entities, team-assumed numbers, not real or official statistics.",true
078c3400-f889-5a7c-bd7e-68da5528f552,c26ffe9d-5cd5-5703-a111-d177ca136300,b1f6d11f-ed15-5307-a6e5-98f313a3a7fc,COMPLETED,2024-09-03,2024-11-24,Y09,"KaushalSetu synthetic generator v2, seed 20260929",2026-09-28T12:00:00+05:30,"SYNTHETIC demo data (KaushalSetu SIH prototype): fictional entities, team-assumed numbers, not real or official statistics.",true
e1f20bf5-a191-5484-bbb4-0f3ee080fb39,3b8cdbe1-fcfd-56f3-a6f4-051c9daa5c28,b1f6d11f-ed15-5307-a6e5-98f313a3a7fc,COMPLETED,2024-08-20,2024-11-09,Y09,"KaushalSetu synthetic generator v2, seed 20260929",2026-09-28T12:00:00+05:30,"SYNTHETIC demo data (KaushalSetu SIH prototype): fictional entities, team-assumed numbers, not real or official statistics.",true
a08eafc7-fcb2-5f50-b217-e5bf684bd13d,9c79f199-aded-5d84-a7f5-38b1c64f505f,b1f6d11f-ed15-5307-a6e5-98f313a3a7fc,COMPLETED,2025-03-14,2025-06-02,Y09,"KaushalSetu synthetic generator v2, seed 20260929",2026-09-28T12:00:00+05:30,"SYNTHETIC demo data (KaushalSetu SIH prototype): fictional entities, team-assumed numbers, not real or official statistics.",true
aadc01b0-6978-5edd-8139-6c709eb471db,aa7d6781-2bca-55c9-bd1c-a162b98cd648,b1f6d11f-ed15-5307-a6e5-98f313a3a7fc,DROPPED,2024-10-15,,Y09,"KaushalSetu synthetic generator v2, seed 20260929",2026-09-28T12:00:00+05:30,"SYNTHETIC demo data (KaushalSetu SIH prototype): fictional entities, team-assumed numbers, not real or official statistics.",true
7a8eb635-f03c-5cdf-8161-3e856295d198,89720ddb-4fab-5437-8ef1-23d65d0beca4,b1f6d11f-ed15-5307-a6e5-98f313a3a7fc,COMPLETED,2025-04-05,2025-06-21,Y09,"KaushalSetu synthetic generator v2, seed 20260929",2026-09-28T12:00:00+05:30,"SYNTHETIC demo data (KaushalSetu SIH prototype): fictional entities, team-assumed numbers, not real or official statistics.",true
9672ae9b-e3aa-591d-8b0d-5dae925d3522,950e03e7-bc80-51e8-a637-09b1cb2e243d,b1f6d11f-ed15-5307-a6e5-98f313a3a7fc,COMPLETED,2024-10-19,2025-01-09,Y09,"KaushalSetu synthetic generator v2, seed 20260929",2026-09-28T12:00:00+05:30,"SYNTHETIC demo data (KaushalSetu SIH prototype): fictional entities, team-assumed numbers, not real or official statistics.",true
46517d3b-78b4-5a9e-9a79-7b37ff0319d0,fb2b4dcb-dedd-5ba3-809f-47493114643e,b1f6d11f-ed15-5307-a6e5-98f313a3a7fc,COMPLETED,2024-11-04,2025-01-21,Y09,"KaushalSetu synthetic generator v2, seed 20260929",2026-09-28T12:00:00+05:30,"SYNTHETIC demo data (KaushalSetu SIH prototype): fictional entities, team-assumed numbers, not real or official statistics.",true
509d7dfd-febd-54d3-a8de-baf43924f341,b4348ad2-78c0-5502-b6f9-1886f303604a,3fa1699b-0b59-564e-b468-f0133d7a4868,COMPLETED,2026-02-14,2026-05-06,Y09,"KaushalSetu synthetic generator v2, seed 20260929",2026-09-28T12:00:00+05:30,"SYNTHETIC demo data (KaushalSetu SIH prototype): fictional entities, team-assumed numbers, not real or official statistics.",true
66414530-8724-54f6-af9b-4fbf1faccd06,99c0bc50-e99b-5941-a332-714425defb7e,3fa1699b-0b59-564e-b468-f0133d7a4868,DROPPED,2026-04-08,,Y09,"KaushalSetu synthetic generator v2, seed 20260929",2026-09-28T12:00:00+05:30,"SYNTHETIC demo data (KaushalSetu SIH prototype): fictional entities, team-assumed numbers, not real or official statistics.",true
2bd5c2be-adbf-52f6-9dc7-863c79090fc4,9c5d044a-9bf4-5242-8b1f-b58d7839ed68,3fa1699b-0b59-564e-b468-f0133d7a4868,COMPLETED,2026-04-15,2026-07-03,Y09,"KaushalSetu synthetic generator v2, seed 20260929",2026-09-28T12:00:00+05:30,"SYNTHETIC demo data (KaushalSetu SIH prototype): fictional entities, team-assumed numbers, not real or official statistics.",true
ce509cac-5a28-5532-96e2-03c1e208d3ca,89ca2698-d2a0-54ca-a858-d50658bd7a23,3fa1699b-0b59-564e-b468-f0133d7a4868,DROPPED,2025-10-23,,Y09,"KaushalSetu synthetic generator v2, seed 20260929",2026-09-28T12:00:00+05:30,"SYNTHETIC demo data (KaushalSetu SIH prototype): fictional entities, team-assumed numbers, not real or official statistics.",true
d6c36156-9a33-55fc-9686-16057e5b73ed,aba08d00-e164-5f67-a821-77dd6f2fefa5,3fa1699b-0b59-564e-b468-f0133d7a4868,COMPLETED,2025-09-13,2025-12-01,Y09,"KaushalSetu synthetic generator v2, seed 20260929",2026-09-28T12:00:00+05:30,"SYNTHETIC demo data (KaushalSetu SIH prototype): fictional entities, team-assumed numbers, not real or official statistics.",true
b425eb1c-0409-5e34-8fd6-8414f8d04a35,df893ea5-ea82-5502-9690-1e4a7d0a3310,3fa1699b-0b59-564e-b468-f0133d7a4868,COMPLETED,2025-11-01,2026-01-20,Y09,"KaushalSetu synthetic generator v2, seed 20260929",2026-09-28T12:00:00+05:30,"SYNTHETIC demo data (KaushalSetu SIH prototype): fictional entities, team-assumed numbers, not real or official statistics.",true
36e0c2ac-847e-5067-9d1b-cd2b659f261e,67a4b248-6e10-5021-a1f7-9d8e565d2a06,3fa1699b-0b59-564e-b468-f0133d7a4868,COMPLETED,2026-04-29,2026-07-14,Y09,"KaushalSetu synthetic generator v2, seed 20260929",2026-09-28T12:00:00+05:30,"SYNTHETIC demo data (KaushalSetu SIH prototype): fictional entities, team-assumed numbers, not real or official statistics.",true
5726c0eb-69c8-57ea-823f-d845f37729d9,87ebd9d7-3ae5-53bd-81a3-136a6f138677,3fa1699b-0b59-564e-b468-f0133d7a4868,COMPLETED,2026-04-10,2026-06-28,Y09,"KaushalSetu synthetic generator v2, seed 20260929",2026-09-28T12:00:00+05:30,"SYNTHETIC demo data (KaushalSetu SIH prototype): fictional entities, team-assumed numbers, not real or official statistics.",true
02c2ee7b-e905-5ada-9171-ef4d8b67db6d,b6bb9704-3854-529b-b242-c3b1b8724eee,3fa1699b-0b59-564e-b468-f0133d7a4868,DROPPED,2026-03-08,,Y09,"KaushalSetu synthetic generator v2, seed 20260929",2026-09-28T12:00:00+05:30,"SYNTHETIC demo data (KaushalSetu SIH prototype): fictional entities, team-assumed numbers, not real or official statistics.",true
dceebf55-2778-5f40-be2e-c566c491028a,eddbf139-c6cf-5423-b7f4-faaf29405e7b,3fa1699b-0b59-564e-b468-f0133d7a4868,COMPLETED,2026-04-08,2026-06-24,Y09,"KaushalSetu synthetic generator v2, seed 20260929",2026-09-28T12:00:00+05:30,"SYNTHETIC demo data (KaushalSetu SIH prototype): fictional entities, team-assumed numbers, not real or official statistics.",true
e94e3dd6-0f11-5a85-858e-dcde6e29ee0a,403fba8a-d364-5d2a-8769-1657bef281cf,3fa1699b-0b59-564e-b468-f0133d7a4868,COMPLETED,2026-04-27,2026-07-15,Y09,"KaushalSetu synthetic generator v2, seed 20260929",2026-09-28T12:00:00+05:30,"SYNTHETIC demo data (KaushalSetu SIH prototype): fictional entities, team-assumed numbers, not real or official statistics.",true
f4709fab-4a3e-53ff-80d5-55dc8375d49f,4ac2cec9-7bbd-5e5f-bf55-72d7f896f36e,3fa1699b-0b59-564e-b468-f0133d7a4868,COMPLETED,2026-03-21,2026-06-06,Y09,"KaushalSetu synthetic generator v2, seed 20260929",2026-09-28T12:00:00+05:30,"SYNTHETIC demo data (KaushalSetu SIH prototype): fictional entities, team-assumed numbers, not real or official statistics.",true
f2a2f05b-57d1-5b8c-b1af-ca752fe3dd22,b525b185-6fdd-580f-95ff-c00d0a2a757b,3fa1699b-0b59-564e-b468-f0133d7a4868,COMPLETED,2026-01-29,2026-04-21,Y09,"KaushalSetu synthetic generator v2, seed 20260929",2026-09-28T12:00:00+05:30,"SYNTHETIC demo data (KaushalSetu SIH prototype): fictional entities, team-assumed numbers, not real or official statistics.",true
e0040c51-516c-5347-90c0-5d9551eee504,21b35677-c93f-5ce7-9d68-bd8b8293f1d9,3fa1699b-0b59-564e-b468-f0133d7a4868,COMPLETED,2025-09-30,2025-12-19,Y09,"KaushalSetu synthetic generator v2, seed 20260929",2026-09-28T12:00:00+05:30,"SYNTHETIC demo data (KaushalSetu SIH prototype): fictional entities, team-assumed numbers, not real or official statistics.",true
aa7e15f6-dc5b-566b-854c-7ac31d51e146,8b876ce9-1326-5888-ae32-41e8296b7528,3fa1699b-0b59-564e-b468-f0133d7a4868,COMPLETED,2025-11-08,2026-01-22,Y09,"KaushalSetu synthetic generator v2, seed 20260929",2026-09-28T12:00:00+05:30,"SYNTHETIC demo data (KaushalSetu SIH prototype): fictional entities, team-assumed numbers, not real or official statistics.",true
95fc6ee6-e3a6-55c2-b19f-c60a56fe073c,225dc70d-d268-5d6e-a48e-31a4840ed012,3fa1699b-0b59-564e-b468-f0133d7a4868,COMPLETED,2026-02-24,2026-05-11,Y09,"KaushalSetu synthetic generator v2, seed 20260929",2026-09-28T12:00:00+05:30,"SYNTHETIC demo data (KaushalSetu SIH prototype): fictional entities, team-assumed numbers, not real or official statistics.",true
3324968a-6ce3-5852-965b-f3ac5b76c999,492f2abd-b9c5-5d10-b4c9-b82e64ae13f9,3fa1699b-0b59-564e-b468-f0133d7a4868,COMPLETED,2025-09-16,2025-12-02,Y09,"KaushalSetu synthetic generator v2, seed 20260929",2026-09-28T12:00:00+05:30,"SYNTHETIC demo data (KaushalSetu SIH prototype): fictional entities, team-assumed numbers, not real or official statistics.",true
25c1657c-5e36-5a48-b1db-54e12a782c10,e51aa51c-153b-584b-8cf1-f33581279b54,3fa1699b-0b59-564e-b468-f0133d7a4868,COMPLETED,2026-02-08,2026-04-27,Y09,"KaushalSetu synthetic generator v2, seed 20260929",2026-09-28T12:00:00+05:30,"SYNTHETIC demo data (KaushalSetu SIH prototype): fictional entities, team-assumed numbers, not real or official statistics.",true
c73ef69b-720c-5ce3-b3f1-5df1c69cb1b6,8ffe949e-104b-533e-af5c-5858c032005e,3fa1699b-0b59-564e-b468-f0133d7a4868,COMPLETED,2025-08-17,2025-11-07,Y09,"KaushalSetu synthetic generator v2, seed 20260929",2026-09-28T12:00:00+05:30,"SYNTHETIC demo data (KaushalSetu SIH prototype): fictional entities, team-assumed numbers, not real or official statistics.",true
4b29de90-8222-5136-960d-602513c4c374,79086228-a84b-539c-8199-333d02e10979,3fa1699b-0b59-564e-b468-f0133d7a4868,COMPLETED,2026-04-18,2026-07-04,Y09,"KaushalSetu synthetic generator v2, seed 20260929",2026-09-28T12:00:00+05:30,"SYNTHETIC demo data (KaushalSetu SIH prototype): fictional entities, team-assumed numbers, not real or official statistics.",true
57a55f1a-32a8-54aa-9451-a9ea7385619f,f97b81f8-84f2-5dd0-8336-d14246706c2d,3fa1699b-0b59-564e-b468-f0133d7a4868,COMPLETED,2025-08-20,2025-11-10,Y09,"KaushalSetu synthetic generator v2, seed 20260929",2026-09-28T12:00:00+05:30,"SYNTHETIC demo data (KaushalSetu SIH prototype): fictional entities, team-assumed numbers, not real or official statistics.",true
1269fdd7-5e6d-51a0-bca6-c0214ae21f88,33ccb7fe-2c58-520f-9af0-031691d73a10,3fa1699b-0b59-564e-b468-f0133d7a4868,COMPLETED,2026-03-23,2026-06-10,Y09,"KaushalSetu synthetic generator v2, seed 20260929",2026-09-28T12:00:00+05:30,"SYNTHETIC demo data (KaushalSetu SIH prototype): fictional entities, team-assumed numbers, not real or official statistics.",true
fa087190-cc8a-592a-b1d3-8f9ba82ed94b,56060ae3-03d5-5385-8620-c3281c5e27fb,3fa1699b-0b59-564e-b468-f0133d7a4868,COMPLETED,2026-01-16,2026-04-01,Y09,"KaushalSetu synthetic generator v2, seed 20260929",2026-09-28T12:00:00+05:30,"SYNTHETIC demo data (KaushalSetu SIH prototype): fictional entities, team-assumed numbers, not real or official statistics.",true
79d1d8b6-7118-5f43-b28c-eb2ca0825be6,545a29f1-90e5-59b8-8f5f-1131a20114e6,3fa1699b-0b59-564e-b468-f0133d7a4868,COMPLETED,2025-10-15,2026-01-03,Y09,"KaushalSetu synthetic generator v2, seed 20260929",2026-09-28T12:00:00+05:30,"SYNTHETIC demo data (KaushalSetu SIH prototype): fictional entities, team-assumed numbers, not real or official statistics.",true
29cae3a5-8a93-559a-993e-61e7a6e6f8d5,3d197a03-b9fe-5c51-ba6a-bb31a0340d99,3fa1699b-0b59-564e-b468-f0133d7a4868,COMPLETED,2026-02-15,2026-05-03,Y09,"KaushalSetu synthetic generator v2, seed 20260929",2026-09-28T12:00:00+05:30,"SYNTHETIC demo data (KaushalSetu SIH prototype): fictional entities, team-assumed numbers, not real or official statistics.",true
2ed840a6-c07f-5884-8e43-8ff844e254b7,69b08d54-2ed5-51ee-873d-87a11116b181,3fa1699b-0b59-564e-b468-f0133d7a4868,COMPLETED,2026-03-06,2026-05-24,Y09,"KaushalSetu synthetic generator v2, seed 20260929",2026-09-28T12:00:00+05:30,"SYNTHETIC demo data (KaushalSetu SIH prototype): fictional entities, team-assumed numbers, not real or official statistics.",true
3396fbd2-a59a-5583-b661-4e54c5091416,c524c613-6fe0-5822-be21-d0afc1e11a2c,3fa1699b-0b59-564e-b468-f0133d7a4868,DROPPED,2025-10-21,,Y09,"KaushalSetu synthetic generator v2, seed 20260929",2026-09-28T12:00:00+05:30,"SYNTHETIC demo data (KaushalSetu SIH prototype): fictional entities, team-assumed numbers, not real or official statistics.",true
7a34715f-96c1-5d32-ace1-f28dabad334b,da1c2c46-24b5-55e3-bc4b-e39b67ce81aa,3fa1699b-0b59-564e-b468-f0133d7a4868,COMPLETED,2026-04-09,2026-06-29,Y09,"KaushalSetu synthetic generator v2, seed 20260929",2026-09-28T12:00:00+05:30,"SYNTHETIC demo data (KaushalSetu SIH prototype): fictional entities, team-assumed numbers, not real or official statistics.",true
1d47fd93-8d1e-5884-9b3b-530a860319cb,02585771-e50f-582e-91f1-cdb5f2ae3097,3fa1699b-0b59-564e-b468-f0133d7a4868,COMPLETED,2026-02-08,2026-04-24,Y09,"KaushalSetu synthetic generator v2, seed 20260929",2026-09-28T12:00:00+05:30,"SYNTHETIC demo data (KaushalSetu SIH prototype): fictional entities, team-assumed numbers, not real or official statistics.",true
ca70ee42-602e-56a0-b6b5-738cf034565d,6a376b80-9ae8-5875-8132-02f5d8ce64b9,3fa1699b-0b59-564e-b468-f0133d7a4868,COMPLETED,2025-08-12,2025-11-01,Y09,"KaushalSetu synthetic generator v2, seed 20260929",2026-09-28T12:00:00+05:30,"SYNTHETIC demo data (KaushalSetu SIH prototype): fictional entities, team-assumed numbers, not real or official statistics.",true
08214b57-e24f-535d-bd3d-02feaeaa3b48,8082a702-8622-59a2-a4fe-064b680db7cc,3fa1699b-0b59-564e-b468-f0133d7a4868,COMPLETED,2026-01-04,2026-03-26,Y09,"KaushalSetu synthetic generator v2, seed 20260929",2026-09-28T12:00:00+05:30,"SYNTHETIC demo data (KaushalSetu SIH prototype): fictional entities, team-assumed numbers, not real or official statistics.",true
b0803342-9701-5aa7-8243-e192c6c424f9,01311b37-f9b3-5236-935f-4c455c106c52,3fa1699b-0b59-564e-b468-f0133d7a4868,COMPLETED,2026-04-02,2026-06-23,Y09,"KaushalSetu synthetic generator v2, seed 20260929",2026-09-28T12:00:00+05:30,"SYNTHETIC demo data (KaushalSetu SIH prototype): fictional entities, team-assumed numbers, not real or official statistics.",true
2ed30147-ff03-534d-9339-bb0e3a763fa2,7b7bb65e-457f-54c1-a27b-bf5b2a184529,3fa1699b-0b59-564e-b468-f0133d7a4868,COMPLETED,2026-03-09,2026-05-23,Y09,"KaushalSetu synthetic generator v2, seed 20260929",2026-09-28T12:00:00+05:30,"SYNTHETIC demo data (KaushalSetu SIH prototype): fictional entities, team-assumed numbers, not real or official statistics.",true
ac1d0796-fa0c-5e5d-9685-ad9929a972cd,b7e447d6-5032-5c1a-b23c-bef1e98e7687,3fa1699b-0b59-564e-b468-f0133d7a4868,COMPLETED,2026-03-14,2026-06-01,Y09,"KaushalSetu synthetic generator v2, seed 20260929",2026-09-28T12:00:00+05:30,"SYNTHETIC demo data (KaushalSetu SIH prototype): fictional entities, team-assumed numbers, not real or official statistics.",true
5ec6c34c-a0eb-533f-82e3-d4fca17f2a10,ffcb229d-687f-5b1a-a101-835006f9fd00,3fa1699b-0b59-564e-b468-f0133d7a4868,COMPLETED,2025-08-27,2025-11-12,Y09,"KaushalSetu synthetic generator v2, seed 20260929",2026-09-28T12:00:00+05:30,"SYNTHETIC demo data (KaushalSetu SIH prototype): fictional entities, team-assumed numbers, not real or official statistics.",true
828f5648-fea8-5f14-8edf-10c1f4b481ee,be3f5b96-e7f1-501c-9a36-56f61f46149a,3fa1699b-0b59-564e-b468-f0133d7a4868,COMPLETED,2026-01-02,2026-03-20,Y09,"KaushalSetu synthetic generator v2, seed 20260929",2026-09-28T12:00:00+05:30,"SYNTHETIC demo data (KaushalSetu SIH prototype): fictional entities, team-assumed numbers, not real or official statistics.",true
333ffd87-d539-5869-ada9-9c25f4483746,7ec075d5-9dab-5abe-8f30-bad8374a94cd,3fa1699b-0b59-564e-b468-f0133d7a4868,COMPLETED,2026-05-02,2026-07-21,Y09,"KaushalSetu synthetic generator v2, seed 20260929",2026-09-28T12:00:00+05:30,"SYNTHETIC demo data (KaushalSetu SIH prototype): fictional entities, team-assumed numbers, not real or official statistics.",true
d1537666-f6de-5568-a89f-339f56c111bf,8aee05f1-0535-5d9e-8eca-fcd4615a3030,3fa1699b-0b59-564e-b468-f0133d7a4868,COMPLETED,2026-04-09,2026-06-30,Y09,"KaushalSetu synthetic generator v2, seed 20260929",2026-09-28T12:00:00+05:30,"SYNTHETIC demo data (KaushalSetu SIH prototype): fictional entities, team-assumed numbers, not real or official statistics.",true
c2ba68d2-1138-5d93-99b5-a5212bac5879,6ae2ac10-3457-5984-a012-69711d6ca93b,3fa1699b-0b59-564e-b468-f0133d7a4868,COMPLETED,2026-05-06,2026-07-27,Y09,"KaushalSetu synthetic generator v2, seed 20260929",2026-09-28T12:00:00+05:30,"SYNTHETIC demo data (KaushalSetu SIH prototype): fictional entities, team-assumed numbers, not real or official statistics.",true
c39fa93f-c60d-5d56-98f2-1caebeb0dcf2,06931cc5-e3c4-5740-82fb-bd29db2e0931,3fa1699b-0b59-564e-b468-f0133d7a4868,COMPLETED,2025-08-22,2025-11-10,Y09,"KaushalSetu synthetic generator v2, seed 20260929",2026-09-28T12:00:00+05:30,"SYNTHETIC demo data (KaushalSetu SIH prototype): fictional entities, team-assumed numbers, not real or official statistics.",true
3b8c84cc-41ac-588b-b049-321f42c1f3ca,38369907-5579-5bb9-9da8-5037a4e8007a,3fa1699b-0b59-564e-b468-f0133d7a4868,COMPLETED,2025-10-27,2026-01-14,Y09,"KaushalSetu synthetic generator v2, seed 20260929",2026-09-28T12:00:00+05:30,"SYNTHETIC demo data (KaushalSetu SIH prototype): fictional entities, team-assumed numbers, not real or official statistics.",true
bff7c8af-a225-5fea-96b4-ba85b7a233ca,0ac48fda-719e-55ed-95e7-fe39ff322bd8,3fa1699b-0b59-564e-b468-f0133d7a4868,COMPLETED,2026-04-15,2026-07-02,Y09,"KaushalSetu synthetic generator v2, seed 20260929",2026-09-28T12:00:00+05:30,"SYNTHETIC demo data (KaushalSetu SIH prototype): fictional entities, team-assumed numbers, not real or official statistics.",true
ea1a026c-24c0-52c2-a83d-f1ffe5381347,fac2245f-e183-5b85-ab0b-7f60a65b118d,3fa1699b-0b59-564e-b468-f0133d7a4868,COMPLETED,2025-10-19,2026-01-05,Y09,"KaushalSetu synthetic generator v2, seed 20260929",2026-09-28T12:00:00+05:30,"SYNTHETIC demo data (KaushalSetu SIH prototype): fictional entities, team-assumed numbers, not real or official statistics.",true
ec831e7e-5bed-5923-b553-d83d7e5162ee,d6d2cbf0-8a6a-513e-848b-f3620d9f0581,3fa1699b-0b59-564e-b468-f0133d7a4868,COMPLETED,2025-10-02,2025-12-19,Y09,"KaushalSetu synthetic generator v2, seed 20260929",2026-09-28T12:00:00+05:30,"SYNTHETIC demo data (KaushalSetu SIH prototype): fictional entities, team-assumed numbers, not real or official statistics.",true
54e6aeb1-8b95-524d-848d-77ef124c7b8d,bd8ff205-b43d-5ed3-b971-fe9fb0544f64,3fa1699b-0b59-564e-b468-f0133d7a4868,COMPLETED,2025-08-14,2025-11-03,Y09,"KaushalSetu synthetic generator v2, seed 20260929",2026-09-28T12:00:00+05:30,"SYNTHETIC demo data (KaushalSetu SIH prototype): fictional entities, team-assumed numbers, not real or official statistics.",true
34309559-8a51-5dea-88d7-50726a3f0696,28e6bd1a-e6c2-5e1d-a352-682410d2958d,3fa1699b-0b59-564e-b468-f0133d7a4868,COMPLETED,2026-03-08,2026-05-29,Y09,"KaushalSetu synthetic generator v2, seed 20260929",2026-09-28T12:00:00+05:30,"SYNTHETIC demo data (KaushalSetu SIH prototype): fictional entities, team-assumed numbers, not real or official statistics.",true
9a11f31c-9514-5502-9456-efc9db9defdd,31dae847-4074-5b31-ac70-809f0a0d9cb7,3fa1699b-0b59-564e-b468-f0133d7a4868,COMPLETED,2025-08-30,2025-11-17,Y09,"KaushalSetu synthetic generator v2, seed 20260929",2026-09-28T12:00:00+05:30,"SYNTHETIC demo data (KaushalSetu SIH prototype): fictional entities, team-assumed numbers, not real or official statistics.",true
383806e9-2beb-5d02-a589-b86d1adb89e0,7d56a868-bcec-5e82-a53b-7fe317da44cf,3fa1699b-0b59-564e-b468-f0133d7a4868,DROPPED,2025-12-22,,Y09,"KaushalSetu synthetic generator v2, seed 20260929",2026-09-28T12:00:00+05:30,"SYNTHETIC demo data (KaushalSetu SIH prototype): fictional entities, team-assumed numbers, not real or official statistics.",true
5ba60f46-1580-50be-9d81-a0e8aa1ba666,e0148b44-a725-5adf-a9b8-709f122a4a7c,3fa1699b-0b59-564e-b468-f0133d7a4868,COMPLETED,2026-03-10,2026-05-29,Y09,"KaushalSetu synthetic generator v2, seed 20260929",2026-09-28T12:00:00+05:30,"SYNTHETIC demo data (KaushalSetu SIH prototype): fictional entities, team-assumed numbers, not real or official statistics.",true
0c68ac93-1dd5-58e0-a158-68cf2a8985bd,7b0728df-3b67-5d5d-8196-4298e058421a,3fa1699b-0b59-564e-b468-f0133d7a4868,COMPLETED,2026-01-22,2026-04-10,Y09,"KaushalSetu synthetic generator v2, seed 20260929",2026-09-28T12:00:00+05:30,"SYNTHETIC demo data (KaushalSetu SIH prototype): fictional entities, team-assumed numbers, not real or official statistics.",true
59013912-9e83-5ac4-9b74-b9adf24f4a25,5a5c1a86-7e2f-5ec5-9c69-2ba76129932e,3fa1699b-0b59-564e-b468-f0133d7a4868,COMPLETED,2025-11-14,2026-01-28,Y09,"KaushalSetu synthetic generator v2, seed 20260929",2026-09-28T12:00:00+05:30,"SYNTHETIC demo data (KaushalSetu SIH prototype): fictional entities, team-assumed numbers, not real or official statistics.",true
f3141c95-c2d1-56e5-aaf6-0e627f927d67,8a9bb801-6552-54cd-85e1-7489ae6586b1,3fa1699b-0b59-564e-b468-f0133d7a4868,COMPLETED,2025-12-01,2026-02-18,Y09,"KaushalSetu synthetic generator v2, seed 20260929",2026-09-28T12:00:00+05:30,"SYNTHETIC demo data (KaushalSetu SIH prototype): fictional entities, team-assumed numbers, not real or official statistics.",true
2c66aac2-5e83-5b8c-82ed-7d8fdf07f061,1469ea79-5605-57e3-8b4c-2bf2fed7b6ef,3fa1699b-0b59-564e-b468-f0133d7a4868,COMPLETED,2025-09-12,2025-11-28,Y09,"KaushalSetu synthetic generator v2, seed 20260929",2026-09-28T12:00:00+05:30,"SYNTHETIC demo data (KaushalSetu SIH prototype): fictional entities, team-assumed numbers, not real or official statistics.",true
d190d3f3-38d0-5af0-9e62-6b7535dea131,c173129f-d685-5167-a52d-f0a1f1b0fa88,3fa1699b-0b59-564e-b468-f0133d7a4868,COMPLETED,2025-10-02,2025-12-23,Y09,"KaushalSetu synthetic generator v2, seed 20260929",2026-09-28T12:00:00+05:30,"SYNTHETIC demo data (KaushalSetu SIH prototype): fictional entities, team-assumed numbers, not real or official statistics.",true
8724ee46-9813-59c1-a027-48703011ee3e,7157b983-8b11-59b7-bb50-d01d0dd0ecf0,3fa1699b-0b59-564e-b468-f0133d7a4868,COMPLETED,2026-03-12,2026-05-29,Y09,"KaushalSetu synthetic generator v2, seed 20260929",2026-09-28T12:00:00+05:30,"SYNTHETIC demo data (KaushalSetu SIH prototype): fictional entities, team-assumed numbers, not real or official statistics.",true
3e6cde29-c7b8-5a91-8b7c-2aa2ac42217a,946c17a1-70c0-58bc-8653-82888ab6cb48,ca5e70d7-d941-5d1e-bdd6-b3ecb4cacdeb,COMPLETED,2023-08-05,2025-07-16,Y09,"KaushalSetu synthetic generator v2, seed 20260929",2026-09-28T12:00:00+05:30,"SYNTHETIC demo data (KaushalSetu SIH prototype): fictional entities, team-assumed numbers, not real or official statistics.",true
dca95f69-6ee5-5378-b0bd-e34ad2f13597,5748c568-e422-5943-b059-5ebcc8018687,ca5e70d7-d941-5d1e-bdd6-b3ecb4cacdeb,COMPLETED,2023-08-08,2025-07-22,Y09,"KaushalSetu synthetic generator v2, seed 20260929",2026-09-28T12:00:00+05:30,"SYNTHETIC demo data (KaushalSetu SIH prototype): fictional entities, team-assumed numbers, not real or official statistics.",true
21b449d3-7c89-54b4-af85-d9a9f57ad37c,caba47f6-2737-564b-93d9-3250819a0580,ca5e70d7-d941-5d1e-bdd6-b3ecb4cacdeb,COMPLETED,2023-08-08,2025-07-27,Y09,"KaushalSetu synthetic generator v2, seed 20260929",2026-09-28T12:00:00+05:30,"SYNTHETIC demo data (KaushalSetu SIH prototype): fictional entities, team-assumed numbers, not real or official statistics.",true
04eb018e-7dcc-5890-a97c-a56f06d96978,25f81b20-54e4-5deb-a39d-6ab970f47821,ca5e70d7-d941-5d1e-bdd6-b3ecb4cacdeb,COMPLETED,2023-08-14,2025-07-18,Y09,"KaushalSetu synthetic generator v2, seed 20260929",2026-09-28T12:00:00+05:30,"SYNTHETIC demo data (KaushalSetu SIH prototype): fictional entities, team-assumed numbers, not real or official statistics.",true
c1ab25f4-3f91-5c77-8ec5-264b78662187,9a4a4d67-86e8-508b-814d-a4639e964cf7,ca5e70d7-d941-5d1e-bdd6-b3ecb4cacdeb,COMPLETED,2023-08-29,2025-07-15,Y09,"KaushalSetu synthetic generator v2, seed 20260929",2026-09-28T12:00:00+05:30,"SYNTHETIC demo data (KaushalSetu SIH prototype): fictional entities, team-assumed numbers, not real or official statistics.",true
23540b06-5916-54ec-a8be-f2627d1a2f98,3f219d63-e9c1-53db-99d1-99d058049e62,ca5e70d7-d941-5d1e-bdd6-b3ecb4cacdeb,COMPLETED,2023-08-29,2025-07-22,Y09,"KaushalSetu synthetic generator v2, seed 20260929",2026-09-28T12:00:00+05:30,"SYNTHETIC demo data (KaushalSetu SIH prototype): fictional entities, team-assumed numbers, not real or official statistics.",true
f18d8998-19fb-5d08-b55a-d685b5205db7,2502ad2f-7fbf-51a5-bcd8-b6a93474628e,ca5e70d7-d941-5d1e-bdd6-b3ecb4cacdeb,COMPLETED,2023-08-30,2025-07-20,Y09,"KaushalSetu synthetic generator v2, seed 20260929",2026-09-28T12:00:00+05:30,"SYNTHETIC demo data (KaushalSetu SIH prototype): fictional entities, team-assumed numbers, not real or official statistics.",true
362b9bbb-0424-5113-998b-1e27b63133c6,fd57841b-4f83-5ba8-b4c7-ff975d22898d,ca5e70d7-d941-5d1e-bdd6-b3ecb4cacdeb,COMPLETED,2023-08-29,2025-07-30,Y09,"KaushalSetu synthetic generator v2, seed 20260929",2026-09-28T12:00:00+05:30,"SYNTHETIC demo data (KaushalSetu SIH prototype): fictional entities, team-assumed numbers, not real or official statistics.",true
77df770f-825f-53ee-9cae-b8553bd47c31,25573957-d606-5eb6-8431-3e3b0ffb0768,ca5e70d7-d941-5d1e-bdd6-b3ecb4cacdeb,COMPLETED,2023-08-09,2025-07-20,Y09,"KaushalSetu synthetic generator v2, seed 20260929",2026-09-28T12:00:00+05:30,"SYNTHETIC demo data (KaushalSetu SIH prototype): fictional entities, team-assumed numbers, not real or official statistics.",true
09333f1c-37ed-5c7b-b206-e9e9fd63ae62,b491b991-764d-54f3-9491-902a2e6a1bfe,ca5e70d7-d941-5d1e-bdd6-b3ecb4cacdeb,COMPLETED,2023-08-03,2025-07-28,Y09,"KaushalSetu synthetic generator v2, seed 20260929",2026-09-28T12:00:00+05:30,"SYNTHETIC demo data (KaushalSetu SIH prototype): fictional entities, team-assumed numbers, not real or official statistics.",true
7f6ef4d4-45c0-5a25-93ec-12afeabebce4,3676889c-0094-5aba-8dd1-b0a1d93ee215,ca5e70d7-d941-5d1e-bdd6-b3ecb4cacdeb,DROPPED,2023-08-24,,Y09,"KaushalSetu synthetic generator v2, seed 20260929",2026-09-28T12:00:00+05:30,"SYNTHETIC demo data (KaushalSetu SIH prototype): fictional entities, team-assumed numbers, not real or official statistics.",true
2ffeeb09-fa7b-5c8a-b14a-e9cd6fe2aa30,2ff475a4-88e7-5fac-9dab-86171dc7c2f5,ca5e70d7-d941-5d1e-bdd6-b3ecb4cacdeb,COMPLETED,2023-08-25,2025-07-28,Y09,"KaushalSetu synthetic generator v2, seed 20260929",2026-09-28T12:00:00+05:30,"SYNTHETIC demo data (KaushalSetu SIH prototype): fictional entities, team-assumed numbers, not real or official statistics.",true
72a62ca1-7791-5737-9e48-0ad61c4503b1,dc999232-1860-524a-97e9-e83886435f6b,ca5e70d7-d941-5d1e-bdd6-b3ecb4cacdeb,COMPLETED,2023-08-13,2025-07-19,Y09,"KaushalSetu synthetic generator v2, seed 20260929",2026-09-28T12:00:00+05:30,"SYNTHETIC demo data (KaushalSetu SIH prototype): fictional entities, team-assumed numbers, not real or official statistics.",true
790b4be9-bfd0-5488-8db8-b62237543ac3,2c1ec483-6c02-55ec-a370-d294ba6fda41,ca5e70d7-d941-5d1e-bdd6-b3ecb4cacdeb,COMPLETED,2023-08-27,2025-07-22,Y09,"KaushalSetu synthetic generator v2, seed 20260929",2026-09-28T12:00:00+05:30,"SYNTHETIC demo data (KaushalSetu SIH prototype): fictional entities, team-assumed numbers, not real or official statistics.",true
af440bb6-0b5a-5674-bbe0-1f8a98a73e3d,feab2524-6053-533e-9a14-e51c7702d62b,ca5e70d7-d941-5d1e-bdd6-b3ecb4cacdeb,DROPPED,2023-08-15,,Y09,"KaushalSetu synthetic generator v2, seed 20260929",2026-09-28T12:00:00+05:30,"SYNTHETIC demo data (KaushalSetu SIH prototype): fictional entities, team-assumed numbers, not real or official statistics.",true
036eab67-f758-5b3d-b695-976e108c7f7a,ca787657-1ea3-5540-8657-5cd0e8350684,ca5e70d7-d941-5d1e-bdd6-b3ecb4cacdeb,COMPLETED,2023-08-11,2025-07-20,Y09,"KaushalSetu synthetic generator v2, seed 20260929",2026-09-28T12:00:00+05:30,"SYNTHETIC demo data (KaushalSetu SIH prototype): fictional entities, team-assumed numbers, not real or official statistics.",true
d5f4dedd-797f-518d-926b-35c13912b32f,24efd1ef-baa2-533f-84f9-0f716bb3bb56,ca5e70d7-d941-5d1e-bdd6-b3ecb4cacdeb,COMPLETED,2023-08-10,2025-07-21,Y09,"KaushalSetu synthetic generator v2, seed 20260929",2026-09-28T12:00:00+05:30,"SYNTHETIC demo data (KaushalSetu SIH prototype): fictional entities, team-assumed numbers, not real or official statistics.",true
2cf2315c-5fbe-56b4-b8d9-b202503a5d2b,32282c4c-42fc-5693-9c1a-25a780e5ac2a,ca5e70d7-d941-5d1e-bdd6-b3ecb4cacdeb,COMPLETED,2023-08-13,2025-07-20,Y09,"KaushalSetu synthetic generator v2, seed 20260929",2026-09-28T12:00:00+05:30,"SYNTHETIC demo data (KaushalSetu SIH prototype): fictional entities, team-assumed numbers, not real or official statistics.",true
49941e3b-51a3-5f15-b83d-92ac58a70fc8,c3d4d18e-de9a-58f2-b2fd-3dd17fcd8c17,ca5e70d7-d941-5d1e-bdd6-b3ecb4cacdeb,COMPLETED,2023-08-06,2025-07-29,Y09,"KaushalSetu synthetic generator v2, seed 20260929",2026-09-28T12:00:00+05:30,"SYNTHETIC demo data (KaushalSetu SIH prototype): fictional entities, team-assumed numbers, not real or official statistics.",true
cfec6eef-530f-5f8e-bc8d-052e54c3f033,4b66f13c-0fd5-5446-8d09-ac400c7d9c68,ca5e70d7-d941-5d1e-bdd6-b3ecb4cacdeb,COMPLETED,2023-08-21,2025-07-23,Y09,"KaushalSetu synthetic generator v2, seed 20260929",2026-09-28T12:00:00+05:30,"SYNTHETIC demo data (KaushalSetu SIH prototype): fictional entities, team-assumed numbers, not real or official statistics.",true
53d45f86-35e9-5473-a83c-973726a219ab,8c791ff8-10d0-54d2-9fb3-21f977ccc6fc,ca5e70d7-d941-5d1e-bdd6-b3ecb4cacdeb,COMPLETED,2023-08-18,2025-07-21,Y09,"KaushalSetu synthetic generator v2, seed 20260929",2026-09-28T12:00:00+05:30,"SYNTHETIC demo data (KaushalSetu SIH prototype): fictional entities, team-assumed numbers, not real or official statistics.",true
77b4d366-9018-5339-96cc-c4e7cf879051,efee9127-b776-5e17-b583-075c30f4e59e,ca5e70d7-d941-5d1e-bdd6-b3ecb4cacdeb,COMPLETED,2023-08-23,2025-07-24,Y09,"KaushalSetu synthetic generator v2, seed 20260929",2026-09-28T12:00:00+05:30,"SYNTHETIC demo data (KaushalSetu SIH prototype): fictional entities, team-assumed numbers, not real or official statistics.",true
e154113e-72bd-5e2c-b352-040d17d6e956,d14a5d22-0b73-5004-986f-f53564f6acb8,ca5e70d7-d941-5d1e-bdd6-b3ecb4cacdeb,COMPLETED,2023-08-26,2025-07-27,Y09,"KaushalSetu synthetic generator v2, seed 20260929",2026-09-28T12:00:00+05:30,"SYNTHETIC demo data (KaushalSetu SIH prototype): fictional entities, team-assumed numbers, not real or official statistics.",true
d022fbca-6d75-52c3-92a5-64a46d9aaa64,e3aa3f39-a068-5252-8f19-8507b90ecbd3,ca5e70d7-d941-5d1e-bdd6-b3ecb4cacdeb,COMPLETED,2023-08-26,2025-07-21,Y09,"KaushalSetu synthetic generator v2, seed 20260929",2026-09-28T12:00:00+05:30,"SYNTHETIC demo data (KaushalSetu SIH prototype): fictional entities, team-assumed numbers, not real or official statistics.",true
f426eb81-09a1-5f94-bb91-d0fd9471cbfe,b06eb6f9-52e0-509e-b839-c8b38b83c927,ca5e70d7-d941-5d1e-bdd6-b3ecb4cacdeb,COMPLETED,2023-08-05,2025-07-19,Y09,"KaushalSetu synthetic generator v2, seed 20260929",2026-09-28T12:00:00+05:30,"SYNTHETIC demo data (KaushalSetu SIH prototype): fictional entities, team-assumed numbers, not real or official statistics.",true
78283280-e328-5ccc-8447-176fea871329,de0751ba-a720-5c17-9e52-3f8f89794778,ca5e70d7-d941-5d1e-bdd6-b3ecb4cacdeb,COMPLETED,2023-08-09,2025-07-27,Y09,"KaushalSetu synthetic generator v2, seed 20260929",2026-09-28T12:00:00+05:30,"SYNTHETIC demo data (KaushalSetu SIH prototype): fictional entities, team-assumed numbers, not real or official statistics.",true
6198e72b-73d6-5608-9e66-3dcb86f74cb7,04d78dff-a799-52b9-b76b-64b2a0998709,ca5e70d7-d941-5d1e-bdd6-b3ecb4cacdeb,COMPLETED,2023-08-06,2025-07-22,Y09,"KaushalSetu synthetic generator v2, seed 20260929",2026-09-28T12:00:00+05:30,"SYNTHETIC demo data (KaushalSetu SIH prototype): fictional entities, team-assumed numbers, not real or official statistics.",true
bbd1b443-758a-5aa6-a9ed-2379c435815e,9d450833-a545-5e41-8421-e736b9e9322b,ca5e70d7-d941-5d1e-bdd6-b3ecb4cacdeb,COMPLETED,2023-08-24,2025-07-19,Y09,"KaushalSetu synthetic generator v2, seed 20260929",2026-09-28T12:00:00+05:30,"SYNTHETIC demo data (KaushalSetu SIH prototype): fictional entities, team-assumed numbers, not real or official statistics.",true
c26d8b16-64af-50c0-8231-2d169b64e45a,77055ed8-f581-5cd0-98f0-18fa5e1c7e86,ca5e70d7-d941-5d1e-bdd6-b3ecb4cacdeb,COMPLETED,2023-08-03,2025-07-23,Y09,"KaushalSetu synthetic generator v2, seed 20260929",2026-09-28T12:00:00+05:30,"SYNTHETIC demo data (KaushalSetu SIH prototype): fictional entities, team-assumed numbers, not real or official statistics.",true
e7f96108-8f91-530c-b96c-eebd2fbac55c,df15d1e3-9b19-5478-adb9-d0b6393cb675,ca5e70d7-d941-5d1e-bdd6-b3ecb4cacdeb,DROPPED,2023-08-07,,Y09,"KaushalSetu synthetic generator v2, seed 20260929",2026-09-28T12:00:00+05:30,"SYNTHETIC demo data (KaushalSetu SIH prototype): fictional entities, team-assumed numbers, not real or official statistics.",true
317a9895-60b1-5794-b322-9a171c7123f7,cf400e9f-b093-5c97-9d39-4cd777d0acce,ca5e70d7-d941-5d1e-bdd6-b3ecb4cacdeb,COMPLETED,2023-08-15,2025-07-31,Y09,"KaushalSetu synthetic generator v2, seed 20260929",2026-09-28T12:00:00+05:30,"SYNTHETIC demo data (KaushalSetu SIH prototype): fictional entities, team-assumed numbers, not real or official statistics.",true
b30652ce-2f7e-5838-b0dd-a382ff8d6ade,fb26a53a-2d0d-5689-b9a4-b1a240897268,ca5e70d7-d941-5d1e-bdd6-b3ecb4cacdeb,COMPLETED,2023-08-31,2025-07-29,Y09,"KaushalSetu synthetic generator v2, seed 20260929",2026-09-28T12:00:00+05:30,"SYNTHETIC demo data (KaushalSetu SIH prototype): fictional entities, team-assumed numbers, not real or official statistics.",true
eedfc42b-9b51-5b9b-8878-06a97fb32957,e5dea422-ee49-5bfc-a4bc-7549d2e90b01,ca5e70d7-d941-5d1e-bdd6-b3ecb4cacdeb,COMPLETED,2023-08-06,2025-07-16,Y09,"KaushalSetu synthetic generator v2, seed 20260929",2026-09-28T12:00:00+05:30,"SYNTHETIC demo data (KaushalSetu SIH prototype): fictional entities, team-assumed numbers, not real or official statistics.",true
fbcd33c5-cd46-5d57-8736-c3234be50688,7194dd02-3060-55c4-99d8-5ea66216b896,ca5e70d7-d941-5d1e-bdd6-b3ecb4cacdeb,COMPLETED,2023-08-31,2025-07-23,Y09,"KaushalSetu synthetic generator v2, seed 20260929",2026-09-28T12:00:00+05:30,"SYNTHETIC demo data (KaushalSetu SIH prototype): fictional entities, team-assumed numbers, not real or official statistics.",true
587f7c4d-0a94-571a-bb8a-adecf21e40d5,576ac5e5-7d9f-50a4-9061-e712956dfaad,ca5e70d7-d941-5d1e-bdd6-b3ecb4cacdeb,COMPLETED,2023-08-04,2025-07-18,Y09,"KaushalSetu synthetic generator v2, seed 20260929",2026-09-28T12:00:00+05:30,"SYNTHETIC demo data (KaushalSetu SIH prototype): fictional entities, team-assumed numbers, not real or official statistics.",true
44e29a8e-06b6-5918-ba5d-b64da20d5d87,8ec1a8a4-4a15-54c8-8b4d-f188ab142c3e,ca5e70d7-d941-5d1e-bdd6-b3ecb4cacdeb,COMPLETED,2023-08-20,2025-07-27,Y09,"KaushalSetu synthetic generator v2, seed 20260929",2026-09-28T12:00:00+05:30,"SYNTHETIC demo data (KaushalSetu SIH prototype): fictional entities, team-assumed numbers, not real or official statistics.",true
e6377de6-ca14-59bb-98b5-f982bfafaff4,f074ca86-6f58-5bcf-9e2f-161739aeb826,ca5e70d7-d941-5d1e-bdd6-b3ecb4cacdeb,COMPLETED,2023-08-23,2025-07-17,Y09,"KaushalSetu synthetic generator v2, seed 20260929",2026-09-28T12:00:00+05:30,"SYNTHETIC demo data (KaushalSetu SIH prototype): fictional entities, team-assumed numbers, not real or official statistics.",true
aefd9648-7676-56cf-8ee9-f448dfde9482,dd4934da-f010-5466-b4d7-a35b49695182,ca5e70d7-d941-5d1e-bdd6-b3ecb4cacdeb,COMPLETED,2023-08-16,2025-07-24,Y09,"KaushalSetu synthetic generator v2, seed 20260929",2026-09-28T12:00:00+05:30,"SYNTHETIC demo data (KaushalSetu SIH prototype): fictional entities, team-assumed numbers, not real or official statistics.",true
317228fc-5a5e-54bf-802e-8a36f5fecca6,177c7f7b-8c36-50a0-8c83-52d1c434b124,ca5e70d7-d941-5d1e-bdd6-b3ecb4cacdeb,COMPLETED,2023-08-23,2025-07-15,Y09,"KaushalSetu synthetic generator v2, seed 20260929",2026-09-28T12:00:00+05:30,"SYNTHETIC demo data (KaushalSetu SIH prototype): fictional entities, team-assumed numbers, not real or official statistics.",true
80526054-91ed-5212-8ff5-3af4f861c6fb,049f569d-0881-54ca-83a5-121bbf5d6f60,ca5e70d7-d941-5d1e-bdd6-b3ecb4cacdeb,COMPLETED,2023-08-31,2025-07-28,Y09,"KaushalSetu synthetic generator v2, seed 20260929",2026-09-28T12:00:00+05:30,"SYNTHETIC demo data (KaushalSetu SIH prototype): fictional entities, team-assumed numbers, not real or official statistics.",true
0ae7c782-17b2-5a84-a38a-94834120d469,b4486abd-9f45-593e-968c-66f563788159,ca5e70d7-d941-5d1e-bdd6-b3ecb4cacdeb,COMPLETED,2023-08-13,2025-07-18,Y09,"KaushalSetu synthetic generator v2, seed 20260929",2026-09-28T12:00:00+05:30,"SYNTHETIC demo data (KaushalSetu SIH prototype): fictional entities, team-assumed numbers, not real or official statistics.",true
e45225f0-750b-5458-9620-51a57bcaf7d3,ca5cd3fd-50a4-5617-8c74-afb02a6578c6,ca5e70d7-d941-5d1e-bdd6-b3ecb4cacdeb,COMPLETED,2023-08-03,2025-07-27,Y09,"KaushalSetu synthetic generator v2, seed 20260929",2026-09-28T12:00:00+05:30,"SYNTHETIC demo data (KaushalSetu SIH prototype): fictional entities, team-assumed numbers, not real or official statistics.",true
82af09b2-0212-5d12-9e54-3f417fc6aec7,2f279984-028f-555b-87e9-92ebc9120449,ca5e70d7-d941-5d1e-bdd6-b3ecb4cacdeb,COMPLETED,2023-08-19,2025-07-17,Y09,"KaushalSetu synthetic generator v2, seed 20260929",2026-09-28T12:00:00+05:30,"SYNTHETIC demo data (KaushalSetu SIH prototype): fictional entities, team-assumed numbers, not real or official statistics.",true
cfd267c0-11fc-513f-bf7e-70a08d6e274f,bb8666f4-2905-5070-a20c-a5c553f0698d,ca5e70d7-d941-5d1e-bdd6-b3ecb4cacdeb,COMPLETED,2023-08-01,2025-07-27,Y09,"KaushalSetu synthetic generator v2, seed 20260929",2026-09-28T12:00:00+05:30,"SYNTHETIC demo data (KaushalSetu SIH prototype): fictional entities, team-assumed numbers, not real or official statistics.",true
114d50ef-3e73-50f3-91a7-155d69240b96,2581e01a-3447-5a27-a3af-987ac6306de1,ca5e70d7-d941-5d1e-bdd6-b3ecb4cacdeb,COMPLETED,2023-08-24,2025-07-22,Y09,"KaushalSetu synthetic generator v2, seed 20260929",2026-09-28T12:00:00+05:30,"SYNTHETIC demo data (KaushalSetu SIH prototype): fictional entities, team-assumed numbers, not real or official statistics.",true
04567e44-3ee1-5a97-95fd-730f3e335bb0,ebe5e6e9-3272-5a00-accb-2f9bfdadb3a3,ca5e70d7-d941-5d1e-bdd6-b3ecb4cacdeb,COMPLETED,2023-08-23,2025-07-23,Y09,"KaushalSetu synthetic generator v2, seed 20260929",2026-09-28T12:00:00+05:30,"SYNTHETIC demo data (KaushalSetu SIH prototype): fictional entities, team-assumed numbers, not real or official statistics.",true
b840fb52-7792-5a64-bfa3-f60395736864,f4ae8e70-5d42-5ec4-b1fc-16a4498d85cb,ca5e70d7-d941-5d1e-bdd6-b3ecb4cacdeb,COMPLETED,2023-08-22,2025-07-19,Y09,"KaushalSetu synthetic generator v2, seed 20260929",2026-09-28T12:00:00+05:30,"SYNTHETIC demo data (KaushalSetu SIH prototype): fictional entities, team-assumed numbers, not real or official statistics.",true
6b3ac0ea-7fbf-509d-82fe-758094760567,c58044c6-32b5-508f-9d98-ff5ff0bf230d,ca5e70d7-d941-5d1e-bdd6-b3ecb4cacdeb,COMPLETED,2023-08-11,2025-07-31,Y09,"KaushalSetu synthetic generator v2, seed 20260929",2026-09-28T12:00:00+05:30,"SYNTHETIC demo data (KaushalSetu SIH prototype): fictional entities, team-assumed numbers, not real or official statistics.",true
e4acc4ce-ca04-569c-b00d-2537a00f8823,e97157ce-a29f-5b6e-a899-f3a12e95f412,ca5e70d7-d941-5d1e-bdd6-b3ecb4cacdeb,COMPLETED,2023-08-04,2025-07-31,Y09,"KaushalSetu synthetic generator v2, seed 20260929",2026-09-28T12:00:00+05:30,"SYNTHETIC demo data (KaushalSetu SIH prototype): fictional entities, team-assumed numbers, not real or official statistics.",true
224fbdf7-25ba-58e3-b59f-d1e3ca5c43ad,88a9a38e-d3a4-51d5-8a65-6f3adba1ddd1,ca5e70d7-d941-5d1e-bdd6-b3ecb4cacdeb,COMPLETED,2023-08-13,2025-07-16,Y09,"KaushalSetu synthetic generator v2, seed 20260929",2026-09-28T12:00:00+05:30,"SYNTHETIC demo data (KaushalSetu SIH prototype): fictional entities, team-assumed numbers, not real or official statistics.",true
b68f0bbe-e707-5a2c-bb0b-468e43b3400e,5a0ee7db-f924-5f47-9aa0-a54c8a59f6cf,ca5e70d7-d941-5d1e-bdd6-b3ecb4cacdeb,COMPLETED,2023-08-16,2025-07-20,Y09,"KaushalSetu synthetic generator v2, seed 20260929",2026-09-28T12:00:00+05:30,"SYNTHETIC demo data (KaushalSetu SIH prototype): fictional entities, team-assumed numbers, not real or official statistics.",true
58eb5efd-9f03-5702-9948-39c31a36a9a1,4b5f5010-c198-5a08-8363-6b1e178067f8,ca5e70d7-d941-5d1e-bdd6-b3ecb4cacdeb,COMPLETED,2023-08-04,2025-07-16,Y09,"KaushalSetu synthetic generator v2, seed 20260929",2026-09-28T12:00:00+05:30,"SYNTHETIC demo data (KaushalSetu SIH prototype): fictional entities, team-assumed numbers, not real or official statistics.",true
3b8510d4-e6d1-5ef9-99a3-db6162c66340,eab345a7-3b99-5806-9ec8-f69fcd734b29,ca5e70d7-d941-5d1e-bdd6-b3ecb4cacdeb,COMPLETED,2023-08-15,2025-07-28,Y09,"KaushalSetu synthetic generator v2, seed 20260929",2026-09-28T12:00:00+05:30,"SYNTHETIC demo data (KaushalSetu SIH prototype): fictional entities, team-assumed numbers, not real or official statistics.",true
619f8756-24f1-54fc-ad68-fe5d13ec2a74,ce624907-02e4-559d-b259-85d5e7e35e0c,ca5e70d7-d941-5d1e-bdd6-b3ecb4cacdeb,DROPPED,2023-08-11,,Y09,"KaushalSetu synthetic generator v2, seed 20260929",2026-09-28T12:00:00+05:30,"SYNTHETIC demo data (KaushalSetu SIH prototype): fictional entities, team-assumed numbers, not real or official statistics.",true
5bf7e83a-460b-5f64-84c3-6852c4c13442,7bbe2fc2-1da6-5aed-ad7f-fedd3c4ee2ec,ca5e70d7-d941-5d1e-bdd6-b3ecb4cacdeb,COMPLETED,2023-08-07,2025-07-27,Y09,"KaushalSetu synthetic generator v2, seed 20260929",2026-09-28T12:00:00+05:30,"SYNTHETIC demo data (KaushalSetu SIH prototype): fictional entities, team-assumed numbers, not real or official statistics.",true
ba1ac70a-059b-55e4-b20e-927a10c526a1,a78c980a-144d-57cc-9368-bf9ff6bf3d8e,ca5e70d7-d941-5d1e-bdd6-b3ecb4cacdeb,COMPLETED,2023-08-30,2025-07-17,Y09,"KaushalSetu synthetic generator v2, seed 20260929",2026-09-28T12:00:00+05:30,"SYNTHETIC demo data (KaushalSetu SIH prototype): fictional entities, team-assumed numbers, not real or official statistics.",true
677a0469-3451-53f7-a5c3-89a77996f543,08441f5f-d033-504c-a4a6-8722ec978751,ca5e70d7-d941-5d1e-bdd6-b3ecb4cacdeb,COMPLETED,2023-08-08,2025-07-24,Y09,"KaushalSetu synthetic generator v2, seed 20260929",2026-09-28T12:00:00+05:30,"SYNTHETIC demo data (KaushalSetu SIH prototype): fictional entities, team-assumed numbers, not real or official statistics.",true
164d74fc-e0d8-5b18-8442-e4b89269eb51,cad18e84-54cc-5a0a-878c-0adb51220e0e,ca5e70d7-d941-5d1e-bdd6-b3ecb4cacdeb,DROPPED,2023-08-17,,Y09,"KaushalSetu synthetic generator v2, seed 20260929",2026-09-28T12:00:00+05:30,"SYNTHETIC demo data (KaushalSetu SIH prototype): fictional entities, team-assumed numbers, not real or official statistics.",true
a87ea4c6-d864-52db-b324-c07ab53f15d3,b564facd-35de-57f5-9bb0-bf70ab6a79c8,ca5e70d7-d941-5d1e-bdd6-b3ecb4cacdeb,DROPPED,2023-08-24,,Y09,"KaushalSetu synthetic generator v2, seed 20260929",2026-09-28T12:00:00+05:30,"SYNTHETIC demo data (KaushalSetu SIH prototype): fictional entities, team-assumed numbers, not real or official statistics.",true
09dcfc3a-4204-5c07-820a-e6dafd08da26,4270e60c-a422-5a11-aa89-86fad769eba9,d46a5660-353b-539a-aa08-5c9a0dec58ed,COMPLETED,2024-08-02,2026-07-19,Y09,"KaushalSetu synthetic generator v2, seed 20260929",2026-09-28T12:00:00+05:30,"SYNTHETIC demo data (KaushalSetu SIH prototype): fictional entities, team-assumed numbers, not real or official statistics.",true
589cb4b2-7f10-5697-8996-4f0e752b6ddd,45cde2e2-949e-51f3-8c61-0d9a2d49da25,d46a5660-353b-539a-aa08-5c9a0dec58ed,DROPPED,2024-08-22,,Y09,"KaushalSetu synthetic generator v2, seed 20260929",2026-09-28T12:00:00+05:30,"SYNTHETIC demo data (KaushalSetu SIH prototype): fictional entities, team-assumed numbers, not real or official statistics.",true
be4a9f9c-b65f-5645-a390-f3b9c9c05224,73b9b8cc-6382-5227-b64b-483da6e4b39c,d46a5660-353b-539a-aa08-5c9a0dec58ed,COMPLETED,2024-08-08,2026-07-28,Y09,"KaushalSetu synthetic generator v2, seed 20260929",2026-09-28T12:00:00+05:30,"SYNTHETIC demo data (KaushalSetu SIH prototype): fictional entities, team-assumed numbers, not real or official statistics.",true
797bd738-ccee-537c-86ba-300e10db7903,74039906-289f-58fd-bc52-08326e403dfb,d46a5660-353b-539a-aa08-5c9a0dec58ed,COMPLETED,2024-08-14,2026-07-24,Y09,"KaushalSetu synthetic generator v2, seed 20260929",2026-09-28T12:00:00+05:30,"SYNTHETIC demo data (KaushalSetu SIH prototype): fictional entities, team-assumed numbers, not real or official statistics.",true
7b6cb690-399b-5c45-a54c-446068d7ced5,20481b41-ead6-582c-9303-0f8dd1bb2bfc,d46a5660-353b-539a-aa08-5c9a0dec58ed,COMPLETED,2024-08-18,2026-07-31,Y09,"KaushalSetu synthetic generator v2, seed 20260929",2026-09-28T12:00:00+05:30,"SYNTHETIC demo data (KaushalSetu SIH prototype): fictional entities, team-assumed numbers, not real or official statistics.",true
abbc31d6-c1ab-525f-906e-9eca4651f245,acfbf8a3-f885-5e84-a3a7-d3355a369dce,d46a5660-353b-539a-aa08-5c9a0dec58ed,COMPLETED,2024-08-13,2026-07-26,Y09,"KaushalSetu synthetic generator v2, seed 20260929",2026-09-28T12:00:00+05:30,"SYNTHETIC demo data (KaushalSetu SIH prototype): fictional entities, team-assumed numbers, not real or official statistics.",true
48868f1b-a594-59b0-8017-b6c6352a7b78,2a0d4781-63e3-5710-8476-9549f9f5aa3f,d46a5660-353b-539a-aa08-5c9a0dec58ed,COMPLETED,2024-08-11,2026-07-31,Y09,"KaushalSetu synthetic generator v2, seed 20260929",2026-09-28T12:00:00+05:30,"SYNTHETIC demo data (KaushalSetu SIH prototype): fictional entities, team-assumed numbers, not real or official statistics.",true
eb7e8989-bbd9-57de-889e-e8bace30f30f,c80fc62c-9b68-5ba2-9e28-2b5b31f2892f,d46a5660-353b-539a-aa08-5c9a0dec58ed,DROPPED,2024-08-05,,Y09,"KaushalSetu synthetic generator v2, seed 20260929",2026-09-28T12:00:00+05:30,"SYNTHETIC demo data (KaushalSetu SIH prototype): fictional entities, team-assumed numbers, not real or official statistics.",true
dbe3f670-7822-5c36-8a3a-84bd40513d34,5cbe364d-74d7-5095-84fb-254a2737e8f2,d46a5660-353b-539a-aa08-5c9a0dec58ed,COMPLETED,2024-08-20,2026-07-19,Y09,"KaushalSetu synthetic generator v2, seed 20260929",2026-09-28T12:00:00+05:30,"SYNTHETIC demo data (KaushalSetu SIH prototype): fictional entities, team-assumed numbers, not real or official statistics.",true
e2e1333f-bc1e-55d4-b1b7-69339b66a0b8,82c59737-6623-5079-b999-35dd4f07d23c,d46a5660-353b-539a-aa08-5c9a0dec58ed,COMPLETED,2024-08-27,2026-07-30,Y09,"KaushalSetu synthetic generator v2, seed 20260929",2026-09-28T12:00:00+05:30,"SYNTHETIC demo data (KaushalSetu SIH prototype): fictional entities, team-assumed numbers, not real or official statistics.",true
b1662254-e64a-5a70-9deb-0139ae73217e,e47d7039-df54-5740-bfaa-dffad0f95140,d46a5660-353b-539a-aa08-5c9a0dec58ed,DROPPED,2024-08-12,,Y09,"KaushalSetu synthetic generator v2, seed 20260929",2026-09-28T12:00:00+05:30,"SYNTHETIC demo data (KaushalSetu SIH prototype): fictional entities, team-assumed numbers, not real or official statistics.",true
63bf25e3-0fab-5b41-a42f-9baf35d6de6c,aeeb4aab-17ba-5305-8235-d5558dfdd455,d46a5660-353b-539a-aa08-5c9a0dec58ed,COMPLETED,2024-08-06,2026-07-21,Y09,"KaushalSetu synthetic generator v2, seed 20260929",2026-09-28T12:00:00+05:30,"SYNTHETIC demo data (KaushalSetu SIH prototype): fictional entities, team-assumed numbers, not real or official statistics.",true
0c22c76e-88b4-5fa1-8c27-308627390f3d,b29d3792-61d1-5416-92fd-20af99ab8b83,d46a5660-353b-539a-aa08-5c9a0dec58ed,DROPPED,2024-08-29,,Y09,"KaushalSetu synthetic generator v2, seed 20260929",2026-09-28T12:00:00+05:30,"SYNTHETIC demo data (KaushalSetu SIH prototype): fictional entities, team-assumed numbers, not real or official statistics.",true
a99dfc32-1a51-57d5-a67d-b6a851dd5d3f,157cdabf-52ad-52dc-b366-dd959d5df285,d46a5660-353b-539a-aa08-5c9a0dec58ed,COMPLETED,2024-08-11,2026-07-16,Y09,"KaushalSetu synthetic generator v2, seed 20260929",2026-09-28T12:00:00+05:30,"SYNTHETIC demo data (KaushalSetu SIH prototype): fictional entities, team-assumed numbers, not real or official statistics.",true
a9fdd171-757d-5baa-82a3-0150ea792e9e,00ff809a-a181-5da9-972b-685484eaa274,d46a5660-353b-539a-aa08-5c9a0dec58ed,COMPLETED,2024-08-31,2026-07-20,Y09,"KaushalSetu synthetic generator v2, seed 20260929",2026-09-28T12:00:00+05:30,"SYNTHETIC demo data (KaushalSetu SIH prototype): fictional entities, team-assumed numbers, not real or official statistics.",true
3cc1895f-1a82-525f-b830-9b09c36836d5,135dde3c-4341-5ab9-939e-3f25126fb5de,d46a5660-353b-539a-aa08-5c9a0dec58ed,COMPLETED,2024-08-06,2026-07-28,Y09,"KaushalSetu synthetic generator v2, seed 20260929",2026-09-28T12:00:00+05:30,"SYNTHETIC demo data (KaushalSetu SIH prototype): fictional entities, team-assumed numbers, not real or official statistics.",true
046e27a4-339e-59a1-b900-10c065bf0ed8,4577ce11-fb8f-5173-b294-5514b247f3bf,d46a5660-353b-539a-aa08-5c9a0dec58ed,COMPLETED,2024-08-21,2026-07-29,Y09,"KaushalSetu synthetic generator v2, seed 20260929",2026-09-28T12:00:00+05:30,"SYNTHETIC demo data (KaushalSetu SIH prototype): fictional entities, team-assumed numbers, not real or official statistics.",true
93bed0df-c794-50f9-883e-f52fca207cd3,e72767e9-fe49-5d04-ac43-cf7a498d19ea,d46a5660-353b-539a-aa08-5c9a0dec58ed,COMPLETED,2024-08-04,2026-07-19,Y09,"KaushalSetu synthetic generator v2, seed 20260929",2026-09-28T12:00:00+05:30,"SYNTHETIC demo data (KaushalSetu SIH prototype): fictional entities, team-assumed numbers, not real or official statistics.",true
bd664237-2fff-507e-9572-c8ca82303b03,d214c545-72ff-54b4-b9c5-d2eacb1651c5,d46a5660-353b-539a-aa08-5c9a0dec58ed,COMPLETED,2024-08-13,2026-07-21,Y09,"KaushalSetu synthetic generator v2, seed 20260929",2026-09-28T12:00:00+05:30,"SYNTHETIC demo data (KaushalSetu SIH prototype): fictional entities, team-assumed numbers, not real or official statistics.",true
712bc0cc-e912-5e9c-bb8e-f5955670386a,22127104-3ec9-5e80-9ad6-219330a609e4,d46a5660-353b-539a-aa08-5c9a0dec58ed,DROPPED,2024-08-12,,Y09,"KaushalSetu synthetic generator v2, seed 20260929",2026-09-28T12:00:00+05:30,"SYNTHETIC demo data (KaushalSetu SIH prototype): fictional entities, team-assumed numbers, not real or official statistics.",true
9c71d079-13d3-5dad-aada-078b317048b1,52800c67-3cd1-54f4-8656-0ae419e9a2ef,d46a5660-353b-539a-aa08-5c9a0dec58ed,COMPLETED,2024-08-11,2026-07-17,Y09,"KaushalSetu synthetic generator v2, seed 20260929",2026-09-28T12:00:00+05:30,"SYNTHETIC demo data (KaushalSetu SIH prototype): fictional entities, team-assumed numbers, not real or official statistics.",true
e4a8327f-1a74-5255-b011-0604fbc71bcc,969ef6bd-a4ea-54be-890a-72066278fa95,d46a5660-353b-539a-aa08-5c9a0dec58ed,COMPLETED,2024-08-22,2026-07-27,Y09,"KaushalSetu synthetic generator v2, seed 20260929",2026-09-28T12:00:00+05:30,"SYNTHETIC demo data (KaushalSetu SIH prototype): fictional entities, team-assumed numbers, not real or official statistics.",true
23f44e2a-345f-5335-a493-be86d28f8c7a,1ba5ea15-9cce-5043-a85f-b747579933d9,d46a5660-353b-539a-aa08-5c9a0dec58ed,DROPPED,2024-08-17,,Y09,"KaushalSetu synthetic generator v2, seed 20260929",2026-09-28T12:00:00+05:30,"SYNTHETIC demo data (KaushalSetu SIH prototype): fictional entities, team-assumed numbers, not real or official statistics.",true
e26f3ce0-67ac-5fb0-8101-16a9a1b436a5,2da96df6-b0c1-5509-9a90-4eff85e0a035,d46a5660-353b-539a-aa08-5c9a0dec58ed,COMPLETED,2024-08-18,2026-07-23,Y09,"KaushalSetu synthetic generator v2, seed 20260929",2026-09-28T12:00:00+05:30,"SYNTHETIC demo data (KaushalSetu SIH prototype): fictional entities, team-assumed numbers, not real or official statistics.",true
3a574467-0dbb-5331-85f2-be68f31c92eb,2d0fd5ba-7073-56be-987c-bac0c85931e8,d46a5660-353b-539a-aa08-5c9a0dec58ed,COMPLETED,2024-08-28,2026-07-21,Y09,"KaushalSetu synthetic generator v2, seed 20260929",2026-09-28T12:00:00+05:30,"SYNTHETIC demo data (KaushalSetu SIH prototype): fictional entities, team-assumed numbers, not real or official statistics.",true
27cc77ea-40f1-5ce7-b735-fabe4b357fa7,76134d64-a9af-55af-bc72-50fe9a19378b,d46a5660-353b-539a-aa08-5c9a0dec58ed,COMPLETED,2024-08-11,2026-07-20,Y09,"KaushalSetu synthetic generator v2, seed 20260929",2026-09-28T12:00:00+05:30,"SYNTHETIC demo data (KaushalSetu SIH prototype): fictional entities, team-assumed numbers, not real or official statistics.",true
80557c53-6ba8-5df5-86c3-b9e15efcfa97,0ba54e14-8c7c-532f-83d2-a12267fad2f2,d46a5660-353b-539a-aa08-5c9a0dec58ed,COMPLETED,2024-08-31,2026-07-26,Y09,"KaushalSetu synthetic generator v2, seed 20260929",2026-09-28T12:00:00+05:30,"SYNTHETIC demo data (KaushalSetu SIH prototype): fictional entities, team-assumed numbers, not real or official statistics.",true
4f216550-7d12-5f7a-af3e-4c006908f07b,c8159b6a-2e8d-5e75-8d2c-8f5eb34ce1f0,d46a5660-353b-539a-aa08-5c9a0dec58ed,COMPLETED,2024-08-04,2026-07-27,Y09,"KaushalSetu synthetic generator v2, seed 20260929",2026-09-28T12:00:00+05:30,"SYNTHETIC demo data (KaushalSetu SIH prototype): fictional entities, team-assumed numbers, not real or official statistics.",true
2f848a9c-3af1-5b9f-b99f-6501f16d2721,99ccf424-ac6d-5cab-81fe-fa01c9f7e472,d46a5660-353b-539a-aa08-5c9a0dec58ed,COMPLETED,2024-08-03,2026-07-17,Y09,"KaushalSetu synthetic generator v2, seed 20260929",2026-09-28T12:00:00+05:30,"SYNTHETIC demo data (KaushalSetu SIH prototype): fictional entities, team-assumed numbers, not real or official statistics.",true
dd0eb179-12d5-5e12-b238-fbff9d9051b3,c9610278-ed11-561c-82f0-089ec129d3c7,d46a5660-353b-539a-aa08-5c9a0dec58ed,COMPLETED,2024-08-09,2026-07-28,Y09,"KaushalSetu synthetic generator v2, seed 20260929",2026-09-28T12:00:00+05:30,"SYNTHETIC demo data (KaushalSetu SIH prototype): fictional entities, team-assumed numbers, not real or official statistics.",true
9f96f794-a741-57a7-b545-af78aaa18543,26aaac4d-97ed-54d7-87b6-842fa006479b,d46a5660-353b-539a-aa08-5c9a0dec58ed,COMPLETED,2024-08-18,2026-07-30,Y09,"KaushalSetu synthetic generator v2, seed 20260929",2026-09-28T12:00:00+05:30,"SYNTHETIC demo data (KaushalSetu SIH prototype): fictional entities, team-assumed numbers, not real or official statistics.",true
d6fa016d-aca1-5c65-a8c2-fa48eb12dce5,29f7dfcf-702f-5e5d-abf1-1ea307944bac,d46a5660-353b-539a-aa08-5c9a0dec58ed,COMPLETED,2024-08-22,2026-07-18,Y09,"KaushalSetu synthetic generator v2, seed 20260929",2026-09-28T12:00:00+05:30,"SYNTHETIC demo data (KaushalSetu SIH prototype): fictional entities, team-assumed numbers, not real or official statistics.",true
bf733614-f922-5391-8a50-802c106e1e25,d73b61e4-0ed3-5fd0-a64e-2f3ac727ddd2,d46a5660-353b-539a-aa08-5c9a0dec58ed,COMPLETED,2024-08-01,2026-07-19,Y09,"KaushalSetu synthetic generator v2, seed 20260929",2026-09-28T12:00:00+05:30,"SYNTHETIC demo data (KaushalSetu SIH prototype): fictional entities, team-assumed numbers, not real or official statistics.",true
d6da43fd-b9c0-5f60-ae85-68c20908e1e3,f6025561-3676-5e9d-af2d-20363f1ba643,d46a5660-353b-539a-aa08-5c9a0dec58ed,COMPLETED,2024-08-13,2026-07-17,Y09,"KaushalSetu synthetic generator v2, seed 20260929",2026-09-28T12:00:00+05:30,"SYNTHETIC demo data (KaushalSetu SIH prototype): fictional entities, team-assumed numbers, not real or official statistics.",true
0058fa3c-450f-563b-a881-b7576befc6ee,5aff23f4-8def-58a3-941f-403ba550b465,d46a5660-353b-539a-aa08-5c9a0dec58ed,COMPLETED,2024-08-19,2026-07-17,Y09,"KaushalSetu synthetic generator v2, seed 20260929",2026-09-28T12:00:00+05:30,"SYNTHETIC demo data (KaushalSetu SIH prototype): fictional entities, team-assumed numbers, not real or official statistics.",true
9ec9c1e1-dc7f-50d9-baca-3464d9f0c212,bafc417e-d5f2-5e05-b8ac-686c73bdcdd5,d46a5660-353b-539a-aa08-5c9a0dec58ed,COMPLETED,2024-08-20,2026-07-30,Y09,"KaushalSetu synthetic generator v2, seed 20260929",2026-09-28T12:00:00+05:30,"SYNTHETIC demo data (KaushalSetu SIH prototype): fictional entities, team-assumed numbers, not real or official statistics.",true
88d4ff40-87e5-5851-8950-6db7c436ac25,83b01f56-5668-584f-8725-c6fc5352ec20,d46a5660-353b-539a-aa08-5c9a0dec58ed,COMPLETED,2024-08-25,2026-07-27,Y09,"KaushalSetu synthetic generator v2, seed 20260929",2026-09-28T12:00:00+05:30,"SYNTHETIC demo data (KaushalSetu SIH prototype): fictional entities, team-assumed numbers, not real or official statistics.",true
678719ce-3698-5c8a-8836-b9b4ea0afe73,37690821-f037-5013-80a1-5daa4ba64bbc,d46a5660-353b-539a-aa08-5c9a0dec58ed,COMPLETED,2024-08-10,2026-07-28,Y09,"KaushalSetu synthetic generator v2, seed 20260929",2026-09-28T12:00:00+05:30,"SYNTHETIC demo data (KaushalSetu SIH prototype): fictional entities, team-assumed numbers, not real or official statistics.",true
482cc4f9-fec8-5101-93a5-e3a4de71e222,ec05602f-62f9-57ee-91c1-ecb358be60ac,d46a5660-353b-539a-aa08-5c9a0dec58ed,COMPLETED,2024-08-31,2026-07-20,Y09,"KaushalSetu synthetic generator v2, seed 20260929",2026-09-28T12:00:00+05:30,"SYNTHETIC demo data (KaushalSetu SIH prototype): fictional entities, team-assumed numbers, not real or official statistics.",true
52905e95-0b8c-57ac-95aa-1018e4ee6ebc,ddc5bdd1-ac25-5d54-9d3c-18fe7e2f9132,d46a5660-353b-539a-aa08-5c9a0dec58ed,COMPLETED,2024-08-24,2026-07-15,Y09,"KaushalSetu synthetic generator v2, seed 20260929",2026-09-28T12:00:00+05:30,"SYNTHETIC demo data (KaushalSetu SIH prototype): fictional entities, team-assumed numbers, not real or official statistics.",true
1a2fa321-4b15-5e68-b1a4-08b388009e08,6bcbfc22-a25f-5e88-8ac2-f29d538122ec,d46a5660-353b-539a-aa08-5c9a0dec58ed,COMPLETED,2024-08-04,2026-07-16,Y09,"KaushalSetu synthetic generator v2, seed 20260929",2026-09-28T12:00:00+05:30,"SYNTHETIC demo data (KaushalSetu SIH prototype): fictional entities, team-assumed numbers, not real or official statistics.",true
6fa0c528-3785-5098-856e-9ed3fa58e0ea,819edef8-ce0c-5d99-8907-27bb15d5ac23,d46a5660-353b-539a-aa08-5c9a0dec58ed,COMPLETED,2024-08-25,2026-07-17,Y09,"KaushalSetu synthetic generator v2, seed 20260929",2026-09-28T12:00:00+05:30,"SYNTHETIC demo data (KaushalSetu SIH prototype): fictional entities, team-assumed numbers, not real or official statistics.",true
35cb5761-ecf9-5b96-b49f-78ef95e87f4b,6e287d9a-ff4c-5236-9837-2b950a0b7c6d,d46a5660-353b-539a-aa08-5c9a0dec58ed,COMPLETED,2024-08-21,2026-07-25,Y09,"KaushalSetu synthetic generator v2, seed 20260929",2026-09-28T12:00:00+05:30,"SYNTHETIC demo data (KaushalSetu SIH prototype): fictional entities, team-assumed numbers, not real or official statistics.",true
86ea31db-4bd8-5196-ab65-fdc4b91a3325,73d49dc8-95d0-5a77-9f3a-788e5ff3b347,d46a5660-353b-539a-aa08-5c9a0dec58ed,COMPLETED,2024-08-14,2026-07-20,Y09,"KaushalSetu synthetic generator v2, seed 20260929",2026-09-28T12:00:00+05:30,"SYNTHETIC demo data (KaushalSetu SIH prototype): fictional entities, team-assumed numbers, not real or official statistics.",true
cec360c1-1a94-53f3-885b-3eaa4a8e6aa1,a13f3bf3-d7aa-5845-8156-1b23dd34fac4,d46a5660-353b-539a-aa08-5c9a0dec58ed,COMPLETED,2024-08-25,2026-07-22,Y09,"KaushalSetu synthetic generator v2, seed 20260929",2026-09-28T12:00:00+05:30,"SYNTHETIC demo data (KaushalSetu SIH prototype): fictional entities, team-assumed numbers, not real or official statistics.",true
81e7de40-85ae-5af9-82e6-b5b58d553745,61ff002d-dbce-5d09-a5be-b67f6ca2b3dc,d46a5660-353b-539a-aa08-5c9a0dec58ed,COMPLETED,2024-08-03,2026-07-23,Y09,"KaushalSetu synthetic generator v2, seed 20260929",2026-09-28T12:00:00+05:30,"SYNTHETIC demo data (KaushalSetu SIH prototype): fictional entities, team-assumed numbers, not real or official statistics.",true
1576c999-b1e5-59bc-b299-67e44d0ba4b8,7571faca-20b2-5b33-9c4e-1c4159489351,d46a5660-353b-539a-aa08-5c9a0dec58ed,COMPLETED,2024-08-14,2026-07-31,Y09,"KaushalSetu synthetic generator v2, seed 20260929",2026-09-28T12:00:00+05:30,"SYNTHETIC demo data (KaushalSetu SIH prototype): fictional entities, team-assumed numbers, not real or official statistics.",true
fa5b6f7d-1024-5041-92e2-59de86e5293b,ab3f8122-82b1-5a53-988b-9fb894524166,d46a5660-353b-539a-aa08-5c9a0dec58ed,COMPLETED,2024-08-16,2026-07-17,Y09,"KaushalSetu synthetic generator v2, seed 20260929",2026-09-28T12:00:00+05:30,"SYNTHETIC demo data (KaushalSetu SIH prototype): fictional entities, team-assumed numbers, not real or official statistics.",true
f7caf091-48b4-5c76-a870-2b5d2a075cf4,666fdb49-12b7-5fcd-9f13-1e45a1aea2de,d46a5660-353b-539a-aa08-5c9a0dec58ed,COMPLETED,2024-08-01,2026-07-24,Y09,"KaushalSetu synthetic generator v2, seed 20260929",2026-09-28T12:00:00+05:30,"SYNTHETIC demo data (KaushalSetu SIH prototype): fictional entities, team-assumed numbers, not real or official statistics.",true
370e8be6-68a2-5fff-a7fd-67a7172671d1,b74b7423-32a6-5e72-9f2f-c2ba417e9f13,d46a5660-353b-539a-aa08-5c9a0dec58ed,COMPLETED,2024-08-20,2026-07-16,Y09,"KaushalSetu synthetic generator v2, seed 20260929",2026-09-28T12:00:00+05:30,"SYNTHETIC demo data (KaushalSetu SIH prototype): fictional entities, team-assumed numbers, not real or official statistics.",true
edc97021-a23e-5b44-bed4-0b1452b9111f,19640dc3-7759-53bd-8142-61561aa8b4ba,d46a5660-353b-539a-aa08-5c9a0dec58ed,COMPLETED,2024-08-15,2026-07-31,Y09,"KaushalSetu synthetic generator v2, seed 20260929",2026-09-28T12:00:00+05:30,"SYNTHETIC demo data (KaushalSetu SIH prototype): fictional entities, team-assumed numbers, not real or official statistics.",true
9a269fb3-89df-5aa7-8f11-66346defa6bc,1ee8f94e-b9fe-56fe-a5c4-12698f6155c3,d46a5660-353b-539a-aa08-5c9a0dec58ed,COMPLETED,2024-08-02,2026-07-25,Y09,"KaushalSetu synthetic generator v2, seed 20260929",2026-09-28T12:00:00+05:30,"SYNTHETIC demo data (KaushalSetu SIH prototype): fictional entities, team-assumed numbers, not real or official statistics.",true
813540b9-a260-5d41-81ab-15030459f291,63594d7f-ec1c-5595-b54b-08108fc0ee9e,d46a5660-353b-539a-aa08-5c9a0dec58ed,COMPLETED,2024-08-16,2026-07-18,Y09,"KaushalSetu synthetic generator v2, seed 20260929",2026-09-28T12:00:00+05:30,"SYNTHETIC demo data (KaushalSetu SIH prototype): fictional entities, team-assumed numbers, not real or official statistics.",true
c4540e0d-5a6e-58cc-9309-5e6298df6256,fc7d77f8-edbb-53ac-8e3e-127178267710,d46a5660-353b-539a-aa08-5c9a0dec58ed,COMPLETED,2024-08-27,2026-07-30,Y09,"KaushalSetu synthetic generator v2, seed 20260929",2026-09-28T12:00:00+05:30,"SYNTHETIC demo data (KaushalSetu SIH prototype): fictional entities, team-assumed numbers, not real or official statistics.",true
e0aa3a46-d126-5ca7-889d-3ae925ae6bd4,768d332f-457b-5824-8110-b4676d82ea68,d46a5660-353b-539a-aa08-5c9a0dec58ed,COMPLETED,2024-08-11,2026-07-21,Y09,"KaushalSetu synthetic generator v2, seed 20260929",2026-09-28T12:00:00+05:30,"SYNTHETIC demo data (KaushalSetu SIH prototype): fictional entities, team-assumed numbers, not real or official statistics.",true
ea44181a-65b1-524a-9181-70c3905a45a0,387d0a93-0175-5707-ab84-3b0f96628959,d46a5660-353b-539a-aa08-5c9a0dec58ed,COMPLETED,2024-08-08,2026-07-27,Y09,"KaushalSetu synthetic generator v2, seed 20260929",2026-09-28T12:00:00+05:30,"SYNTHETIC demo data (KaushalSetu SIH prototype): fictional entities, team-assumed numbers, not real or official statistics.",true
d100701e-5802-5b7f-83d0-d97a25f48722,5bbd34ab-797e-58bf-87fa-45672ae294b9,d46a5660-353b-539a-aa08-5c9a0dec58ed,COMPLETED,2024-08-04,2026-07-26,Y09,"KaushalSetu synthetic generator v2, seed 20260929",2026-09-28T12:00:00+05:30,"SYNTHETIC demo data (KaushalSetu SIH prototype): fictional entities, team-assumed numbers, not real or official statistics.",true
496866ef-ccfb-59cf-a9c0-64d243be1fc1,e3de7eb6-4c8d-5b33-8116-c67a10e6a8bb,d46a5660-353b-539a-aa08-5c9a0dec58ed,COMPLETED,2024-08-16,2026-07-29,Y09,"KaushalSetu synthetic generator v2, seed 20260929",2026-09-28T12:00:00+05:30,"SYNTHETIC demo data (KaushalSetu SIH prototype): fictional entities, team-assumed numbers, not real or official statistics.",true
41d98dde-e172-5420-b6f6-82c30c5b292b,b2436a7e-7101-5f89-9247-4c23dcd22620,47be4da4-4d67-5fc2-87c2-d29ce4fb33b0,COMPLETED,2023-08-13,2025-07-15,Y09,"KaushalSetu synthetic generator v2, seed 20260929",2026-09-28T12:00:00+05:30,"SYNTHETIC demo data (KaushalSetu SIH prototype): fictional entities, team-assumed numbers, not real or official statistics.",true
5004973e-a8b7-590e-8e28-bd9462f68c8f,0a5e0e15-fdf9-5e83-8f71-6f5c9dd8f522,47be4da4-4d67-5fc2-87c2-d29ce4fb33b0,COMPLETED,2023-08-07,2025-07-31,Y09,"KaushalSetu synthetic generator v2, seed 20260929",2026-09-28T12:00:00+05:30,"SYNTHETIC demo data (KaushalSetu SIH prototype): fictional entities, team-assumed numbers, not real or official statistics.",true
a8735237-cb49-50d3-8cf8-df66d21aede8,659fae9a-a273-582b-9a89-91cbd827d447,47be4da4-4d67-5fc2-87c2-d29ce4fb33b0,COMPLETED,2023-08-06,2025-07-22,Y09,"KaushalSetu synthetic generator v2, seed 20260929",2026-09-28T12:00:00+05:30,"SYNTHETIC demo data (KaushalSetu SIH prototype): fictional entities, team-assumed numbers, not real or official statistics.",true
18ad504c-24b3-576f-bfdb-b8a53bc81fef,74583871-83ad-5647-a123-5e58e2f0236b,47be4da4-4d67-5fc2-87c2-d29ce4fb33b0,COMPLETED,2023-08-12,2025-07-15,Y09,"KaushalSetu synthetic generator v2, seed 20260929",2026-09-28T12:00:00+05:30,"SYNTHETIC demo data (KaushalSetu SIH prototype): fictional entities, team-assumed numbers, not real or official statistics.",true
04463615-40a3-564d-88f4-0e06b5cb7d4f,32e7092b-2137-5b7a-b49a-ac0971786ee7,47be4da4-4d67-5fc2-87c2-d29ce4fb33b0,COMPLETED,2023-08-17,2025-07-18,Y09,"KaushalSetu synthetic generator v2, seed 20260929",2026-09-28T12:00:00+05:30,"SYNTHETIC demo data (KaushalSetu SIH prototype): fictional entities, team-assumed numbers, not real or official statistics.",true
9ad5edc8-4e5a-5d03-b1f6-eb581d6b23b1,6e9dfb7d-a153-53ee-9db3-f0930ca9ae80,47be4da4-4d67-5fc2-87c2-d29ce4fb33b0,COMPLETED,2023-08-09,2025-07-26,Y09,"KaushalSetu synthetic generator v2, seed 20260929",2026-09-28T12:00:00+05:30,"SYNTHETIC demo data (KaushalSetu SIH prototype): fictional entities, team-assumed numbers, not real or official statistics.",true
0347e049-5a29-5695-b851-db92adb1cd46,5b2e62a4-3ed5-50cc-906c-301da50a4b84,47be4da4-4d67-5fc2-87c2-d29ce4fb33b0,COMPLETED,2023-08-09,2025-07-22,Y09,"KaushalSetu synthetic generator v2, seed 20260929",2026-09-28T12:00:00+05:30,"SYNTHETIC demo data (KaushalSetu SIH prototype): fictional entities, team-assumed numbers, not real or official statistics.",true
5e5faf83-e449-5398-a529-cb7cdedc395f,58f5126f-7b19-546f-90ff-eed0bf71f6b2,47be4da4-4d67-5fc2-87c2-d29ce4fb33b0,COMPLETED,2023-08-22,2025-07-25,Y09,"KaushalSetu synthetic generator v2, seed 20260929",2026-09-28T12:00:00+05:30,"SYNTHETIC demo data (KaushalSetu SIH prototype): fictional entities, team-assumed numbers, not real or official statistics.",true
cef4dac6-9910-5c2e-8537-cd25f2fd6c6a,1f1dccd0-5420-5225-bdf5-7f9688ff093a,47be4da4-4d67-5fc2-87c2-d29ce4fb33b0,COMPLETED,2023-08-07,2025-07-31,Y09,"KaushalSetu synthetic generator v2, seed 20260929",2026-09-28T12:00:00+05:30,"SYNTHETIC demo data (KaushalSetu SIH prototype): fictional entities, team-assumed numbers, not real or official statistics.",true
16dbe545-4893-52ce-ba4e-ee898faedfd4,359c6691-ea7d-5dae-a995-639a4f4bfa8a,47be4da4-4d67-5fc2-87c2-d29ce4fb33b0,COMPLETED,2023-08-25,2025-07-27,Y09,"KaushalSetu synthetic generator v2, seed 20260929",2026-09-28T12:00:00+05:30,"SYNTHETIC demo data (KaushalSetu SIH prototype): fictional entities, team-assumed numbers, not real or official statistics.",true
78e4f4c2-bffe-5043-b789-06157353a9c2,2c8d4f28-fcea-53a7-ac2c-877f147f9e09,47be4da4-4d67-5fc2-87c2-d29ce4fb33b0,COMPLETED,2023-08-28,2025-07-15,Y09,"KaushalSetu synthetic generator v2, seed 20260929",2026-09-28T12:00:00+05:30,"SYNTHETIC demo data (KaushalSetu SIH prototype): fictional entities, team-assumed numbers, not real or official statistics.",true
ac9bfe9f-686b-5543-aa47-490c26b0e0ef,97bc2f71-a0be-5e96-aae7-378f367ce597,47be4da4-4d67-5fc2-87c2-d29ce4fb33b0,COMPLETED,2023-08-19,2025-07-19,Y09,"KaushalSetu synthetic generator v2, seed 20260929",2026-09-28T12:00:00+05:30,"SYNTHETIC demo data (KaushalSetu SIH prototype): fictional entities, team-assumed numbers, not real or official statistics.",true
7ba56754-197f-524b-b2f6-61679dc9f874,00b1c150-eb29-5304-a73f-07a8b384e8d0,47be4da4-4d67-5fc2-87c2-d29ce4fb33b0,COMPLETED,2023-08-13,2025-07-18,Y09,"KaushalSetu synthetic generator v2, seed 20260929",2026-09-28T12:00:00+05:30,"SYNTHETIC demo data (KaushalSetu SIH prototype): fictional entities, team-assumed numbers, not real or official statistics.",true
b73977ea-2630-5cb1-a507-67999b8f4166,d43cc490-0052-5630-aa5e-a27d156e0b75,47be4da4-4d67-5fc2-87c2-d29ce4fb33b0,COMPLETED,2023-08-30,2025-07-17,Y09,"KaushalSetu synthetic generator v2, seed 20260929",2026-09-28T12:00:00+05:30,"SYNTHETIC demo data (KaushalSetu SIH prototype): fictional entities, team-assumed numbers, not real or official statistics.",true
446ed1ed-6d12-559a-bd7f-1f0cc59ead64,c6b0e0bb-3af6-5e15-b8d9-3634de177c9c,47be4da4-4d67-5fc2-87c2-d29ce4fb33b0,COMPLETED,2023-08-29,2025-07-30,Y09,"KaushalSetu synthetic generator v2, seed 20260929",2026-09-28T12:00:00+05:30,"SYNTHETIC demo data (KaushalSetu SIH prototype): fictional entities, team-assumed numbers, not real or official statistics.",true
62cb78d2-a81d-53fe-bb37-dff8b45339ab,2f523f18-09dd-58dd-96c2-40962d74c3fb,47be4da4-4d67-5fc2-87c2-d29ce4fb33b0,DROPPED,2023-08-30,,Y09,"KaushalSetu synthetic generator v2, seed 20260929",2026-09-28T12:00:00+05:30,"SYNTHETIC demo data (KaushalSetu SIH prototype): fictional entities, team-assumed numbers, not real or official statistics.",true
8679b09e-0e86-5b48-beeb-958a3847a409,0f75bd9a-6420-567a-bfff-9e2d3b228f19,47be4da4-4d67-5fc2-87c2-d29ce4fb33b0,COMPLETED,2023-08-08,2025-07-26,Y09,"KaushalSetu synthetic generator v2, seed 20260929",2026-09-28T12:00:00+05:30,"SYNTHETIC demo data (KaushalSetu SIH prototype): fictional entities, team-assumed numbers, not real or official statistics.",true
c4ae4995-60f5-56d6-b378-c8d4fe4ee5a6,148fadbf-dbba-59aa-a07e-686c18702687,47be4da4-4d67-5fc2-87c2-d29ce4fb33b0,COMPLETED,2023-08-18,2025-07-23,Y09,"KaushalSetu synthetic generator v2, seed 20260929",2026-09-28T12:00:00+05:30,"SYNTHETIC demo data (KaushalSetu SIH prototype): fictional entities, team-assumed numbers, not real or official statistics.",true
c6b75548-d7bc-54e1-a1bd-82aed6ec6c31,fe8e7376-7aac-5954-b379-3ba06ed81274,47be4da4-4d67-5fc2-87c2-d29ce4fb33b0,COMPLETED,2023-08-24,2025-07-19,Y09,"KaushalSetu synthetic generator v2, seed 20260929",2026-09-28T12:00:00+05:30,"SYNTHETIC demo data (KaushalSetu SIH prototype): fictional entities, team-assumed numbers, not real or official statistics.",true
22c880f7-0556-501b-988c-5d8552ab5770,1f202689-4fa4-5a6f-87be-4f0abb40246a,47be4da4-4d67-5fc2-87c2-d29ce4fb33b0,COMPLETED,2023-08-11,2025-07-23,Y09,"KaushalSetu synthetic generator v2, seed 20260929",2026-09-28T12:00:00+05:30,"SYNTHETIC demo data (KaushalSetu SIH prototype): fictional entities, team-assumed numbers, not real or official statistics.",true
54c2ef9e-8bba-59f8-b565-0737a43731ee,db512330-8792-5fcd-901f-f1dadda4ef6c,47be4da4-4d67-5fc2-87c2-d29ce4fb33b0,COMPLETED,2023-08-24,2025-07-21,Y09,"KaushalSetu synthetic generator v2, seed 20260929",2026-09-28T12:00:00+05:30,"SYNTHETIC demo data (KaushalSetu SIH prototype): fictional entities, team-assumed numbers, not real or official statistics.",true
fc29051e-9183-5ebc-8f0d-a1a8acbdfd0e,9e8f5a2d-223e-5e0f-a313-67816e95bd36,47be4da4-4d67-5fc2-87c2-d29ce4fb33b0,COMPLETED,2023-08-21,2025-07-16,Y09,"KaushalSetu synthetic generator v2, seed 20260929",2026-09-28T12:00:00+05:30,"SYNTHETIC demo data (KaushalSetu SIH prototype): fictional entities, team-assumed numbers, not real or official statistics.",true
05a2109e-d14c-584f-8a80-6822f877e0d5,6c9e68f9-3d6f-52ce-9c60-0e9ecf9583a9,47be4da4-4d67-5fc2-87c2-d29ce4fb33b0,COMPLETED,2023-08-27,2025-07-18,Y09,"KaushalSetu synthetic generator v2, seed 20260929",2026-09-28T12:00:00+05:30,"SYNTHETIC demo data (KaushalSetu SIH prototype): fictional entities, team-assumed numbers, not real or official statistics.",true
1cf8d293-a69d-5c59-8c12-a8ea5367500d,5bb8efe6-eb34-5557-a827-1bd6270e3264,47be4da4-4d67-5fc2-87c2-d29ce4fb33b0,COMPLETED,2023-08-15,2025-07-20,Y09,"KaushalSetu synthetic generator v2, seed 20260929",2026-09-28T12:00:00+05:30,"SYNTHETIC demo data (KaushalSetu SIH prototype): fictional entities, team-assumed numbers, not real or official statistics.",true
d6beb84a-21ea-5437-8ec6-db0bfdd62337,0fffdbe2-db11-5855-9f9a-1654d9aaf3dd,47be4da4-4d67-5fc2-87c2-d29ce4fb33b0,COMPLETED,2023-08-06,2025-07-15,Y09,"KaushalSetu synthetic generator v2, seed 20260929",2026-09-28T12:00:00+05:30,"SYNTHETIC demo data (KaushalSetu SIH prototype): fictional entities, team-assumed numbers, not real or official statistics.",true
2db0a744-c2b4-5ec1-a2f2-2ebe2611b474,e09e97d4-f0b6-5974-a608-c9c7b95fe710,47be4da4-4d67-5fc2-87c2-d29ce4fb33b0,COMPLETED,2023-08-04,2025-07-22,Y09,"KaushalSetu synthetic generator v2, seed 20260929",2026-09-28T12:00:00+05:30,"SYNTHETIC demo data (KaushalSetu SIH prototype): fictional entities, team-assumed numbers, not real or official statistics.",true
4e26f3f5-0429-56ef-851c-be8077919c40,8b932940-fb46-5d0e-823f-49ab81fc4a1a,47be4da4-4d67-5fc2-87c2-d29ce4fb33b0,COMPLETED,2023-08-28,2025-07-16,Y09,"KaushalSetu synthetic generator v2, seed 20260929",2026-09-28T12:00:00+05:30,"SYNTHETIC demo data (KaushalSetu SIH prototype): fictional entities, team-assumed numbers, not real or official statistics.",true
71a3cb33-0412-5eca-9a7b-54e7e571e40d,be86379d-2b82-5e3a-83d2-3f30b249862f,47be4da4-4d67-5fc2-87c2-d29ce4fb33b0,COMPLETED,2023-08-31,2025-07-31,Y09,"KaushalSetu synthetic generator v2, seed 20260929",2026-09-28T12:00:00+05:30,"SYNTHETIC demo data (KaushalSetu SIH prototype): fictional entities, team-assumed numbers, not real or official statistics.",true
a0b8503d-321d-58d1-ac43-272576b33d2a,0b6f21d2-57d1-5c2f-8691-c30d7835f9d1,47be4da4-4d67-5fc2-87c2-d29ce4fb33b0,COMPLETED,2023-08-14,2025-07-27,Y09,"KaushalSetu synthetic generator v2, seed 20260929",2026-09-28T12:00:00+05:30,"SYNTHETIC demo data (KaushalSetu SIH prototype): fictional entities, team-assumed numbers, not real or official statistics.",true
c71ee686-8c3c-5092-9eba-5cc0371ab7f9,f5789067-c890-5cb6-8700-c319a8796d67,47be4da4-4d67-5fc2-87c2-d29ce4fb33b0,COMPLETED,2023-08-21,2025-07-23,Y09,"KaushalSetu synthetic generator v2, seed 20260929",2026-09-28T12:00:00+05:30,"SYNTHETIC demo data (KaushalSetu SIH prototype): fictional entities, team-assumed numbers, not real or official statistics.",true
e46f399b-c5af-5f97-b038-2adfd50b0640,77fb19df-a2e6-55e1-8dc2-496733ad8dcf,47be4da4-4d67-5fc2-87c2-d29ce4fb33b0,COMPLETED,2023-08-25,2025-07-31,Y09,"KaushalSetu synthetic generator v2, seed 20260929",2026-09-28T12:00:00+05:30,"SYNTHETIC demo data (KaushalSetu SIH prototype): fictional entities, team-assumed numbers, not real or official statistics.",true
d086b2ad-385a-5cd6-9f94-637ca5d40d68,b58b580b-9b49-56ad-a609-0fc80c83237c,47be4da4-4d67-5fc2-87c2-d29ce4fb33b0,COMPLETED,2023-08-02,2025-07-27,Y09,"KaushalSetu synthetic generator v2, seed 20260929",2026-09-28T12:00:00+05:30,"SYNTHETIC demo data (KaushalSetu SIH prototype): fictional entities, team-assumed numbers, not real or official statistics.",true
5f71ce36-c290-59f0-809a-f8347687925c,4cbe67f0-6ab2-5224-b2b6-5351c3c1ac8e,47be4da4-4d67-5fc2-87c2-d29ce4fb33b0,COMPLETED,2023-08-30,2025-07-17,Y09,"KaushalSetu synthetic generator v2, seed 20260929",2026-09-28T12:00:00+05:30,"SYNTHETIC demo data (KaushalSetu SIH prototype): fictional entities, team-assumed numbers, not real or official statistics.",true
0d701300-5cc2-5d75-ba25-a6b895513781,53417e2f-4a37-5ef0-8ded-6d31aa979366,47be4da4-4d67-5fc2-87c2-d29ce4fb33b0,DROPPED,2023-08-21,,Y09,"KaushalSetu synthetic generator v2, seed 20260929",2026-09-28T12:00:00+05:30,"SYNTHETIC demo data (KaushalSetu SIH prototype): fictional entities, team-assumed numbers, not real or official statistics.",true
30acd7e7-c1bc-55a6-ba81-1f1a54d329c0,88d731d6-07e7-562b-a038-d07b05fd2133,47be4da4-4d67-5fc2-87c2-d29ce4fb33b0,COMPLETED,2023-08-13,2025-07-27,Y09,"KaushalSetu synthetic generator v2, seed 20260929",2026-09-28T12:00:00+05:30,"SYNTHETIC demo data (KaushalSetu SIH prototype): fictional entities, team-assumed numbers, not real or official statistics.",true
228a177b-442e-504b-b519-befb580e15c6,2764e22e-869a-5484-95cc-cbb7294d4838,47be4da4-4d67-5fc2-87c2-d29ce4fb33b0,DROPPED,2023-08-30,,Y09,"KaushalSetu synthetic generator v2, seed 20260929",2026-09-28T12:00:00+05:30,"SYNTHETIC demo data (KaushalSetu SIH prototype): fictional entities, team-assumed numbers, not real or official statistics.",true
6de780df-b449-5da5-92fc-b3c2371b5f81,27cf63e5-5345-5507-be9d-105f6e39a50a,47be4da4-4d67-5fc2-87c2-d29ce4fb33b0,COMPLETED,2023-08-31,2025-07-29,Y09,"KaushalSetu synthetic generator v2, seed 20260929",2026-09-28T12:00:00+05:30,"SYNTHETIC demo data (KaushalSetu SIH prototype): fictional entities, team-assumed numbers, not real or official statistics.",true
8734d739-1a71-5ce7-a17b-dbbc1708435d,00ecf29f-b5d8-5c43-8489-6ad4f33ed45e,47be4da4-4d67-5fc2-87c2-d29ce4fb33b0,COMPLETED,2023-08-07,2025-07-30,Y09,"KaushalSetu synthetic generator v2, seed 20260929",2026-09-28T12:00:00+05:30,"SYNTHETIC demo data (KaushalSetu SIH prototype): fictional entities, team-assumed numbers, not real or official statistics.",true
64772c22-be2e-5496-9c91-65c62ef9e650,f5caaaed-db07-563d-9b8f-4308e70888f1,47be4da4-4d67-5fc2-87c2-d29ce4fb33b0,DROPPED,2023-08-23,,Y09,"KaushalSetu synthetic generator v2, seed 20260929",2026-09-28T12:00:00+05:30,"SYNTHETIC demo data (KaushalSetu SIH prototype): fictional entities, team-assumed numbers, not real or official statistics.",true
18336e1f-d753-540c-829f-6f3765dfb629,52dea270-60a7-5bff-a4e6-635e2ce8f785,47be4da4-4d67-5fc2-87c2-d29ce4fb33b0,COMPLETED,2023-08-18,2025-07-16,Y09,"KaushalSetu synthetic generator v2, seed 20260929",2026-09-28T12:00:00+05:30,"SYNTHETIC demo data (KaushalSetu SIH prototype): fictional entities, team-assumed numbers, not real or official statistics.",true
4c02401f-25ff-50ae-817c-14e5b337fa70,c35a529a-69d7-500d-b997-14041fd9646c,47be4da4-4d67-5fc2-87c2-d29ce4fb33b0,COMPLETED,2023-08-13,2025-07-28,Y09,"KaushalSetu synthetic generator v2, seed 20260929",2026-09-28T12:00:00+05:30,"SYNTHETIC demo data (KaushalSetu SIH prototype): fictional entities, team-assumed numbers, not real or official statistics.",true
685ae70d-6c18-591a-bc22-b5ebc1cfd5bc,c65c05b4-f2f4-5b8e-80a9-9cb5ef80c611,47be4da4-4d67-5fc2-87c2-d29ce4fb33b0,COMPLETED,2023-08-16,2025-07-27,Y09,"KaushalSetu synthetic generator v2, seed 20260929",2026-09-28T12:00:00+05:30,"SYNTHETIC demo data (KaushalSetu SIH prototype): fictional entities, team-assumed numbers, not real or official statistics.",true
0bf4ba75-41fa-5817-84db-7764ae393440,870a7881-b940-50a3-baf1-f568b529aec4,47be4da4-4d67-5fc2-87c2-d29ce4fb33b0,COMPLETED,2023-08-15,2025-07-27,Y09,"KaushalSetu synthetic generator v2, seed 20260929",2026-09-28T12:00:00+05:30,"SYNTHETIC demo data (KaushalSetu SIH prototype): fictional entities, team-assumed numbers, not real or official statistics.",true
0737a772-2bb5-5a8f-b5e4-546049e8c936,d14b3dfc-3514-50de-b90a-fd4e9656994a,47be4da4-4d67-5fc2-87c2-d29ce4fb33b0,COMPLETED,2023-08-10,2025-07-19,Y09,"KaushalSetu synthetic generator v2, seed 20260929",2026-09-28T12:00:00+05:30,"SYNTHETIC demo data (KaushalSetu SIH prototype): fictional entities, team-assumed numbers, not real or official statistics.",true
cf148639-1364-5bff-a0b4-6750abe81be9,6f2ef1ec-2243-5578-b6ba-e03c1964c913,47be4da4-4d67-5fc2-87c2-d29ce4fb33b0,COMPLETED,2023-08-12,2025-07-31,Y09,"KaushalSetu synthetic generator v2, seed 20260929",2026-09-28T12:00:00+05:30,"SYNTHETIC demo data (KaushalSetu SIH prototype): fictional entities, team-assumed numbers, not real or official statistics.",true
d6ff75b0-2298-5b78-afc2-5e37b2aac9ed,8ac512a3-68d0-5d0f-b7e3-ef69456b0ba2,47be4da4-4d67-5fc2-87c2-d29ce4fb33b0,DROPPED,2023-08-07,,Y09,"KaushalSetu synthetic generator v2, seed 20260929",2026-09-28T12:00:00+05:30,"SYNTHETIC demo data (KaushalSetu SIH prototype): fictional entities, team-assumed numbers, not real or official statistics.",true
34dc5ba1-9741-5e6c-9807-7b5184b8defa,69da743f-5760-5c84-a052-e026ee318b1d,47be4da4-4d67-5fc2-87c2-d29ce4fb33b0,COMPLETED,2023-08-15,2025-07-18,Y09,"KaushalSetu synthetic generator v2, seed 20260929",2026-09-28T12:00:00+05:30,"SYNTHETIC demo data (KaushalSetu SIH prototype): fictional entities, team-assumed numbers, not real or official statistics.",true
085625a3-f9fb-5906-bafc-796415e896c2,f9a4cbb4-f376-5712-90cf-8408c8716df8,47be4da4-4d67-5fc2-87c2-d29ce4fb33b0,COMPLETED,2023-08-04,2025-07-29,Y09,"KaushalSetu synthetic generator v2, seed 20260929",2026-09-28T12:00:00+05:30,"SYNTHETIC demo data (KaushalSetu SIH prototype): fictional entities, team-assumed numbers, not real or official statistics.",true
e576b713-5457-59a7-8247-7fa6f62b69b7,38352ebe-47d4-5013-80de-73bd9855a4c6,47be4da4-4d67-5fc2-87c2-d29ce4fb33b0,COMPLETED,2023-08-10,2025-07-16,Y09,"KaushalSetu synthetic generator v2, seed 20260929",2026-09-28T12:00:00+05:30,"SYNTHETIC demo data (KaushalSetu SIH prototype): fictional entities, team-assumed numbers, not real or official statistics.",true
2630cbb6-9c5e-5d43-ad19-fe70f53eb12b,7d24c07a-213f-510c-988e-f67500d02c95,47be4da4-4d67-5fc2-87c2-d29ce4fb33b0,COMPLETED,2023-08-11,2025-07-19,Y09,"KaushalSetu synthetic generator v2, seed 20260929",2026-09-28T12:00:00+05:30,"SYNTHETIC demo data (KaushalSetu SIH prototype): fictional entities, team-assumed numbers, not real or official statistics.",true
afc6dfe0-c305-552f-b282-1501757ba5eb,d9040ada-0f39-5d21-948c-f38d2bcefcf7,47be4da4-4d67-5fc2-87c2-d29ce4fb33b0,COMPLETED,2023-08-02,2025-07-22,Y09,"KaushalSetu synthetic generator v2, seed 20260929",2026-09-28T12:00:00+05:30,"SYNTHETIC demo data (KaushalSetu SIH prototype): fictional entities, team-assumed numbers, not real or official statistics.",true
8845b63b-a1bf-5c0d-b733-b8f2e7b37b07,9f110940-8bb2-5ff3-b0fb-f87fc5b572d5,47be4da4-4d67-5fc2-87c2-d29ce4fb33b0,COMPLETED,2023-08-04,2025-07-24,Y09,"KaushalSetu synthetic generator v2, seed 20260929",2026-09-28T12:00:00+05:30,"SYNTHETIC demo data (KaushalSetu SIH prototype): fictional entities, team-assumed numbers, not real or official statistics.",true
63060a49-276a-5982-ae95-e5f7dae9e3c0,d74cd96d-b316-57d3-830e-a975f95c7a90,47be4da4-4d67-5fc2-87c2-d29ce4fb33b0,COMPLETED,2023-08-04,2025-07-20,Y09,"KaushalSetu synthetic generator v2, seed 20260929",2026-09-28T12:00:00+05:30,"SYNTHETIC demo data (KaushalSetu SIH prototype): fictional entities, team-assumed numbers, not real or official statistics.",true
972d52fc-a173-5ac8-8126-970fa783095d,6f9ba60b-f835-59f2-a2e3-b139e3288ade,47be4da4-4d67-5fc2-87c2-d29ce4fb33b0,COMPLETED,2023-08-04,2025-07-24,Y09,"KaushalSetu synthetic generator v2, seed 20260929",2026-09-28T12:00:00+05:30,"SYNTHETIC demo data (KaushalSetu SIH prototype): fictional entities, team-assumed numbers, not real or official statistics.",true
ec36e118-cf3e-5d03-aefb-c4bac662c7f0,f47ae26e-942e-5287-90c1-049e2400ac9c,3b277a30-50d4-5df9-8564-52c6c653cace,COMPLETED,2024-08-13,2026-07-20,Y09,"KaushalSetu synthetic generator v2, seed 20260929",2026-09-28T12:00:00+05:30,"SYNTHETIC demo data (KaushalSetu SIH prototype): fictional entities, team-assumed numbers, not real or official statistics.",true
4ccf8826-91a7-5f8e-9c66-31a1ee450b07,f3d2e378-3924-5758-af0d-31318289970e,3b277a30-50d4-5df9-8564-52c6c653cace,COMPLETED,2024-08-06,2026-07-25,Y09,"KaushalSetu synthetic generator v2, seed 20260929",2026-09-28T12:00:00+05:30,"SYNTHETIC demo data (KaushalSetu SIH prototype): fictional entities, team-assumed numbers, not real or official statistics.",true
1ac65d41-2f22-5355-8d68-eef6f3e4a4af,fd4c19f4-e633-5d78-abbe-f2e94510c6d5,3b277a30-50d4-5df9-8564-52c6c653cace,COMPLETED,2024-08-18,2026-07-20,Y09,"KaushalSetu synthetic generator v2, seed 20260929",2026-09-28T12:00:00+05:30,"SYNTHETIC demo data (KaushalSetu SIH prototype): fictional entities, team-assumed numbers, not real or official statistics.",true
00edbf8f-989f-5555-ac38-75e2fd11f69e,51700d09-548f-5f6c-964e-892d723b0dcf,3b277a30-50d4-5df9-8564-52c6c653cace,COMPLETED,2024-08-21,2026-07-18,Y09,"KaushalSetu synthetic generator v2, seed 20260929",2026-09-28T12:00:00+05:30,"SYNTHETIC demo data (KaushalSetu SIH prototype): fictional entities, team-assumed numbers, not real or official statistics.",true
0358577c-3643-5afd-8033-2f6b8a0ebb44,20368358-ec41-56d4-aaae-57a8416ca398,3b277a30-50d4-5df9-8564-52c6c653cace,COMPLETED,2024-08-21,2026-07-28,Y09,"KaushalSetu synthetic generator v2, seed 20260929",2026-09-28T12:00:00+05:30,"SYNTHETIC demo data (KaushalSetu SIH prototype): fictional entities, team-assumed numbers, not real or official statistics.",true
4a3a571c-d7a8-581d-a908-e97d52981a52,de4b2ee5-9aed-51e8-add6-a999a5e36dc8,3b277a30-50d4-5df9-8564-52c6c653cace,COMPLETED,2024-08-31,2026-07-28,Y09,"KaushalSetu synthetic generator v2, seed 20260929",2026-09-28T12:00:00+05:30,"SYNTHETIC demo data (KaushalSetu SIH prototype): fictional entities, team-assumed numbers, not real or official statistics.",true
d5db6e31-a3a5-549e-b614-39ca6a897933,ec561fb9-33ca-5e67-bb17-df0ccd97dd3e,3b277a30-50d4-5df9-8564-52c6c653cace,DROPPED,2024-08-20,,Y09,"KaushalSetu synthetic generator v2, seed 20260929",2026-09-28T12:00:00+05:30,"SYNTHETIC demo data (KaushalSetu SIH prototype): fictional entities, team-assumed numbers, not real or official statistics.",true
5ed1a60a-f24b-58a1-9ad5-df0d37ca7137,3fe61f07-4144-5a3a-86b5-ca7daa45404e,3b277a30-50d4-5df9-8564-52c6c653cace,COMPLETED,2024-08-14,2026-07-26,Y09,"KaushalSetu synthetic generator v2, seed 20260929",2026-09-28T12:00:00+05:30,"SYNTHETIC demo data (KaushalSetu SIH prototype): fictional entities, team-assumed numbers, not real or official statistics.",true
0a220dbe-3b6a-59a6-9286-8343f095b407,4d83c151-a7e0-562a-953d-338cb36906dc,3b277a30-50d4-5df9-8564-52c6c653cace,DROPPED,2024-08-15,,Y09,"KaushalSetu synthetic generator v2, seed 20260929",2026-09-28T12:00:00+05:30,"SYNTHETIC demo data (KaushalSetu SIH prototype): fictional entities, team-assumed numbers, not real or official statistics.",true
225f81f0-593c-5f8f-80fa-f386903f4aae,ff8c8d90-c64f-5839-941c-50d283fbcf29,3b277a30-50d4-5df9-8564-52c6c653cace,COMPLETED,2024-08-17,2026-07-24,Y09,"KaushalSetu synthetic generator v2, seed 20260929",2026-09-28T12:00:00+05:30,"SYNTHETIC demo data (KaushalSetu SIH prototype): fictional entities, team-assumed numbers, not real or official statistics.",true
75fbd6ec-b441-53c6-b3d7-24f40b3a4084,75bb4653-0575-5771-ad62-2dfc4209ff2d,3b277a30-50d4-5df9-8564-52c6c653cace,COMPLETED,2024-08-07,2026-07-29,Y09,"KaushalSetu synthetic generator v2, seed 20260929",2026-09-28T12:00:00+05:30,"SYNTHETIC demo data (KaushalSetu SIH prototype): fictional entities, team-assumed numbers, not real or official statistics.",true
d197b2d3-0f90-5296-91dc-f7900d4a7f22,b1ab8f4b-1c36-50f2-a999-98b52e475391,3b277a30-50d4-5df9-8564-52c6c653cace,COMPLETED,2024-08-04,2026-07-17,Y09,"KaushalSetu synthetic generator v2, seed 20260929",2026-09-28T12:00:00+05:30,"SYNTHETIC demo data (KaushalSetu SIH prototype): fictional entities, team-assumed numbers, not real or official statistics.",true
a9b9136f-fa5a-59fb-949a-6b0acac8db30,84e9421b-5ee5-5e03-92ef-b992b424f65a,3b277a30-50d4-5df9-8564-52c6c653cace,COMPLETED,2024-08-15,2026-07-23,Y09,"KaushalSetu synthetic generator v2, seed 20260929",2026-09-28T12:00:00+05:30,"SYNTHETIC demo data (KaushalSetu SIH prototype): fictional entities, team-assumed numbers, not real or official statistics.",true
984760f9-7807-5088-9ce3-a8bb57c3863b,b8b6ad69-95f4-58c9-97d2-5563d9a9d280,3b277a30-50d4-5df9-8564-52c6c653cace,COMPLETED,2024-08-18,2026-07-24,Y09,"KaushalSetu synthetic generator v2, seed 20260929",2026-09-28T12:00:00+05:30,"SYNTHETIC demo data (KaushalSetu SIH prototype): fictional entities, team-assumed numbers, not real or official statistics.",true
ea2ff93f-6986-5c1a-8c8e-c1fcd2d7c67a,2ce5a80a-212f-5905-b4a2-677f9580e08b,3b277a30-50d4-5df9-8564-52c6c653cace,COMPLETED,2024-08-21,2026-07-20,Y09,"KaushalSetu synthetic generator v2, seed 20260929",2026-09-28T12:00:00+05:30,"SYNTHETIC demo data (KaushalSetu SIH prototype): fictional entities, team-assumed numbers, not real or official statistics.",true
c6f8782b-cdd6-5900-98fb-49206787f903,6c180094-4ad2-5d7d-92c5-3121a8fd9717,3b277a30-50d4-5df9-8564-52c6c653cace,COMPLETED,2024-08-20,2026-07-25,Y09,"KaushalSetu synthetic generator v2, seed 20260929",2026-09-28T12:00:00+05:30,"SYNTHETIC demo data (KaushalSetu SIH prototype): fictional entities, team-assumed numbers, not real or official statistics.",true
a2d18a1b-b769-51b5-a1eb-cf216c71e15a,b1a5b9b4-ab86-5747-ba85-cd1c375b73d0,3b277a30-50d4-5df9-8564-52c6c653cace,COMPLETED,2024-08-12,2026-07-17,Y09,"KaushalSetu synthetic generator v2, seed 20260929",2026-09-28T12:00:00+05:30,"SYNTHETIC demo data (KaushalSetu SIH prototype): fictional entities, team-assumed numbers, not real or official statistics.",true
8531ac43-8970-5c0d-ad66-4b4fff06c2ac,026f1165-411f-553f-82ce-56dbf3d9f7bb,3b277a30-50d4-5df9-8564-52c6c653cace,DROPPED,2024-08-15,,Y09,"KaushalSetu synthetic generator v2, seed 20260929",2026-09-28T12:00:00+05:30,"SYNTHETIC demo data (KaushalSetu SIH prototype): fictional entities, team-assumed numbers, not real or official statistics.",true
191e7fde-c047-54e4-9aa5-3e775e62d77c,7f13f523-7769-5df3-a096-0c99c5b6da79,3b277a30-50d4-5df9-8564-52c6c653cace,COMPLETED,2024-08-14,2026-07-16,Y09,"KaushalSetu synthetic generator v2, seed 20260929",2026-09-28T12:00:00+05:30,"SYNTHETIC demo data (KaushalSetu SIH prototype): fictional entities, team-assumed numbers, not real or official statistics.",true
83c24b09-974b-5259-9098-0f47c224977e,ff4b56ef-ae49-5228-baf1-e4392e779cff,3b277a30-50d4-5df9-8564-52c6c653cace,COMPLETED,2024-08-30,2026-07-20,Y09,"KaushalSetu synthetic generator v2, seed 20260929",2026-09-28T12:00:00+05:30,"SYNTHETIC demo data (KaushalSetu SIH prototype): fictional entities, team-assumed numbers, not real or official statistics.",true
4340f1ee-c7c4-590c-807a-e5b8e71f67b2,770aa382-489c-5c0c-a926-fcc16f1cc870,3b277a30-50d4-5df9-8564-52c6c653cace,COMPLETED,2024-08-07,2026-07-24,Y09,"KaushalSetu synthetic generator v2, seed 20260929",2026-09-28T12:00:00+05:30,"SYNTHETIC demo data (KaushalSetu SIH prototype): fictional entities, team-assumed numbers, not real or official statistics.",true
a4d15ed5-4b67-5d5b-955c-5f008938f46f,27722689-f571-5243-b302-26970d9f03b5,3b277a30-50d4-5df9-8564-52c6c653cace,COMPLETED,2024-08-07,2026-07-25,Y09,"KaushalSetu synthetic generator v2, seed 20260929",2026-09-28T12:00:00+05:30,"SYNTHETIC demo data (KaushalSetu SIH prototype): fictional entities, team-assumed numbers, not real or official statistics.",true
6d3d6e40-d102-52ae-a211-0d4fcff4b11b,31731a43-e5f6-5479-bccc-cce8c0962dc0,3b277a30-50d4-5df9-8564-52c6c653cace,COMPLETED,2024-08-13,2026-07-30,Y09,"KaushalSetu synthetic generator v2, seed 20260929",2026-09-28T12:00:00+05:30,"SYNTHETIC demo data (KaushalSetu SIH prototype): fictional entities, team-assumed numbers, not real or official statistics.",true
6ee3d1b1-961b-58ba-b7d2-4a86186a6eed,a7d33b51-a045-5286-8d92-1609929fb1f1,3b277a30-50d4-5df9-8564-52c6c653cace,COMPLETED,2024-08-24,2026-07-29,Y09,"KaushalSetu synthetic generator v2, seed 20260929",2026-09-28T12:00:00+05:30,"SYNTHETIC demo data (KaushalSetu SIH prototype): fictional entities, team-assumed numbers, not real or official statistics.",true
7f2d4ed8-724f-57eb-bcac-1193b612b947,b88a68bd-f2e1-59ec-8bde-9a20c77e7b57,3b277a30-50d4-5df9-8564-52c6c653cace,COMPLETED,2024-08-15,2026-07-28,Y09,"KaushalSetu synthetic generator v2, seed 20260929",2026-09-28T12:00:00+05:30,"SYNTHETIC demo data (KaushalSetu SIH prototype): fictional entities, team-assumed numbers, not real or official statistics.",true
50407257-a73e-51fe-a619-67b8166be454,ab2849ed-3fc3-5e94-93a2-ba87e483d50b,3b277a30-50d4-5df9-8564-52c6c653cace,COMPLETED,2024-08-21,2026-07-15,Y09,"KaushalSetu synthetic generator v2, seed 20260929",2026-09-28T12:00:00+05:30,"SYNTHETIC demo data (KaushalSetu SIH prototype): fictional entities, team-assumed numbers, not real or official statistics.",true
d21845a5-85fb-5995-be90-b64f9915d793,240ca387-1a00-5dc1-8210-725eddaeefe2,3b277a30-50d4-5df9-8564-52c6c653cace,COMPLETED,2024-08-28,2026-07-21,Y09,"KaushalSetu synthetic generator v2, seed 20260929",2026-09-28T12:00:00+05:30,"SYNTHETIC demo data (KaushalSetu SIH prototype): fictional entities, team-assumed numbers, not real or official statistics.",true
52020825-d127-57c6-82bc-9b099fdc99ca,c689c21d-8fac-57e4-9ec2-3c3a035f4c06,3b277a30-50d4-5df9-8564-52c6c653cace,COMPLETED,2024-08-05,2026-07-25,Y09,"KaushalSetu synthetic generator v2, seed 20260929",2026-09-28T12:00:00+05:30,"SYNTHETIC demo data (KaushalSetu SIH prototype): fictional entities, team-assumed numbers, not real or official statistics.",true
4185de36-0e17-5f5e-ad13-9e3e349ee065,5c245d4e-973e-5bf2-8dda-1f8ec95b112b,3b277a30-50d4-5df9-8564-52c6c653cace,COMPLETED,2024-08-14,2026-07-25,Y09,"KaushalSetu synthetic generator v2, seed 20260929",2026-09-28T12:00:00+05:30,"SYNTHETIC demo data (KaushalSetu SIH prototype): fictional entities, team-assumed numbers, not real or official statistics.",true
2e39049e-87c3-5c8b-822a-49d187874b2f,64f674f8-2f25-59b4-8df0-b556021fdb89,3b277a30-50d4-5df9-8564-52c6c653cace,DROPPED,2024-08-11,,Y09,"KaushalSetu synthetic generator v2, seed 20260929",2026-09-28T12:00:00+05:30,"SYNTHETIC demo data (KaushalSetu SIH prototype): fictional entities, team-assumed numbers, not real or official statistics.",true
42a2e55b-84ae-5f3c-bb8d-424b96f4613a,39d2e62c-ce9a-53b7-b97f-9a4807dc2191,3b277a30-50d4-5df9-8564-52c6c653cace,COMPLETED,2024-08-21,2026-07-18,Y09,"KaushalSetu synthetic generator v2, seed 20260929",2026-09-28T12:00:00+05:30,"SYNTHETIC demo data (KaushalSetu SIH prototype): fictional entities, team-assumed numbers, not real or official statistics.",true
66f77145-94ce-55b4-8628-71e277ec55c4,085de70e-9447-5c94-9374-1e08caffc8bf,3b277a30-50d4-5df9-8564-52c6c653cace,COMPLETED,2024-08-20,2026-07-22,Y09,"KaushalSetu synthetic generator v2, seed 20260929",2026-09-28T12:00:00+05:30,"SYNTHETIC demo data (KaushalSetu SIH prototype): fictional entities, team-assumed numbers, not real or official statistics.",true
228ec4b8-0715-5056-8d12-df660bdc10bc,244d2ffc-73f9-535c-ac10-001024b8193b,3b277a30-50d4-5df9-8564-52c6c653cace,COMPLETED,2024-08-26,2026-07-20,Y09,"KaushalSetu synthetic generator v2, seed 20260929",2026-09-28T12:00:00+05:30,"SYNTHETIC demo data (KaushalSetu SIH prototype): fictional entities, team-assumed numbers, not real or official statistics.",true
06cc8db1-7ade-580e-917b-7724065873f0,7e2950dd-a595-545e-b3db-d76b8fd5d8bd,3b277a30-50d4-5df9-8564-52c6c653cace,COMPLETED,2024-08-14,2026-07-22,Y09,"KaushalSetu synthetic generator v2, seed 20260929",2026-09-28T12:00:00+05:30,"SYNTHETIC demo data (KaushalSetu SIH prototype): fictional entities, team-assumed numbers, not real or official statistics.",true
7b2dd6dc-98b8-5ba8-8095-34a720ffb7a9,2662caf0-925c-533a-b0c4-b5878c5ba2f8,3b277a30-50d4-5df9-8564-52c6c653cace,COMPLETED,2024-08-10,2026-07-17,Y09,"KaushalSetu synthetic generator v2, seed 20260929",2026-09-28T12:00:00+05:30,"SYNTHETIC demo data (KaushalSetu SIH prototype): fictional entities, team-assumed numbers, not real or official statistics.",true
48c20160-1c15-599e-b116-c820beb51edf,b407feec-f1e1-5e67-9b0b-cb3a3fffb27b,3b277a30-50d4-5df9-8564-52c6c653cace,COMPLETED,2024-08-18,2026-07-18,Y09,"KaushalSetu synthetic generator v2, seed 20260929",2026-09-28T12:00:00+05:30,"SYNTHETIC demo data (KaushalSetu SIH prototype): fictional entities, team-assumed numbers, not real or official statistics.",true
b137840f-c42c-591d-bcb7-18e9301cb07b,7f868e88-9ee1-5a29-9f12-e0b1379ef0aa,3b277a30-50d4-5df9-8564-52c6c653cace,COMPLETED,2024-08-10,2026-07-29,Y09,"KaushalSetu synthetic generator v2, seed 20260929",2026-09-28T12:00:00+05:30,"SYNTHETIC demo data (KaushalSetu SIH prototype): fictional entities, team-assumed numbers, not real or official statistics.",true
8d594f1d-1d9c-538d-8c59-651ed7ed5d0f,1d727904-2d2a-50b8-beac-c0430e6e3a5a,3b277a30-50d4-5df9-8564-52c6c653cace,COMPLETED,2024-08-15,2026-07-21,Y09,"KaushalSetu synthetic generator v2, seed 20260929",2026-09-28T12:00:00+05:30,"SYNTHETIC demo data (KaushalSetu SIH prototype): fictional entities, team-assumed numbers, not real or official statistics.",true
a033b644-ad18-5cb9-834d-6d81f109f712,8a06e8db-8a11-50d9-8e17-2d92b8597ba4,3b277a30-50d4-5df9-8564-52c6c653cace,DROPPED,2024-08-05,,Y09,"KaushalSetu synthetic generator v2, seed 20260929",2026-09-28T12:00:00+05:30,"SYNTHETIC demo data (KaushalSetu SIH prototype): fictional entities, team-assumed numbers, not real or official statistics.",true
60da91d1-018a-56a9-9694-70aebc3cf02e,4b72323b-a417-54b7-89bf-6a87e7d0819f,3b277a30-50d4-5df9-8564-52c6c653cace,COMPLETED,2024-08-04,2026-07-28,Y09,"KaushalSetu synthetic generator v2, seed 20260929",2026-09-28T12:00:00+05:30,"SYNTHETIC demo data (KaushalSetu SIH prototype): fictional entities, team-assumed numbers, not real or official statistics.",true
906ddb3a-6e84-5100-8c57-9e0bdc21fb68,1a1b7701-8443-5621-8379-fe8c820d2dd3,3b277a30-50d4-5df9-8564-52c6c653cace,COMPLETED,2024-08-03,2026-07-29,Y09,"KaushalSetu synthetic generator v2, seed 20260929",2026-09-28T12:00:00+05:30,"SYNTHETIC demo data (KaushalSetu SIH prototype): fictional entities, team-assumed numbers, not real or official statistics.",true
a4e13d74-4110-51b6-b3f9-6581f66a87e6,b682d00b-1952-5552-8467-0277496cf0bb,3b277a30-50d4-5df9-8564-52c6c653cace,COMPLETED,2024-08-03,2026-07-21,Y09,"KaushalSetu synthetic generator v2, seed 20260929",2026-09-28T12:00:00+05:30,"SYNTHETIC demo data (KaushalSetu SIH prototype): fictional entities, team-assumed numbers, not real or official statistics.",true
d817f0b3-3278-5eb0-b8d0-1e80a552a4a9,5bdc66e2-3278-50fb-bcb3-454e87d3886b,3b277a30-50d4-5df9-8564-52c6c653cace,COMPLETED,2024-08-26,2026-07-31,Y09,"KaushalSetu synthetic generator v2, seed 20260929",2026-09-28T12:00:00+05:30,"SYNTHETIC demo data (KaushalSetu SIH prototype): fictional entities, team-assumed numbers, not real or official statistics.",true
d521c906-3ccc-545f-a565-af3ff0bf421b,8fe5677d-10c8-58fa-a114-40e994de1f06,3b277a30-50d4-5df9-8564-52c6c653cace,COMPLETED,2024-08-09,2026-07-30,Y09,"KaushalSetu synthetic generator v2, seed 20260929",2026-09-28T12:00:00+05:30,"SYNTHETIC demo data (KaushalSetu SIH prototype): fictional entities, team-assumed numbers, not real or official statistics.",true
39aefd95-3e72-5625-8907-03bcb57a9d64,c5a7e9a6-58a8-5741-95e8-1f77e1bdbe61,3b277a30-50d4-5df9-8564-52c6c653cace,COMPLETED,2024-08-05,2026-07-17,Y09,"KaushalSetu synthetic generator v2, seed 20260929",2026-09-28T12:00:00+05:30,"SYNTHETIC demo data (KaushalSetu SIH prototype): fictional entities, team-assumed numbers, not real or official statistics.",true
fd62ff47-8bd4-5e76-932e-14f692b4a0d4,6617ee9d-df92-5669-bc37-ecc6ecd43b98,3b277a30-50d4-5df9-8564-52c6c653cace,COMPLETED,2024-08-13,2026-07-23,Y09,"KaushalSetu synthetic generator v2, seed 20260929",2026-09-28T12:00:00+05:30,"SYNTHETIC demo data (KaushalSetu SIH prototype): fictional entities, team-assumed numbers, not real or official statistics.",true
e9a19f41-544f-54cb-9efe-bc123cac0c3b,f2906e97-c0a0-5cfe-a98f-42917c4709b8,3b277a30-50d4-5df9-8564-52c6c653cace,COMPLETED,2024-08-28,2026-07-27,Y09,"KaushalSetu synthetic generator v2, seed 20260929",2026-09-28T12:00:00+05:30,"SYNTHETIC demo data (KaushalSetu SIH prototype): fictional entities, team-assumed numbers, not real or official statistics.",true
5495a038-c760-54d1-898c-d5e4e2388b02,ecaf3bc1-bc2a-5092-bab0-cfcd7ca1e1d5,3b277a30-50d4-5df9-8564-52c6c653cace,COMPLETED,2024-08-04,2026-07-19,Y09,"KaushalSetu synthetic generator v2, seed 20260929",2026-09-28T12:00:00+05:30,"SYNTHETIC demo data (KaushalSetu SIH prototype): fictional entities, team-assumed numbers, not real or official statistics.",true
41cbdb2e-5264-544c-b5f2-a643dd4c5812,dd6753eb-4b47-535f-a738-823e1dfc6d22,3b277a30-50d4-5df9-8564-52c6c653cace,COMPLETED,2024-08-21,2026-07-25,Y09,"KaushalSetu synthetic generator v2, seed 20260929",2026-09-28T12:00:00+05:30,"SYNTHETIC demo data (KaushalSetu SIH prototype): fictional entities, team-assumed numbers, not real or official statistics.",true
b547d8e1-33b1-5be3-993f-e27c4ac1ec55,dea6b84c-1e7f-5e9a-ba74-a3782271b47e,3b277a30-50d4-5df9-8564-52c6c653cace,COMPLETED,2024-08-23,2026-07-19,Y09,"KaushalSetu synthetic generator v2, seed 20260929",2026-09-28T12:00:00+05:30,"SYNTHETIC demo data (KaushalSetu SIH prototype): fictional entities, team-assumed numbers, not real or official statistics.",true
6237aeea-db37-5400-8b3b-3e6191019a50,b8de466e-b97e-56f6-afe0-eae57ccec620,3b277a30-50d4-5df9-8564-52c6c653cace,COMPLETED,2024-08-12,2026-07-20,Y09,"KaushalSetu synthetic generator v2, seed 20260929",2026-09-28T12:00:00+05:30,"SYNTHETIC demo data (KaushalSetu SIH prototype): fictional entities, team-assumed numbers, not real or official statistics.",true
c9a717d9-2f68-54fb-93e7-9d72e58e96af,a6f51a3d-b033-560a-9d5e-84fa640f3c12,3b277a30-50d4-5df9-8564-52c6c653cace,COMPLETED,2024-08-08,2026-07-25,Y09,"KaushalSetu synthetic generator v2, seed 20260929",2026-09-28T12:00:00+05:30,"SYNTHETIC demo data (KaushalSetu SIH prototype): fictional entities, team-assumed numbers, not real or official statistics.",true
59eef617-c629-56c8-a543-ff8687edf669,2446f692-57c3-5986-9262-40674e9abe75,f60a3cb6-8092-50a1-86fc-2e47bb47b928,COMPLETED,2024-10-14,2025-01-13,Y09,"KaushalSetu synthetic generator v2, seed 20260929",2026-09-28T12:00:00+05:30,"SYNTHETIC demo data (KaushalSetu SIH prototype): fictional entities, team-assumed numbers, not real or official statistics.",true
08ea02ab-3c1b-54b8-ada5-0037ce8c6545,a8bfba99-9da2-5efe-942f-af60f16df9e4,f60a3cb6-8092-50a1-86fc-2e47bb47b928,COMPLETED,2025-04-14,2025-07-16,Y09,"KaushalSetu synthetic generator v2, seed 20260929",2026-09-28T12:00:00+05:30,"SYNTHETIC demo data (KaushalSetu SIH prototype): fictional entities, team-assumed numbers, not real or official statistics.",true
24e8e77e-f85d-5bd7-b7b7-f1eae6d7e002,f7c6c764-9cf0-598b-98ed-5c5df759bfa1,f60a3cb6-8092-50a1-86fc-2e47bb47b928,COMPLETED,2025-03-20,2025-06-19,Y09,"KaushalSetu synthetic generator v2, seed 20260929",2026-09-28T12:00:00+05:30,"SYNTHETIC demo data (KaushalSetu SIH prototype): fictional entities, team-assumed numbers, not real or official statistics.",true
ca8c40a0-06ae-5cbd-8c44-0151f3460c84,1faa3367-a82b-5968-a6ea-0998a93575f0,f60a3cb6-8092-50a1-86fc-2e47bb47b928,COMPLETED,2024-10-27,2025-01-28,Y09,"KaushalSetu synthetic generator v2, seed 20260929",2026-09-28T12:00:00+05:30,"SYNTHETIC demo data (KaushalSetu SIH prototype): fictional entities, team-assumed numbers, not real or official statistics.",true
8ad531ea-aac2-50d3-a814-a600cd1cab62,18a67b15-c31c-56e4-8955-2ab242ec4bf5,f60a3cb6-8092-50a1-86fc-2e47bb47b928,COMPLETED,2025-04-23,2025-07-23,Y09,"KaushalSetu synthetic generator v2, seed 20260929",2026-09-28T12:00:00+05:30,"SYNTHETIC demo data (KaushalSetu SIH prototype): fictional entities, team-assumed numbers, not real or official statistics.",true
fd866681-cb6e-51ff-a397-a242167a026b,b1cf7140-2bfb-5b46-b48f-88eb0ab67948,f60a3cb6-8092-50a1-86fc-2e47bb47b928,COMPLETED,2024-08-22,2024-11-22,Y09,"KaushalSetu synthetic generator v2, seed 20260929",2026-09-28T12:00:00+05:30,"SYNTHETIC demo data (KaushalSetu SIH prototype): fictional entities, team-assumed numbers, not real or official statistics.",true
a02e7db4-d110-5752-9cc0-a13a2113edd9,a8099e8d-e0ab-525e-aa81-6e74e0176c8c,f60a3cb6-8092-50a1-86fc-2e47bb47b928,COMPLETED,2024-09-04,2024-12-05,Y09,"KaushalSetu synthetic generator v2, seed 20260929",2026-09-28T12:00:00+05:30,"SYNTHETIC demo data (KaushalSetu SIH prototype): fictional entities, team-assumed numbers, not real or official statistics.",true
0bf68aad-b5da-5229-9b84-aca0d2e9dc77,17d8d5d1-76c7-5df1-977b-0b54e18b7ff1,f60a3cb6-8092-50a1-86fc-2e47bb47b928,DROPPED,2025-01-20,,Y09,"KaushalSetu synthetic generator v2, seed 20260929",2026-09-28T12:00:00+05:30,"SYNTHETIC demo data (KaushalSetu SIH prototype): fictional entities, team-assumed numbers, not real or official statistics.",true
1c59c1b3-9d8c-5132-a539-f08630b2f935,5bb2a2b0-c883-564f-9d54-ffef657d9e13,f60a3cb6-8092-50a1-86fc-2e47bb47b928,DROPPED,2024-10-26,,Y09,"KaushalSetu synthetic generator v2, seed 20260929",2026-09-28T12:00:00+05:30,"SYNTHETIC demo data (KaushalSetu SIH prototype): fictional entities, team-assumed numbers, not real or official statistics.",true
4f5798f6-5837-5c9d-be86-7ef2e4129af5,e900cf0f-d72e-54b9-b31b-a3fee1b70c9b,f60a3cb6-8092-50a1-86fc-2e47bb47b928,COMPLETED,2024-11-23,2025-02-22,Y09,"KaushalSetu synthetic generator v2, seed 20260929",2026-09-28T12:00:00+05:30,"SYNTHETIC demo data (KaushalSetu SIH prototype): fictional entities, team-assumed numbers, not real or official statistics.",true
789c5ce5-0ca6-507d-8f63-2fcbf16ffa2b,a38483c4-1050-5c50-ac34-10596ae29628,f60a3cb6-8092-50a1-86fc-2e47bb47b928,COMPLETED,2025-01-19,2025-04-20,Y09,"KaushalSetu synthetic generator v2, seed 20260929",2026-09-28T12:00:00+05:30,"SYNTHETIC demo data (KaushalSetu SIH prototype): fictional entities, team-assumed numbers, not real or official statistics.",true
fd20611d-cb4e-5298-be72-2c6e55010789,0a403e38-572f-5915-8e2d-c0c6aa06e46c,f60a3cb6-8092-50a1-86fc-2e47bb47b928,COMPLETED,2024-09-19,2024-12-21,Y09,"KaushalSetu synthetic generator v2, seed 20260929",2026-09-28T12:00:00+05:30,"SYNTHETIC demo data (KaushalSetu SIH prototype): fictional entities, team-assumed numbers, not real or official statistics.",true
3ef14fcb-926b-583d-81e5-1709a9451c2b,3df4bed9-2550-5376-81e6-ef92b9473ff7,f60a3cb6-8092-50a1-86fc-2e47bb47b928,DROPPED,2024-09-29,,Y09,"KaushalSetu synthetic generator v2, seed 20260929",2026-09-28T12:00:00+05:30,"SYNTHETIC demo data (KaushalSetu SIH prototype): fictional entities, team-assumed numbers, not real or official statistics.",true
c6861797-4a36-5255-b37a-f2679ce96372,ab056ef9-4996-5ab5-972f-9f114e635f45,f60a3cb6-8092-50a1-86fc-2e47bb47b928,COMPLETED,2025-02-14,2025-05-16,Y09,"KaushalSetu synthetic generator v2, seed 20260929",2026-09-28T12:00:00+05:30,"SYNTHETIC demo data (KaushalSetu SIH prototype): fictional entities, team-assumed numbers, not real or official statistics.",true
e1dde8b4-e9b1-584f-946b-c9fcdd50c35c,96370f53-dbab-5efb-b6a9-60bda1eb7bb4,f60a3cb6-8092-50a1-86fc-2e47bb47b928,COMPLETED,2024-10-16,2025-01-19,Y09,"KaushalSetu synthetic generator v2, seed 20260929",2026-09-28T12:00:00+05:30,"SYNTHETIC demo data (KaushalSetu SIH prototype): fictional entities, team-assumed numbers, not real or official statistics.",true
359db167-1ce1-55a0-bc3b-afdb5f141755,73a89ce1-fe88-5836-af4f-6afaddef2dbe,f60a3cb6-8092-50a1-86fc-2e47bb47b928,COMPLETED,2025-01-19,2025-04-21,Y09,"KaushalSetu synthetic generator v2, seed 20260929",2026-09-28T12:00:00+05:30,"SYNTHETIC demo data (KaushalSetu SIH prototype): fictional entities, team-assumed numbers, not real or official statistics.",true
c43d39be-868c-5031-a9d8-0c8f45051fe8,e4c7488d-bf05-5669-ac9c-c45902dfb01f,f60a3cb6-8092-50a1-86fc-2e47bb47b928,COMPLETED,2025-02-17,2025-05-24,Y09,"KaushalSetu synthetic generator v2, seed 20260929",2026-09-28T12:00:00+05:30,"SYNTHETIC demo data (KaushalSetu SIH prototype): fictional entities, team-assumed numbers, not real or official statistics.",true
dbbc9b24-540d-55ca-8bb2-d4a305acb042,9fb78a35-57f8-5d95-98fb-18c9fb620b54,f60a3cb6-8092-50a1-86fc-2e47bb47b928,COMPLETED,2025-03-14,2025-06-18,Y09,"KaushalSetu synthetic generator v2, seed 20260929",2026-09-28T12:00:00+05:30,"SYNTHETIC demo data (KaushalSetu SIH prototype): fictional entities, team-assumed numbers, not real or official statistics.",true
e1bbeadd-685f-52b2-ae18-d6319fb31fc0,6f5966bc-a7c6-5542-a2d7-dff7132bdf1a,f60a3cb6-8092-50a1-86fc-2e47bb47b928,COMPLETED,2024-09-06,2024-12-10,Y09,"KaushalSetu synthetic generator v2, seed 20260929",2026-09-28T12:00:00+05:30,"SYNTHETIC demo data (KaushalSetu SIH prototype): fictional entities, team-assumed numbers, not real or official statistics.",true
6b77c965-b00f-5dee-b029-76f7ab69d56f,0097233e-f3d6-55a1-83cf-591ec41a7d75,f60a3cb6-8092-50a1-86fc-2e47bb47b928,COMPLETED,2024-10-07,2025-01-09,Y09,"KaushalSetu synthetic generator v2, seed 20260929",2026-09-28T12:00:00+05:30,"SYNTHETIC demo data (KaushalSetu SIH prototype): fictional entities, team-assumed numbers, not real or official statistics.",true
a9be476a-a237-51fc-a604-ff05edb62989,b1e39c98-8350-5c7e-ab4e-518fae5e10c9,f60a3cb6-8092-50a1-86fc-2e47bb47b928,COMPLETED,2024-08-23,2024-11-22,Y09,"KaushalSetu synthetic generator v2, seed 20260929",2026-09-28T12:00:00+05:30,"SYNTHETIC demo data (KaushalSetu SIH prototype): fictional entities, team-assumed numbers, not real or official statistics.",true
360a67ea-712c-53f3-b6cb-2a3f3aa80095,7c0c80ea-d32f-5e21-b70c-72f45b6de8b9,f60a3cb6-8092-50a1-86fc-2e47bb47b928,COMPLETED,2024-12-03,2025-03-09,Y09,"KaushalSetu synthetic generator v2, seed 20260929",2026-09-28T12:00:00+05:30,"SYNTHETIC demo data (KaushalSetu SIH prototype): fictional entities, team-assumed numbers, not real or official statistics.",true
fe3ea0fa-822a-5394-b3a8-94d2c168f5e2,bfa3948e-ecbd-5096-954a-8c11b8e18fc8,f60a3cb6-8092-50a1-86fc-2e47bb47b928,COMPLETED,2025-01-15,2025-04-18,Y09,"KaushalSetu synthetic generator v2, seed 20260929",2026-09-28T12:00:00+05:30,"SYNTHETIC demo data (KaushalSetu SIH prototype): fictional entities, team-assumed numbers, not real or official statistics.",true
61d69c58-a296-5bc1-815a-0407806b152a,dd1c1b64-855c-572f-8609-9ac512e66b13,f60a3cb6-8092-50a1-86fc-2e47bb47b928,COMPLETED,2025-02-22,2025-05-30,Y09,"KaushalSetu synthetic generator v2, seed 20260929",2026-09-28T12:00:00+05:30,"SYNTHETIC demo data (KaushalSetu SIH prototype): fictional entities, team-assumed numbers, not real or official statistics.",true
ef55848f-bf12-5e4a-8a43-1f7156f01672,177ec564-3ce3-5621-af3b-e21a696788a0,f60a3cb6-8092-50a1-86fc-2e47bb47b928,COMPLETED,2024-11-18,2025-02-21,Y09,"KaushalSetu synthetic generator v2, seed 20260929",2026-09-28T12:00:00+05:30,"SYNTHETIC demo data (KaushalSetu SIH prototype): fictional entities, team-assumed numbers, not real or official statistics.",true
b0a210e9-8116-5aad-b4bf-4011efd1455d,1a550d5c-624f-51c0-8a06-07ef1de40db8,f60a3cb6-8092-50a1-86fc-2e47bb47b928,COMPLETED,2024-11-15,2025-02-18,Y09,"KaushalSetu synthetic generator v2, seed 20260929",2026-09-28T12:00:00+05:30,"SYNTHETIC demo data (KaushalSetu SIH prototype): fictional entities, team-assumed numbers, not real or official statistics.",true
6f620e98-d065-525d-8c56-bf775e25a422,37462f4c-7ffb-5a16-9e4f-84b15120b876,f60a3cb6-8092-50a1-86fc-2e47bb47b928,COMPLETED,2024-12-14,2025-03-21,Y09,"KaushalSetu synthetic generator v2, seed 20260929",2026-09-28T12:00:00+05:30,"SYNTHETIC demo data (KaushalSetu SIH prototype): fictional entities, team-assumed numbers, not real or official statistics.",true
1394727d-fd7f-5c44-ae2e-1b6e29700a1c,b11b4ae0-b619-5018-a63a-540118809a36,f60a3cb6-8092-50a1-86fc-2e47bb47b928,COMPLETED,2024-10-11,2025-01-13,Y09,"KaushalSetu synthetic generator v2, seed 20260929",2026-09-28T12:00:00+05:30,"SYNTHETIC demo data (KaushalSetu SIH prototype): fictional entities, team-assumed numbers, not real or official statistics.",true
a39674fb-8756-5558-8d77-0ea84a42eb0f,f16cc2fb-fa18-5eca-a714-6194f40b7f83,f60a3cb6-8092-50a1-86fc-2e47bb47b928,COMPLETED,2025-01-21,2025-04-26,Y09,"KaushalSetu synthetic generator v2, seed 20260929",2026-09-28T12:00:00+05:30,"SYNTHETIC demo data (KaushalSetu SIH prototype): fictional entities, team-assumed numbers, not real or official statistics.",true
d208f006-435f-50ca-a068-7fa49ccceea8,f77cb14a-e6f4-5dd5-8d52-5e929d358238,f60a3cb6-8092-50a1-86fc-2e47bb47b928,COMPLETED,2024-09-13,2024-12-14,Y09,"KaushalSetu synthetic generator v2, seed 20260929",2026-09-28T12:00:00+05:30,"SYNTHETIC demo data (KaushalSetu SIH prototype): fictional entities, team-assumed numbers, not real or official statistics.",true
59f8c0d4-b575-53aa-b236-c50d4604b968,b9728735-abbe-5f01-b07a-850577bf9114,f60a3cb6-8092-50a1-86fc-2e47bb47b928,COMPLETED,2024-12-12,2025-03-16,Y09,"KaushalSetu synthetic generator v2, seed 20260929",2026-09-28T12:00:00+05:30,"SYNTHETIC demo data (KaushalSetu SIH prototype): fictional entities, team-assumed numbers, not real or official statistics.",true
b2edc2f2-3a27-50ea-b8d7-a5facb1473b0,75a3fccb-f7b4-5d99-82c4-92f2a610cd76,f60a3cb6-8092-50a1-86fc-2e47bb47b928,COMPLETED,2024-12-13,2025-03-13,Y09,"KaushalSetu synthetic generator v2, seed 20260929",2026-09-28T12:00:00+05:30,"SYNTHETIC demo data (KaushalSetu SIH prototype): fictional entities, team-assumed numbers, not real or official statistics.",true
1052aff1-7f70-5c61-8dbe-97122243ab2b,0a52c2d2-81f8-554d-98f6-e6ddc2a00f30,f60a3cb6-8092-50a1-86fc-2e47bb47b928,COMPLETED,2025-02-02,2025-05-03,Y09,"KaushalSetu synthetic generator v2, seed 20260929",2026-09-28T12:00:00+05:30,"SYNTHETIC demo data (KaushalSetu SIH prototype): fictional entities, team-assumed numbers, not real or official statistics.",true
28aec505-e267-5a3f-ae38-b4c696a81f29,3747130f-c51a-57f9-a9e2-eb0d71afc721,f60a3cb6-8092-50a1-86fc-2e47bb47b928,COMPLETED,2025-02-19,2025-05-25,Y09,"KaushalSetu synthetic generator v2, seed 20260929",2026-09-28T12:00:00+05:30,"SYNTHETIC demo data (KaushalSetu SIH prototype): fictional entities, team-assumed numbers, not real or official statistics.",true
57275c18-1625-5c83-a627-6f50585329c6,69277c95-3c0b-5180-bd01-de22f62b4090,f60a3cb6-8092-50a1-86fc-2e47bb47b928,COMPLETED,2024-11-02,2025-02-01,Y09,"KaushalSetu synthetic generator v2, seed 20260929",2026-09-28T12:00:00+05:30,"SYNTHETIC demo data (KaushalSetu SIH prototype): fictional entities, team-assumed numbers, not real or official statistics.",true
68717128-19ed-57e8-bfee-ef3435d17e49,9ca7f560-940b-51fb-aeef-ba1664c0b957,f60a3cb6-8092-50a1-86fc-2e47bb47b928,COMPLETED,2024-12-17,2025-03-22,Y09,"KaushalSetu synthetic generator v2, seed 20260929",2026-09-28T12:00:00+05:30,"SYNTHETIC demo data (KaushalSetu SIH prototype): fictional entities, team-assumed numbers, not real or official statistics.",true
bf1f5506-3969-56e5-a9d8-3cb05f9493a8,abdbfed1-7980-5999-bbb7-c92738824353,f60a3cb6-8092-50a1-86fc-2e47bb47b928,COMPLETED,2024-12-12,2025-03-18,Y09,"KaushalSetu synthetic generator v2, seed 20260929",2026-09-28T12:00:00+05:30,"SYNTHETIC demo data (KaushalSetu SIH prototype): fictional entities, team-assumed numbers, not real or official statistics.",true
4ae2eb4e-f37f-5cc3-a4d3-919561f509dd,068e4909-6c53-56f7-b209-87bfa15ff908,f60a3cb6-8092-50a1-86fc-2e47bb47b928,COMPLETED,2025-04-19,2025-07-19,Y09,"KaushalSetu synthetic generator v2, seed 20260929",2026-09-28T12:00:00+05:30,"SYNTHETIC demo data (KaushalSetu SIH prototype): fictional entities, team-assumed numbers, not real or official statistics.",true
46ebedcf-56ed-5860-b8ae-c599390cefd5,cb4a873f-2a13-5c76-afd9-9bff12426fe8,bc0c6af7-ab90-5604-b296-6c84007a9d21,COMPLETED,2025-11-27,2026-03-02,Y09,"KaushalSetu synthetic generator v2, seed 20260929",2026-09-28T12:00:00+05:30,"SYNTHETIC demo data (KaushalSetu SIH prototype): fictional entities, team-assumed numbers, not real or official statistics.",true
869c7156-11cb-566a-9d66-56085de1a846,11fa6c64-b74a-575f-be7d-ae8610879d87,bc0c6af7-ab90-5604-b296-6c84007a9d21,COMPLETED,2025-08-24,2025-11-23,Y09,"KaushalSetu synthetic generator v2, seed 20260929",2026-09-28T12:00:00+05:30,"SYNTHETIC demo data (KaushalSetu SIH prototype): fictional entities, team-assumed numbers, not real or official statistics.",true
0fe3de55-2305-55d4-a66e-bd5d8fe6b489,4b4f01df-a52c-5780-a898-a65ea82e3db6,bc0c6af7-ab90-5604-b296-6c84007a9d21,COMPLETED,2025-08-11,2025-11-13,Y09,"KaushalSetu synthetic generator v2, seed 20260929",2026-09-28T12:00:00+05:30,"SYNTHETIC demo data (KaushalSetu SIH prototype): fictional entities, team-assumed numbers, not real or official statistics.",true
0627bbe1-5c6a-596a-8c98-ca6e63508a3d,82720c4f-1c94-5092-938e-4512c39b253d,bc0c6af7-ab90-5604-b296-6c84007a9d21,COMPLETED,2026-02-26,2026-05-31,Y09,"KaushalSetu synthetic generator v2, seed 20260929",2026-09-28T12:00:00+05:30,"SYNTHETIC demo data (KaushalSetu SIH prototype): fictional entities, team-assumed numbers, not real or official statistics.",true
ea33bb68-c4a6-50a3-b555-e003524fdf59,4eae62f9-5848-5a18-890e-e22225659432,bc0c6af7-ab90-5604-b296-6c84007a9d21,COMPLETED,2025-09-12,2025-12-14,Y09,"KaushalSetu synthetic generator v2, seed 20260929",2026-09-28T12:00:00+05:30,"SYNTHETIC demo data (KaushalSetu SIH prototype): fictional entities, team-assumed numbers, not real or official statistics.",true
671fc65a-9d6d-5e19-84af-3ce345d76cd4,dbc74df9-e785-52af-8933-4919e9e8f494,bc0c6af7-ab90-5604-b296-6c84007a9d21,COMPLETED,2025-12-21,2026-03-23,Y09,"KaushalSetu synthetic generator v2, seed 20260929",2026-09-28T12:00:00+05:30,"SYNTHETIC demo data (KaushalSetu SIH prototype): fictional entities, team-assumed numbers, not real or official statistics.",true
fafecad0-053c-5f69-9cab-acb91ea1fc77,205c250c-5c2a-5cd7-9730-f696cd3d30f9,bc0c6af7-ab90-5604-b296-6c84007a9d21,COMPLETED,2025-09-04,2025-12-10,Y09,"KaushalSetu synthetic generator v2, seed 20260929",2026-09-28T12:00:00+05:30,"SYNTHETIC demo data (KaushalSetu SIH prototype): fictional entities, team-assumed numbers, not real or official statistics.",true
a844e7e7-358a-50ae-9022-ecc1487fc95c,dddfd9b0-0a50-5629-a0f2-ac93cc74270c,bc0c6af7-ab90-5604-b296-6c84007a9d21,COMPLETED,2026-02-08,2026-05-13,Y09,"KaushalSetu synthetic generator v2, seed 20260929",2026-09-28T12:00:00+05:30,"SYNTHETIC demo data (KaushalSetu SIH prototype): fictional entities, team-assumed numbers, not real or official statistics.",true
25c14136-a713-5765-a078-e1a0d829a5a2,8d2b1c4d-07cd-51b1-a876-723b736ff9c9,bc0c6af7-ab90-5604-b296-6c84007a9d21,COMPLETED,2026-02-11,2026-05-14,Y09,"KaushalSetu synthetic generator v2, seed 20260929",2026-09-28T12:00:00+05:30,"SYNTHETIC demo data (KaushalSetu SIH prototype): fictional entities, team-assumed numbers, not real or official statistics.",true
4d200928-8930-5a4d-82a4-c186197e4763,82d17322-154d-5af3-8581-d5f6535c8296,bc0c6af7-ab90-5604-b296-6c84007a9d21,COMPLETED,2026-04-10,2026-07-09,Y09,"KaushalSetu synthetic generator v2, seed 20260929",2026-09-28T12:00:00+05:30,"SYNTHETIC demo data (KaushalSetu SIH prototype): fictional entities, team-assumed numbers, not real or official statistics.",true
5420c2d6-fe77-55e5-8f60-c408bc95798d,eac47c9b-a75a-5857-ad2d-c7392407efa0,bc0c6af7-ab90-5604-b296-6c84007a9d21,COMPLETED,2025-12-22,2026-03-25,Y09,"KaushalSetu synthetic generator v2, seed 20260929",2026-09-28T12:00:00+05:30,"SYNTHETIC demo data (KaushalSetu SIH prototype): fictional entities, team-assumed numbers, not real or official statistics.",true
c1aa0c0a-5fd3-5c83-9c8a-c4dd0c94373c,a29239f2-eea6-5e32-8c13-f82d056c9bbf,bc0c6af7-ab90-5604-b296-6c84007a9d21,COMPLETED,2025-12-05,2026-03-06,Y09,"KaushalSetu synthetic generator v2, seed 20260929",2026-09-28T12:00:00+05:30,"SYNTHETIC demo data (KaushalSetu SIH prototype): fictional entities, team-assumed numbers, not real or official statistics.",true
28271505-0032-5a5c-ab36-ec45f94d280f,4e0b208d-0b16-58e8-bb5b-162001f17ab9,bc0c6af7-ab90-5604-b296-6c84007a9d21,COMPLETED,2025-11-13,2026-02-13,Y09,"KaushalSetu synthetic generator v2, seed 20260929",2026-09-28T12:00:00+05:30,"SYNTHETIC demo data (KaushalSetu SIH prototype): fictional entities, team-assumed numbers, not real or official statistics.",true
149fa7d6-5d25-5986-9bd4-e2cf265c0a7b,0cdab559-41b7-5c6a-ae09-207be6a0575d,bc0c6af7-ab90-5604-b296-6c84007a9d21,COMPLETED,2025-08-07,2025-11-11,Y09,"KaushalSetu synthetic generator v2, seed 20260929",2026-09-28T12:00:00+05:30,"SYNTHETIC demo data (KaushalSetu SIH prototype): fictional entities, team-assumed numbers, not real or official statistics.",true
5b01bf27-997d-5320-a8e1-f7e515a0bb1d,629312ca-584d-57d1-82f3-b0fb350af3cb,bc0c6af7-ab90-5604-b296-6c84007a9d21,COMPLETED,2025-12-13,2026-03-15,Y09,"KaushalSetu synthetic generator v2, seed 20260929",2026-09-28T12:00:00+05:30,"SYNTHETIC demo data (KaushalSetu SIH prototype): fictional entities, team-assumed numbers, not real or official statistics.",true
d2f3bbe7-3d9c-5873-a4b1-c828d4ed12c0,c6a4d317-f6ad-5100-9043-1664bf6590ba,bc0c6af7-ab90-5604-b296-6c84007a9d21,COMPLETED,2025-08-05,2025-11-08,Y09,"KaushalSetu synthetic generator v2, seed 20260929",2026-09-28T12:00:00+05:30,"SYNTHETIC demo data (KaushalSetu SIH prototype): fictional entities, team-assumed numbers, not real or official statistics.",true
e1f815ad-e860-5842-89f7-b536e2a11b65,fbd47e3f-34c9-58e0-8b30-13c1485f0c6b,bc0c6af7-ab90-5604-b296-6c84007a9d21,COMPLETED,2026-02-19,2026-05-27,Y09,"KaushalSetu synthetic generator v2, seed 20260929",2026-09-28T12:00:00+05:30,"SYNTHETIC demo data (KaushalSetu SIH prototype): fictional entities, team-assumed numbers, not real or official statistics.",true
6f0f9281-16c5-5316-953f-cbea25c50862,14d4e26f-afa4-57d1-96e9-e112f3149aec,bc0c6af7-ab90-5604-b296-6c84007a9d21,COMPLETED,2025-12-12,2026-03-14,Y09,"KaushalSetu synthetic generator v2, seed 20260929",2026-09-28T12:00:00+05:30,"SYNTHETIC demo data (KaushalSetu SIH prototype): fictional entities, team-assumed numbers, not real or official statistics.",true
df09181f-cdf3-5519-84e0-7541a2daab49,4168c278-255c-5580-8467-bc4bf75bf1cf,bc0c6af7-ab90-5604-b296-6c84007a9d21,COMPLETED,2025-11-13,2026-02-15,Y09,"KaushalSetu synthetic generator v2, seed 20260929",2026-09-28T12:00:00+05:30,"SYNTHETIC demo data (KaushalSetu SIH prototype): fictional entities, team-assumed numbers, not real or official statistics.",true
41598cc2-00c3-5e0a-87d6-ca1588400631,d363e36b-94ac-5b6f-9503-52d741579611,bc0c6af7-ab90-5604-b296-6c84007a9d21,COMPLETED,2026-01-10,2026-04-12,Y09,"KaushalSetu synthetic generator v2, seed 20260929",2026-09-28T12:00:00+05:30,"SYNTHETIC demo data (KaushalSetu SIH prototype): fictional entities, team-assumed numbers, not real or official statistics.",true
689a65af-59a4-51e0-9a21-7d2b2f2687df,206c7530-4ddd-5fad-9010-86eb59c5b9e6,bc0c6af7-ab90-5604-b296-6c84007a9d21,COMPLETED,2025-09-28,2025-12-30,Y09,"KaushalSetu synthetic generator v2, seed 20260929",2026-09-28T12:00:00+05:30,"SYNTHETIC demo data (KaushalSetu SIH prototype): fictional entities, team-assumed numbers, not real or official statistics.",true
274208e1-290d-53c6-94d4-14b98f42b73f,473e7f89-aa6c-5c09-a309-3c930c4d7800,bc0c6af7-ab90-5604-b296-6c84007a9d21,COMPLETED,2025-10-31,2026-02-05,Y09,"KaushalSetu synthetic generator v2, seed 20260929",2026-09-28T12:00:00+05:30,"SYNTHETIC demo data (KaushalSetu SIH prototype): fictional entities, team-assumed numbers, not real or official statistics.",true
43239a79-4d18-5650-9292-2734a82a9317,f4b4455a-529d-5953-b853-d2eca9483b89,bc0c6af7-ab90-5604-b296-6c84007a9d21,COMPLETED,2025-12-10,2026-03-11,Y09,"KaushalSetu synthetic generator v2, seed 20260929",2026-09-28T12:00:00+05:30,"SYNTHETIC demo data (KaushalSetu SIH prototype): fictional entities, team-assumed numbers, not real or official statistics.",true
e1833bdc-7aac-5cd4-802a-627bcbe3fb36,e2ce60a2-8b38-5a91-9edf-5fe70c31aeae,bc0c6af7-ab90-5604-b296-6c84007a9d21,COMPLETED,2025-08-20,2025-11-19,Y09,"KaushalSetu synthetic generator v2, seed 20260929",2026-09-28T12:00:00+05:30,"SYNTHETIC demo data (KaushalSetu SIH prototype): fictional entities, team-assumed numbers, not real or official statistics.",true
955f28fc-e4bb-5fa4-932a-aa773e8cf409,c9f97b94-5d06-562c-88d3-879ba2edaab5,bc0c6af7-ab90-5604-b296-6c84007a9d21,COMPLETED,2025-09-04,2025-12-07,Y09,"KaushalSetu synthetic generator v2, seed 20260929",2026-09-28T12:00:00+05:30,"SYNTHETIC demo data (KaushalSetu SIH prototype): fictional entities, team-assumed numbers, not real or official statistics.",true
b56572cc-87dd-5bf2-bcc4-3f71ab1a462b,94e88d85-9e3f-5ad5-99ea-a64844dd04db,bc0c6af7-ab90-5604-b296-6c84007a9d21,COMPLETED,2026-03-25,2026-06-29,Y09,"KaushalSetu synthetic generator v2, seed 20260929",2026-09-28T12:00:00+05:30,"SYNTHETIC demo data (KaushalSetu SIH prototype): fictional entities, team-assumed numbers, not real or official statistics.",true
ebaf40d5-73e8-560f-a0a5-14c5cf1e37b0,020f098e-739b-588c-af30-2035f05b16e1,bc0c6af7-ab90-5604-b296-6c84007a9d21,COMPLETED,2025-08-24,2025-11-23,Y09,"KaushalSetu synthetic generator v2, seed 20260929",2026-09-28T12:00:00+05:30,"SYNTHETIC demo data (KaushalSetu SIH prototype): fictional entities, team-assumed numbers, not real or official statistics.",true
aeb72c8a-3e25-59cf-8dbc-4599c99323f9,78931e50-2c26-5a14-b49e-1fb4409805f4,bc0c6af7-ab90-5604-b296-6c84007a9d21,DROPPED,2025-08-15,,Y09,"KaushalSetu synthetic generator v2, seed 20260929",2026-09-28T12:00:00+05:30,"SYNTHETIC demo data (KaushalSetu SIH prototype): fictional entities, team-assumed numbers, not real or official statistics.",true
421a2abd-34a4-5e56-8ac2-9a8dc4c951b6,b6e7682b-e026-5c3b-a88b-42b23b9c0380,bc0c6af7-ab90-5604-b296-6c84007a9d21,COMPLETED,2026-01-21,2026-04-23,Y09,"KaushalSetu synthetic generator v2, seed 20260929",2026-09-28T12:00:00+05:30,"SYNTHETIC demo data (KaushalSetu SIH prototype): fictional entities, team-assumed numbers, not real or official statistics.",true
08434b29-6b78-55cb-a449-6a9b9285372b,a4e818ff-38ab-51c1-aaed-ebc668f4fc28,bc0c6af7-ab90-5604-b296-6c84007a9d21,COMPLETED,2025-10-28,2026-01-30,Y09,"KaushalSetu synthetic generator v2, seed 20260929",2026-09-28T12:00:00+05:30,"SYNTHETIC demo data (KaushalSetu SIH prototype): fictional entities, team-assumed numbers, not real or official statistics.",true
cd6e022c-22ec-53b7-b34d-415f2c0162c1,ba7d0953-039c-5cfa-bc6b-ed2c91ca96ca,bc0c6af7-ab90-5604-b296-6c84007a9d21,COMPLETED,2025-08-21,2025-11-25,Y09,"KaushalSetu synthetic generator v2, seed 20260929",2026-09-28T12:00:00+05:30,"SYNTHETIC demo data (KaushalSetu SIH prototype): fictional entities, team-assumed numbers, not real or official statistics.",true
ea414de9-f8f4-5267-89ab-1b902ad64661,e879c93e-c004-54b0-82ca-04b923ce935d,bc0c6af7-ab90-5604-b296-6c84007a9d21,COMPLETED,2025-08-09,2025-11-08,Y09,"KaushalSetu synthetic generator v2, seed 20260929",2026-09-28T12:00:00+05:30,"SYNTHETIC demo data (KaushalSetu SIH prototype): fictional entities, team-assumed numbers, not real or official statistics.",true
490d5a17-31f6-51cd-bc03-aac1c4f01e85,68af20e3-5d6e-5b44-9e3d-20899974e1b3,bc0c6af7-ab90-5604-b296-6c84007a9d21,COMPLETED,2025-12-20,2026-03-20,Y09,"KaushalSetu synthetic generator v2, seed 20260929",2026-09-28T12:00:00+05:30,"SYNTHETIC demo data (KaushalSetu SIH prototype): fictional entities, team-assumed numbers, not real or official statistics.",true
f0ab072f-3d90-597a-986d-c5b4ea6f28a6,d392bf6d-3d56-5f7c-a1f6-a7f792e03989,bc0c6af7-ab90-5604-b296-6c84007a9d21,COMPLETED,2026-04-05,2026-07-06,Y09,"KaushalSetu synthetic generator v2, seed 20260929",2026-09-28T12:00:00+05:30,"SYNTHETIC demo data (KaushalSetu SIH prototype): fictional entities, team-assumed numbers, not real or official statistics.",true
b2b6ea59-6424-5c1e-abc4-8f2cb0eba75f,ba81c789-752e-59bd-8e5a-f5017a50e424,bc0c6af7-ab90-5604-b296-6c84007a9d21,COMPLETED,2026-02-09,2026-05-10,Y09,"KaushalSetu synthetic generator v2, seed 20260929",2026-09-28T12:00:00+05:30,"SYNTHETIC demo data (KaushalSetu SIH prototype): fictional entities, team-assumed numbers, not real or official statistics.",true
24499a6f-f613-5d2b-af83-3bcb83c05a07,a1a082f9-638e-5e8e-9a93-8572f4500d58,bc0c6af7-ab90-5604-b296-6c84007a9d21,COMPLETED,2026-02-10,2026-05-12,Y09,"KaushalSetu synthetic generator v2, seed 20260929",2026-09-28T12:00:00+05:30,"SYNTHETIC demo data (KaushalSetu SIH prototype): fictional entities, team-assumed numbers, not real or official statistics.",true
ce8270a0-1630-5956-89c4-9292528aa5e7,a0599624-aad0-505e-bcd7-5a641ffe0de3,bc0c6af7-ab90-5604-b296-6c84007a9d21,DROPPED,2026-02-15,,Y09,"KaushalSetu synthetic generator v2, seed 20260929",2026-09-28T12:00:00+05:30,"SYNTHETIC demo data (KaushalSetu SIH prototype): fictional entities, team-assumed numbers, not real or official statistics.",true
38387f2d-890c-5321-a0ca-9389255bb892,306170d0-1df9-5982-89db-d7d4553f0753,bc0c6af7-ab90-5604-b296-6c84007a9d21,COMPLETED,2025-12-20,2026-03-26,Y09,"KaushalSetu synthetic generator v2, seed 20260929",2026-09-28T12:00:00+05:30,"SYNTHETIC demo data (KaushalSetu SIH prototype): fictional entities, team-assumed numbers, not real or official statistics.",true
2ee1ca5d-5130-5355-9fcd-82a090a208e7,3bce185d-4323-549a-b8bc-e04a12ef6c22,bc0c6af7-ab90-5604-b296-6c84007a9d21,DROPPED,2025-11-03,,Y09,"KaushalSetu synthetic generator v2, seed 20260929",2026-09-28T12:00:00+05:30,"SYNTHETIC demo data (KaushalSetu SIH prototype): fictional entities, team-assumed numbers, not real or official statistics.",true
7ec21b36-1bb9-5e3d-bd40-3cfb0be51083,99edc4ed-f648-5eb6-bb93-ece0b972f1f9,bc0c6af7-ab90-5604-b296-6c84007a9d21,COMPLETED,2026-02-09,2026-05-14,Y09,"KaushalSetu synthetic generator v2, seed 20260929",2026-09-28T12:00:00+05:30,"SYNTHETIC demo data (KaushalSetu SIH prototype): fictional entities, team-assumed numbers, not real or official statistics.",true
fc5f1ed2-58c0-5255-b2df-9908d2ce4f7d,3b9020c9-7545-5786-a2cd-c9ab3fac401a,4fc5bf4d-2e2c-5c2e-b7d0-d11d5715e577,COMPLETED,2025-02-26,2025-04-27,Y09,"KaushalSetu synthetic generator v2, seed 20260929",2026-09-28T12:00:00+05:30,"SYNTHETIC demo data (KaushalSetu SIH prototype): fictional entities, team-assumed numbers, not real or official statistics.",true
767932ae-1c73-5a55-9b7d-7c56687f88c2,523a9b49-4aba-5c25-b5a8-a4c2381f698b,4fc5bf4d-2e2c-5c2e-b7d0-d11d5715e577,COMPLETED,2025-01-04,2025-03-10,Y09,"KaushalSetu synthetic generator v2, seed 20260929",2026-09-28T12:00:00+05:30,"SYNTHETIC demo data (KaushalSetu SIH prototype): fictional entities, team-assumed numbers, not real or official statistics.",true
423bd9df-bd39-56dd-97c7-9bc3e08fd1d0,a52712f7-75c8-50f7-8598-0ece2487c7ea,4fc5bf4d-2e2c-5c2e-b7d0-d11d5715e577,COMPLETED,2024-09-02,2024-11-02,Y09,"KaushalSetu synthetic generator v2, seed 20260929",2026-09-28T12:00:00+05:30,"SYNTHETIC demo data (KaushalSetu SIH prototype): fictional entities, team-assumed numbers, not real or official statistics.",true
8d65c1f8-541e-5c54-9389-bf4e3e57d063,d00a9e57-ffc1-5119-afde-f15d8487e61b,4fc5bf4d-2e2c-5c2e-b7d0-d11d5715e577,DROPPED,2025-01-13,,Y09,"KaushalSetu synthetic generator v2, seed 20260929",2026-09-28T12:00:00+05:30,"SYNTHETIC demo data (KaushalSetu SIH prototype): fictional entities, team-assumed numbers, not real or official statistics.",true
a147ffc2-3f12-54a0-8e99-64672a8e5815,075f4de0-1536-5b9a-95be-b8fecb58c238,4fc5bf4d-2e2c-5c2e-b7d0-d11d5715e577,COMPLETED,2024-12-22,2025-02-27,Y09,"KaushalSetu synthetic generator v2, seed 20260929",2026-09-28T12:00:00+05:30,"SYNTHETIC demo data (KaushalSetu SIH prototype): fictional entities, team-assumed numbers, not real or official statistics.",true
1f0894cd-0f76-532d-bc8e-1f21b6e4ee47,fb7aa45c-d61a-5ea2-853f-f7cc6639a99e,4fc5bf4d-2e2c-5c2e-b7d0-d11d5715e577,COMPLETED,2024-12-31,2025-03-03,Y09,"KaushalSetu synthetic generator v2, seed 20260929",2026-09-28T12:00:00+05:30,"SYNTHETIC demo data (KaushalSetu SIH prototype): fictional entities, team-assumed numbers, not real or official statistics.",true
ab68621f-3206-5e4c-b147-907517e55220,a6d72e47-ddf8-575f-ab30-0b9b4f84db90,4fc5bf4d-2e2c-5c2e-b7d0-d11d5715e577,COMPLETED,2025-01-22,2025-03-30,Y09,"KaushalSetu synthetic generator v2, seed 20260929",2026-09-28T12:00:00+05:30,"SYNTHETIC demo data (KaushalSetu SIH prototype): fictional entities, team-assumed numbers, not real or official statistics.",true
1bf07d87-9837-536e-bf14-4bb5fb0991bc,4242db9b-0a9f-55a4-9d10-9df17bf07048,4fc5bf4d-2e2c-5c2e-b7d0-d11d5715e577,COMPLETED,2025-04-30,2025-07-02,Y09,"KaushalSetu synthetic generator v2, seed 20260929",2026-09-28T12:00:00+05:30,"SYNTHETIC demo data (KaushalSetu SIH prototype): fictional entities, team-assumed numbers, not real or official statistics.",true
e077c7f5-6748-539b-a00d-7f1796c74ddf,75a3e7e0-10e7-516e-9e53-e37e4aed86a2,4fc5bf4d-2e2c-5c2e-b7d0-d11d5715e577,COMPLETED,2025-05-16,2025-07-16,Y09,"KaushalSetu synthetic generator v2, seed 20260929",2026-09-28T12:00:00+05:30,"SYNTHETIC demo data (KaushalSetu SIH prototype): fictional entities, team-assumed numbers, not real or official statistics.",true
10dc3f44-565b-5be8-83e2-8841ceaed0bd,fb423833-8081-5c0a-bb74-09feb78a2fa8,4fc5bf4d-2e2c-5c2e-b7d0-d11d5715e577,COMPLETED,2024-10-14,2024-12-18,Y09,"KaushalSetu synthetic generator v2, seed 20260929",2026-09-28T12:00:00+05:30,"SYNTHETIC demo data (KaushalSetu SIH prototype): fictional entities, team-assumed numbers, not real or official statistics.",true
775015d9-e303-5492-b465-c0a8520784aa,4d0334db-8899-581b-ada1-2b540b42dc74,4fc5bf4d-2e2c-5c2e-b7d0-d11d5715e577,COMPLETED,2025-02-07,2025-04-15,Y09,"KaushalSetu synthetic generator v2, seed 20260929",2026-09-28T12:00:00+05:30,"SYNTHETIC demo data (KaushalSetu SIH prototype): fictional entities, team-assumed numbers, not real or official statistics.",true
fcb6f6b1-9b3a-5840-a2f5-7e489d381d0f,adbb3b0e-12cf-5397-9b6a-672311e626f1,4fc5bf4d-2e2c-5c2e-b7d0-d11d5715e577,COMPLETED,2024-11-12,2025-01-18,Y09,"KaushalSetu synthetic generator v2, seed 20260929",2026-09-28T12:00:00+05:30,"SYNTHETIC demo data (KaushalSetu SIH prototype): fictional entities, team-assumed numbers, not real or official statistics.",true
f0db4c2f-43ae-54b6-9c0b-d71111e9b4b0,8c8d121a-cf1f-5e85-b9cc-6abea427e230,4fc5bf4d-2e2c-5c2e-b7d0-d11d5715e577,COMPLETED,2024-10-07,2024-12-13,Y09,"KaushalSetu synthetic generator v2, seed 20260929",2026-09-28T12:00:00+05:30,"SYNTHETIC demo data (KaushalSetu SIH prototype): fictional entities, team-assumed numbers, not real or official statistics.",true
78f1044d-a646-5eda-84ad-a1dd694ab6a1,2bd84353-75c1-51b0-9e17-01e616365f92,4fc5bf4d-2e2c-5c2e-b7d0-d11d5715e577,COMPLETED,2024-08-31,2024-11-02,Y09,"KaushalSetu synthetic generator v2, seed 20260929",2026-09-28T12:00:00+05:30,"SYNTHETIC demo data (KaushalSetu SIH prototype): fictional entities, team-assumed numbers, not real or official statistics.",true
2fa1185e-538f-565e-a20e-8404882030fe,4431c1db-0366-5ee0-acd1-83b550119a57,4fc5bf4d-2e2c-5c2e-b7d0-d11d5715e577,COMPLETED,2025-01-07,2025-03-10,Y09,"KaushalSetu synthetic generator v2, seed 20260929",2026-09-28T12:00:00+05:30,"SYNTHETIC demo data (KaushalSetu SIH prototype): fictional entities, team-assumed numbers, not real or official statistics.",true
7d754f7d-02fd-5b2f-9b4d-3f29f1647c2e,27c13711-fba2-54b0-bf81-3d5031db5fe5,4fc5bf4d-2e2c-5c2e-b7d0-d11d5715e577,COMPLETED,2024-11-19,2025-01-19,Y09,"KaushalSetu synthetic generator v2, seed 20260929",2026-09-28T12:00:00+05:30,"SYNTHETIC demo data (KaushalSetu SIH prototype): fictional entities, team-assumed numbers, not real or official statistics.",true
a04a7967-110d-5c8a-824d-a7c987bad107,bec26e97-d632-51e7-9699-0a9a3a1e836e,4fc5bf4d-2e2c-5c2e-b7d0-d11d5715e577,COMPLETED,2025-04-18,2025-06-23,Y09,"KaushalSetu synthetic generator v2, seed 20260929",2026-09-28T12:00:00+05:30,"SYNTHETIC demo data (KaushalSetu SIH prototype): fictional entities, team-assumed numbers, not real or official statistics.",true
61efb256-d1ea-58da-b433-f31640c9d820,d411b7c1-58ea-559b-b372-87a0b0fb95a3,4fc5bf4d-2e2c-5c2e-b7d0-d11d5715e577,COMPLETED,2024-12-16,2025-02-19,Y09,"KaushalSetu synthetic generator v2, seed 20260929",2026-09-28T12:00:00+05:30,"SYNTHETIC demo data (KaushalSetu SIH prototype): fictional entities, team-assumed numbers, not real or official statistics.",true
dca03ed2-b1be-5e1b-ab81-5f96760168b1,c00f8d2e-4777-5136-b380-701cb3d0794b,4fc5bf4d-2e2c-5c2e-b7d0-d11d5715e577,COMPLETED,2024-11-13,2025-01-15,Y09,"KaushalSetu synthetic generator v2, seed 20260929",2026-09-28T12:00:00+05:30,"SYNTHETIC demo data (KaushalSetu SIH prototype): fictional entities, team-assumed numbers, not real or official statistics.",true
0d3a203e-8e87-5c1a-a416-c3b051995355,3bbed778-a4c9-5bc8-b256-5551d06cf2b7,4fc5bf4d-2e2c-5c2e-b7d0-d11d5715e577,COMPLETED,2025-02-27,2025-04-29,Y09,"KaushalSetu synthetic generator v2, seed 20260929",2026-09-28T12:00:00+05:30,"SYNTHETIC demo data (KaushalSetu SIH prototype): fictional entities, team-assumed numbers, not real or official statistics.",true
be099a1b-d67c-57f0-bb93-ed99b9eb90a5,c0401d4a-94ef-5639-ae34-ecf6250fbf42,4fc5bf4d-2e2c-5c2e-b7d0-d11d5715e577,COMPLETED,2025-02-24,2025-05-01,Y09,"KaushalSetu synthetic generator v2, seed 20260929",2026-09-28T12:00:00+05:30,"SYNTHETIC demo data (KaushalSetu SIH prototype): fictional entities, team-assumed numbers, not real or official statistics.",true
460eb7d7-5fa1-580b-9a06-c1f90fbfd617,017944dd-d23a-5f6c-be2b-7a2b10abe153,4fc5bf4d-2e2c-5c2e-b7d0-d11d5715e577,COMPLETED,2024-12-11,2025-02-15,Y09,"KaushalSetu synthetic generator v2, seed 20260929",2026-09-28T12:00:00+05:30,"SYNTHETIC demo data (KaushalSetu SIH prototype): fictional entities, team-assumed numbers, not real or official statistics.",true
69b23a45-6241-50ac-a144-2f58a86c9a5e,d56af074-faec-57e2-a83c-22151b50ff49,4fc5bf4d-2e2c-5c2e-b7d0-d11d5715e577,COMPLETED,2025-01-08,2025-03-13,Y09,"KaushalSetu synthetic generator v2, seed 20260929",2026-09-28T12:00:00+05:30,"SYNTHETIC demo data (KaushalSetu SIH prototype): fictional entities, team-assumed numbers, not real or official statistics.",true
7d10ba8f-dd50-58f9-a875-708436f26961,169b11e9-4dcd-56a5-9c77-0d3ff499953b,4fc5bf4d-2e2c-5c2e-b7d0-d11d5715e577,DROPPED,2024-12-04,,Y09,"KaushalSetu synthetic generator v2, seed 20260929",2026-09-28T12:00:00+05:30,"SYNTHETIC demo data (KaushalSetu SIH prototype): fictional entities, team-assumed numbers, not real or official statistics.",true
6a7e98d2-f94e-545f-90b9-28afc8683428,e083875c-563f-5ed6-b781-1e1c42a035de,4fc5bf4d-2e2c-5c2e-b7d0-d11d5715e577,COMPLETED,2025-01-16,2025-03-20,Y09,"KaushalSetu synthetic generator v2, seed 20260929",2026-09-28T12:00:00+05:30,"SYNTHETIC demo data (KaushalSetu SIH prototype): fictional entities, team-assumed numbers, not real or official statistics.",true
6f834d5d-08a8-55e0-a939-f0479de019cd,6cf42a32-412e-5c4e-a886-815eb12d764b,4fc5bf4d-2e2c-5c2e-b7d0-d11d5715e577,COMPLETED,2025-05-04,2025-07-07,Y09,"KaushalSetu synthetic generator v2, seed 20260929",2026-09-28T12:00:00+05:30,"SYNTHETIC demo data (KaushalSetu SIH prototype): fictional entities, team-assumed numbers, not real or official statistics.",true
a0eba109-30cd-5907-9009-5701af35a517,4d32ecd4-d3f6-5915-aad6-fc0d109f2d1c,4fc5bf4d-2e2c-5c2e-b7d0-d11d5715e577,COMPLETED,2025-03-13,2025-05-16,Y09,"KaushalSetu synthetic generator v2, seed 20260929",2026-09-28T12:00:00+05:30,"SYNTHETIC demo data (KaushalSetu SIH prototype): fictional entities, team-assumed numbers, not real or official statistics.",true
84a43fa7-bd09-5575-8123-512c24db5e75,472afa9d-82e2-53cb-994c-67c4543f309d,4fc5bf4d-2e2c-5c2e-b7d0-d11d5715e577,COMPLETED,2024-08-03,2024-10-03,Y09,"KaushalSetu synthetic generator v2, seed 20260929",2026-09-28T12:00:00+05:30,"SYNTHETIC demo data (KaushalSetu SIH prototype): fictional entities, team-assumed numbers, not real or official statistics.",true
cc1397aa-f642-554a-8e1c-aafeb25f713a,a4dec90a-acfc-5f17-ab13-9703645dbe5a,444f1cd9-d2a7-5f1d-bc7a-83e8a6af863e,COMPLETED,2026-05-12,2026-07-12,Y09,"KaushalSetu synthetic generator v2, seed 20260929",2026-09-28T12:00:00+05:30,"SYNTHETIC demo data (KaushalSetu SIH prototype): fictional entities, team-assumed numbers, not real or official statistics.",true
a0be7359-61a3-52f7-9034-0e644f1d4601,93963f9b-fb1b-5131-8b33-57271679350c,444f1cd9-d2a7-5f1d-bc7a-83e8a6af863e,COMPLETED,2026-02-08,2026-04-12,Y09,"KaushalSetu synthetic generator v2, seed 20260929",2026-09-28T12:00:00+05:30,"SYNTHETIC demo data (KaushalSetu SIH prototype): fictional entities, team-assumed numbers, not real or official statistics.",true
a4a5b5a9-59ea-5741-9407-0eb40e3dee38,ab3ce071-d47a-5bf2-b4f6-202cd2e5e834,444f1cd9-d2a7-5f1d-bc7a-83e8a6af863e,COMPLETED,2025-09-27,2025-11-29,Y09,"KaushalSetu synthetic generator v2, seed 20260929",2026-09-28T12:00:00+05:30,"SYNTHETIC demo data (KaushalSetu SIH prototype): fictional entities, team-assumed numbers, not real or official statistics.",true
d0c3cb73-7c2d-5e5e-a2b9-2e6cee16def3,f27d51ca-15b7-5c01-b368-9192f9ed8f69,444f1cd9-d2a7-5f1d-bc7a-83e8a6af863e,COMPLETED,2025-12-18,2026-02-17,Y09,"KaushalSetu synthetic generator v2, seed 20260929",2026-09-28T12:00:00+05:30,"SYNTHETIC demo data (KaushalSetu SIH prototype): fictional entities, team-assumed numbers, not real or official statistics.",true
ff4a0f9c-8f2a-5f5f-961f-76aa6a360558,427461d4-8244-56b9-9175-191e598a05e4,444f1cd9-d2a7-5f1d-bc7a-83e8a6af863e,COMPLETED,2026-04-26,2026-06-28,Y09,"KaushalSetu synthetic generator v2, seed 20260929",2026-09-28T12:00:00+05:30,"SYNTHETIC demo data (KaushalSetu SIH prototype): fictional entities, team-assumed numbers, not real or official statistics.",true
070003bf-5c3e-5602-aa6d-f80201344fdb,c3d47c83-88a4-56bd-bd6f-fd4702ba3b58,444f1cd9-d2a7-5f1d-bc7a-83e8a6af863e,COMPLETED,2025-08-05,2025-10-04,Y09,"KaushalSetu synthetic generator v2, seed 20260929",2026-09-28T12:00:00+05:30,"SYNTHETIC demo data (KaushalSetu SIH prototype): fictional entities, team-assumed numbers, not real or official statistics.",true
e8332a5d-e7cd-5820-af84-22fb32039fc2,63c7888d-ce9f-50d2-8c59-2d78619d8929,444f1cd9-d2a7-5f1d-bc7a-83e8a6af863e,COMPLETED,2025-11-06,2026-01-11,Y09,"KaushalSetu synthetic generator v2, seed 20260929",2026-09-28T12:00:00+05:30,"SYNTHETIC demo data (KaushalSetu SIH prototype): fictional entities, team-assumed numbers, not real or official statistics.",true
97c587d9-558a-5295-bd32-587a20711d8f,6601ec15-2566-5282-a22b-6e57f466f2af,444f1cd9-d2a7-5f1d-bc7a-83e8a6af863e,COMPLETED,2025-09-24,2025-11-27,Y09,"KaushalSetu synthetic generator v2, seed 20260929",2026-09-28T12:00:00+05:30,"SYNTHETIC demo data (KaushalSetu SIH prototype): fictional entities, team-assumed numbers, not real or official statistics.",true
719dce6c-dcab-56c7-bfa6-0564e0c9af9e,e6f9dcf7-aa44-5e70-a238-dee2817bc637,444f1cd9-d2a7-5f1d-bc7a-83e8a6af863e,DROPPED,2025-08-22,,Y09,"KaushalSetu synthetic generator v2, seed 20260929",2026-09-28T12:00:00+05:30,"SYNTHETIC demo data (KaushalSetu SIH prototype): fictional entities, team-assumed numbers, not real or official statistics.",true
1362a581-3b27-59a9-a00e-8def649136ad,af0ef729-2af3-54f0-85fa-38a15a0888f8,444f1cd9-d2a7-5f1d-bc7a-83e8a6af863e,COMPLETED,2026-05-04,2026-07-05,Y09,"KaushalSetu synthetic generator v2, seed 20260929",2026-09-28T12:00:00+05:30,"SYNTHETIC demo data (KaushalSetu SIH prototype): fictional entities, team-assumed numbers, not real or official statistics.",true
1b082059-7dc1-518b-a071-c5b326d2b905,c88f61c1-c1dd-5ff8-b095-97d4533dd14e,444f1cd9-d2a7-5f1d-bc7a-83e8a6af863e,COMPLETED,2026-02-03,2026-04-07,Y09,"KaushalSetu synthetic generator v2, seed 20260929",2026-09-28T12:00:00+05:30,"SYNTHETIC demo data (KaushalSetu SIH prototype): fictional entities, team-assumed numbers, not real or official statistics.",true
20965d15-36a3-5043-b7ee-a54304ac7eae,a908b01d-6c1c-5c46-ad63-6c1fb398db30,444f1cd9-d2a7-5f1d-bc7a-83e8a6af863e,COMPLETED,2025-11-28,2026-01-27,Y09,"KaushalSetu synthetic generator v2, seed 20260929",2026-09-28T12:00:00+05:30,"SYNTHETIC demo data (KaushalSetu SIH prototype): fictional entities, team-assumed numbers, not real or official statistics.",true
f8351ec2-8b18-5af5-9d59-d9ebed311de4,2c640732-cdb0-54ac-910d-d891315cfc3c,444f1cd9-d2a7-5f1d-bc7a-83e8a6af863e,COMPLETED,2025-08-31,2025-10-31,Y09,"KaushalSetu synthetic generator v2, seed 20260929",2026-09-28T12:00:00+05:30,"SYNTHETIC demo data (KaushalSetu SIH prototype): fictional entities, team-assumed numbers, not real or official statistics.",true
d8522806-f092-5207-b03c-64f06dc03654,3147b52f-0587-5e88-ac4a-fc06474d6f4b,444f1cd9-d2a7-5f1d-bc7a-83e8a6af863e,COMPLETED,2025-09-14,2025-11-16,Y09,"KaushalSetu synthetic generator v2, seed 20260929",2026-09-28T12:00:00+05:30,"SYNTHETIC demo data (KaushalSetu SIH prototype): fictional entities, team-assumed numbers, not real or official statistics.",true
72eae98f-8dd3-5441-9469-e0fbe16dd60e,ebb01563-2e7a-5ee9-9a17-28605a78c9b4,444f1cd9-d2a7-5f1d-bc7a-83e8a6af863e,COMPLETED,2026-04-09,2026-06-09,Y09,"KaushalSetu synthetic generator v2, seed 20260929",2026-09-28T12:00:00+05:30,"SYNTHETIC demo data (KaushalSetu SIH prototype): fictional entities, team-assumed numbers, not real or official statistics.",true
aaf04c7f-b395-5fa2-912f-d487e583ade8,92e5a69e-8569-5ec4-8e42-80e4a5df0929,444f1cd9-d2a7-5f1d-bc7a-83e8a6af863e,COMPLETED,2025-09-30,2025-12-03,Y09,"KaushalSetu synthetic generator v2, seed 20260929",2026-09-28T12:00:00+05:30,"SYNTHETIC demo data (KaushalSetu SIH prototype): fictional entities, team-assumed numbers, not real or official statistics.",true
3a4b78b6-caf5-53dc-9a90-7a35ad51b3f8,0a194c6b-094e-565b-a5c5-2cc18bf4a9eb,444f1cd9-d2a7-5f1d-bc7a-83e8a6af863e,COMPLETED,2026-04-18,2026-06-17,Y09,"KaushalSetu synthetic generator v2, seed 20260929",2026-09-28T12:00:00+05:30,"SYNTHETIC demo data (KaushalSetu SIH prototype): fictional entities, team-assumed numbers, not real or official statistics.",true
c9bbdde2-a104-5cf0-9065-33a9226391f4,18dec740-f5e7-51b6-8d66-5e9f7a5e524d,444f1cd9-d2a7-5f1d-bc7a-83e8a6af863e,COMPLETED,2025-08-25,2025-10-26,Y09,"KaushalSetu synthetic generator v2, seed 20260929",2026-09-28T12:00:00+05:30,"SYNTHETIC demo data (KaushalSetu SIH prototype): fictional entities, team-assumed numbers, not real or official statistics.",true
2e2d7edb-889b-5984-99c1-33e495dfbf3f,41cfee9c-6f27-5760-be92-b964dd50061e,444f1cd9-d2a7-5f1d-bc7a-83e8a6af863e,COMPLETED,2026-04-07,2026-06-06,Y09,"KaushalSetu synthetic generator v2, seed 20260929",2026-09-28T12:00:00+05:30,"SYNTHETIC demo data (KaushalSetu SIH prototype): fictional entities, team-assumed numbers, not real or official statistics.",true
c2bd22dc-6000-54bc-ab5b-6e8c8409eb9c,d3e8116d-96be-5cef-986f-3d48eb78529e,444f1cd9-d2a7-5f1d-bc7a-83e8a6af863e,COMPLETED,2025-10-17,2025-12-23,Y09,"KaushalSetu synthetic generator v2, seed 20260929",2026-09-28T12:00:00+05:30,"SYNTHETIC demo data (KaushalSetu SIH prototype): fictional entities, team-assumed numbers, not real or official statistics.",true
da1a5a49-69c7-53a2-8f05-ad465d8195e1,96588448-483e-54af-a95b-df11e19a440a,444f1cd9-d2a7-5f1d-bc7a-83e8a6af863e,COMPLETED,2026-05-23,2026-07-22,Y09,"KaushalSetu synthetic generator v2, seed 20260929",2026-09-28T12:00:00+05:30,"SYNTHETIC demo data (KaushalSetu SIH prototype): fictional entities, team-assumed numbers, not real or official statistics.",true
bfda3b77-ddd8-5e8f-98ad-84d16d2e98e0,dc7b0ee5-e3bb-5cf4-b423-af74dddf7ed6,444f1cd9-d2a7-5f1d-bc7a-83e8a6af863e,DROPPED,2025-12-26,,Y09,"KaushalSetu synthetic generator v2, seed 20260929",2026-09-28T12:00:00+05:30,"SYNTHETIC demo data (KaushalSetu SIH prototype): fictional entities, team-assumed numbers, not real or official statistics.",true
01a146f4-6c7a-5967-98fe-f8d81340b7eb,29384915-9c62-5568-a2bf-61ef9df6bbd9,444f1cd9-d2a7-5f1d-bc7a-83e8a6af863e,COMPLETED,2026-03-02,2026-05-05,Y09,"KaushalSetu synthetic generator v2, seed 20260929",2026-09-28T12:00:00+05:30,"SYNTHETIC demo data (KaushalSetu SIH prototype): fictional entities, team-assumed numbers, not real or official statistics.",true
93ca9d9c-f494-578e-b07f-12409c0679eb,f676a626-41d4-59a9-b729-c1afb17c7629,444f1cd9-d2a7-5f1d-bc7a-83e8a6af863e,COMPLETED,2025-08-18,2025-10-21,Y09,"KaushalSetu synthetic generator v2, seed 20260929",2026-09-28T12:00:00+05:30,"SYNTHETIC demo data (KaushalSetu SIH prototype): fictional entities, team-assumed numbers, not real or official statistics.",true
b14238d9-21b9-5850-b0d8-cc99c9318846,e5f8f8e0-e714-5df4-8157-53aeb25af35a,444f1cd9-d2a7-5f1d-bc7a-83e8a6af863e,COMPLETED,2025-11-05,2026-01-07,Y09,"KaushalSetu synthetic generator v2, seed 20260929",2026-09-28T12:00:00+05:30,"SYNTHETIC demo data (KaushalSetu SIH prototype): fictional entities, team-assumed numbers, not real or official statistics.",true
e7ec1f42-383d-5c8f-9681-5164fb8b3c1b,e6e0d14b-df03-5bf2-b42e-84ae9c3e3f8e,444f1cd9-d2a7-5f1d-bc7a-83e8a6af863e,COMPLETED,2026-02-14,2026-04-16,Y09,"KaushalSetu synthetic generator v2, seed 20260929",2026-09-28T12:00:00+05:30,"SYNTHETIC demo data (KaushalSetu SIH prototype): fictional entities, team-assumed numbers, not real or official statistics.",true
2bdd5f36-90b9-52bf-9f00-a2e74b8a1ea1,c8bde214-a508-5ac4-b5ae-bbb8eb49f020,444f1cd9-d2a7-5f1d-bc7a-83e8a6af863e,COMPLETED,2025-10-01,2025-12-04,Y09,"KaushalSetu synthetic generator v2, seed 20260929",2026-09-28T12:00:00+05:30,"SYNTHETIC demo data (KaushalSetu SIH prototype): fictional entities, team-assumed numbers, not real or official statistics.",true
4728d476-a298-5388-93cb-3ac03c266161,5f6bb470-9599-5681-b9ab-a7b460bce2a3,444f1cd9-d2a7-5f1d-bc7a-83e8a6af863e,COMPLETED,2025-12-02,2026-02-07,Y09,"KaushalSetu synthetic generator v2, seed 20260929",2026-09-28T12:00:00+05:30,"SYNTHETIC demo data (KaushalSetu SIH prototype): fictional entities, team-assumed numbers, not real or official statistics.",true
f2f76db3-fc2b-53ea-b97a-7b0e33695686,5b010420-8ba6-5be2-ab71-53ea00e30c7e,444f1cd9-d2a7-5f1d-bc7a-83e8a6af863e,COMPLETED,2025-11-29,2026-01-28,Y09,"KaushalSetu synthetic generator v2, seed 20260929",2026-09-28T12:00:00+05:30,"SYNTHETIC demo data (KaushalSetu SIH prototype): fictional entities, team-assumed numbers, not real or official statistics.",true
8bb7afd3-20c8-59b8-ae17-0c5f4e039ab3,80d06f2e-58c5-5047-ac79-4d8e04677259,444f1cd9-d2a7-5f1d-bc7a-83e8a6af863e,COMPLETED,2025-08-25,2025-10-29,Y09,"KaushalSetu synthetic generator v2, seed 20260929",2026-09-28T12:00:00+05:30,"SYNTHETIC demo data (KaushalSetu SIH prototype): fictional entities, team-assumed numbers, not real or official statistics.",true
a3392182-0de2-5a99-a885-edca95257209,78b97c15-c65f-5295-986e-ff7a3b566608,4bd99b7f-0644-59a2-927c-d18f9a9ffb3c,COMPLETED,2023-08-24,2025-07-20,Y09,"KaushalSetu synthetic generator v2, seed 20260929",2026-09-28T12:00:00+05:30,"SYNTHETIC demo data (KaushalSetu SIH prototype): fictional entities, team-assumed numbers, not real or official statistics.",true
15c99780-51f7-595c-9215-7e743320639d,18371fe7-1417-5146-9806-07186f75bb1b,4bd99b7f-0644-59a2-927c-d18f9a9ffb3c,COMPLETED,2023-08-31,2025-07-21,Y09,"KaushalSetu synthetic generator v2, seed 20260929",2026-09-28T12:00:00+05:30,"SYNTHETIC demo data (KaushalSetu SIH prototype): fictional entities, team-assumed numbers, not real or official statistics.",true
af3d5c2a-eea9-5884-a10a-48d7a75cfbd6,9d648ed0-e7d4-56b5-83e2-a1d8f97b4b0f,4bd99b7f-0644-59a2-927c-d18f9a9ffb3c,COMPLETED,2023-08-18,2025-07-23,Y09,"KaushalSetu synthetic generator v2, seed 20260929",2026-09-28T12:00:00+05:30,"SYNTHETIC demo data (KaushalSetu SIH prototype): fictional entities, team-assumed numbers, not real or official statistics.",true
9b487481-966a-56db-b190-4fc7422b68ef,849bb620-23d4-524e-acd8-2c51921bd8fc,4bd99b7f-0644-59a2-927c-d18f9a9ffb3c,COMPLETED,2023-08-20,2025-07-26,Y09,"KaushalSetu synthetic generator v2, seed 20260929",2026-09-28T12:00:00+05:30,"SYNTHETIC demo data (KaushalSetu SIH prototype): fictional entities, team-assumed numbers, not real or official statistics.",true
db4ff3ff-44cb-5af9-976e-ca915f44c6bd,b9082a55-4d4e-5019-97bf-73ea12f9309e,4bd99b7f-0644-59a2-927c-d18f9a9ffb3c,COMPLETED,2023-08-26,2025-07-16,Y09,"KaushalSetu synthetic generator v2, seed 20260929",2026-09-28T12:00:00+05:30,"SYNTHETIC demo data (KaushalSetu SIH prototype): fictional entities, team-assumed numbers, not real or official statistics.",true
dd364b36-ac78-5eff-8934-7d7a69dd72f8,f1bcdddf-aadf-5fe9-a48f-bac0037bf336,4bd99b7f-0644-59a2-927c-d18f9a9ffb3c,COMPLETED,2023-08-04,2025-07-26,Y09,"KaushalSetu synthetic generator v2, seed 20260929",2026-09-28T12:00:00+05:30,"SYNTHETIC demo data (KaushalSetu SIH prototype): fictional entities, team-assumed numbers, not real or official statistics.",true
61f30a8f-963a-553b-ace1-db8c563e30e2,518bca6f-eb8e-5904-abe4-a718319bf2ae,4bd99b7f-0644-59a2-927c-d18f9a9ffb3c,COMPLETED,2023-08-05,2025-07-15,Y09,"KaushalSetu synthetic generator v2, seed 20260929",2026-09-28T12:00:00+05:30,"SYNTHETIC demo data (KaushalSetu SIH prototype): fictional entities, team-assumed numbers, not real or official statistics.",true
0f4c11c8-b60f-53aa-a56f-dead6c017ad8,51f11538-37a6-55c4-96b5-4ac935c21ec2,4bd99b7f-0644-59a2-927c-d18f9a9ffb3c,COMPLETED,2023-08-25,2025-07-22,Y09,"KaushalSetu synthetic generator v2, seed 20260929",2026-09-28T12:00:00+05:30,"SYNTHETIC demo data (KaushalSetu SIH prototype): fictional entities, team-assumed numbers, not real or official statistics.",true
5abea055-5825-59dd-a5ae-4e472030fa16,c4afabfd-67ff-5bf8-8f59-e22eaaa2af44,4bd99b7f-0644-59a2-927c-d18f9a9ffb3c,COMPLETED,2023-08-05,2025-07-26,Y09,"KaushalSetu synthetic generator v2, seed 20260929",2026-09-28T12:00:00+05:30,"SYNTHETIC demo data (KaushalSetu SIH prototype): fictional entities, team-assumed numbers, not real or official statistics.",true
d9681ec2-d3c1-5330-ba5c-b3f9c7b3ec04,2b10997e-ced3-5ba7-8638-75ed2c823403,4bd99b7f-0644-59a2-927c-d18f9a9ffb3c,COMPLETED,2023-08-19,2025-07-20,Y09,"KaushalSetu synthetic generator v2, seed 20260929",2026-09-28T12:00:00+05:30,"SYNTHETIC demo data (KaushalSetu SIH prototype): fictional entities, team-assumed numbers, not real or official statistics.",true
a27082a3-11bb-5c36-a017-2e7394e9cb92,f0522b5e-784e-50a4-8cb1-a99fbc48088d,4bd99b7f-0644-59a2-927c-d18f9a9ffb3c,COMPLETED,2023-08-16,2025-07-25,Y09,"KaushalSetu synthetic generator v2, seed 20260929",2026-09-28T12:00:00+05:30,"SYNTHETIC demo data (KaushalSetu SIH prototype): fictional entities, team-assumed numbers, not real or official statistics.",true
679e4f3a-eef2-5d2f-80be-3026cc54b341,9a54d41e-d09b-51fa-8dc3-1349cfb71154,4bd99b7f-0644-59a2-927c-d18f9a9ffb3c,DROPPED,2023-08-23,,Y09,"KaushalSetu synthetic generator v2, seed 20260929",2026-09-28T12:00:00+05:30,"SYNTHETIC demo data (KaushalSetu SIH prototype): fictional entities, team-assumed numbers, not real or official statistics.",true
d14a68b6-3486-5229-b8a8-f45be950a93f,87c44dca-d6d8-5d49-9383-fda4333618c0,4bd99b7f-0644-59a2-927c-d18f9a9ffb3c,COMPLETED,2023-08-21,2025-07-16,Y09,"KaushalSetu synthetic generator v2, seed 20260929",2026-09-28T12:00:00+05:30,"SYNTHETIC demo data (KaushalSetu SIH prototype): fictional entities, team-assumed numbers, not real or official statistics.",true
984b11cd-3953-5eb6-8ed5-f9c21af30595,7eb0e126-fd76-5308-92e2-7cbed217334c,4bd99b7f-0644-59a2-927c-d18f9a9ffb3c,COMPLETED,2023-08-21,2025-07-23,Y09,"KaushalSetu synthetic generator v2, seed 20260929",2026-09-28T12:00:00+05:30,"SYNTHETIC demo data (KaushalSetu SIH prototype): fictional entities, team-assumed numbers, not real or official statistics.",true
9569d814-7590-5ccc-b154-f46264bf44cb,f19c41ff-980d-5610-b2ec-51b86a928d76,4bd99b7f-0644-59a2-927c-d18f9a9ffb3c,COMPLETED,2023-08-13,2025-07-31,Y09,"KaushalSetu synthetic generator v2, seed 20260929",2026-09-28T12:00:00+05:30,"SYNTHETIC demo data (KaushalSetu SIH prototype): fictional entities, team-assumed numbers, not real or official statistics.",true
53460c65-278c-5ce1-8312-d7dd2d7b8498,a3859d5a-4e0c-5503-84b8-c9075906655d,4bd99b7f-0644-59a2-927c-d18f9a9ffb3c,COMPLETED,2023-08-09,2025-07-28,Y09,"KaushalSetu synthetic generator v2, seed 20260929",2026-09-28T12:00:00+05:30,"SYNTHETIC demo data (KaushalSetu SIH prototype): fictional entities, team-assumed numbers, not real or official statistics.",true
221b1b5a-c0e7-5407-a598-e10a0627f391,89e436ec-f312-512c-89b7-d8d19c9f6ef1,4bd99b7f-0644-59a2-927c-d18f9a9ffb3c,COMPLETED,2023-08-15,2025-07-20,Y09,"KaushalSetu synthetic generator v2, seed 20260929",2026-09-28T12:00:00+05:30,"SYNTHETIC demo data (KaushalSetu SIH prototype): fictional entities, team-assumed numbers, not real or official statistics.",true
6dc67778-fc94-5e50-8bd9-962065527368,a9e8ec3a-817f-51eb-b07d-9adafb377cca,4bd99b7f-0644-59a2-927c-d18f9a9ffb3c,COMPLETED,2023-08-10,2025-07-24,Y09,"KaushalSetu synthetic generator v2, seed 20260929",2026-09-28T12:00:00+05:30,"SYNTHETIC demo data (KaushalSetu SIH prototype): fictional entities, team-assumed numbers, not real or official statistics.",true
a2ad21cd-1dcf-58a5-b84c-29ac256651f2,46ae25e9-5059-5232-9c90-d14d2e8bcc06,4bd99b7f-0644-59a2-927c-d18f9a9ffb3c,COMPLETED,2023-08-23,2025-07-25,Y09,"KaushalSetu synthetic generator v2, seed 20260929",2026-09-28T12:00:00+05:30,"SYNTHETIC demo data (KaushalSetu SIH prototype): fictional entities, team-assumed numbers, not real or official statistics.",true
d5110261-3c7a-5bcd-bae3-a5b785deed97,f7f810f5-e31d-5e08-8775-9d60bf3380b5,4bd99b7f-0644-59a2-927c-d18f9a9ffb3c,DROPPED,2023-08-21,,Y09,"KaushalSetu synthetic generator v2, seed 20260929",2026-09-28T12:00:00+05:30,"SYNTHETIC demo data (KaushalSetu SIH prototype): fictional entities, team-assumed numbers, not real or official statistics.",true
6a4d5658-73c3-5935-8825-6b5ba37d67c9,bba66336-5bbf-59ff-a3c6-f97e8149880d,4bd99b7f-0644-59a2-927c-d18f9a9ffb3c,COMPLETED,2023-08-07,2025-07-27,Y09,"KaushalSetu synthetic generator v2, seed 20260929",2026-09-28T12:00:00+05:30,"SYNTHETIC demo data (KaushalSetu SIH prototype): fictional entities, team-assumed numbers, not real or official statistics.",true
2a4d677b-9ad3-5c90-a568-dc014be82725,d5852a0e-2c13-5bd2-8c1e-c3730705e16a,4bd99b7f-0644-59a2-927c-d18f9a9ffb3c,COMPLETED,2023-08-08,2025-07-31,Y09,"KaushalSetu synthetic generator v2, seed 20260929",2026-09-28T12:00:00+05:30,"SYNTHETIC demo data (KaushalSetu SIH prototype): fictional entities, team-assumed numbers, not real or official statistics.",true
2cae429a-ac7b-586a-a8f3-29830bb822f8,d2c13538-60a7-5591-b8ff-68e7045d84a2,4bd99b7f-0644-59a2-927c-d18f9a9ffb3c,COMPLETED,2023-08-17,2025-07-25,Y09,"KaushalSetu synthetic generator v2, seed 20260929",2026-09-28T12:00:00+05:30,"SYNTHETIC demo data (KaushalSetu SIH prototype): fictional entities, team-assumed numbers, not real or official statistics.",true
3b825bc3-9858-5ede-ad6b-4646de4ee5cb,d6253ffb-f942-5ea1-9287-b394a33d33c2,4bd99b7f-0644-59a2-927c-d18f9a9ffb3c,COMPLETED,2023-08-04,2025-07-26,Y09,"KaushalSetu synthetic generator v2, seed 20260929",2026-09-28T12:00:00+05:30,"SYNTHETIC demo data (KaushalSetu SIH prototype): fictional entities, team-assumed numbers, not real or official statistics.",true
91422aca-ab50-5297-bff1-e5405bdcef02,3f30b13b-87d8-59c2-a134-d0239f217687,4bd99b7f-0644-59a2-927c-d18f9a9ffb3c,DROPPED,2023-08-27,,Y09,"KaushalSetu synthetic generator v2, seed 20260929",2026-09-28T12:00:00+05:30,"SYNTHETIC demo data (KaushalSetu SIH prototype): fictional entities, team-assumed numbers, not real or official statistics.",true
2f2372ab-9be4-5f24-ad5f-77da43624192,56ac7c10-239a-5de8-b9e1-ecb8b8c061fa,4bd99b7f-0644-59a2-927c-d18f9a9ffb3c,COMPLETED,2023-08-18,2025-07-31,Y09,"KaushalSetu synthetic generator v2, seed 20260929",2026-09-28T12:00:00+05:30,"SYNTHETIC demo data (KaushalSetu SIH prototype): fictional entities, team-assumed numbers, not real or official statistics.",true
f8fa105d-e2b2-557b-b3ee-186afa1c3d8e,8d97c86c-066d-5acd-bf4c-8e263008e9ad,4bd99b7f-0644-59a2-927c-d18f9a9ffb3c,COMPLETED,2023-08-20,2025-07-15,Y09,"KaushalSetu synthetic generator v2, seed 20260929",2026-09-28T12:00:00+05:30,"SYNTHETIC demo data (KaushalSetu SIH prototype): fictional entities, team-assumed numbers, not real or official statistics.",true
f9628ec5-0d03-5221-aa00-d4a398b9435d,400ed12a-5373-5f19-a719-4185da9f89aa,4bd99b7f-0644-59a2-927c-d18f9a9ffb3c,DROPPED,2023-08-14,,Y09,"KaushalSetu synthetic generator v2, seed 20260929",2026-09-28T12:00:00+05:30,"SYNTHETIC demo data (KaushalSetu SIH prototype): fictional entities, team-assumed numbers, not real or official statistics.",true
691cc58b-9510-5854-9055-d4a15604149c,8f9bbad8-6a2d-5732-95b7-03dd46ded62b,4bd99b7f-0644-59a2-927c-d18f9a9ffb3c,COMPLETED,2023-08-26,2025-07-22,Y09,"KaushalSetu synthetic generator v2, seed 20260929",2026-09-28T12:00:00+05:30,"SYNTHETIC demo data (KaushalSetu SIH prototype): fictional entities, team-assumed numbers, not real or official statistics.",true
a3b1d336-fdb6-5b94-9001-6772840de33a,942d89d7-41f7-531c-bb65-0327f6ff3ef1,4bd99b7f-0644-59a2-927c-d18f9a9ffb3c,COMPLETED,2023-08-19,2025-07-19,Y09,"KaushalSetu synthetic generator v2, seed 20260929",2026-09-28T12:00:00+05:30,"SYNTHETIC demo data (KaushalSetu SIH prototype): fictional entities, team-assumed numbers, not real or official statistics.",true
984a064a-e97a-5c68-9be3-9f5a309b8e41,6a6131e2-c7b9-5ca9-904d-264d48307e95,4bd99b7f-0644-59a2-927c-d18f9a9ffb3c,COMPLETED,2023-08-14,2025-07-22,Y09,"KaushalSetu synthetic generator v2, seed 20260929",2026-09-28T12:00:00+05:30,"SYNTHETIC demo data (KaushalSetu SIH prototype): fictional entities, team-assumed numbers, not real or official statistics.",true
1400bee6-7e4e-5b6c-af2c-61b974ef3ea5,571938e1-a516-510e-85e0-79d6cd3c01cd,4bd99b7f-0644-59a2-927c-d18f9a9ffb3c,COMPLETED,2023-08-20,2025-07-23,Y09,"KaushalSetu synthetic generator v2, seed 20260929",2026-09-28T12:00:00+05:30,"SYNTHETIC demo data (KaushalSetu SIH prototype): fictional entities, team-assumed numbers, not real or official statistics.",true
178a17b7-bdce-564a-a960-b6f42c030a77,4dbe41a9-e1ee-5b93-adaa-f6b47f338d49,4bd99b7f-0644-59a2-927c-d18f9a9ffb3c,COMPLETED,2023-08-04,2025-07-17,Y09,"KaushalSetu synthetic generator v2, seed 20260929",2026-09-28T12:00:00+05:30,"SYNTHETIC demo data (KaushalSetu SIH prototype): fictional entities, team-assumed numbers, not real or official statistics.",true
171aef25-aad8-5662-a3f8-eb8e91c1218a,3dccb9f8-93d5-552d-ad98-876729ca409f,4bd99b7f-0644-59a2-927c-d18f9a9ffb3c,COMPLETED,2023-08-01,2025-07-16,Y09,"KaushalSetu synthetic generator v2, seed 20260929",2026-09-28T12:00:00+05:30,"SYNTHETIC demo data (KaushalSetu SIH prototype): fictional entities, team-assumed numbers, not real or official statistics.",true
32e3d2fd-1c42-5c28-ab74-8a96ce204461,4f626c27-f4f5-5cf0-b0b3-d008adae6a91,4bd99b7f-0644-59a2-927c-d18f9a9ffb3c,COMPLETED,2023-08-17,2025-07-17,Y09,"KaushalSetu synthetic generator v2, seed 20260929",2026-09-28T12:00:00+05:30,"SYNTHETIC demo data (KaushalSetu SIH prototype): fictional entities, team-assumed numbers, not real or official statistics.",true
2f09d387-e07e-53f8-981c-e1a560c291a1,58d89b36-a12b-5364-83ef-abed8aad7ad8,4bd99b7f-0644-59a2-927c-d18f9a9ffb3c,DROPPED,2023-08-10,,Y09,"KaushalSetu synthetic generator v2, seed 20260929",2026-09-28T12:00:00+05:30,"SYNTHETIC demo data (KaushalSetu SIH prototype): fictional entities, team-assumed numbers, not real or official statistics.",true
083e1e24-bdd0-5c68-8a28-791b1dbe12a2,1ea00303-8158-56c3-bd7c-dfa7e7452006,4bd99b7f-0644-59a2-927c-d18f9a9ffb3c,COMPLETED,2023-08-17,2025-07-22,Y09,"KaushalSetu synthetic generator v2, seed 20260929",2026-09-28T12:00:00+05:30,"SYNTHETIC demo data (KaushalSetu SIH prototype): fictional entities, team-assumed numbers, not real or official statistics.",true
39d7cdd5-a17d-59f4-b2fa-cd28388882af,396aaf13-acc8-5b9f-b422-a9fa9c092653,ebb6c8d9-3339-5327-bb69-a1301734bd05,DROPPED,2024-08-05,,Y09,"KaushalSetu synthetic generator v2, seed 20260929",2026-09-28T12:00:00+05:30,"SYNTHETIC demo data (KaushalSetu SIH prototype): fictional entities, team-assumed numbers, not real or official statistics.",true
6939c1cd-1976-5eae-a2c1-ebacd152865b,b1480025-63c0-51ff-98b4-d2ab25d86b0f,ebb6c8d9-3339-5327-bb69-a1301734bd05,DROPPED,2024-08-16,,Y09,"KaushalSetu synthetic generator v2, seed 20260929",2026-09-28T12:00:00+05:30,"SYNTHETIC demo data (KaushalSetu SIH prototype): fictional entities, team-assumed numbers, not real or official statistics.",true
95274a34-8104-595d-b467-2d67c3cbb5c7,f058a00f-1a55-5d09-a9ea-1e90a264e360,ebb6c8d9-3339-5327-bb69-a1301734bd05,COMPLETED,2024-08-05,2026-07-17,Y09,"KaushalSetu synthetic generator v2, seed 20260929",2026-09-28T12:00:00+05:30,"SYNTHETIC demo data (KaushalSetu SIH prototype): fictional entities, team-assumed numbers, not real or official statistics.",true
617eb9f3-704d-5aff-a76f-292c07a22f4f,3df67daf-741d-598e-b3b5-161d14b79480,ebb6c8d9-3339-5327-bb69-a1301734bd05,COMPLETED,2024-08-15,2026-07-23,Y09,"KaushalSetu synthetic generator v2, seed 20260929",2026-09-28T12:00:00+05:30,"SYNTHETIC demo data (KaushalSetu SIH prototype): fictional entities, team-assumed numbers, not real or official statistics.",true
7aedece8-97fe-5dd3-bd30-deab00221b02,dbc685b2-3566-5e8d-80af-3c21981b1a96,ebb6c8d9-3339-5327-bb69-a1301734bd05,COMPLETED,2024-08-13,2026-07-20,Y09,"KaushalSetu synthetic generator v2, seed 20260929",2026-09-28T12:00:00+05:30,"SYNTHETIC demo data (KaushalSetu SIH prototype): fictional entities, team-assumed numbers, not real or official statistics.",true
4f79c012-75cf-527d-9082-6732911180d5,0eaacc73-0270-5e0a-9899-60155067984e,ebb6c8d9-3339-5327-bb69-a1301734bd05,COMPLETED,2024-08-03,2026-07-28,Y09,"KaushalSetu synthetic generator v2, seed 20260929",2026-09-28T12:00:00+05:30,"SYNTHETIC demo data (KaushalSetu SIH prototype): fictional entities, team-assumed numbers, not real or official statistics.",true
9530a154-64a5-5b15-b587-e7a8e53e154c,fcc9ced6-cbb8-55cc-b0fc-ff4888bb7366,ebb6c8d9-3339-5327-bb69-a1301734bd05,COMPLETED,2024-08-16,2026-07-17,Y09,"KaushalSetu synthetic generator v2, seed 20260929",2026-09-28T12:00:00+05:30,"SYNTHETIC demo data (KaushalSetu SIH prototype): fictional entities, team-assumed numbers, not real or official statistics.",true
a19d366f-d99c-557e-95d5-da484be0ad89,b1f7a9f1-b57a-562c-8b93-abc67dca7ef1,ebb6c8d9-3339-5327-bb69-a1301734bd05,DROPPED,2024-08-21,,Y09,"KaushalSetu synthetic generator v2, seed 20260929",2026-09-28T12:00:00+05:30,"SYNTHETIC demo data (KaushalSetu SIH prototype): fictional entities, team-assumed numbers, not real or official statistics.",true
b39ff708-68af-5ce4-8789-a662cebd730d,92826a17-043e-5ae3-b8f9-e076ea35df3b,ebb6c8d9-3339-5327-bb69-a1301734bd05,COMPLETED,2024-08-10,2026-07-30,Y09,"KaushalSetu synthetic generator v2, seed 20260929",2026-09-28T12:00:00+05:30,"SYNTHETIC demo data (KaushalSetu SIH prototype): fictional entities, team-assumed numbers, not real or official statistics.",true
7786060f-d637-5a3d-8192-480433d76834,f12ff395-7c5e-5a00-99bf-9beea92ab7b5,ebb6c8d9-3339-5327-bb69-a1301734bd05,COMPLETED,2024-08-07,2026-07-16,Y09,"KaushalSetu synthetic generator v2, seed 20260929",2026-09-28T12:00:00+05:30,"SYNTHETIC demo data (KaushalSetu SIH prototype): fictional entities, team-assumed numbers, not real or official statistics.",true
acd05e41-d28a-5afb-b81d-d5ee659de727,de6478a0-b141-57ab-851a-fe30abd66e2b,ebb6c8d9-3339-5327-bb69-a1301734bd05,COMPLETED,2024-08-07,2026-07-28,Y09,"KaushalSetu synthetic generator v2, seed 20260929",2026-09-28T12:00:00+05:30,"SYNTHETIC demo data (KaushalSetu SIH prototype): fictional entities, team-assumed numbers, not real or official statistics.",true
cad1b6fa-3ed8-5120-84a0-d2fa081b8445,d687e604-c734-53fc-a439-a1043dd5e9cd,ebb6c8d9-3339-5327-bb69-a1301734bd05,COMPLETED,2024-08-23,2026-07-28,Y09,"KaushalSetu synthetic generator v2, seed 20260929",2026-09-28T12:00:00+05:30,"SYNTHETIC demo data (KaushalSetu SIH prototype): fictional entities, team-assumed numbers, not real or official statistics.",true
4a27cae3-8439-54f1-a610-0bbd2b713181,56287d0f-cb29-57d8-a11e-ae45610aa41d,ebb6c8d9-3339-5327-bb69-a1301734bd05,COMPLETED,2024-08-12,2026-07-30,Y09,"KaushalSetu synthetic generator v2, seed 20260929",2026-09-28T12:00:00+05:30,"SYNTHETIC demo data (KaushalSetu SIH prototype): fictional entities, team-assumed numbers, not real or official statistics.",true
2efe7303-7aa1-59b1-9422-213b160f8dec,a611cafa-277a-5f6a-9ca7-5960a5ee9f3e,ebb6c8d9-3339-5327-bb69-a1301734bd05,DROPPED,2024-08-19,,Y09,"KaushalSetu synthetic generator v2, seed 20260929",2026-09-28T12:00:00+05:30,"SYNTHETIC demo data (KaushalSetu SIH prototype): fictional entities, team-assumed numbers, not real or official statistics.",true
516bf7e2-44b3-5569-b48f-e44d93700087,29291653-648c-5992-97d2-70d7390b8b37,ebb6c8d9-3339-5327-bb69-a1301734bd05,COMPLETED,2024-08-21,2026-07-23,Y09,"KaushalSetu synthetic generator v2, seed 20260929",2026-09-28T12:00:00+05:30,"SYNTHETIC demo data (KaushalSetu SIH prototype): fictional entities, team-assumed numbers, not real or official statistics.",true
4a0a73d4-1c9b-524d-bfac-a46622fd3e4a,7b0e7339-7085-5ff4-9824-197eba45556c,ebb6c8d9-3339-5327-bb69-a1301734bd05,COMPLETED,2024-08-02,2026-07-26,Y09,"KaushalSetu synthetic generator v2, seed 20260929",2026-09-28T12:00:00+05:30,"SYNTHETIC demo data (KaushalSetu SIH prototype): fictional entities, team-assumed numbers, not real or official statistics.",true
7f42a973-1305-541c-b779-76337921da94,39b591c7-a8d8-5b58-9f63-852f61ef620c,ebb6c8d9-3339-5327-bb69-a1301734bd05,COMPLETED,2024-08-02,2026-07-17,Y09,"KaushalSetu synthetic generator v2, seed 20260929",2026-09-28T12:00:00+05:30,"SYNTHETIC demo data (KaushalSetu SIH prototype): fictional entities, team-assumed numbers, not real or official statistics.",true
9f39656d-66a5-5da6-a221-b8157a8f91c8,92307654-e2b3-551a-8b91-06336f5c7ae8,ebb6c8d9-3339-5327-bb69-a1301734bd05,COMPLETED,2024-08-30,2026-07-17,Y09,"KaushalSetu synthetic generator v2, seed 20260929",2026-09-28T12:00:00+05:30,"SYNTHETIC demo data (KaushalSetu SIH prototype): fictional entities, team-assumed numbers, not real or official statistics.",true
c9c1644c-254c-5dfa-a025-ddbcae619939,3ba4f93b-f7e9-5e24-a495-a57b9053b911,ebb6c8d9-3339-5327-bb69-a1301734bd05,COMPLETED,2024-08-18,2026-07-28,Y09,"KaushalSetu synthetic generator v2, seed 20260929",2026-09-28T12:00:00+05:30,"SYNTHETIC demo data (KaushalSetu SIH prototype): fictional entities, team-assumed numbers, not real or official statistics.",true
11ea2f33-05fc-5d3a-8359-a522ff7c5f16,07d98215-a96a-555c-8e14-bbfea9bb7fe8,ebb6c8d9-3339-5327-bb69-a1301734bd05,COMPLETED,2024-08-17,2026-07-21,Y09,"KaushalSetu synthetic generator v2, seed 20260929",2026-09-28T12:00:00+05:30,"SYNTHETIC demo data (KaushalSetu SIH prototype): fictional entities, team-assumed numbers, not real or official statistics.",true
93212084-a4e6-56f9-8553-0fcf9900ed2f,5b46fbc2-6b3b-5ef6-a6a8-340512d9682d,ebb6c8d9-3339-5327-bb69-a1301734bd05,COMPLETED,2024-08-02,2026-07-21,Y09,"KaushalSetu synthetic generator v2, seed 20260929",2026-09-28T12:00:00+05:30,"SYNTHETIC demo data (KaushalSetu SIH prototype): fictional entities, team-assumed numbers, not real or official statistics.",true
e8bec9da-798c-552b-bb09-27f31a12ba2d,d20f0fb8-82f0-51c8-8bca-e4ad25bf1c89,ebb6c8d9-3339-5327-bb69-a1301734bd05,COMPLETED,2024-08-09,2026-07-29,Y09,"KaushalSetu synthetic generator v2, seed 20260929",2026-09-28T12:00:00+05:30,"SYNTHETIC demo data (KaushalSetu SIH prototype): fictional entities, team-assumed numbers, not real or official statistics.",true
dda10e15-cacb-5ac5-9d43-9fd5163c9e0b,478b90e3-c586-5c7e-b2c5-475757a559f4,ebb6c8d9-3339-5327-bb69-a1301734bd05,COMPLETED,2024-08-10,2026-07-18,Y09,"KaushalSetu synthetic generator v2, seed 20260929",2026-09-28T12:00:00+05:30,"SYNTHETIC demo data (KaushalSetu SIH prototype): fictional entities, team-assumed numbers, not real or official statistics.",true
66c34216-98a1-588c-8738-dcfa079447a3,210edfb8-1b66-5364-a59b-38dd4bf59773,ebb6c8d9-3339-5327-bb69-a1301734bd05,COMPLETED,2024-08-22,2026-07-31,Y09,"KaushalSetu synthetic generator v2, seed 20260929",2026-09-28T12:00:00+05:30,"SYNTHETIC demo data (KaushalSetu SIH prototype): fictional entities, team-assumed numbers, not real or official statistics.",true
a1fb4bee-7e35-5692-ae4b-d9782374bc16,0a115259-21de-5636-886f-78fa65e20c88,ebb6c8d9-3339-5327-bb69-a1301734bd05,COMPLETED,2024-08-29,2026-07-15,Y09,"KaushalSetu synthetic generator v2, seed 20260929",2026-09-28T12:00:00+05:30,"SYNTHETIC demo data (KaushalSetu SIH prototype): fictional entities, team-assumed numbers, not real or official statistics.",true
5a94c5dc-f76f-52cc-ab5f-a2645b0610a1,c3694c15-6d81-56ec-ab86-2405969229d7,ebb6c8d9-3339-5327-bb69-a1301734bd05,COMPLETED,2024-08-31,2026-07-19,Y09,"KaushalSetu synthetic generator v2, seed 20260929",2026-09-28T12:00:00+05:30,"SYNTHETIC demo data (KaushalSetu SIH prototype): fictional entities, team-assumed numbers, not real or official statistics.",true
0087053c-e7ad-5350-b46e-ce9dc3e7cf30,71df7e1e-884a-5aab-bebc-b2cd9419d09c,ebb6c8d9-3339-5327-bb69-a1301734bd05,COMPLETED,2024-08-23,2026-07-27,Y09,"KaushalSetu synthetic generator v2, seed 20260929",2026-09-28T12:00:00+05:30,"SYNTHETIC demo data (KaushalSetu SIH prototype): fictional entities, team-assumed numbers, not real or official statistics.",true
e12c676a-4963-5a9a-96fc-ea3711a7370f,77c8073d-0a76-513e-bd79-45124841a72c,ebb6c8d9-3339-5327-bb69-a1301734bd05,COMPLETED,2024-08-02,2026-07-17,Y09,"KaushalSetu synthetic generator v2, seed 20260929",2026-09-28T12:00:00+05:30,"SYNTHETIC demo data (KaushalSetu SIH prototype): fictional entities, team-assumed numbers, not real or official statistics.",true
326187e9-2560-5632-9647-0b2e629db166,04ad6adb-01d7-5d20-871d-ed46836c74d1,ebb6c8d9-3339-5327-bb69-a1301734bd05,DROPPED,2024-08-18,,Y09,"KaushalSetu synthetic generator v2, seed 20260929",2026-09-28T12:00:00+05:30,"SYNTHETIC demo data (KaushalSetu SIH prototype): fictional entities, team-assumed numbers, not real or official statistics.",true
beac575a-e68f-5478-a815-8ff7f69baf6e,decb2628-0e4d-5809-9401-cbe5ac399887,ebb6c8d9-3339-5327-bb69-a1301734bd05,COMPLETED,2024-08-12,2026-07-25,Y09,"KaushalSetu synthetic generator v2, seed 20260929",2026-09-28T12:00:00+05:30,"SYNTHETIC demo data (KaushalSetu SIH prototype): fictional entities, team-assumed numbers, not real or official statistics.",true
7f02adc4-ed93-5080-a19d-21ac111c314a,17bfbad8-37af-5d97-b2e4-bbbac33032fd,ebb6c8d9-3339-5327-bb69-a1301734bd05,COMPLETED,2024-08-06,2026-07-25,Y09,"KaushalSetu synthetic generator v2, seed 20260929",2026-09-28T12:00:00+05:30,"SYNTHETIC demo data (KaushalSetu SIH prototype): fictional entities, team-assumed numbers, not real or official statistics.",true
08bf84e6-9aea-5e0b-a5a2-94eddfd27759,c22178c0-6e6c-5654-9ad2-872c2ad405f9,ebb6c8d9-3339-5327-bb69-a1301734bd05,COMPLETED,2024-08-22,2026-07-18,Y09,"KaushalSetu synthetic generator v2, seed 20260929",2026-09-28T12:00:00+05:30,"SYNTHETIC demo data (KaushalSetu SIH prototype): fictional entities, team-assumed numbers, not real or official statistics.",true
7174597c-4c83-5c17-91bc-01f9ce8bd308,27147ae5-d69c-52ba-ac2c-c71f90752962,ebb6c8d9-3339-5327-bb69-a1301734bd05,COMPLETED,2024-08-27,2026-07-26,Y09,"KaushalSetu synthetic generator v2, seed 20260929",2026-09-28T12:00:00+05:30,"SYNTHETIC demo data (KaushalSetu SIH prototype): fictional entities, team-assumed numbers, not real or official statistics.",true
c0a112c4-a58f-55d0-be01-07c4526cb630,88071294-cc10-573f-8c10-b5f7d744aa50,ebb6c8d9-3339-5327-bb69-a1301734bd05,COMPLETED,2024-08-08,2026-07-21,Y09,"KaushalSetu synthetic generator v2, seed 20260929",2026-09-28T12:00:00+05:30,"SYNTHETIC demo data (KaushalSetu SIH prototype): fictional entities, team-assumed numbers, not real or official statistics.",true
c3c1f9a6-641b-593e-b45f-4e58aa0a387d,d400a7cb-669b-5952-9ecf-bf989f03e4d5,ebb6c8d9-3339-5327-bb69-a1301734bd05,COMPLETED,2024-08-24,2026-07-18,Y09,"KaushalSetu synthetic generator v2, seed 20260929",2026-09-28T12:00:00+05:30,"SYNTHETIC demo data (KaushalSetu SIH prototype): fictional entities, team-assumed numbers, not real or official statistics.",true
eeb2fbc5-da13-5f96-a0ad-00139592dfcc,176cb2c4-a251-556d-9cb5-dc005f06cffd,ebb6c8d9-3339-5327-bb69-a1301734bd05,COMPLETED,2024-08-29,2026-07-15,Y09,"KaushalSetu synthetic generator v2, seed 20260929",2026-09-28T12:00:00+05:30,"SYNTHETIC demo data (KaushalSetu SIH prototype): fictional entities, team-assumed numbers, not real or official statistics.",true
c951039c-6722-54f8-96a2-2003a7e9f5db,ecec5929-d12b-5764-bd0a-9196243109ca,ebb6c8d9-3339-5327-bb69-a1301734bd05,COMPLETED,2024-08-21,2026-07-30,Y09,"KaushalSetu synthetic generator v2, seed 20260929",2026-09-28T12:00:00+05:30,"SYNTHETIC demo data (KaushalSetu SIH prototype): fictional entities, team-assumed numbers, not real or official statistics.",true
5e3f89b8-55e9-5aa0-b25b-f4d9918f1bfc,862fa74e-c89c-5422-9536-ed1438009a4f,ebb6c8d9-3339-5327-bb69-a1301734bd05,COMPLETED,2024-08-18,2026-07-23,Y09,"KaushalSetu synthetic generator v2, seed 20260929",2026-09-28T12:00:00+05:30,"SYNTHETIC demo data (KaushalSetu SIH prototype): fictional entities, team-assumed numbers, not real or official statistics.",true
c7d2e687-370c-5241-a339-ec58bdf576f8,94b94977-182d-5046-9acc-1bd27a5d1384,79ddc030-c8a6-56f3-9c59-af9178ac08e6,COMPLETED,2025-04-04,2025-06-18,Y09,"KaushalSetu synthetic generator v2, seed 20260929",2026-09-28T12:00:00+05:30,"SYNTHETIC demo data (KaushalSetu SIH prototype): fictional entities, team-assumed numbers, not real or official statistics.",true
dda88875-c86e-58c1-876a-c5bed2b11e03,81f972e4-2265-5062-809a-d0dd3cc29ce1,79ddc030-c8a6-56f3-9c59-af9178ac08e6,COMPLETED,2024-12-03,2025-02-22,Y09,"KaushalSetu synthetic generator v2, seed 20260929",2026-09-28T12:00:00+05:30,"SYNTHETIC demo data (KaushalSetu SIH prototype): fictional entities, team-assumed numbers, not real or official statistics.",true
748ddd84-4fc3-52ca-ac82-4abe36f7d0d3,361667e3-efa7-5735-b0b6-d926065432ea,79ddc030-c8a6-56f3-9c59-af9178ac08e6,COMPLETED,2024-08-08,2024-10-23,Y09,"KaushalSetu synthetic generator v2, seed 20260929",2026-09-28T12:00:00+05:30,"SYNTHETIC demo data (KaushalSetu SIH prototype): fictional entities, team-assumed numbers, not real or official statistics.",true
d04d6aaa-4ba2-5f8f-96f4-a0312a4f5b28,cbdc6184-36b7-5e06-b223-d66ef3f78e92,79ddc030-c8a6-56f3-9c59-af9178ac08e6,COMPLETED,2025-04-16,2025-07-03,Y09,"KaushalSetu synthetic generator v2, seed 20260929",2026-09-28T12:00:00+05:30,"SYNTHETIC demo data (KaushalSetu SIH prototype): fictional entities, team-assumed numbers, not real or official statistics.",true
e3ac1d1d-6da7-5dae-94b4-01667ef56e8c,5dbdbea2-2851-52df-9078-c5283878bea8,79ddc030-c8a6-56f3-9c59-af9178ac08e6,DROPPED,2024-09-11,,Y09,"KaushalSetu synthetic generator v2, seed 20260929",2026-09-28T12:00:00+05:30,"SYNTHETIC demo data (KaushalSetu SIH prototype): fictional entities, team-assumed numbers, not real or official statistics.",true
d5775fc9-8bb1-5f55-9f50-ac055218d0b2,02925937-a826-516b-b684-b7af7ab50141,79ddc030-c8a6-56f3-9c59-af9178ac08e6,DROPPED,2024-11-18,,Y09,"KaushalSetu synthetic generator v2, seed 20260929",2026-09-28T12:00:00+05:30,"SYNTHETIC demo data (KaushalSetu SIH prototype): fictional entities, team-assumed numbers, not real or official statistics.",true
3d4db33d-3994-52d7-9354-244fe1b83240,dba748d3-1275-5e33-b759-79801e36ebc3,79ddc030-c8a6-56f3-9c59-af9178ac08e6,COMPLETED,2025-03-16,2025-06-02,Y09,"KaushalSetu synthetic generator v2, seed 20260929",2026-09-28T12:00:00+05:30,"SYNTHETIC demo data (KaushalSetu SIH prototype): fictional entities, team-assumed numbers, not real or official statistics.",true
85a4b312-6c25-5562-a8c1-2ebe145bee59,4b2252d3-21ef-586e-8be1-9f8f9b0d115b,79ddc030-c8a6-56f3-9c59-af9178ac08e6,COMPLETED,2025-04-08,2025-06-24,Y09,"KaushalSetu synthetic generator v2, seed 20260929",2026-09-28T12:00:00+05:30,"SYNTHETIC demo data (KaushalSetu SIH prototype): fictional entities, team-assumed numbers, not real or official statistics.",true
501bf5cc-c22b-52c4-a3bd-152c3a6a9b5f,3369f4b0-7964-5fbc-b67b-ad0269fedc0c,79ddc030-c8a6-56f3-9c59-af9178ac08e6,COMPLETED,2024-11-06,2025-01-25,Y09,"KaushalSetu synthetic generator v2, seed 20260929",2026-09-28T12:00:00+05:30,"SYNTHETIC demo data (KaushalSetu SIH prototype): fictional entities, team-assumed numbers, not real or official statistics.",true
fb644af7-2f39-5795-83e2-8a2be3f95f2b,388db188-89fd-5d63-ae88-83b7f12653b2,79ddc030-c8a6-56f3-9c59-af9178ac08e6,COMPLETED,2024-11-28,2025-02-13,Y09,"KaushalSetu synthetic generator v2, seed 20260929",2026-09-28T12:00:00+05:30,"SYNTHETIC demo data (KaushalSetu SIH prototype): fictional entities, team-assumed numbers, not real or official statistics.",true
ae272aac-a3ea-5daf-825f-0133e7ee7f8b,d327982b-f0e1-5c26-93af-0c33d559921d,79ddc030-c8a6-56f3-9c59-af9178ac08e6,COMPLETED,2024-11-15,2025-02-05,Y09,"KaushalSetu synthetic generator v2, seed 20260929",2026-09-28T12:00:00+05:30,"SYNTHETIC demo data (KaushalSetu SIH prototype): fictional entities, team-assumed numbers, not real or official statistics.",true
de1d9910-cb47-5744-a8a1-b46b0112facf,da426095-bafd-515d-85e8-d70ed48b8430,79ddc030-c8a6-56f3-9c59-af9178ac08e6,COMPLETED,2024-09-21,2024-12-07,Y09,"KaushalSetu synthetic generator v2, seed 20260929",2026-09-28T12:00:00+05:30,"SYNTHETIC demo data (KaushalSetu SIH prototype): fictional entities, team-assumed numbers, not real or official statistics.",true
0092347f-d404-58e8-aed2-bed2eea2614f,3dd1420b-15df-5049-9419-fc84b4aca05e,79ddc030-c8a6-56f3-9c59-af9178ac08e6,COMPLETED,2024-08-13,2024-11-02,Y09,"KaushalSetu synthetic generator v2, seed 20260929",2026-09-28T12:00:00+05:30,"SYNTHETIC demo data (KaushalSetu SIH prototype): fictional entities, team-assumed numbers, not real or official statistics.",true
fba21ec9-db78-570b-b67e-cf9653cd3030,72c644d9-ea32-5afe-aa71-0415d83c7e09,79ddc030-c8a6-56f3-9c59-af9178ac08e6,COMPLETED,2024-12-20,2025-03-09,Y09,"KaushalSetu synthetic generator v2, seed 20260929",2026-09-28T12:00:00+05:30,"SYNTHETIC demo data (KaushalSetu SIH prototype): fictional entities, team-assumed numbers, not real or official statistics.",true
5543a9af-d06f-5fa4-afdf-b58c023a37a6,70b15b71-a72f-53e6-8366-5da2895f3f3a,79ddc030-c8a6-56f3-9c59-af9178ac08e6,COMPLETED,2024-09-18,2024-12-03,Y09,"KaushalSetu synthetic generator v2, seed 20260929",2026-09-28T12:00:00+05:30,"SYNTHETIC demo data (KaushalSetu SIH prototype): fictional entities, team-assumed numbers, not real or official statistics.",true
19ad1180-3ed6-52af-ab56-6c297cb1ca44,75c31278-5f90-59db-990b-4c639bd1bb16,79ddc030-c8a6-56f3-9c59-af9178ac08e6,COMPLETED,2025-03-06,2025-05-20,Y09,"KaushalSetu synthetic generator v2, seed 20260929",2026-09-28T12:00:00+05:30,"SYNTHETIC demo data (KaushalSetu SIH prototype): fictional entities, team-assumed numbers, not real or official statistics.",true
3de47c4b-c3a6-57bc-9825-8f4a3f189356,47d9ec2c-9281-5cc7-b70d-8dfe97223ce2,79ddc030-c8a6-56f3-9c59-af9178ac08e6,DROPPED,2024-12-27,,Y09,"KaushalSetu synthetic generator v2, seed 20260929",2026-09-28T12:00:00+05:30,"SYNTHETIC demo data (KaushalSetu SIH prototype): fictional entities, team-assumed numbers, not real or official statistics.",true
f5c8c11c-b056-56c8-a7aa-860c5081b33c,a2e5f1d2-03b0-540f-9a1e-513b28807638,79ddc030-c8a6-56f3-9c59-af9178ac08e6,COMPLETED,2024-12-12,2025-02-28,Y09,"KaushalSetu synthetic generator v2, seed 20260929",2026-09-28T12:00:00+05:30,"SYNTHETIC demo data (KaushalSetu SIH prototype): fictional entities, team-assumed numbers, not real or official statistics.",true
03d8c22d-ff42-5085-af95-81a6c149319f,d464ee74-7be4-54e5-bacf-3eb450ca8e24,79ddc030-c8a6-56f3-9c59-af9178ac08e6,COMPLETED,2024-12-12,2025-02-26,Y09,"KaushalSetu synthetic generator v2, seed 20260929",2026-09-28T12:00:00+05:30,"SYNTHETIC demo data (KaushalSetu SIH prototype): fictional entities, team-assumed numbers, not real or official statistics.",true
a919a0a9-0462-5892-a57e-9e89a1c54edf,36931cde-d99f-5e0b-93bc-f0f402596452,79ddc030-c8a6-56f3-9c59-af9178ac08e6,COMPLETED,2025-03-24,2025-06-14,Y09,"KaushalSetu synthetic generator v2, seed 20260929",2026-09-28T12:00:00+05:30,"SYNTHETIC demo data (KaushalSetu SIH prototype): fictional entities, team-assumed numbers, not real or official statistics.",true
f952e785-9b3b-5c91-8baf-143b3758304d,9b87f8ee-fac1-5ecc-b574-1833298981cb,79ddc030-c8a6-56f3-9c59-af9178ac08e6,COMPLETED,2025-04-30,2025-07-19,Y09,"KaushalSetu synthetic generator v2, seed 20260929",2026-09-28T12:00:00+05:30,"SYNTHETIC demo data (KaushalSetu SIH prototype): fictional entities, team-assumed numbers, not real or official statistics.",true
e3667c7a-b6de-5ab1-b175-09b7bb0c2da0,9633eab2-b07a-5ae2-92e0-966a62adb33b,79ddc030-c8a6-56f3-9c59-af9178ac08e6,COMPLETED,2024-12-23,2025-03-11,Y09,"KaushalSetu synthetic generator v2, seed 20260929",2026-09-28T12:00:00+05:30,"SYNTHETIC demo data (KaushalSetu SIH prototype): fictional entities, team-assumed numbers, not real or official statistics.",true
48eacb3c-39c5-5e9b-aedd-97f3754af8c4,0d324d12-0c21-5721-89e4-9cde4232e03d,79ddc030-c8a6-56f3-9c59-af9178ac08e6,COMPLETED,2025-04-02,2025-06-20,Y09,"KaushalSetu synthetic generator v2, seed 20260929",2026-09-28T12:00:00+05:30,"SYNTHETIC demo data (KaushalSetu SIH prototype): fictional entities, team-assumed numbers, not real or official statistics.",true
6f1e5e17-83b6-5fee-a92f-febac11394d0,b4dd0555-157d-5dba-82f0-f936017b8aca,79ddc030-c8a6-56f3-9c59-af9178ac08e6,COMPLETED,2025-04-30,2025-07-15,Y09,"KaushalSetu synthetic generator v2, seed 20260929",2026-09-28T12:00:00+05:30,"SYNTHETIC demo data (KaushalSetu SIH prototype): fictional entities, team-assumed numbers, not real or official statistics.",true
539bd838-4873-51bc-bce4-39e576c0cccf,d46dd2c0-4cee-57e0-996c-227e3885d180,79ddc030-c8a6-56f3-9c59-af9178ac08e6,COMPLETED,2024-09-23,2024-12-10,Y09,"KaushalSetu synthetic generator v2, seed 20260929",2026-09-28T12:00:00+05:30,"SYNTHETIC demo data (KaushalSetu SIH prototype): fictional entities, team-assumed numbers, not real or official statistics.",true
2b5e5ec8-23d0-5d19-b447-a38a6201f901,610a489d-83eb-5e7f-a27d-a81b910222dd,79ddc030-c8a6-56f3-9c59-af9178ac08e6,COMPLETED,2024-08-08,2024-10-22,Y09,"KaushalSetu synthetic generator v2, seed 20260929",2026-09-28T12:00:00+05:30,"SYNTHETIC demo data (KaushalSetu SIH prototype): fictional entities, team-assumed numbers, not real or official statistics.",true
3f387fa8-bf95-5a66-b73c-0e94768173ed,4018db42-4833-540a-adbf-3b76364dd943,79ddc030-c8a6-56f3-9c59-af9178ac08e6,COMPLETED,2024-12-19,2025-03-05,Y09,"KaushalSetu synthetic generator v2, seed 20260929",2026-09-28T12:00:00+05:30,"SYNTHETIC demo data (KaushalSetu SIH prototype): fictional entities, team-assumed numbers, not real or official statistics.",true
2fe2cda1-2a4c-51f8-ac0b-b558b12e2b62,22830f65-6e78-5120-a6f1-4435245b4859,79ddc030-c8a6-56f3-9c59-af9178ac08e6,COMPLETED,2024-10-04,2024-12-22,Y09,"KaushalSetu synthetic generator v2, seed 20260929",2026-09-28T12:00:00+05:30,"SYNTHETIC demo data (KaushalSetu SIH prototype): fictional entities, team-assumed numbers, not real or official statistics.",true
f44b3987-2d34-5122-8b12-280b96833ec7,73251c74-be1a-50ed-9328-3dfc11214ec0,79ddc030-c8a6-56f3-9c59-af9178ac08e6,COMPLETED,2025-03-02,2025-05-21,Y09,"KaushalSetu synthetic generator v2, seed 20260929",2026-09-28T12:00:00+05:30,"SYNTHETIC demo data (KaushalSetu SIH prototype): fictional entities, team-assumed numbers, not real or official statistics.",true
3182da73-21f2-5269-972d-cdbac920a30b,ee81973a-68f8-5a84-a309-8ea6654386d5,79ddc030-c8a6-56f3-9c59-af9178ac08e6,COMPLETED,2025-02-27,2025-05-16,Y09,"KaushalSetu synthetic generator v2, seed 20260929",2026-09-28T12:00:00+05:30,"SYNTHETIC demo data (KaushalSetu SIH prototype): fictional entities, team-assumed numbers, not real or official statistics.",true
495e21e8-a8ff-5cf9-a000-9eb572526a83,20fad950-9305-5b5f-bc57-1fe9a255d2a1,79ddc030-c8a6-56f3-9c59-af9178ac08e6,COMPLETED,2024-10-29,2025-01-15,Y09,"KaushalSetu synthetic generator v2, seed 20260929",2026-09-28T12:00:00+05:30,"SYNTHETIC demo data (KaushalSetu SIH prototype): fictional entities, team-assumed numbers, not real or official statistics.",true
b4bdeeec-8b53-55f4-8cd6-4e5209edf1a7,60c65540-e02c-5fef-b02b-70db7cc1cf0f,79ddc030-c8a6-56f3-9c59-af9178ac08e6,COMPLETED,2024-09-23,2024-12-12,Y09,"KaushalSetu synthetic generator v2, seed 20260929",2026-09-28T12:00:00+05:30,"SYNTHETIC demo data (KaushalSetu SIH prototype): fictional entities, team-assumed numbers, not real or official statistics.",true
95946c8c-19c0-5907-a109-297ffca3cf3f,e2cab349-dcaf-5ca5-8aa3-29edf4795066,79ddc030-c8a6-56f3-9c59-af9178ac08e6,COMPLETED,2024-09-02,2024-11-23,Y09,"KaushalSetu synthetic generator v2, seed 20260929",2026-09-28T12:00:00+05:30,"SYNTHETIC demo data (KaushalSetu SIH prototype): fictional entities, team-assumed numbers, not real or official statistics.",true
6b8a4c49-f027-5dba-918e-0250eca4fa33,26088580-8b03-5caf-b892-da14619cc5cc,79ddc030-c8a6-56f3-9c59-af9178ac08e6,COMPLETED,2025-01-30,2025-04-16,Y09,"KaushalSetu synthetic generator v2, seed 20260929",2026-09-28T12:00:00+05:30,"SYNTHETIC demo data (KaushalSetu SIH prototype): fictional entities, team-assumed numbers, not real or official statistics.",true
70bc7ea3-6ca9-5ddd-80d1-49eaa46180da,76526c61-1529-5fb4-80fa-4f406af2a084,79ddc030-c8a6-56f3-9c59-af9178ac08e6,COMPLETED,2024-12-13,2025-03-01,Y09,"KaushalSetu synthetic generator v2, seed 20260929",2026-09-28T12:00:00+05:30,"SYNTHETIC demo data (KaushalSetu SIH prototype): fictional entities, team-assumed numbers, not real or official statistics.",true
8234d9d0-e6bf-574f-a0d1-b36e9cf6a59c,db9ab8c9-fb0e-5509-9d23-0cce367627da,79ddc030-c8a6-56f3-9c59-af9178ac08e6,COMPLETED,2024-08-19,2024-11-06,Y09,"KaushalSetu synthetic generator v2, seed 20260929",2026-09-28T12:00:00+05:30,"SYNTHETIC demo data (KaushalSetu SIH prototype): fictional entities, team-assumed numbers, not real or official statistics.",true
f83e900d-3006-5b57-9fbd-f3fe8bc839f9,8da96768-24dc-5e71-abe5-11a55cde2e02,79ddc030-c8a6-56f3-9c59-af9178ac08e6,COMPLETED,2025-01-22,2025-04-12,Y09,"KaushalSetu synthetic generator v2, seed 20260929",2026-09-28T12:00:00+05:30,"SYNTHETIC demo data (KaushalSetu SIH prototype): fictional entities, team-assumed numbers, not real or official statistics.",true
e7717c00-0c44-5b29-9850-dc32b49931e1,0ddba1b3-deaf-58b2-9d6c-b7c2ca40445b,79ddc030-c8a6-56f3-9c59-af9178ac08e6,COMPLETED,2025-04-02,2025-06-22,Y09,"KaushalSetu synthetic generator v2, seed 20260929",2026-09-28T12:00:00+05:30,"SYNTHETIC demo data (KaushalSetu SIH prototype): fictional entities, team-assumed numbers, not real or official statistics.",true
f4001dba-2eec-5f17-8029-27768d3937b5,7a55db36-4e28-51e2-b6e9-d0b02c7fd51f,79ddc030-c8a6-56f3-9c59-af9178ac08e6,COMPLETED,2024-09-02,2024-11-23,Y09,"KaushalSetu synthetic generator v2, seed 20260929",2026-09-28T12:00:00+05:30,"SYNTHETIC demo data (KaushalSetu SIH prototype): fictional entities, team-assumed numbers, not real or official statistics.",true
59bd91f5-8d1d-5385-af23-34d76e32166d,aa4e71d5-698d-51b3-b15a-030c1ed40e97,79ddc030-c8a6-56f3-9c59-af9178ac08e6,COMPLETED,2025-04-21,2025-07-12,Y09,"KaushalSetu synthetic generator v2, seed 20260929",2026-09-28T12:00:00+05:30,"SYNTHETIC demo data (KaushalSetu SIH prototype): fictional entities, team-assumed numbers, not real or official statistics.",true
e1717789-0e04-57fb-9ae6-df8722167f8b,d02d6b5c-6102-5efe-a126-8d6683208489,79ddc030-c8a6-56f3-9c59-af9178ac08e6,COMPLETED,2025-02-04,2025-04-22,Y09,"KaushalSetu synthetic generator v2, seed 20260929",2026-09-28T12:00:00+05:30,"SYNTHETIC demo data (KaushalSetu SIH prototype): fictional entities, team-assumed numbers, not real or official statistics.",true
96462291-4537-559c-9d39-5eb99e85230a,761b316a-cf43-5039-864b-898ba3ecf5cb,79ddc030-c8a6-56f3-9c59-af9178ac08e6,DROPPED,2025-01-11,,Y09,"KaushalSetu synthetic generator v2, seed 20260929",2026-09-28T12:00:00+05:30,"SYNTHETIC demo data (KaushalSetu SIH prototype): fictional entities, team-assumed numbers, not real or official statistics.",true
a53a48da-b263-5a76-9b31-55d8beac4377,bcbf0eb1-0612-5505-a98f-bf0d97dd609d,79ddc030-c8a6-56f3-9c59-af9178ac08e6,COMPLETED,2025-01-11,2025-04-03,Y09,"KaushalSetu synthetic generator v2, seed 20260929",2026-09-28T12:00:00+05:30,"SYNTHETIC demo data (KaushalSetu SIH prototype): fictional entities, team-assumed numbers, not real or official statistics.",true
82ca07e5-e752-5ac6-910c-cd1bf41edba1,8fd69c2a-3c5a-55af-92e0-66af1663767f,79ddc030-c8a6-56f3-9c59-af9178ac08e6,COMPLETED,2024-10-31,2025-01-20,Y09,"KaushalSetu synthetic generator v2, seed 20260929",2026-09-28T12:00:00+05:30,"SYNTHETIC demo data (KaushalSetu SIH prototype): fictional entities, team-assumed numbers, not real or official statistics.",true
82d60e06-28ca-5418-8587-799fe2b0f0dd,580aa0b8-f1bf-526a-9938-586adaa8cc36,79ddc030-c8a6-56f3-9c59-af9178ac08e6,COMPLETED,2025-02-01,2025-04-24,Y09,"KaushalSetu synthetic generator v2, seed 20260929",2026-09-28T12:00:00+05:30,"SYNTHETIC demo data (KaushalSetu SIH prototype): fictional entities, team-assumed numbers, not real or official statistics.",true
fd6b959c-f717-5926-91b2-ba9cb98449a8,8fec6dd6-6922-5bab-a4c6-25dcfbef7a04,79ddc030-c8a6-56f3-9c59-af9178ac08e6,COMPLETED,2025-03-19,2025-06-05,Y09,"KaushalSetu synthetic generator v2, seed 20260929",2026-09-28T12:00:00+05:30,"SYNTHETIC demo data (KaushalSetu SIH prototype): fictional entities, team-assumed numbers, not real or official statistics.",true
5ff5285e-07b8-5860-8f35-d5fa63c2a0ed,e7afefdf-a78d-5da7-80b6-1b18a6bd1e2d,79ddc030-c8a6-56f3-9c59-af9178ac08e6,COMPLETED,2025-04-29,2025-07-19,Y09,"KaushalSetu synthetic generator v2, seed 20260929",2026-09-28T12:00:00+05:30,"SYNTHETIC demo data (KaushalSetu SIH prototype): fictional entities, team-assumed numbers, not real or official statistics.",true
d982cfa4-1bb0-5c6a-9d2f-662d7dd240b8,71ec4e36-d20b-5e3b-8679-daf27946e73a,79ddc030-c8a6-56f3-9c59-af9178ac08e6,COMPLETED,2025-03-16,2025-06-01,Y09,"KaushalSetu synthetic generator v2, seed 20260929",2026-09-28T12:00:00+05:30,"SYNTHETIC demo data (KaushalSetu SIH prototype): fictional entities, team-assumed numbers, not real or official statistics.",true
9f069af1-c43d-5800-ac47-e745400b8526,6a39b075-e19c-5138-8c99-bb62269e6f16,79ddc030-c8a6-56f3-9c59-af9178ac08e6,COMPLETED,2024-08-25,2024-11-11,Y09,"KaushalSetu synthetic generator v2, seed 20260929",2026-09-28T12:00:00+05:30,"SYNTHETIC demo data (KaushalSetu SIH prototype): fictional entities, team-assumed numbers, not real or official statistics.",true
3bf5221c-d453-5751-b10b-7951b677e351,7ea26d71-b10e-5d41-83cf-94e9b14dcf17,79ddc030-c8a6-56f3-9c59-af9178ac08e6,DROPPED,2025-02-19,,Y09,"KaushalSetu synthetic generator v2, seed 20260929",2026-09-28T12:00:00+05:30,"SYNTHETIC demo data (KaushalSetu SIH prototype): fictional entities, team-assumed numbers, not real or official statistics.",true
73493950-cfd8-5f08-ad98-08c46644d7dc,63767914-c970-5d64-8379-b8cbcabd18a0,6aa0f3c7-de25-5901-939b-ccdad83e1eac,DROPPED,2026-03-29,,Y09,"KaushalSetu synthetic generator v2, seed 20260929",2026-09-28T12:00:00+05:30,"SYNTHETIC demo data (KaushalSetu SIH prototype): fictional entities, team-assumed numbers, not real or official statistics.",true
b1b871fe-19f7-527b-92e7-137d4a5268e2,60112dfc-f5ca-5715-90c9-22022812d6d2,6aa0f3c7-de25-5901-939b-ccdad83e1eac,COMPLETED,2025-10-28,2026-01-15,Y09,"KaushalSetu synthetic generator v2, seed 20260929",2026-09-28T12:00:00+05:30,"SYNTHETIC demo data (KaushalSetu SIH prototype): fictional entities, team-assumed numbers, not real or official statistics.",true
a732c935-e799-5048-994b-861370687b3e,878a1779-9e7f-54bd-8329-368eba533d58,6aa0f3c7-de25-5901-939b-ccdad83e1eac,COMPLETED,2026-04-06,2026-06-22,Y09,"KaushalSetu synthetic generator v2, seed 20260929",2026-09-28T12:00:00+05:30,"SYNTHETIC demo data (KaushalSetu SIH prototype): fictional entities, team-assumed numbers, not real or official statistics.",true
fe7654cb-007e-51b1-b10a-ed1eba1156a8,beac72b3-55e6-5779-b6fa-aa64a30ef835,6aa0f3c7-de25-5901-939b-ccdad83e1eac,COMPLETED,2025-12-23,2026-03-11,Y09,"KaushalSetu synthetic generator v2, seed 20260929",2026-09-28T12:00:00+05:30,"SYNTHETIC demo data (KaushalSetu SIH prototype): fictional entities, team-assumed numbers, not real or official statistics.",true
a5ea8659-1022-5c96-b360-c87e1f5cd857,48f4dab9-f9ce-5f40-888e-1f196b09eb55,6aa0f3c7-de25-5901-939b-ccdad83e1eac,COMPLETED,2025-12-18,2026-03-03,Y09,"KaushalSetu synthetic generator v2, seed 20260929",2026-09-28T12:00:00+05:30,"SYNTHETIC demo data (KaushalSetu SIH prototype): fictional entities, team-assumed numbers, not real or official statistics.",true
4cfabadd-63e7-560f-9ef8-4ad32204a7a2,51386934-ea3b-5cf0-8008-39dd00dfc91b,6aa0f3c7-de25-5901-939b-ccdad83e1eac,DROPPED,2025-12-29,,Y09,"KaushalSetu synthetic generator v2, seed 20260929",2026-09-28T12:00:00+05:30,"SYNTHETIC demo data (KaushalSetu SIH prototype): fictional entities, team-assumed numbers, not real or official statistics.",true
acc36a71-d34c-5ba6-b547-40fe12003efe,e216ecbe-90bb-5a9a-bb65-0e7ccc723cdc,6aa0f3c7-de25-5901-939b-ccdad83e1eac,COMPLETED,2025-10-29,2026-01-19,Y09,"KaushalSetu synthetic generator v2, seed 20260929",2026-09-28T12:00:00+05:30,"SYNTHETIC demo data (KaushalSetu SIH prototype): fictional entities, team-assumed numbers, not real or official statistics.",true
2bc389e5-b46b-568d-af92-6ec120592282,26fbbe1f-35e0-57ae-952e-260c49754959,6aa0f3c7-de25-5901-939b-ccdad83e1eac,COMPLETED,2026-04-06,2026-06-25,Y09,"KaushalSetu synthetic generator v2, seed 20260929",2026-09-28T12:00:00+05:30,"SYNTHETIC demo data (KaushalSetu SIH prototype): fictional entities, team-assumed numbers, not real or official statistics.",true
6f1800f0-1dc3-5ff6-910d-d46fd17e149d,81fc9476-1c05-537d-90c2-7557ad7f6286,6aa0f3c7-de25-5901-939b-ccdad83e1eac,COMPLETED,2026-05-01,2026-07-16,Y09,"KaushalSetu synthetic generator v2, seed 20260929",2026-09-28T12:00:00+05:30,"SYNTHETIC demo data (KaushalSetu SIH prototype): fictional entities, team-assumed numbers, not real or official statistics.",true
7bae9d99-9cc2-58da-adf1-a5a37889333f,048a57e1-2fe6-588b-b67e-3f397a27fbb3,6aa0f3c7-de25-5901-939b-ccdad83e1eac,COMPLETED,2026-03-09,2026-05-25,Y09,"KaushalSetu synthetic generator v2, seed 20260929",2026-09-28T12:00:00+05:30,"SYNTHETIC demo data (KaushalSetu SIH prototype): fictional entities, team-assumed numbers, not real or official statistics.",true
a4c002cb-fc73-5826-881d-981f78dc53c0,8ea515ad-3118-57a7-863c-1e9bbfbaf14f,6aa0f3c7-de25-5901-939b-ccdad83e1eac,COMPLETED,2025-11-25,2026-02-13,Y09,"KaushalSetu synthetic generator v2, seed 20260929",2026-09-28T12:00:00+05:30,"SYNTHETIC demo data (KaushalSetu SIH prototype): fictional entities, team-assumed numbers, not real or official statistics.",true
9021ba90-6f76-5e44-a99b-c8f6d7311229,62469d1f-0512-58c2-af7b-c1b09be33e48,6aa0f3c7-de25-5901-939b-ccdad83e1eac,COMPLETED,2025-10-21,2026-01-06,Y09,"KaushalSetu synthetic generator v2, seed 20260929",2026-09-28T12:00:00+05:30,"SYNTHETIC demo data (KaushalSetu SIH prototype): fictional entities, team-assumed numbers, not real or official statistics.",true
3f8f9866-4cb5-5d4d-b6b1-5ccaaef545a1,c34c8983-c875-5799-bfbf-1e3399eca4f1,6aa0f3c7-de25-5901-939b-ccdad83e1eac,COMPLETED,2026-01-22,2026-04-08,Y09,"KaushalSetu synthetic generator v2, seed 20260929",2026-09-28T12:00:00+05:30,"SYNTHETIC demo data (KaushalSetu SIH prototype): fictional entities, team-assumed numbers, not real or official statistics.",true
a9889932-a4f3-5fc9-9659-8eb6afa0d997,961a439a-7ad8-5063-bcc5-9872c1581ff9,6aa0f3c7-de25-5901-939b-ccdad83e1eac,COMPLETED,2025-12-14,2026-03-04,Y09,"KaushalSetu synthetic generator v2, seed 20260929",2026-09-28T12:00:00+05:30,"SYNTHETIC demo data (KaushalSetu SIH prototype): fictional entities, team-assumed numbers, not real or official statistics.",true
d73b7f54-599c-56b8-a166-c9e9941b9120,36e42b5e-79c0-5898-9134-2427f46ec137,6aa0f3c7-de25-5901-939b-ccdad83e1eac,COMPLETED,2025-11-05,2026-01-25,Y09,"KaushalSetu synthetic generator v2, seed 20260929",2026-09-28T12:00:00+05:30,"SYNTHETIC demo data (KaushalSetu SIH prototype): fictional entities, team-assumed numbers, not real or official statistics.",true
f21b473a-789d-52d6-864c-132f23a0fdb7,9d190391-09c9-5c79-8ccb-06c38870b49e,6aa0f3c7-de25-5901-939b-ccdad83e1eac,COMPLETED,2026-02-17,2026-05-03,Y09,"KaushalSetu synthetic generator v2, seed 20260929",2026-09-28T12:00:00+05:30,"SYNTHETIC demo data (KaushalSetu SIH prototype): fictional entities, team-assumed numbers, not real or official statistics.",true
adf4a10e-3c0d-554e-9c5d-2d75b4b8d295,d4492407-504f-577b-9e1e-d65183611e71,6aa0f3c7-de25-5901-939b-ccdad83e1eac,COMPLETED,2025-12-27,2026-03-16,Y09,"KaushalSetu synthetic generator v2, seed 20260929",2026-09-28T12:00:00+05:30,"SYNTHETIC demo data (KaushalSetu SIH prototype): fictional entities, team-assumed numbers, not real or official statistics.",true
aa6ad680-925a-508a-8425-1e689e0cf96d,02c0a6f3-925e-58ab-bde9-88b60b33cd71,6aa0f3c7-de25-5901-939b-ccdad83e1eac,COMPLETED,2025-10-30,2026-01-19,Y09,"KaushalSetu synthetic generator v2, seed 20260929",2026-09-28T12:00:00+05:30,"SYNTHETIC demo data (KaushalSetu SIH prototype): fictional entities, team-assumed numbers, not real or official statistics.",true
413ca878-76e3-5fbe-afe2-401d21aa046a,5de567e6-0759-592c-ae5b-185531f9c27b,6aa0f3c7-de25-5901-939b-ccdad83e1eac,COMPLETED,2026-03-08,2026-05-28,Y09,"KaushalSetu synthetic generator v2, seed 20260929",2026-09-28T12:00:00+05:30,"SYNTHETIC demo data (KaushalSetu SIH prototype): fictional entities, team-assumed numbers, not real or official statistics.",true
795b70fd-40af-50bf-a10a-17d6a82b8632,db9783ec-6f58-5fc1-8e4d-5004ee485302,6aa0f3c7-de25-5901-939b-ccdad83e1eac,COMPLETED,2025-11-16,2026-02-03,Y09,"KaushalSetu synthetic generator v2, seed 20260929",2026-09-28T12:00:00+05:30,"SYNTHETIC demo data (KaushalSetu SIH prototype): fictional entities, team-assumed numbers, not real or official statistics.",true
5da8697f-7cd9-5f42-bd82-ccd9e7b8c1b0,7d006f69-0066-5fbd-8435-8d8cd6166c58,6aa0f3c7-de25-5901-939b-ccdad83e1eac,COMPLETED,2026-03-19,2026-06-04,Y09,"KaushalSetu synthetic generator v2, seed 20260929",2026-09-28T12:00:00+05:30,"SYNTHETIC demo data (KaushalSetu SIH prototype): fictional entities, team-assumed numbers, not real or official statistics.",true
1903370c-958d-594e-aba0-79dc5b13cea7,aa8268ea-54ce-5ffb-96be-11d26fc3be3f,6aa0f3c7-de25-5901-939b-ccdad83e1eac,COMPLETED,2025-10-24,2026-01-13,Y09,"KaushalSetu synthetic generator v2, seed 20260929",2026-09-28T12:00:00+05:30,"SYNTHETIC demo data (KaushalSetu SIH prototype): fictional entities, team-assumed numbers, not real or official statistics.",true
6b5336b6-31fa-5023-9c9c-aa9b58586b80,c4f80d10-85aa-54fb-80d7-cc2bb56961ce,6aa0f3c7-de25-5901-939b-ccdad83e1eac,DROPPED,2026-03-21,,Y09,"KaushalSetu synthetic generator v2, seed 20260929",2026-09-28T12:00:00+05:30,"SYNTHETIC demo data (KaushalSetu SIH prototype): fictional entities, team-assumed numbers, not real or official statistics.",true
fce97b87-f4e0-5a66-a01e-9146dd953ecc,70ab6c97-a5c7-5d03-b626-8d68265048f8,6aa0f3c7-de25-5901-939b-ccdad83e1eac,DROPPED,2025-09-25,,Y09,"KaushalSetu synthetic generator v2, seed 20260929",2026-09-28T12:00:00+05:30,"SYNTHETIC demo data (KaushalSetu SIH prototype): fictional entities, team-assumed numbers, not real or official statistics.",true
a83ddf2d-5e29-557a-88a0-d7c70785c333,b023b917-de02-5e37-98a9-eb58af900734,6aa0f3c7-de25-5901-939b-ccdad83e1eac,COMPLETED,2026-03-10,2026-05-28,Y09,"KaushalSetu synthetic generator v2, seed 20260929",2026-09-28T12:00:00+05:30,"SYNTHETIC demo data (KaushalSetu SIH prototype): fictional entities, team-assumed numbers, not real or official statistics.",true
cf4a457e-3d95-575d-8d90-d69ecf5bc660,1da97cdf-640c-5ba7-b742-ad8b5af61508,6aa0f3c7-de25-5901-939b-ccdad83e1eac,COMPLETED,2026-02-18,2026-05-08,Y09,"KaushalSetu synthetic generator v2, seed 20260929",2026-09-28T12:00:00+05:30,"SYNTHETIC demo data (KaushalSetu SIH prototype): fictional entities, team-assumed numbers, not real or official statistics.",true
03cd270a-c644-598c-9497-2d3c35f65d0b,32d06e98-3486-598c-8234-e3489e5a5602,6aa0f3c7-de25-5901-939b-ccdad83e1eac,COMPLETED,2026-03-23,2026-06-12,Y09,"KaushalSetu synthetic generator v2, seed 20260929",2026-09-28T12:00:00+05:30,"SYNTHETIC demo data (KaushalSetu SIH prototype): fictional entities, team-assumed numbers, not real or official statistics.",true
cf70f403-2af5-5a45-a142-26c32043b681,fd48c767-c8a9-526d-b1ea-b5c4c3a3a188,6aa0f3c7-de25-5901-939b-ccdad83e1eac,COMPLETED,2026-02-05,2026-04-27,Y09,"KaushalSetu synthetic generator v2, seed 20260929",2026-09-28T12:00:00+05:30,"SYNTHETIC demo data (KaushalSetu SIH prototype): fictional entities, team-assumed numbers, not real or official statistics.",true
3ecd6ffb-5a34-58ad-ad49-4b88b3d5d4af,d7a82ea6-81f0-5c86-93b5-30e5c82e90c8,6aa0f3c7-de25-5901-939b-ccdad83e1eac,COMPLETED,2026-01-05,2026-03-23,Y09,"KaushalSetu synthetic generator v2, seed 20260929",2026-09-28T12:00:00+05:30,"SYNTHETIC demo data (KaushalSetu SIH prototype): fictional entities, team-assumed numbers, not real or official statistics.",true
2e6638bf-870e-50d2-aeb2-f0bfb05463cb,8cde70b0-2712-567f-936a-6223d0c8df90,6aa0f3c7-de25-5901-939b-ccdad83e1eac,COMPLETED,2025-08-04,2025-10-20,Y09,"KaushalSetu synthetic generator v2, seed 20260929",2026-09-28T12:00:00+05:30,"SYNTHETIC demo data (KaushalSetu SIH prototype): fictional entities, team-assumed numbers, not real or official statistics.",true
4c148a23-bfc7-5913-a2b2-6be5ebb57aec,c7de43c0-58c1-5dca-bb56-3be5b7a75fc8,6aa0f3c7-de25-5901-939b-ccdad83e1eac,COMPLETED,2025-12-30,2026-03-22,Y09,"KaushalSetu synthetic generator v2, seed 20260929",2026-09-28T12:00:00+05:30,"SYNTHETIC demo data (KaushalSetu SIH prototype): fictional entities, team-assumed numbers, not real or official statistics.",true
2dd34060-3201-5577-ba9f-afdb26535e54,90c114e8-366f-573f-9e33-46ff4a8a3653,6aa0f3c7-de25-5901-939b-ccdad83e1eac,COMPLETED,2025-12-08,2026-02-27,Y09,"KaushalSetu synthetic generator v2, seed 20260929",2026-09-28T12:00:00+05:30,"SYNTHETIC demo data (KaushalSetu SIH prototype): fictional entities, team-assumed numbers, not real or official statistics.",true
e2f51222-1d16-52d2-9f8f-6d8cd631c265,1ea49b9f-4d03-558d-993c-ac14af208b1e,6aa0f3c7-de25-5901-939b-ccdad83e1eac,DROPPED,2025-12-31,,Y09,"KaushalSetu synthetic generator v2, seed 20260929",2026-09-28T12:00:00+05:30,"SYNTHETIC demo data (KaushalSetu SIH prototype): fictional entities, team-assumed numbers, not real or official statistics.",true
973ea23e-94d9-5527-a3bf-82edd4515060,41ada4e6-6b69-5260-8398-daec816c6b4b,6aa0f3c7-de25-5901-939b-ccdad83e1eac,COMPLETED,2026-01-01,2026-03-17,Y09,"KaushalSetu synthetic generator v2, seed 20260929",2026-09-28T12:00:00+05:30,"SYNTHETIC demo data (KaushalSetu SIH prototype): fictional entities, team-assumed numbers, not real or official statistics.",true
6539afe2-bb5e-5988-a409-1a32326c3c71,e7cf1d10-6af0-56c3-be6e-8b5dc6c5c515,6aa0f3c7-de25-5901-939b-ccdad83e1eac,COMPLETED,2025-08-12,2025-10-29,Y09,"KaushalSetu synthetic generator v2, seed 20260929",2026-09-28T12:00:00+05:30,"SYNTHETIC demo data (KaushalSetu SIH prototype): fictional entities, team-assumed numbers, not real or official statistics.",true
ec34e2dc-1b56-5bfe-8bdd-d85fd3d3e4b9,547a029d-6c16-55ab-b015-740439a0bd90,6aa0f3c7-de25-5901-939b-ccdad83e1eac,COMPLETED,2025-08-20,2025-11-07,Y09,"KaushalSetu synthetic generator v2, seed 20260929",2026-09-28T12:00:00+05:30,"SYNTHETIC demo data (KaushalSetu SIH prototype): fictional entities, team-assumed numbers, not real or official statistics.",true
883bb5f5-41f3-562f-b49b-fdea9fc38da0,946f8814-be35-595b-863d-09502d934a4f,6aa0f3c7-de25-5901-939b-ccdad83e1eac,COMPLETED,2026-04-14,2026-07-04,Y09,"KaushalSetu synthetic generator v2, seed 20260929",2026-09-28T12:00:00+05:30,"SYNTHETIC demo data (KaushalSetu SIH prototype): fictional entities, team-assumed numbers, not real or official statistics.",true
5313e64b-7c7b-5b4e-883f-26864dfe1585,6b039d66-0b3c-5888-8153-b02520faa1ac,6aa0f3c7-de25-5901-939b-ccdad83e1eac,COMPLETED,2025-08-26,2025-11-09,Y09,"KaushalSetu synthetic generator v2, seed 20260929",2026-09-28T12:00:00+05:30,"SYNTHETIC demo data (KaushalSetu SIH prototype): fictional entities, team-assumed numbers, not real or official statistics.",true
474fa58a-7288-5b2c-b11e-842ed6d517c4,a32f617c-6a09-5c75-81ce-2294634acac1,6aa0f3c7-de25-5901-939b-ccdad83e1eac,COMPLETED,2026-02-18,2026-05-07,Y09,"KaushalSetu synthetic generator v2, seed 20260929",2026-09-28T12:00:00+05:30,"SYNTHETIC demo data (KaushalSetu SIH prototype): fictional entities, team-assumed numbers, not real or official statistics.",true
aa4c6821-98c6-53d6-8bfa-0733aeffbcbb,26ef9718-b1f8-54d2-a062-5e8535448420,6aa0f3c7-de25-5901-939b-ccdad83e1eac,COMPLETED,2026-04-22,2026-07-13,Y09,"KaushalSetu synthetic generator v2, seed 20260929",2026-09-28T12:00:00+05:30,"SYNTHETIC demo data (KaushalSetu SIH prototype): fictional entities, team-assumed numbers, not real or official statistics.",true
90d9e6af-f9ca-5704-b20e-2ffa1300e372,58323c9d-46ef-5c10-b110-f9d387d1b631,6aa0f3c7-de25-5901-939b-ccdad83e1eac,COMPLETED,2026-03-06,2026-05-24,Y09,"KaushalSetu synthetic generator v2, seed 20260929",2026-09-28T12:00:00+05:30,"SYNTHETIC demo data (KaushalSetu SIH prototype): fictional entities, team-assumed numbers, not real or official statistics.",true
600869c2-08bf-5fdb-8210-a63a62d77fea,09b93160-4de4-5132-a981-350a44062d97,6aa0f3c7-de25-5901-939b-ccdad83e1eac,COMPLETED,2025-08-19,2025-11-05,Y09,"KaushalSetu synthetic generator v2, seed 20260929",2026-09-28T12:00:00+05:30,"SYNTHETIC demo data (KaushalSetu SIH prototype): fictional entities, team-assumed numbers, not real or official statistics.",true
e3bd7ad6-85d5-5161-90aa-138f68d148d0,e9eabd17-4e2c-534e-b5ef-5555f6aa5639,6aa0f3c7-de25-5901-939b-ccdad83e1eac,COMPLETED,2025-12-23,2026-03-14,Y09,"KaushalSetu synthetic generator v2, seed 20260929",2026-09-28T12:00:00+05:30,"SYNTHETIC demo data (KaushalSetu SIH prototype): fictional entities, team-assumed numbers, not real or official statistics.",true
886fb3a7-1c35-5233-aa1f-efd792adf057,72c49d94-bdbf-59f4-8a5d-835f55422fb2,6aa0f3c7-de25-5901-939b-ccdad83e1eac,COMPLETED,2025-08-09,2025-10-29,Y09,"KaushalSetu synthetic generator v2, seed 20260929",2026-09-28T12:00:00+05:30,"SYNTHETIC demo data (KaushalSetu SIH prototype): fictional entities, team-assumed numbers, not real or official statistics.",true
8426b1af-872b-5cfa-993c-3eaa68f1f2ed,3d2fb358-046b-5321-8c59-49c9a3279b6b,6aa0f3c7-de25-5901-939b-ccdad83e1eac,COMPLETED,2026-04-01,2026-06-19,Y09,"KaushalSetu synthetic generator v2, seed 20260929",2026-09-28T12:00:00+05:30,"SYNTHETIC demo data (KaushalSetu SIH prototype): fictional entities, team-assumed numbers, not real or official statistics.",true
88fe1ca4-f7fa-5c81-a4e8-53225a78e7e2,6521c93d-79d4-595b-816b-5b05af21b573,6aa0f3c7-de25-5901-939b-ccdad83e1eac,COMPLETED,2026-04-05,2026-06-24,Y09,"KaushalSetu synthetic generator v2, seed 20260929",2026-09-28T12:00:00+05:30,"SYNTHETIC demo data (KaushalSetu SIH prototype): fictional entities, team-assumed numbers, not real or official statistics.",true
46c7adc4-84e4-50b2-b6c6-6ce053579471,7791b9f5-3ab6-5016-aae7-651b34ec16c1,6aa0f3c7-de25-5901-939b-ccdad83e1eac,COMPLETED,2026-01-04,2026-03-23,Y09,"KaushalSetu synthetic generator v2, seed 20260929",2026-09-28T12:00:00+05:30,"SYNTHETIC demo data (KaushalSetu SIH prototype): fictional entities, team-assumed numbers, not real or official statistics.",true
dbf36681-7aa6-5bd1-8e0b-63743e69e8fe,1036f136-c9c9-504a-8295-d3157e02b891,6aa0f3c7-de25-5901-939b-ccdad83e1eac,COMPLETED,2025-09-17,2025-12-07,Y09,"KaushalSetu synthetic generator v2, seed 20260929",2026-09-28T12:00:00+05:30,"SYNTHETIC demo data (KaushalSetu SIH prototype): fictional entities, team-assumed numbers, not real or official statistics.",true
c1955600-8d53-5e45-b224-70d167076bc4,4a0c6c4d-cab3-5f60-8d86-ade213999ca4,6aa0f3c7-de25-5901-939b-ccdad83e1eac,COMPLETED,2026-04-02,2026-06-23,Y09,"KaushalSetu synthetic generator v2, seed 20260929",2026-09-28T12:00:00+05:30,"SYNTHETIC demo data (KaushalSetu SIH prototype): fictional entities, team-assumed numbers, not real or official statistics.",true
c0137ed2-0c85-5d32-9faa-1aa7f28b37ef,9d6bfc21-61ca-5dc5-a903-182f46ebf0af,6aa0f3c7-de25-5901-939b-ccdad83e1eac,COMPLETED,2026-02-07,2026-04-26,Y09,"KaushalSetu synthetic generator v2, seed 20260929",2026-09-28T12:00:00+05:30,"SYNTHETIC demo data (KaushalSetu SIH prototype): fictional entities, team-assumed numbers, not real or official statistics.",true
d68c9d80-53e7-58aa-b433-303a6a5b0000,809d23e1-2801-5b05-8d48-b1dda40bd7ca,6aa0f3c7-de25-5901-939b-ccdad83e1eac,COMPLETED,2025-12-16,2026-03-07,Y09,"KaushalSetu synthetic generator v2, seed 20260929",2026-09-28T12:00:00+05:30,"SYNTHETIC demo data (KaushalSetu SIH prototype): fictional entities, team-assumed numbers, not real or official statistics.",true
1d76568f-a296-50e4-a741-b8e3eb9ee5f7,d9a96e3c-be89-54c9-97b6-7134e88dac2e,6aa0f3c7-de25-5901-939b-ccdad83e1eac,COMPLETED,2025-09-13,2025-12-02,Y09,"KaushalSetu synthetic generator v2, seed 20260929",2026-09-28T12:00:00+05:30,"SYNTHETIC demo data (KaushalSetu SIH prototype): fictional entities, team-assumed numbers, not real or official statistics.",true
a21e1dff-0698-50f1-8688-00a13969e405,bb9abc1a-31bc-55fa-a974-50c5c3610de4,6aa0f3c7-de25-5901-939b-ccdad83e1eac,COMPLETED,2026-03-16,2026-06-06,Y09,"KaushalSetu synthetic generator v2, seed 20260929",2026-09-28T12:00:00+05:30,"SYNTHETIC demo data (KaushalSetu SIH prototype): fictional entities, team-assumed numbers, not real or official statistics.",true
a0ed2df8-3d0b-5fd6-8fce-4675ec266d59,35568008-d31e-543a-a8d0-9e7fd147d726,6aa0f3c7-de25-5901-939b-ccdad83e1eac,COMPLETED,2025-08-20,2025-11-10,Y09,"KaushalSetu synthetic generator v2, seed 20260929",2026-09-28T12:00:00+05:30,"SYNTHETIC demo data (KaushalSetu SIH prototype): fictional entities, team-assumed numbers, not real or official statistics.",true
017b7c67-def1-5bb5-9539-2e78c87569bb,1e5c207f-2a04-5f02-836d-952e34625ddb,045d3698-09c9-53de-a129-3a36e9fde145,COMPLETED,2023-08-20,2025-07-16,Y09,"KaushalSetu synthetic generator v2, seed 20260929",2026-09-28T12:00:00+05:30,"SYNTHETIC demo data (KaushalSetu SIH prototype): fictional entities, team-assumed numbers, not real or official statistics.",true
76b51bce-58ae-59a2-a399-252d09aaa607,24c274c4-0d20-5a41-afee-4ee6568c5046,045d3698-09c9-53de-a129-3a36e9fde145,COMPLETED,2023-08-14,2025-07-26,Y09,"KaushalSetu synthetic generator v2, seed 20260929",2026-09-28T12:00:00+05:30,"SYNTHETIC demo data (KaushalSetu SIH prototype): fictional entities, team-assumed numbers, not real or official statistics.",true
683a2669-283c-5d22-aa05-20e12f1d5707,5494905d-e5d0-5e3c-bb30-55a9acfe5a1b,045d3698-09c9-53de-a129-3a36e9fde145,COMPLETED,2023-08-05,2025-07-28,Y09,"KaushalSetu synthetic generator v2, seed 20260929",2026-09-28T12:00:00+05:30,"SYNTHETIC demo data (KaushalSetu SIH prototype): fictional entities, team-assumed numbers, not real or official statistics.",true
dcaf2e6a-c3ed-538d-9c68-edf21a9b07f6,e5dc3318-3e70-5794-9de5-aac30bd83716,045d3698-09c9-53de-a129-3a36e9fde145,COMPLETED,2023-08-04,2025-07-31,Y09,"KaushalSetu synthetic generator v2, seed 20260929",2026-09-28T12:00:00+05:30,"SYNTHETIC demo data (KaushalSetu SIH prototype): fictional entities, team-assumed numbers, not real or official statistics.",true
f774a8df-8f10-54ea-a4bb-4d9e14fc7b07,b82e66e7-6622-5086-9509-9addac853705,045d3698-09c9-53de-a129-3a36e9fde145,COMPLETED,2023-08-13,2025-07-28,Y09,"KaushalSetu synthetic generator v2, seed 20260929",2026-09-28T12:00:00+05:30,"SYNTHETIC demo data (KaushalSetu SIH prototype): fictional entities, team-assumed numbers, not real or official statistics.",true
920728df-e4cc-5b5d-8641-932adb61e8db,f437308b-8cf5-55d0-a0c9-711965898b28,045d3698-09c9-53de-a129-3a36e9fde145,COMPLETED,2023-08-22,2025-07-27,Y09,"KaushalSetu synthetic generator v2, seed 20260929",2026-09-28T12:00:00+05:30,"SYNTHETIC demo data (KaushalSetu SIH prototype): fictional entities, team-assumed numbers, not real or official statistics.",true
24caa711-5934-5cfe-bb86-0d1cdc13b67f,035d335a-50ce-5789-be96-9cf8dca5e162,045d3698-09c9-53de-a129-3a36e9fde145,DROPPED,2023-08-23,,Y09,"KaushalSetu synthetic generator v2, seed 20260929",2026-09-28T12:00:00+05:30,"SYNTHETIC demo data (KaushalSetu SIH prototype): fictional entities, team-assumed numbers, not real or official statistics.",true
86e898ae-171f-5713-9eab-d0568d432017,43067f79-2575-5066-97a6-3aceda570bc4,045d3698-09c9-53de-a129-3a36e9fde145,COMPLETED,2023-08-23,2025-07-27,Y09,"KaushalSetu synthetic generator v2, seed 20260929",2026-09-28T12:00:00+05:30,"SYNTHETIC demo data (KaushalSetu SIH prototype): fictional entities, team-assumed numbers, not real or official statistics.",true
8d202199-9431-5d42-a462-f8d74ba11f0d,9d63dd86-7c31-51aa-a60d-5d9f4dda8628,045d3698-09c9-53de-a129-3a36e9fde145,COMPLETED,2023-08-21,2025-07-16,Y09,"KaushalSetu synthetic generator v2, seed 20260929",2026-09-28T12:00:00+05:30,"SYNTHETIC demo data (KaushalSetu SIH prototype): fictional entities, team-assumed numbers, not real or official statistics.",true
b897dfa9-6d3c-503e-a680-8059c03fd05a,09a6a509-c5f6-56e3-bc3e-2ffa5640a237,045d3698-09c9-53de-a129-3a36e9fde145,DROPPED,2023-08-02,,Y09,"KaushalSetu synthetic generator v2, seed 20260929",2026-09-28T12:00:00+05:30,"SYNTHETIC demo data (KaushalSetu SIH prototype): fictional entities, team-assumed numbers, not real or official statistics.",true
e2a48915-4bf5-5004-9e62-6f9ec6cd010f,1638a427-a0bb-57a5-a7f3-9d40e74159c8,045d3698-09c9-53de-a129-3a36e9fde145,COMPLETED,2023-08-19,2025-07-18,Y09,"KaushalSetu synthetic generator v2, seed 20260929",2026-09-28T12:00:00+05:30,"SYNTHETIC demo data (KaushalSetu SIH prototype): fictional entities, team-assumed numbers, not real or official statistics.",true
68a1dfa3-34bf-5201-b7e5-0d15fa3b11b2,99a64fb7-6aa4-589b-a6fa-33df7fd0e379,045d3698-09c9-53de-a129-3a36e9fde145,COMPLETED,2023-08-05,2025-07-26,Y09,"KaushalSetu synthetic generator v2, seed 20260929",2026-09-28T12:00:00+05:30,"SYNTHETIC demo data (KaushalSetu SIH prototype): fictional entities, team-assumed numbers, not real or official statistics.",true
c8feaf1f-2e3a-55d1-86d2-beb82975d387,efc665bd-a9f0-5740-bf78-b015e67994c2,045d3698-09c9-53de-a129-3a36e9fde145,COMPLETED,2023-08-08,2025-07-21,Y09,"KaushalSetu synthetic generator v2, seed 20260929",2026-09-28T12:00:00+05:30,"SYNTHETIC demo data (KaushalSetu SIH prototype): fictional entities, team-assumed numbers, not real or official statistics.",true
d429dbd6-8070-566b-97d6-b4196c031b45,f5151f02-cf2b-545d-a68a-897c903ec347,045d3698-09c9-53de-a129-3a36e9fde145,COMPLETED,2023-08-14,2025-07-31,Y09,"KaushalSetu synthetic generator v2, seed 20260929",2026-09-28T12:00:00+05:30,"SYNTHETIC demo data (KaushalSetu SIH prototype): fictional entities, team-assumed numbers, not real or official statistics.",true
8463c551-5578-55cf-b49a-14d0d19b6e04,16a05c1f-78c3-559a-ab51-a9b0fc7a7a02,045d3698-09c9-53de-a129-3a36e9fde145,COMPLETED,2023-08-15,2025-07-20,Y09,"KaushalSetu synthetic generator v2, seed 20260929",2026-09-28T12:00:00+05:30,"SYNTHETIC demo data (KaushalSetu SIH prototype): fictional entities, team-assumed numbers, not real or official statistics.",true
fa91be8c-22fe-5758-a6c9-26ee2dce6029,061f7b8a-23bc-5f11-bfc1-b5bd30d57f08,045d3698-09c9-53de-a129-3a36e9fde145,COMPLETED,2023-08-14,2025-07-21,Y09,"KaushalSetu synthetic generator v2, seed 20260929",2026-09-28T12:00:00+05:30,"SYNTHETIC demo data (KaushalSetu SIH prototype): fictional entities, team-assumed numbers, not real or official statistics.",true
35cebcc8-a3ea-533c-8449-0e7161279440,b877a5e8-bc32-5bda-96a5-d146861be7c5,045d3698-09c9-53de-a129-3a36e9fde145,COMPLETED,2023-08-30,2025-07-19,Y09,"KaushalSetu synthetic generator v2, seed 20260929",2026-09-28T12:00:00+05:30,"SYNTHETIC demo data (KaushalSetu SIH prototype): fictional entities, team-assumed numbers, not real or official statistics.",true
2435e163-a98c-5ae1-bc61-e425abdefcee,74803c11-f295-589d-814c-ae26a0424393,045d3698-09c9-53de-a129-3a36e9fde145,COMPLETED,2023-08-31,2025-07-22,Y09,"KaushalSetu synthetic generator v2, seed 20260929",2026-09-28T12:00:00+05:30,"SYNTHETIC demo data (KaushalSetu SIH prototype): fictional entities, team-assumed numbers, not real or official statistics.",true
abc1bcda-2ff3-5e49-a96e-ae1e2424df5b,8dc2f51a-96f2-5260-962c-b01d792a5410,045d3698-09c9-53de-a129-3a36e9fde145,COMPLETED,2023-08-25,2025-07-29,Y09,"KaushalSetu synthetic generator v2, seed 20260929",2026-09-28T12:00:00+05:30,"SYNTHETIC demo data (KaushalSetu SIH prototype): fictional entities, team-assumed numbers, not real or official statistics.",true
c1219ae6-6c7f-546b-87df-882618fad75e,e8f8e815-3fa7-5f13-9e54-e3ab8543fef8,045d3698-09c9-53de-a129-3a36e9fde145,COMPLETED,2023-08-31,2025-07-30,Y09,"KaushalSetu synthetic generator v2, seed 20260929",2026-09-28T12:00:00+05:30,"SYNTHETIC demo data (KaushalSetu SIH prototype): fictional entities, team-assumed numbers, not real or official statistics.",true
ba746a23-108f-5c4e-8942-c1c31c533874,a9ff68ba-d2ef-5cb9-b156-a299cfe02806,045d3698-09c9-53de-a129-3a36e9fde145,COMPLETED,2023-08-13,2025-07-27,Y09,"KaushalSetu synthetic generator v2, seed 20260929",2026-09-28T12:00:00+05:30,"SYNTHETIC demo data (KaushalSetu SIH prototype): fictional entities, team-assumed numbers, not real or official statistics.",true
71efaf41-617d-56f1-814a-3b1a76052304,f485b3be-da1a-574a-9a85-cf35115cf6ff,045d3698-09c9-53de-a129-3a36e9fde145,COMPLETED,2023-08-04,2025-07-30,Y09,"KaushalSetu synthetic generator v2, seed 20260929",2026-09-28T12:00:00+05:30,"SYNTHETIC demo data (KaushalSetu SIH prototype): fictional entities, team-assumed numbers, not real or official statistics.",true
ed8fa045-f48f-5f77-86b7-88945f9f60cb,2adecb35-a993-553f-ae36-de5d2d286090,045d3698-09c9-53de-a129-3a36e9fde145,COMPLETED,2023-08-12,2025-07-23,Y09,"KaushalSetu synthetic generator v2, seed 20260929",2026-09-28T12:00:00+05:30,"SYNTHETIC demo data (KaushalSetu SIH prototype): fictional entities, team-assumed numbers, not real or official statistics.",true
752bbc46-8963-5c4a-925e-0892eb2b5fa7,d5e5630f-95ac-5489-84b3-9b3d33b65eba,045d3698-09c9-53de-a129-3a36e9fde145,DROPPED,2023-08-02,,Y09,"KaushalSetu synthetic generator v2, seed 20260929",2026-09-28T12:00:00+05:30,"SYNTHETIC demo data (KaushalSetu SIH prototype): fictional entities, team-assumed numbers, not real or official statistics.",true
0509eb10-6449-5cc5-8ba4-dd530cb81a32,dcdd7a0e-1dfa-51d3-be2a-244e7e6ce16b,045d3698-09c9-53de-a129-3a36e9fde145,DROPPED,2023-08-15,,Y09,"KaushalSetu synthetic generator v2, seed 20260929",2026-09-28T12:00:00+05:30,"SYNTHETIC demo data (KaushalSetu SIH prototype): fictional entities, team-assumed numbers, not real or official statistics.",true
1356aa95-c773-559f-a32e-2b0bc5effa44,46647bef-4a8f-5ae3-a49b-0796eed7fc39,045d3698-09c9-53de-a129-3a36e9fde145,COMPLETED,2023-08-17,2025-07-24,Y09,"KaushalSetu synthetic generator v2, seed 20260929",2026-09-28T12:00:00+05:30,"SYNTHETIC demo data (KaushalSetu SIH prototype): fictional entities, team-assumed numbers, not real or official statistics.",true
001d4811-5f4d-549a-8428-5ec293804c03,fce99699-ccf7-5a4c-af7b-856a9b8367d9,045d3698-09c9-53de-a129-3a36e9fde145,COMPLETED,2023-08-30,2025-07-29,Y09,"KaushalSetu synthetic generator v2, seed 20260929",2026-09-28T12:00:00+05:30,"SYNTHETIC demo data (KaushalSetu SIH prototype): fictional entities, team-assumed numbers, not real or official statistics.",true
ebd2fba6-196f-5a40-8353-39cb338950ab,25e18008-bb17-5dcc-a393-514f40f13f4e,045d3698-09c9-53de-a129-3a36e9fde145,COMPLETED,2023-08-04,2025-07-19,Y09,"KaushalSetu synthetic generator v2, seed 20260929",2026-09-28T12:00:00+05:30,"SYNTHETIC demo data (KaushalSetu SIH prototype): fictional entities, team-assumed numbers, not real or official statistics.",true
dd2c2c98-7e93-5c11-a037-eb204968c75e,85024a31-1737-5ef4-b9a8-81f7b1f3c340,045d3698-09c9-53de-a129-3a36e9fde145,COMPLETED,2023-08-23,2025-07-28,Y09,"KaushalSetu synthetic generator v2, seed 20260929",2026-09-28T12:00:00+05:30,"SYNTHETIC demo data (KaushalSetu SIH prototype): fictional entities, team-assumed numbers, not real or official statistics.",true
20ef17a1-ebf4-57c3-bdba-ad4661e97254,ea190b12-e8d8-5627-9c9b-98eea81fe7de,045d3698-09c9-53de-a129-3a36e9fde145,COMPLETED,2023-08-27,2025-07-17,Y09,"KaushalSetu synthetic generator v2, seed 20260929",2026-09-28T12:00:00+05:30,"SYNTHETIC demo data (KaushalSetu SIH prototype): fictional entities, team-assumed numbers, not real or official statistics.",true
889a0fa5-2f86-5b28-8899-b19de96a67cf,19dc1e61-5320-5f09-9b86-20fad7db1901,045d3698-09c9-53de-a129-3a36e9fde145,COMPLETED,2023-08-07,2025-07-25,Y09,"KaushalSetu synthetic generator v2, seed 20260929",2026-09-28T12:00:00+05:30,"SYNTHETIC demo data (KaushalSetu SIH prototype): fictional entities, team-assumed numbers, not real or official statistics.",true
cdb76fe7-ec71-5afa-a06e-b35df22910d0,88b0ffbe-ed5f-57bb-9329-c5ca8c11953f,045d3698-09c9-53de-a129-3a36e9fde145,COMPLETED,2023-08-01,2025-07-21,Y09,"KaushalSetu synthetic generator v2, seed 20260929",2026-09-28T12:00:00+05:30,"SYNTHETIC demo data (KaushalSetu SIH prototype): fictional entities, team-assumed numbers, not real or official statistics.",true
c93cc09e-10fe-5353-9124-0b984d126aa2,db81db47-e6ef-5ee8-9872-772e9b5189a0,045d3698-09c9-53de-a129-3a36e9fde145,COMPLETED,2023-08-20,2025-07-22,Y09,"KaushalSetu synthetic generator v2, seed 20260929",2026-09-28T12:00:00+05:30,"SYNTHETIC demo data (KaushalSetu SIH prototype): fictional entities, team-assumed numbers, not real or official statistics.",true
1e05edf8-da4b-5b35-a9d8-35d561fd6068,a8a0e647-01d3-5187-a6f1-936f5e1c063c,045d3698-09c9-53de-a129-3a36e9fde145,COMPLETED,2023-08-02,2025-07-28,Y09,"KaushalSetu synthetic generator v2, seed 20260929",2026-09-28T12:00:00+05:30,"SYNTHETIC demo data (KaushalSetu SIH prototype): fictional entities, team-assumed numbers, not real or official statistics.",true
af254927-274b-55c0-b42c-33cee8c527fd,2b041a81-3990-56bc-b3b0-ddb098e54013,045d3698-09c9-53de-a129-3a36e9fde145,COMPLETED,2023-08-06,2025-07-18,Y09,"KaushalSetu synthetic generator v2, seed 20260929",2026-09-28T12:00:00+05:30,"SYNTHETIC demo data (KaushalSetu SIH prototype): fictional entities, team-assumed numbers, not real or official statistics.",true
cc2f17be-7582-544b-8ba0-c43a7bbee7c6,4672d1a9-5a39-5c4b-8b95-d21437683605,045d3698-09c9-53de-a129-3a36e9fde145,COMPLETED,2023-08-19,2025-07-25,Y09,"KaushalSetu synthetic generator v2, seed 20260929",2026-09-28T12:00:00+05:30,"SYNTHETIC demo data (KaushalSetu SIH prototype): fictional entities, team-assumed numbers, not real or official statistics.",true
7d00a294-52f9-5eb5-8083-31560b73d334,9fd25a38-4cfe-515b-addd-91b0fdabb29f,045d3698-09c9-53de-a129-3a36e9fde145,COMPLETED,2023-08-21,2025-07-25,Y09,"KaushalSetu synthetic generator v2, seed 20260929",2026-09-28T12:00:00+05:30,"SYNTHETIC demo data (KaushalSetu SIH prototype): fictional entities, team-assumed numbers, not real or official statistics.",true
aabe262b-fd5f-5fb1-bf73-6868da3850a9,f69e5715-847e-51f5-85a5-b70abb9061a7,045d3698-09c9-53de-a129-3a36e9fde145,COMPLETED,2023-08-22,2025-07-22,Y09,"KaushalSetu synthetic generator v2, seed 20260929",2026-09-28T12:00:00+05:30,"SYNTHETIC demo data (KaushalSetu SIH prototype): fictional entities, team-assumed numbers, not real or official statistics.",true
b7b45c65-cf32-5824-977b-d5fff4ed0f18,e55d739e-464e-50d6-a1d3-39b74bd28453,045d3698-09c9-53de-a129-3a36e9fde145,COMPLETED,2023-08-19,2025-07-24,Y09,"KaushalSetu synthetic generator v2, seed 20260929",2026-09-28T12:00:00+05:30,"SYNTHETIC demo data (KaushalSetu SIH prototype): fictional entities, team-assumed numbers, not real or official statistics.",true
30387060-6a88-5bd6-86f8-fb3b999c8943,ec8dc4b2-dfd0-5f8a-96d8-54355a6c8ae8,045d3698-09c9-53de-a129-3a36e9fde145,COMPLETED,2023-08-05,2025-07-31,Y09,"KaushalSetu synthetic generator v2, seed 20260929",2026-09-28T12:00:00+05:30,"SYNTHETIC demo data (KaushalSetu SIH prototype): fictional entities, team-assumed numbers, not real or official statistics.",true
8b295153-7b3b-5f0a-ad2a-a1f3beeb82b2,03794832-327d-5b70-a77a-3d486576f0b3,045d3698-09c9-53de-a129-3a36e9fde145,COMPLETED,2023-08-26,2025-07-19,Y09,"KaushalSetu synthetic generator v2, seed 20260929",2026-09-28T12:00:00+05:30,"SYNTHETIC demo data (KaushalSetu SIH prototype): fictional entities, team-assumed numbers, not real or official statistics.",true
db36a1a0-fb61-5ab5-98b8-fd77bcf2a915,421cfb6b-2cba-55ac-af7d-fdc0ad740fc6,045d3698-09c9-53de-a129-3a36e9fde145,COMPLETED,2023-08-30,2025-07-21,Y09,"KaushalSetu synthetic generator v2, seed 20260929",2026-09-28T12:00:00+05:30,"SYNTHETIC demo data (KaushalSetu SIH prototype): fictional entities, team-assumed numbers, not real or official statistics.",true
7fbdc656-a72e-58a4-8fd6-d42403397608,4fb73f3b-3d8b-5c71-977f-b2392ef37fe5,045d3698-09c9-53de-a129-3a36e9fde145,COMPLETED,2023-08-16,2025-07-20,Y09,"KaushalSetu synthetic generator v2, seed 20260929",2026-09-28T12:00:00+05:30,"SYNTHETIC demo data (KaushalSetu SIH prototype): fictional entities, team-assumed numbers, not real or official statistics.",true
8f56a318-e7cc-5fee-8aec-a4aa6d388338,e499dbd6-d937-5176-bdbb-5924543f8d48,045d3698-09c9-53de-a129-3a36e9fde145,COMPLETED,2023-08-29,2025-07-26,Y09,"KaushalSetu synthetic generator v2, seed 20260929",2026-09-28T12:00:00+05:30,"SYNTHETIC demo data (KaushalSetu SIH prototype): fictional entities, team-assumed numbers, not real or official statistics.",true
3dfd06f7-f3aa-59e4-974c-e9a7beb2384e,bc219b82-9586-578d-9490-aaa03990e9fa,045d3698-09c9-53de-a129-3a36e9fde145,COMPLETED,2023-08-09,2025-07-27,Y09,"KaushalSetu synthetic generator v2, seed 20260929",2026-09-28T12:00:00+05:30,"SYNTHETIC demo data (KaushalSetu SIH prototype): fictional entities, team-assumed numbers, not real or official statistics.",true
1e5b09da-5019-5991-ab8e-621cebd41bf9,476d8e0e-722a-5c10-a3cf-2281d9ae38f8,045d3698-09c9-53de-a129-3a36e9fde145,COMPLETED,2023-08-22,2025-07-30,Y09,"KaushalSetu synthetic generator v2, seed 20260929",2026-09-28T12:00:00+05:30,"SYNTHETIC demo data (KaushalSetu SIH prototype): fictional entities, team-assumed numbers, not real or official statistics.",true
3f774e65-e2af-5a1e-853c-6a773b61930c,6e42dbad-53c8-5b2f-bf1c-a2ffc5a8a379,045d3698-09c9-53de-a129-3a36e9fde145,COMPLETED,2023-08-09,2025-07-23,Y09,"KaushalSetu synthetic generator v2, seed 20260929",2026-09-28T12:00:00+05:30,"SYNTHETIC demo data (KaushalSetu SIH prototype): fictional entities, team-assumed numbers, not real or official statistics.",true
2a22b2e6-590c-56c5-9b4e-5eebfd210016,d27bb7cd-3356-5b34-9ff2-ec0e5480d37c,045d3698-09c9-53de-a129-3a36e9fde145,COMPLETED,2023-08-03,2025-07-28,Y09,"KaushalSetu synthetic generator v2, seed 20260929",2026-09-28T12:00:00+05:30,"SYNTHETIC demo data (KaushalSetu SIH prototype): fictional entities, team-assumed numbers, not real or official statistics.",true
ea8896a5-a5fd-587a-9fdb-b243dfb9f182,4167f379-c1f9-5f0d-8b4d-a88985a80b1c,045d3698-09c9-53de-a129-3a36e9fde145,COMPLETED,2023-08-04,2025-07-16,Y09,"KaushalSetu synthetic generator v2, seed 20260929",2026-09-28T12:00:00+05:30,"SYNTHETIC demo data (KaushalSetu SIH prototype): fictional entities, team-assumed numbers, not real or official statistics.",true
a7cb885b-1a36-5a49-8f0b-09c396d97928,5274e1b6-fd9e-568f-a5fe-2052171aecda,045d3698-09c9-53de-a129-3a36e9fde145,DROPPED,2023-08-09,,Y09,"KaushalSetu synthetic generator v2, seed 20260929",2026-09-28T12:00:00+05:30,"SYNTHETIC demo data (KaushalSetu SIH prototype): fictional entities, team-assumed numbers, not real or official statistics.",true
8e266887-153b-5d3d-9455-73df66ceed58,21c50ac0-e27b-5fc9-a1e0-92ccbdb59852,045d3698-09c9-53de-a129-3a36e9fde145,DROPPED,2023-08-24,,Y09,"KaushalSetu synthetic generator v2, seed 20260929",2026-09-28T12:00:00+05:30,"SYNTHETIC demo data (KaushalSetu SIH prototype): fictional entities, team-assumed numbers, not real or official statistics.",true
0c3c8138-84d5-5af6-b956-dda9d6c2edf7,c0980b04-6ab0-5c37-8d24-48ce03da93b7,045d3698-09c9-53de-a129-3a36e9fde145,COMPLETED,2023-08-26,2025-07-24,Y09,"KaushalSetu synthetic generator v2, seed 20260929",2026-09-28T12:00:00+05:30,"SYNTHETIC demo data (KaushalSetu SIH prototype): fictional entities, team-assumed numbers, not real or official statistics.",true
4ad8b640-ceec-5381-9b6a-43ecd5b70f75,5792155d-717c-54ab-bcde-bea30394eb0c,045d3698-09c9-53de-a129-3a36e9fde145,COMPLETED,2023-08-29,2025-07-23,Y09,"KaushalSetu synthetic generator v2, seed 20260929",2026-09-28T12:00:00+05:30,"SYNTHETIC demo data (KaushalSetu SIH prototype): fictional entities, team-assumed numbers, not real or official statistics.",true
b13ce7c9-5c24-5bf5-90dd-ecf32ba157b6,7ef7443b-d1e8-5fbd-8b43-8623e3b0e1ed,045d3698-09c9-53de-a129-3a36e9fde145,COMPLETED,2023-08-16,2025-07-27,Y09,"KaushalSetu synthetic generator v2, seed 20260929",2026-09-28T12:00:00+05:30,"SYNTHETIC demo data (KaushalSetu SIH prototype): fictional entities, team-assumed numbers, not real or official statistics.",true
18370018-de25-5af8-87a7-889d921f1f29,5bca8f34-5939-5bbe-ae24-34f7b8355d1a,045d3698-09c9-53de-a129-3a36e9fde145,DROPPED,2023-08-13,,Y09,"KaushalSetu synthetic generator v2, seed 20260929",2026-09-28T12:00:00+05:30,"SYNTHETIC demo data (KaushalSetu SIH prototype): fictional entities, team-assumed numbers, not real or official statistics.",true
ab9f698f-a30d-530a-9c08-e65125bb64ae,f6ebe759-164c-5fa0-915b-bc3308e92014,f72542d0-129e-5f59-980d-e48b9a1a511d,COMPLETED,2024-08-19,2026-07-23,Y09,"KaushalSetu synthetic generator v2, seed 20260929",2026-09-28T12:00:00+05:30,"SYNTHETIC demo data (KaushalSetu SIH prototype): fictional entities, team-assumed numbers, not real or official statistics.",true
38522aa9-903a-5823-94b0-dafebd0ea4ba,aaca470d-7712-570d-9221-7fef139ecc66,f72542d0-129e-5f59-980d-e48b9a1a511d,COMPLETED,2024-08-15,2026-07-27,Y09,"KaushalSetu synthetic generator v2, seed 20260929",2026-09-28T12:00:00+05:30,"SYNTHETIC demo data (KaushalSetu SIH prototype): fictional entities, team-assumed numbers, not real or official statistics.",true
01b864ec-6b77-560e-a7b8-d0f7c1c3cca3,0fbd51d0-5de5-5765-ba1c-00d8230cad57,f72542d0-129e-5f59-980d-e48b9a1a511d,COMPLETED,2024-08-31,2026-07-20,Y09,"KaushalSetu synthetic generator v2, seed 20260929",2026-09-28T12:00:00+05:30,"SYNTHETIC demo data (KaushalSetu SIH prototype): fictional entities, team-assumed numbers, not real or official statistics.",true
799e6e1b-38f1-5c6d-a741-2c22f2f3cbd2,ec78bf83-9d45-58b2-842c-b4eec6b51875,f72542d0-129e-5f59-980d-e48b9a1a511d,COMPLETED,2024-08-12,2026-07-28,Y09,"KaushalSetu synthetic generator v2, seed 20260929",2026-09-28T12:00:00+05:30,"SYNTHETIC demo data (KaushalSetu SIH prototype): fictional entities, team-assumed numbers, not real or official statistics.",true
be82a92c-fcd4-5a29-93b1-e2523c5ad8e6,5e07464b-b544-5c98-acfc-ba151d61abd9,f72542d0-129e-5f59-980d-e48b9a1a511d,COMPLETED,2024-08-02,2026-07-16,Y09,"KaushalSetu synthetic generator v2, seed 20260929",2026-09-28T12:00:00+05:30,"SYNTHETIC demo data (KaushalSetu SIH prototype): fictional entities, team-assumed numbers, not real or official statistics.",true
4bc82159-063f-5377-a6ec-e9d33f8742f0,01af7018-2e51-5495-acfc-47e02f9ff749,f72542d0-129e-5f59-980d-e48b9a1a511d,COMPLETED,2024-08-11,2026-07-28,Y09,"KaushalSetu synthetic generator v2, seed 20260929",2026-09-28T12:00:00+05:30,"SYNTHETIC demo data (KaushalSetu SIH prototype): fictional entities, team-assumed numbers, not real or official statistics.",true
9d899db1-2f4d-595a-aefb-0dd0f73562bd,733745c8-ee6e-5e29-aa13-77ae2331bbaa,f72542d0-129e-5f59-980d-e48b9a1a511d,DROPPED,2024-08-19,,Y09,"KaushalSetu synthetic generator v2, seed 20260929",2026-09-28T12:00:00+05:30,"SYNTHETIC demo data (KaushalSetu SIH prototype): fictional entities, team-assumed numbers, not real or official statistics.",true
cc9e56d0-e860-5e3d-ad4f-6fb389fe45d2,1f2646e1-4256-52a3-9ca0-5d5e50005bc2,f72542d0-129e-5f59-980d-e48b9a1a511d,COMPLETED,2024-08-28,2026-07-27,Y09,"KaushalSetu synthetic generator v2, seed 20260929",2026-09-28T12:00:00+05:30,"SYNTHETIC demo data (KaushalSetu SIH prototype): fictional entities, team-assumed numbers, not real or official statistics.",true
110358cb-c401-5618-abc3-0cbec26a1856,d76aed3e-4aa7-5a33-83ef-a9fca702d0c8,f72542d0-129e-5f59-980d-e48b9a1a511d,COMPLETED,2024-08-15,2026-07-28,Y09,"KaushalSetu synthetic generator v2, seed 20260929",2026-09-28T12:00:00+05:30,"SYNTHETIC demo data (KaushalSetu SIH prototype): fictional entities, team-assumed numbers, not real or official statistics.",true
268422d9-a3a4-5cb2-9dab-57fb6051fb8f,9355cf55-ccbb-5345-963f-74a079f9c25d,f72542d0-129e-5f59-980d-e48b9a1a511d,COMPLETED,2024-08-23,2026-07-24,Y09,"KaushalSetu synthetic generator v2, seed 20260929",2026-09-28T12:00:00+05:30,"SYNTHETIC demo data (KaushalSetu SIH prototype): fictional entities, team-assumed numbers, not real or official statistics.",true
790485da-68ad-5dc7-a2b2-52382f9a6fc2,e0d85117-c967-56dd-bc97-f5c95e22eeae,f72542d0-129e-5f59-980d-e48b9a1a511d,COMPLETED,2024-08-21,2026-07-26,Y09,"KaushalSetu synthetic generator v2, seed 20260929",2026-09-28T12:00:00+05:30,"SYNTHETIC demo data (KaushalSetu SIH prototype): fictional entities, team-assumed numbers, not real or official statistics.",true
8dcbbb47-acdc-508a-b54d-dd7fb396b88e,470d5703-c2b1-55fa-9623-db4774bf02a6,f72542d0-129e-5f59-980d-e48b9a1a511d,COMPLETED,2024-08-13,2026-07-17,Y09,"KaushalSetu synthetic generator v2, seed 20260929",2026-09-28T12:00:00+05:30,"SYNTHETIC demo data (KaushalSetu SIH prototype): fictional entities, team-assumed numbers, not real or official statistics.",true
27652008-5a4c-5035-926e-2f03c48ac6b0,80555602-26fe-5d89-bb51-0da2a09f5385,f72542d0-129e-5f59-980d-e48b9a1a511d,COMPLETED,2024-08-06,2026-07-27,Y09,"KaushalSetu synthetic generator v2, seed 20260929",2026-09-28T12:00:00+05:30,"SYNTHETIC demo data (KaushalSetu SIH prototype): fictional entities, team-assumed numbers, not real or official statistics.",true
c61610a2-fe1b-5446-bbbc-ea763c771b46,d527fcd1-d9db-523d-b346-b9ed0ea3dd4d,f72542d0-129e-5f59-980d-e48b9a1a511d,COMPLETED,2024-08-24,2026-07-26,Y09,"KaushalSetu synthetic generator v2, seed 20260929",2026-09-28T12:00:00+05:30,"SYNTHETIC demo data (KaushalSetu SIH prototype): fictional entities, team-assumed numbers, not real or official statistics.",true
37510180-4cdd-523b-8a0f-63226db3ce1d,f414502c-7a9d-5d4d-bab7-5c35b7fc7e40,f72542d0-129e-5f59-980d-e48b9a1a511d,COMPLETED,2024-08-20,2026-07-27,Y09,"KaushalSetu synthetic generator v2, seed 20260929",2026-09-28T12:00:00+05:30,"SYNTHETIC demo data (KaushalSetu SIH prototype): fictional entities, team-assumed numbers, not real or official statistics.",true
2907d495-06d7-5129-be6e-4e7066ebb551,73628347-6a82-530f-a2f4-ca52240ecc1f,f72542d0-129e-5f59-980d-e48b9a1a511d,COMPLETED,2024-08-01,2026-07-16,Y09,"KaushalSetu synthetic generator v2, seed 20260929",2026-09-28T12:00:00+05:30,"SYNTHETIC demo data (KaushalSetu SIH prototype): fictional entities, team-assumed numbers, not real or official statistics.",true
caedb610-4458-50e9-9e05-cba78048cf30,e989d532-c68a-5b66-8976-11189e44f6a1,f72542d0-129e-5f59-980d-e48b9a1a511d,COMPLETED,2024-08-26,2026-07-25,Y09,"KaushalSetu synthetic generator v2, seed 20260929",2026-09-28T12:00:00+05:30,"SYNTHETIC demo data (KaushalSetu SIH prototype): fictional entities, team-assumed numbers, not real or official statistics.",true
ed6dd646-3271-5b0d-8fc0-9089477dbb16,3cf5c2f8-a257-5f61-81ef-176ea5b5c5e2,f72542d0-129e-5f59-980d-e48b9a1a511d,COMPLETED,2024-08-02,2026-07-30,Y09,"KaushalSetu synthetic generator v2, seed 20260929",2026-09-28T12:00:00+05:30,"SYNTHETIC demo data (KaushalSetu SIH prototype): fictional entities, team-assumed numbers, not real or official statistics.",true
264feaf2-3785-5227-a6fd-780940088a29,89fd6ae2-7cd7-5a22-a587-17d70f81b82a,f72542d0-129e-5f59-980d-e48b9a1a511d,COMPLETED,2024-08-02,2026-07-27,Y09,"KaushalSetu synthetic generator v2, seed 20260929",2026-09-28T12:00:00+05:30,"SYNTHETIC demo data (KaushalSetu SIH prototype): fictional entities, team-assumed numbers, not real or official statistics.",true
75c215ab-4f33-5d2c-ae5d-921357c3ab41,850482c3-9e4b-59c4-9f63-6a29c56adc2c,f72542d0-129e-5f59-980d-e48b9a1a511d,DROPPED,2024-08-03,,Y09,"KaushalSetu synthetic generator v2, seed 20260929",2026-09-28T12:00:00+05:30,"SYNTHETIC demo data (KaushalSetu SIH prototype): fictional entities, team-assumed numbers, not real or official statistics.",true
d01e447e-1a24-5a9b-a77f-03f20bf622ec,ea4bab3a-ff7b-5050-b534-5ab4ac8265f7,f72542d0-129e-5f59-980d-e48b9a1a511d,COMPLETED,2024-08-04,2026-07-31,Y09,"KaushalSetu synthetic generator v2, seed 20260929",2026-09-28T12:00:00+05:30,"SYNTHETIC demo data (KaushalSetu SIH prototype): fictional entities, team-assumed numbers, not real or official statistics.",true
c14f8d43-d2d6-597c-ae38-f2b68c052ab8,bff928ed-9011-559d-821d-d61c39981558,f72542d0-129e-5f59-980d-e48b9a1a511d,DROPPED,2024-08-06,,Y09,"KaushalSetu synthetic generator v2, seed 20260929",2026-09-28T12:00:00+05:30,"SYNTHETIC demo data (KaushalSetu SIH prototype): fictional entities, team-assumed numbers, not real or official statistics.",true
b9fa39aa-8b4e-5430-9a83-d38169e704f1,6fc290f4-e710-5031-b905-29e6f636bf28,f72542d0-129e-5f59-980d-e48b9a1a511d,COMPLETED,2024-08-21,2026-07-24,Y09,"KaushalSetu synthetic generator v2, seed 20260929",2026-09-28T12:00:00+05:30,"SYNTHETIC demo data (KaushalSetu SIH prototype): fictional entities, team-assumed numbers, not real or official statistics.",true
b0b2c260-0084-533b-be05-dc1e3783c543,5aedee59-2b9d-5317-99c8-596aa0015f24,f72542d0-129e-5f59-980d-e48b9a1a511d,COMPLETED,2024-08-10,2026-07-24,Y09,"KaushalSetu synthetic generator v2, seed 20260929",2026-09-28T12:00:00+05:30,"SYNTHETIC demo data (KaushalSetu SIH prototype): fictional entities, team-assumed numbers, not real or official statistics.",true
828f81e3-f5b2-5f78-989d-473b8d4f3ddb,27a2462f-5634-5dbb-aa26-89500b9a8d0f,f72542d0-129e-5f59-980d-e48b9a1a511d,COMPLETED,2024-08-15,2026-07-26,Y09,"KaushalSetu synthetic generator v2, seed 20260929",2026-09-28T12:00:00+05:30,"SYNTHETIC demo data (KaushalSetu SIH prototype): fictional entities, team-assumed numbers, not real or official statistics.",true
f626f20c-2cc1-5715-9ca7-4a30e028ba0b,eec61da4-c07f-57aa-8e40-524c07a67425,f72542d0-129e-5f59-980d-e48b9a1a511d,COMPLETED,2024-08-13,2026-07-23,Y09,"KaushalSetu synthetic generator v2, seed 20260929",2026-09-28T12:00:00+05:30,"SYNTHETIC demo data (KaushalSetu SIH prototype): fictional entities, team-assumed numbers, not real or official statistics.",true
eb4f43ad-e2f6-5223-8ab3-170539b7e5a8,a7034f40-08ff-510e-9654-9f7fea4c2079,f72542d0-129e-5f59-980d-e48b9a1a511d,COMPLETED,2024-08-30,2026-07-17,Y09,"KaushalSetu synthetic generator v2, seed 20260929",2026-09-28T12:00:00+05:30,"SYNTHETIC demo data (KaushalSetu SIH prototype): fictional entities, team-assumed numbers, not real or official statistics.",true
d941a461-7440-5b18-b1f9-aa829e019551,5411ae29-631d-560c-be6c-26a2b1315600,f72542d0-129e-5f59-980d-e48b9a1a511d,COMPLETED,2024-08-10,2026-07-17,Y09,"KaushalSetu synthetic generator v2, seed 20260929",2026-09-28T12:00:00+05:30,"SYNTHETIC demo data (KaushalSetu SIH prototype): fictional entities, team-assumed numbers, not real or official statistics.",true
3910dc4f-7b1a-599a-9c54-4e5c86796d55,628fa854-127c-58b7-a67a-684f43b1dc56,f72542d0-129e-5f59-980d-e48b9a1a511d,COMPLETED,2024-08-26,2026-07-19,Y09,"KaushalSetu synthetic generator v2, seed 20260929",2026-09-28T12:00:00+05:30,"SYNTHETIC demo data (KaushalSetu SIH prototype): fictional entities, team-assumed numbers, not real or official statistics.",true
53349334-148a-5809-affb-dec33f2d7f03,f52fc2be-2fad-5cda-b638-6a4f62cacfbd,f72542d0-129e-5f59-980d-e48b9a1a511d,DROPPED,2024-08-13,,Y09,"KaushalSetu synthetic generator v2, seed 20260929",2026-09-28T12:00:00+05:30,"SYNTHETIC demo data (KaushalSetu SIH prototype): fictional entities, team-assumed numbers, not real or official statistics.",true
46feb6d5-a720-5159-9de7-d300723e2401,7d692754-d8e6-5bef-96e6-c01ea1e80445,f72542d0-129e-5f59-980d-e48b9a1a511d,COMPLETED,2024-08-08,2026-07-20,Y09,"KaushalSetu synthetic generator v2, seed 20260929",2026-09-28T12:00:00+05:30,"SYNTHETIC demo data (KaushalSetu SIH prototype): fictional entities, team-assumed numbers, not real or official statistics.",true
c4456b05-3f30-5e6e-bbd9-72769198769f,52275bc0-bd94-5161-9c15-b2de8a0d6235,f72542d0-129e-5f59-980d-e48b9a1a511d,COMPLETED,2024-08-31,2026-07-31,Y09,"KaushalSetu synthetic generator v2, seed 20260929",2026-09-28T12:00:00+05:30,"SYNTHETIC demo data (KaushalSetu SIH prototype): fictional entities, team-assumed numbers, not real or official statistics.",true
7a96dc8f-2afa-59d3-8ca4-fbaad95435c7,3f837a27-cd72-5ac7-969c-b91bccc20075,f72542d0-129e-5f59-980d-e48b9a1a511d,COMPLETED,2024-08-23,2026-07-16,Y09,"KaushalSetu synthetic generator v2, seed 20260929",2026-09-28T12:00:00+05:30,"SYNTHETIC demo data (KaushalSetu SIH prototype): fictional entities, team-assumed numbers, not real or official statistics.",true
f9a6ef2e-06ae-5a69-985c-1df26a870d08,fc2183a2-f32e-563e-b67f-1228fa06b1d0,f72542d0-129e-5f59-980d-e48b9a1a511d,COMPLETED,2024-08-13,2026-07-28,Y09,"KaushalSetu synthetic generator v2, seed 20260929",2026-09-28T12:00:00+05:30,"SYNTHETIC demo data (KaushalSetu SIH prototype): fictional entities, team-assumed numbers, not real or official statistics.",true
607bc6f6-12ee-577b-9fbd-3e1eaec3dcff,7c10eea2-00e6-534c-8ebb-941777e3268c,f72542d0-129e-5f59-980d-e48b9a1a511d,COMPLETED,2024-08-01,2026-07-20,Y09,"KaushalSetu synthetic generator v2, seed 20260929",2026-09-28T12:00:00+05:30,"SYNTHETIC demo data (KaushalSetu SIH prototype): fictional entities, team-assumed numbers, not real or official statistics.",true
7cac1bce-3f19-529f-bf68-68aa6fcfd193,623dba67-1361-5ce0-9deb-8a7ff42777a6,f72542d0-129e-5f59-980d-e48b9a1a511d,COMPLETED,2024-08-29,2026-07-19,Y09,"KaushalSetu synthetic generator v2, seed 20260929",2026-09-28T12:00:00+05:30,"SYNTHETIC demo data (KaushalSetu SIH prototype): fictional entities, team-assumed numbers, not real or official statistics.",true
4bfc3e99-16db-5c52-8e17-8c39540c56b5,8292be2a-8e3d-5b78-a7ee-242b18be12dc,f72542d0-129e-5f59-980d-e48b9a1a511d,COMPLETED,2024-08-18,2026-07-18,Y09,"KaushalSetu synthetic generator v2, seed 20260929",2026-09-28T12:00:00+05:30,"SYNTHETIC demo data (KaushalSetu SIH prototype): fictional entities, team-assumed numbers, not real or official statistics.",true
40d9645e-77cb-581b-aedd-1d8fc92bfc22,d7547221-d207-55cf-9b74-e32cad5c04ed,f72542d0-129e-5f59-980d-e48b9a1a511d,COMPLETED,2024-08-30,2026-07-19,Y09,"KaushalSetu synthetic generator v2, seed 20260929",2026-09-28T12:00:00+05:30,"SYNTHETIC demo data (KaushalSetu SIH prototype): fictional entities, team-assumed numbers, not real or official statistics.",true
f2db7d69-ce5f-56b3-b975-ec5943784961,a3813630-38cb-5ebb-b6f9-47915ecf5e57,f72542d0-129e-5f59-980d-e48b9a1a511d,COMPLETED,2024-08-03,2026-07-25,Y09,"KaushalSetu synthetic generator v2, seed 20260929",2026-09-28T12:00:00+05:30,"SYNTHETIC demo data (KaushalSetu SIH prototype): fictional entities, team-assumed numbers, not real or official statistics.",true
59dd515f-3a32-5279-b093-3e49c016f55c,822994bf-d1ae-5dd1-b6fc-e0def3d2ee7a,f72542d0-129e-5f59-980d-e48b9a1a511d,DROPPED,2024-08-26,,Y09,"KaushalSetu synthetic generator v2, seed 20260929",2026-09-28T12:00:00+05:30,"SYNTHETIC demo data (KaushalSetu SIH prototype): fictional entities, team-assumed numbers, not real or official statistics.",true
6eab1938-d705-5b1e-be9b-d166bfead657,fbc78393-8f3d-542f-9b98-a332c3aaaa89,f72542d0-129e-5f59-980d-e48b9a1a511d,COMPLETED,2024-08-23,2026-07-25,Y09,"KaushalSetu synthetic generator v2, seed 20260929",2026-09-28T12:00:00+05:30,"SYNTHETIC demo data (KaushalSetu SIH prototype): fictional entities, team-assumed numbers, not real or official statistics.",true
2fb2ec8d-0237-57a5-a199-44ec18c2de3f,0516dc50-2c96-5d59-a1d1-9779c5cfd93e,f72542d0-129e-5f59-980d-e48b9a1a511d,COMPLETED,2024-08-10,2026-07-21,Y09,"KaushalSetu synthetic generator v2, seed 20260929",2026-09-28T12:00:00+05:30,"SYNTHETIC demo data (KaushalSetu SIH prototype): fictional entities, team-assumed numbers, not real or official statistics.",true
21930436-f9af-5547-a464-4070f5a951bc,c3121a5b-1310-5de3-b23f-86959676f592,f72542d0-129e-5f59-980d-e48b9a1a511d,COMPLETED,2024-08-24,2026-07-26,Y09,"KaushalSetu synthetic generator v2, seed 20260929",2026-09-28T12:00:00+05:30,"SYNTHETIC demo data (KaushalSetu SIH prototype): fictional entities, team-assumed numbers, not real or official statistics.",true
7b767e42-123c-563c-bd15-cbaf27efa2da,a7503bf4-7b55-564c-babf-0df1b98c1610,f72542d0-129e-5f59-980d-e48b9a1a511d,COMPLETED,2024-08-10,2026-07-27,Y09,"KaushalSetu synthetic generator v2, seed 20260929",2026-09-28T12:00:00+05:30,"SYNTHETIC demo data (KaushalSetu SIH prototype): fictional entities, team-assumed numbers, not real or official statistics.",true
bbed2ddc-06e0-5248-a6c5-2d9bf292b065,918f31b1-aba3-5687-80d0-9ecc4c7220af,f72542d0-129e-5f59-980d-e48b9a1a511d,COMPLETED,2024-08-22,2026-07-24,Y09,"KaushalSetu synthetic generator v2, seed 20260929",2026-09-28T12:00:00+05:30,"SYNTHETIC demo data (KaushalSetu SIH prototype): fictional entities, team-assumed numbers, not real or official statistics.",true
e84531d9-b027-59c4-bbe6-e328e034e7aa,13bcdfb0-ed9e-5cc1-953b-8afcb6d934e3,f72542d0-129e-5f59-980d-e48b9a1a511d,DROPPED,2024-08-21,,Y09,"KaushalSetu synthetic generator v2, seed 20260929",2026-09-28T12:00:00+05:30,"SYNTHETIC demo data (KaushalSetu SIH prototype): fictional entities, team-assumed numbers, not real or official statistics.",true
e263f231-4a2e-5d77-b216-0d8446fd1be9,711da83e-a20c-532c-8abf-3085145602ba,f72542d0-129e-5f59-980d-e48b9a1a511d,COMPLETED,2024-08-06,2026-07-31,Y09,"KaushalSetu synthetic generator v2, seed 20260929",2026-09-28T12:00:00+05:30,"SYNTHETIC demo data (KaushalSetu SIH prototype): fictional entities, team-assumed numbers, not real or official statistics.",true
1acdb5d2-2a2c-53ba-97a9-2ed3cf10717d,9f72ee9e-49bb-5980-8c8f-edeb36d8f81f,f72542d0-129e-5f59-980d-e48b9a1a511d,COMPLETED,2024-08-11,2026-07-23,Y09,"KaushalSetu synthetic generator v2, seed 20260929",2026-09-28T12:00:00+05:30,"SYNTHETIC demo data (KaushalSetu SIH prototype): fictional entities, team-assumed numbers, not real or official statistics.",true
0ab1928f-966b-53c8-9448-174b877d9a62,c46e5302-9b10-59a5-b569-4b6697e5746c,f72542d0-129e-5f59-980d-e48b9a1a511d,COMPLETED,2024-08-08,2026-07-30,Y09,"KaushalSetu synthetic generator v2, seed 20260929",2026-09-28T12:00:00+05:30,"SYNTHETIC demo data (KaushalSetu SIH prototype): fictional entities, team-assumed numbers, not real or official statistics.",true
ee82c7b5-7293-53e6-a45c-32fe7e1af5ae,4df35eb9-cb82-51eb-8ae1-07d1dbd11a45,f72542d0-129e-5f59-980d-e48b9a1a511d,COMPLETED,2024-08-08,2026-07-25,Y09,"KaushalSetu synthetic generator v2, seed 20260929",2026-09-28T12:00:00+05:30,"SYNTHETIC demo data (KaushalSetu SIH prototype): fictional entities, team-assumed numbers, not real or official statistics.",true
b85feb55-3a51-516c-975f-d3fdbb830283,551fe95c-19de-5312-af39-81499bc0e98d,f72542d0-129e-5f59-980d-e48b9a1a511d,COMPLETED,2024-08-30,2026-07-17,Y09,"KaushalSetu synthetic generator v2, seed 20260929",2026-09-28T12:00:00+05:30,"SYNTHETIC demo data (KaushalSetu SIH prototype): fictional entities, team-assumed numbers, not real or official statistics.",true
db12889d-db39-5b4c-9a29-831d1cf19777,f1611690-254d-50dc-b30d-18ec2deb0053,f72542d0-129e-5f59-980d-e48b9a1a511d,COMPLETED,2024-08-11,2026-07-26,Y09,"KaushalSetu synthetic generator v2, seed 20260929",2026-09-28T12:00:00+05:30,"SYNTHETIC demo data (KaushalSetu SIH prototype): fictional entities, team-assumed numbers, not real or official statistics.",true
22f096fe-5c92-52af-88cf-4bbaba4bb9df,aaa3d3a9-5e52-5783-9fac-11f1fd6993d3,f72542d0-129e-5f59-980d-e48b9a1a511d,COMPLETED,2024-08-16,2026-07-18,Y09,"KaushalSetu synthetic generator v2, seed 20260929",2026-09-28T12:00:00+05:30,"SYNTHETIC demo data (KaushalSetu SIH prototype): fictional entities, team-assumed numbers, not real or official statistics.",true
096e664e-a6a8-55f8-8c83-75acbd35d773,9a091db5-eba7-5e4d-a913-d514a9d5c48b,f72542d0-129e-5f59-980d-e48b9a1a511d,COMPLETED,2024-08-13,2026-07-23,Y09,"KaushalSetu synthetic generator v2, seed 20260929",2026-09-28T12:00:00+05:30,"SYNTHETIC demo data (KaushalSetu SIH prototype): fictional entities, team-assumed numbers, not real or official statistics.",true
62776254-93f3-5ab5-8a18-fb7d57d5943b,08b465c2-8aa3-5118-972e-5bda76c04109,f72542d0-129e-5f59-980d-e48b9a1a511d,DROPPED,2024-08-09,,Y09,"KaushalSetu synthetic generator v2, seed 20260929",2026-09-28T12:00:00+05:30,"SYNTHETIC demo data (KaushalSetu SIH prototype): fictional entities, team-assumed numbers, not real or official statistics.",true
7c5d0ef7-3631-56b2-a43c-2743b2e02841,57e0652a-a69c-5d20-bef1-725f74245577,f72542d0-129e-5f59-980d-e48b9a1a511d,COMPLETED,2024-08-25,2026-07-31,Y09,"KaushalSetu synthetic generator v2, seed 20260929",2026-09-28T12:00:00+05:30,"SYNTHETIC demo data (KaushalSetu SIH prototype): fictional entities, team-assumed numbers, not real or official statistics.",true
c981d1da-eddb-5abc-a369-9bdf7491ccdb,70438377-0b1d-5ed7-807e-8e508fcd81ea,af965629-d4a2-54e2-8e5e-85334d787500,DROPPED,2023-08-05,,Y09,"KaushalSetu synthetic generator v2, seed 20260929",2026-09-28T12:00:00+05:30,"SYNTHETIC demo data (KaushalSetu SIH prototype): fictional entities, team-assumed numbers, not real or official statistics.",true
e6b6243d-2321-5828-a05c-57846324f915,704999f0-b820-51d3-aef1-764cc6e1b2a1,af965629-d4a2-54e2-8e5e-85334d787500,COMPLETED,2023-08-29,2025-07-17,Y09,"KaushalSetu synthetic generator v2, seed 20260929",2026-09-28T12:00:00+05:30,"SYNTHETIC demo data (KaushalSetu SIH prototype): fictional entities, team-assumed numbers, not real or official statistics.",true
4f4252db-e5cb-5099-9bb9-931878ed6c00,9d72ef42-1f9e-5fc4-b78d-886cce2c32fd,af965629-d4a2-54e2-8e5e-85334d787500,DROPPED,2023-08-11,,Y09,"KaushalSetu synthetic generator v2, seed 20260929",2026-09-28T12:00:00+05:30,"SYNTHETIC demo data (KaushalSetu SIH prototype): fictional entities, team-assumed numbers, not real or official statistics.",true
822c0189-7d90-526d-861c-1f9cbb963b2d,b74be542-91b0-5935-8e56-cadd433eb978,af965629-d4a2-54e2-8e5e-85334d787500,COMPLETED,2023-08-08,2025-07-24,Y09,"KaushalSetu synthetic generator v2, seed 20260929",2026-09-28T12:00:00+05:30,"SYNTHETIC demo data (KaushalSetu SIH prototype): fictional entities, team-assumed numbers, not real or official statistics.",true
48230467-b524-57ae-b82a-3f17d4a33b34,9cb99278-65f3-52ee-b7f2-0e04b5e80b45,af965629-d4a2-54e2-8e5e-85334d787500,COMPLETED,2023-08-01,2025-07-28,Y09,"KaushalSetu synthetic generator v2, seed 20260929",2026-09-28T12:00:00+05:30,"SYNTHETIC demo data (KaushalSetu SIH prototype): fictional entities, team-assumed numbers, not real or official statistics.",true
10fa87e5-e82a-59f3-bfb7-9a4ee53631ba,5e594f29-9cfa-5b2f-87d0-f2fbe316e765,af965629-d4a2-54e2-8e5e-85334d787500,COMPLETED,2023-08-20,2025-07-21,Y09,"KaushalSetu synthetic generator v2, seed 20260929",2026-09-28T12:00:00+05:30,"SYNTHETIC demo data (KaushalSetu SIH prototype): fictional entities, team-assumed numbers, not real or official statistics.",true
d9d3f495-6971-5c36-bda3-d7087d57ae79,d12cb735-ebcf-56d9-98d5-a9793b3db7b0,af965629-d4a2-54e2-8e5e-85334d787500,COMPLETED,2023-08-04,2025-07-23,Y09,"KaushalSetu synthetic generator v2, seed 20260929",2026-09-28T12:00:00+05:30,"SYNTHETIC demo data (KaushalSetu SIH prototype): fictional entities, team-assumed numbers, not real or official statistics.",true
2b91e04e-84f7-508f-b8d1-f05a7b138b9f,d31f4784-436b-5355-916c-571fe6ce6989,af965629-d4a2-54e2-8e5e-85334d787500,DROPPED,2023-08-25,,Y09,"KaushalSetu synthetic generator v2, seed 20260929",2026-09-28T12:00:00+05:30,"SYNTHETIC demo data (KaushalSetu SIH prototype): fictional entities, team-assumed numbers, not real or official statistics.",true
470892dc-f988-54d9-931c-7820a740c7d0,d8e890df-f548-5cf5-9cea-9db127615d1a,af965629-d4a2-54e2-8e5e-85334d787500,COMPLETED,2023-08-27,2025-07-19,Y09,"KaushalSetu synthetic generator v2, seed 20260929",2026-09-28T12:00:00+05:30,"SYNTHETIC demo data (KaushalSetu SIH prototype): fictional entities, team-assumed numbers, not real or official statistics.",true
d7baa4dc-6f41-5830-8abb-39d796ff4ba5,6bc116f6-0ad3-59b6-8797-0b47b9adfd69,af965629-d4a2-54e2-8e5e-85334d787500,COMPLETED,2023-08-29,2025-07-16,Y09,"KaushalSetu synthetic generator v2, seed 20260929",2026-09-28T12:00:00+05:30,"SYNTHETIC demo data (KaushalSetu SIH prototype): fictional entities, team-assumed numbers, not real or official statistics.",true
7a62bdc0-1a18-5b4c-889c-05eb5bc9fdb7,f277b8f7-bedd-5a48-8d96-1ad8955a6976,af965629-d4a2-54e2-8e5e-85334d787500,COMPLETED,2023-08-31,2025-07-16,Y09,"KaushalSetu synthetic generator v2, seed 20260929",2026-09-28T12:00:00+05:30,"SYNTHETIC demo data (KaushalSetu SIH prototype): fictional entities, team-assumed numbers, not real or official statistics.",true
f3a53acc-b43e-5990-a2ad-74f6d4077f8a,23015b92-d35e-567c-be34-2518ef7b9bc6,af965629-d4a2-54e2-8e5e-85334d787500,COMPLETED,2023-08-20,2025-07-31,Y09,"KaushalSetu synthetic generator v2, seed 20260929",2026-09-28T12:00:00+05:30,"SYNTHETIC demo data (KaushalSetu SIH prototype): fictional entities, team-assumed numbers, not real or official statistics.",true
d021bbd7-c834-50e4-b620-393694daea6d,9d59fe05-8e0e-56df-93a0-e6b3dd0166e6,af965629-d4a2-54e2-8e5e-85334d787500,DROPPED,2023-08-26,,Y09,"KaushalSetu synthetic generator v2, seed 20260929",2026-09-28T12:00:00+05:30,"SYNTHETIC demo data (KaushalSetu SIH prototype): fictional entities, team-assumed numbers, not real or official statistics.",true
79e65f65-99e3-5878-9c58-5b165a290c35,279e770d-be66-5702-a8da-23ab53d4b4c5,af965629-d4a2-54e2-8e5e-85334d787500,COMPLETED,2023-08-01,2025-07-30,Y09,"KaushalSetu synthetic generator v2, seed 20260929",2026-09-28T12:00:00+05:30,"SYNTHETIC demo data (KaushalSetu SIH prototype): fictional entities, team-assumed numbers, not real or official statistics.",true
f3eb9cff-10b2-5f68-876f-637d0b30f2c7,de92d78c-9099-54c5-8622-d26c95a6d9f9,af965629-d4a2-54e2-8e5e-85334d787500,COMPLETED,2023-08-13,2025-07-18,Y09,"KaushalSetu synthetic generator v2, seed 20260929",2026-09-28T12:00:00+05:30,"SYNTHETIC demo data (KaushalSetu SIH prototype): fictional entities, team-assumed numbers, not real or official statistics.",true
4fe47ee8-58e4-54d9-b953-3fcd8bceca82,72de08c4-8b8f-5059-8b0c-2ba662776b12,af965629-d4a2-54e2-8e5e-85334d787500,COMPLETED,2023-08-29,2025-07-17,Y09,"KaushalSetu synthetic generator v2, seed 20260929",2026-09-28T12:00:00+05:30,"SYNTHETIC demo data (KaushalSetu SIH prototype): fictional entities, team-assumed numbers, not real or official statistics.",true
79555752-32b9-5a67-b5aa-dad12f194f4d,6c688756-5266-5089-bf8f-88e810338ae6,af965629-d4a2-54e2-8e5e-85334d787500,COMPLETED,2023-08-15,2025-07-31,Y09,"KaushalSetu synthetic generator v2, seed 20260929",2026-09-28T12:00:00+05:30,"SYNTHETIC demo data (KaushalSetu SIH prototype): fictional entities, team-assumed numbers, not real or official statistics.",true
85f5834a-3e76-5306-becb-308dabad0aeb,31748676-6632-552c-b57d-55369d2ef8d2,af965629-d4a2-54e2-8e5e-85334d787500,COMPLETED,2023-08-31,2025-07-16,Y09,"KaushalSetu synthetic generator v2, seed 20260929",2026-09-28T12:00:00+05:30,"SYNTHETIC demo data (KaushalSetu SIH prototype): fictional entities, team-assumed numbers, not real or official statistics.",true
0f93b5cf-cb20-54be-b667-8f93534c0691,f02193dd-d21d-52f3-94d2-d8666e967623,af965629-d4a2-54e2-8e5e-85334d787500,COMPLETED,2023-08-18,2025-07-21,Y09,"KaushalSetu synthetic generator v2, seed 20260929",2026-09-28T12:00:00+05:30,"SYNTHETIC demo data (KaushalSetu SIH prototype): fictional entities, team-assumed numbers, not real or official statistics.",true
3fd98945-2ce0-5af6-a488-e6ab4dcde0eb,9a36eece-0f1b-525e-b0f3-7a962f5d901a,af965629-d4a2-54e2-8e5e-85334d787500,COMPLETED,2023-08-06,2025-07-19,Y09,"KaushalSetu synthetic generator v2, seed 20260929",2026-09-28T12:00:00+05:30,"SYNTHETIC demo data (KaushalSetu SIH prototype): fictional entities, team-assumed numbers, not real or official statistics.",true
bd2f9640-c473-5d69-bd2c-6f0f69550c97,b12ee460-3b81-545a-b6a9-6cc390c322a4,af965629-d4a2-54e2-8e5e-85334d787500,COMPLETED,2023-08-12,2025-07-20,Y09,"KaushalSetu synthetic generator v2, seed 20260929",2026-09-28T12:00:00+05:30,"SYNTHETIC demo data (KaushalSetu SIH prototype): fictional entities, team-assumed numbers, not real or official statistics.",true
9c6d17f5-2d64-5344-bc8d-71a5c34d9e5e,d49eb78a-36eb-5629-bdc4-df085e099280,af965629-d4a2-54e2-8e5e-85334d787500,COMPLETED,2023-08-24,2025-07-26,Y09,"KaushalSetu synthetic generator v2, seed 20260929",2026-09-28T12:00:00+05:30,"SYNTHETIC demo data (KaushalSetu SIH prototype): fictional entities, team-assumed numbers, not real or official statistics.",true
72d5a029-dd13-5f58-a314-d682dc0c0e8f,d626353d-b313-53ca-822f-f7605026636e,af965629-d4a2-54e2-8e5e-85334d787500,COMPLETED,2023-08-10,2025-07-23,Y09,"KaushalSetu synthetic generator v2, seed 20260929",2026-09-28T12:00:00+05:30,"SYNTHETIC demo data (KaushalSetu SIH prototype): fictional entities, team-assumed numbers, not real or official statistics.",true
4ff77a3f-8b7a-58b1-9434-1de85f0b9b4c,0f84f568-8fde-5041-a391-21fc5a897bf7,af965629-d4a2-54e2-8e5e-85334d787500,COMPLETED,2023-08-13,2025-07-24,Y09,"KaushalSetu synthetic generator v2, seed 20260929",2026-09-28T12:00:00+05:30,"SYNTHETIC demo data (KaushalSetu SIH prototype): fictional entities, team-assumed numbers, not real or official statistics.",true
f96157b6-e592-5ab7-9fda-9ba4eb090c48,1f5fce3b-a6ed-5185-bb37-795fd90ebbc1,af965629-d4a2-54e2-8e5e-85334d787500,COMPLETED,2023-08-17,2025-07-15,Y09,"KaushalSetu synthetic generator v2, seed 20260929",2026-09-28T12:00:00+05:30,"SYNTHETIC demo data (KaushalSetu SIH prototype): fictional entities, team-assumed numbers, not real or official statistics.",true
d438ea05-0b79-5004-9e44-e4cbb3972223,0bb5129c-54a7-5f52-982c-39fe64516da5,af965629-d4a2-54e2-8e5e-85334d787500,COMPLETED,2023-08-30,2025-07-17,Y09,"KaushalSetu synthetic generator v2, seed 20260929",2026-09-28T12:00:00+05:30,"SYNTHETIC demo data (KaushalSetu SIH prototype): fictional entities, team-assumed numbers, not real or official statistics.",true
86e26392-d9c9-5ad6-96bc-4bdedb826d89,2fc56b21-17da-5f43-a29f-1a37a6dac2c6,af965629-d4a2-54e2-8e5e-85334d787500,DROPPED,2023-08-20,,Y09,"KaushalSetu synthetic generator v2, seed 20260929",2026-09-28T12:00:00+05:30,"SYNTHETIC demo data (KaushalSetu SIH prototype): fictional entities, team-assumed numbers, not real or official statistics.",true
76b810b9-156b-5273-a57a-bda1febeaf19,95c29ad2-a97a-5042-b618-1f8bf560d703,af965629-d4a2-54e2-8e5e-85334d787500,COMPLETED,2023-08-18,2025-07-19,Y09,"KaushalSetu synthetic generator v2, seed 20260929",2026-09-28T12:00:00+05:30,"SYNTHETIC demo data (KaushalSetu SIH prototype): fictional entities, team-assumed numbers, not real or official statistics.",true
14d79052-6f34-55db-bac1-6d8e4b0843b6,03541b34-a9d9-577f-9010-db645b3cbe30,af965629-d4a2-54e2-8e5e-85334d787500,COMPLETED,2023-08-13,2025-07-25,Y09,"KaushalSetu synthetic generator v2, seed 20260929",2026-09-28T12:00:00+05:30,"SYNTHETIC demo data (KaushalSetu SIH prototype): fictional entities, team-assumed numbers, not real or official statistics.",true
267cd366-588c-5286-a542-23da9d8b05b0,cc1eca2a-4f91-54ed-bce5-758c830f0210,af965629-d4a2-54e2-8e5e-85334d787500,DROPPED,2023-08-31,,Y09,"KaushalSetu synthetic generator v2, seed 20260929",2026-09-28T12:00:00+05:30,"SYNTHETIC demo data (KaushalSetu SIH prototype): fictional entities, team-assumed numbers, not real or official statistics.",true
a5019506-2606-50c7-938a-164f559d7763,7fbcb5f4-e0b2-5d3c-9a2f-92f0cb61cc4c,af965629-d4a2-54e2-8e5e-85334d787500,COMPLETED,2023-08-31,2025-07-26,Y09,"KaushalSetu synthetic generator v2, seed 20260929",2026-09-28T12:00:00+05:30,"SYNTHETIC demo data (KaushalSetu SIH prototype): fictional entities, team-assumed numbers, not real or official statistics.",true
6522fefe-536e-5a2c-a866-b7efc1ca73d8,09bdb552-9956-5c76-801c-287ab642f51d,af965629-d4a2-54e2-8e5e-85334d787500,DROPPED,2023-08-20,,Y09,"KaushalSetu synthetic generator v2, seed 20260929",2026-09-28T12:00:00+05:30,"SYNTHETIC demo data (KaushalSetu SIH prototype): fictional entities, team-assumed numbers, not real or official statistics.",true
503ad4c1-744e-5e92-bfca-8fef34bdb9f5,aad6a3f9-837b-57dc-b5c4-5c7f431b6f4c,af965629-d4a2-54e2-8e5e-85334d787500,COMPLETED,2023-08-28,2025-07-15,Y09,"KaushalSetu synthetic generator v2, seed 20260929",2026-09-28T12:00:00+05:30,"SYNTHETIC demo data (KaushalSetu SIH prototype): fictional entities, team-assumed numbers, not real or official statistics.",true
76682f9a-9512-521c-b156-743583643c67,0db34621-4e51-5e97-af3a-dc817a5c15b1,af965629-d4a2-54e2-8e5e-85334d787500,COMPLETED,2023-08-22,2025-07-16,Y09,"KaushalSetu synthetic generator v2, seed 20260929",2026-09-28T12:00:00+05:30,"SYNTHETIC demo data (KaushalSetu SIH prototype): fictional entities, team-assumed numbers, not real or official statistics.",true
fd860dfe-d907-5c39-9dc2-81c62cf69a67,490fe4b8-5b10-51af-adb6-0390d8bdc575,af965629-d4a2-54e2-8e5e-85334d787500,COMPLETED,2023-08-06,2025-07-16,Y09,"KaushalSetu synthetic generator v2, seed 20260929",2026-09-28T12:00:00+05:30,"SYNTHETIC demo data (KaushalSetu SIH prototype): fictional entities, team-assumed numbers, not real or official statistics.",true
1df8c9cc-7396-5cc7-84d9-6f4576bc201a,870d3012-f433-55de-83d9-cecd50afc5d5,af965629-d4a2-54e2-8e5e-85334d787500,COMPLETED,2023-08-25,2025-07-15,Y09,"KaushalSetu synthetic generator v2, seed 20260929",2026-09-28T12:00:00+05:30,"SYNTHETIC demo data (KaushalSetu SIH prototype): fictional entities, team-assumed numbers, not real or official statistics.",true
9fece1a2-ea17-5748-9b06-ac701b1ec39e,281636b9-69ac-58f6-ae6b-90e56727ffd0,af965629-d4a2-54e2-8e5e-85334d787500,COMPLETED,2023-08-02,2025-07-17,Y09,"KaushalSetu synthetic generator v2, seed 20260929",2026-09-28T12:00:00+05:30,"SYNTHETIC demo data (KaushalSetu SIH prototype): fictional entities, team-assumed numbers, not real or official statistics.",true
7a9842fa-db8f-5e56-804d-3db81f4260fc,fb1e5ec3-5a7e-5ecf-83a6-8282ff3a31b4,af965629-d4a2-54e2-8e5e-85334d787500,COMPLETED,2023-08-22,2025-07-20,Y09,"KaushalSetu synthetic generator v2, seed 20260929",2026-09-28T12:00:00+05:30,"SYNTHETIC demo data (KaushalSetu SIH prototype): fictional entities, team-assumed numbers, not real or official statistics.",true
d0755071-e9b3-504c-971f-d910baf2e25b,83fed476-3daf-5508-8a01-513a88bd0f92,af965629-d4a2-54e2-8e5e-85334d787500,COMPLETED,2023-08-10,2025-07-21,Y09,"KaushalSetu synthetic generator v2, seed 20260929",2026-09-28T12:00:00+05:30,"SYNTHETIC demo data (KaushalSetu SIH prototype): fictional entities, team-assumed numbers, not real or official statistics.",true
8b38bf10-1beb-5aaa-b86a-af510f69e25e,86e032f2-78b4-5b47-84be-f662ae39437a,af965629-d4a2-54e2-8e5e-85334d787500,COMPLETED,2023-08-13,2025-07-19,Y09,"KaushalSetu synthetic generator v2, seed 20260929",2026-09-28T12:00:00+05:30,"SYNTHETIC demo data (KaushalSetu SIH prototype): fictional entities, team-assumed numbers, not real or official statistics.",true
85a25e5e-9594-5ef3-8cb9-43bd8e883a1e,4dc9db7c-2f73-5271-a7d8-7f4c1111cf01,af965629-d4a2-54e2-8e5e-85334d787500,COMPLETED,2023-08-05,2025-07-29,Y09,"KaushalSetu synthetic generator v2, seed 20260929",2026-09-28T12:00:00+05:30,"SYNTHETIC demo data (KaushalSetu SIH prototype): fictional entities, team-assumed numbers, not real or official statistics.",true
6687db56-9a5b-5f00-bc1e-fa1ffcd16992,3a4b5f7d-f62d-5845-a80e-489255e28d42,af965629-d4a2-54e2-8e5e-85334d787500,COMPLETED,2023-08-02,2025-07-17,Y09,"KaushalSetu synthetic generator v2, seed 20260929",2026-09-28T12:00:00+05:30,"SYNTHETIC demo data (KaushalSetu SIH prototype): fictional entities, team-assumed numbers, not real or official statistics.",true
f51d3d38-7c13-5ec3-8c7f-3e15539b4611,c3d96478-e7ad-52cf-a1ef-12c6003bf2a5,af965629-d4a2-54e2-8e5e-85334d787500,COMPLETED,2023-08-19,2025-07-21,Y09,"KaushalSetu synthetic generator v2, seed 20260929",2026-09-28T12:00:00+05:30,"SYNTHETIC demo data (KaushalSetu SIH prototype): fictional entities, team-assumed numbers, not real or official statistics.",true
582d918c-3139-523d-a8bb-bd46e24b173c,3ddf6bb6-741c-56b8-959c-062370137a2e,af965629-d4a2-54e2-8e5e-85334d787500,COMPLETED,2023-08-09,2025-07-19,Y09,"KaushalSetu synthetic generator v2, seed 20260929",2026-09-28T12:00:00+05:30,"SYNTHETIC demo data (KaushalSetu SIH prototype): fictional entities, team-assumed numbers, not real or official statistics.",true
5c243381-d6fe-5bff-9a77-d290a6c978d1,46c6b8ea-41ef-5b9d-8e97-6d1f1d9256fd,af965629-d4a2-54e2-8e5e-85334d787500,COMPLETED,2023-08-24,2025-07-25,Y09,"KaushalSetu synthetic generator v2, seed 20260929",2026-09-28T12:00:00+05:30,"SYNTHETIC demo data (KaushalSetu SIH prototype): fictional entities, team-assumed numbers, not real or official statistics.",true
c46a9548-91e5-529a-ae51-44eb0481bccd,0e4cf3cf-b146-5640-bacb-7008cbc58b20,af965629-d4a2-54e2-8e5e-85334d787500,DROPPED,2023-08-01,,Y09,"KaushalSetu synthetic generator v2, seed 20260929",2026-09-28T12:00:00+05:30,"SYNTHETIC demo data (KaushalSetu SIH prototype): fictional entities, team-assumed numbers, not real or official statistics.",true
c43044ef-d0da-5af8-93e7-70410f75e44f,6c1d0771-f0a1-56b0-a1ff-59af04d4a87b,af965629-d4a2-54e2-8e5e-85334d787500,COMPLETED,2023-08-07,2025-07-17,Y09,"KaushalSetu synthetic generator v2, seed 20260929",2026-09-28T12:00:00+05:30,"SYNTHETIC demo data (KaushalSetu SIH prototype): fictional entities, team-assumed numbers, not real or official statistics.",true
3585e75c-008e-5fa1-972f-84d8fc526c65,8a1ce913-aad4-5392-9afb-2feefbc5baa6,af965629-d4a2-54e2-8e5e-85334d787500,COMPLETED,2023-08-03,2025-07-25,Y09,"KaushalSetu synthetic generator v2, seed 20260929",2026-09-28T12:00:00+05:30,"SYNTHETIC demo data (KaushalSetu SIH prototype): fictional entities, team-assumed numbers, not real or official statistics.",true
14eabac3-1efa-5db7-a401-bbc60955a3b5,449f11eb-4a3d-5589-bc7a-f8b1a2e36e7f,af965629-d4a2-54e2-8e5e-85334d787500,COMPLETED,2023-08-22,2025-07-25,Y09,"KaushalSetu synthetic generator v2, seed 20260929",2026-09-28T12:00:00+05:30,"SYNTHETIC demo data (KaushalSetu SIH prototype): fictional entities, team-assumed numbers, not real or official statistics.",true
c65fbcee-a2ee-5215-9932-da9832c899d3,0fc4a77a-5115-5c3d-8d4e-79c423d95890,af965629-d4a2-54e2-8e5e-85334d787500,COMPLETED,2023-08-23,2025-07-16,Y09,"KaushalSetu synthetic generator v2, seed 20260929",2026-09-28T12:00:00+05:30,"SYNTHETIC demo data (KaushalSetu SIH prototype): fictional entities, team-assumed numbers, not real or official statistics.",true
69812b76-9030-5472-83c2-aff2619f4606,dabde809-e634-5784-b489-e57361bffb14,af965629-d4a2-54e2-8e5e-85334d787500,COMPLETED,2023-08-28,2025-07-16,Y09,"KaushalSetu synthetic generator v2, seed 20260929",2026-09-28T12:00:00+05:30,"SYNTHETIC demo data (KaushalSetu SIH prototype): fictional entities, team-assumed numbers, not real or official statistics.",true
f2650d5b-8e1b-53a1-8f1a-55531e548349,ff4927ef-f4cb-58f7-92ba-682add13e87f,af965629-d4a2-54e2-8e5e-85334d787500,COMPLETED,2023-08-27,2025-07-31,Y09,"KaushalSetu synthetic generator v2, seed 20260929",2026-09-28T12:00:00+05:30,"SYNTHETIC demo data (KaushalSetu SIH prototype): fictional entities, team-assumed numbers, not real or official statistics.",true
7831950a-5be3-52b7-82c9-17b38c9f3700,f5945834-9020-5c9a-bb08-50a219b353b6,af965629-d4a2-54e2-8e5e-85334d787500,COMPLETED,2023-08-04,2025-07-19,Y09,"KaushalSetu synthetic generator v2, seed 20260929",2026-09-28T12:00:00+05:30,"SYNTHETIC demo data (KaushalSetu SIH prototype): fictional entities, team-assumed numbers, not real or official statistics.",true
142928c9-3c48-522f-ac1f-f3885b3b5220,c2b65d75-44ec-59b5-8692-f217a7d1e9ae,af965629-d4a2-54e2-8e5e-85334d787500,COMPLETED,2023-08-07,2025-07-15,Y09,"KaushalSetu synthetic generator v2, seed 20260929",2026-09-28T12:00:00+05:30,"SYNTHETIC demo data (KaushalSetu SIH prototype): fictional entities, team-assumed numbers, not real or official statistics.",true
d756e1ff-89d8-54b9-9abb-c81be750bd0d,a6170ee4-2fc8-531d-b26d-6a60dabe88be,af965629-d4a2-54e2-8e5e-85334d787500,COMPLETED,2023-08-18,2025-07-31,Y09,"KaushalSetu synthetic generator v2, seed 20260929",2026-09-28T12:00:00+05:30,"SYNTHETIC demo data (KaushalSetu SIH prototype): fictional entities, team-assumed numbers, not real or official statistics.",true
04d7282b-1fb8-5ac7-bf05-2eda97eb1e8e,a555d572-81f3-5eeb-bf01-dc6fbffa5be7,d4235306-328a-565f-b5d8-e67ba1c1c786,COMPLETED,2024-08-05,2026-07-18,Y09,"KaushalSetu synthetic generator v2, seed 20260929",2026-09-28T12:00:00+05:30,"SYNTHETIC demo data (KaushalSetu SIH prototype): fictional entities, team-assumed numbers, not real or official statistics.",true
f12c436d-3867-564f-9bf4-1868eb14994d,d33c7565-8cba-5c68-94cd-04b9c162a10b,d4235306-328a-565f-b5d8-e67ba1c1c786,COMPLETED,2024-08-19,2026-07-24,Y09,"KaushalSetu synthetic generator v2, seed 20260929",2026-09-28T12:00:00+05:30,"SYNTHETIC demo data (KaushalSetu SIH prototype): fictional entities, team-assumed numbers, not real or official statistics.",true
c623f0e8-0375-5cac-b931-3e5633100af9,9674665f-b957-5b92-a7fe-64af454e09bd,d4235306-328a-565f-b5d8-e67ba1c1c786,COMPLETED,2024-08-26,2026-07-30,Y09,"KaushalSetu synthetic generator v2, seed 20260929",2026-09-28T12:00:00+05:30,"SYNTHETIC demo data (KaushalSetu SIH prototype): fictional entities, team-assumed numbers, not real or official statistics.",true
15826dbc-cf2f-5db8-aac8-1654ff4f30d7,14c57839-6415-5f79-a45b-d2d4065851e5,d4235306-328a-565f-b5d8-e67ba1c1c786,COMPLETED,2024-08-26,2026-07-25,Y09,"KaushalSetu synthetic generator v2, seed 20260929",2026-09-28T12:00:00+05:30,"SYNTHETIC demo data (KaushalSetu SIH prototype): fictional entities, team-assumed numbers, not real or official statistics.",true
43d2ce19-231b-589e-a3c4-7de7d86bf8c1,626c334a-0a8f-597e-ae8d-f4f488677e10,d4235306-328a-565f-b5d8-e67ba1c1c786,COMPLETED,2024-08-04,2026-07-18,Y09,"KaushalSetu synthetic generator v2, seed 20260929",2026-09-28T12:00:00+05:30,"SYNTHETIC demo data (KaushalSetu SIH prototype): fictional entities, team-assumed numbers, not real or official statistics.",true
34d42cae-edbe-5269-b87f-47db768fe0d7,62c2f846-d113-5276-b86c-bd92446b0a40,d4235306-328a-565f-b5d8-e67ba1c1c786,COMPLETED,2024-08-30,2026-07-23,Y09,"KaushalSetu synthetic generator v2, seed 20260929",2026-09-28T12:00:00+05:30,"SYNTHETIC demo data (KaushalSetu SIH prototype): fictional entities, team-assumed numbers, not real or official statistics.",true
7af919d1-dcef-539b-937c-074840ccb9ca,838e8773-fd6b-5d4e-b262-e5b7573cc490,d4235306-328a-565f-b5d8-e67ba1c1c786,COMPLETED,2024-08-14,2026-07-16,Y09,"KaushalSetu synthetic generator v2, seed 20260929",2026-09-28T12:00:00+05:30,"SYNTHETIC demo data (KaushalSetu SIH prototype): fictional entities, team-assumed numbers, not real or official statistics.",true
93bce39d-aa90-53dd-8b9e-7c2e5eb0bf15,6f6d31ba-bb12-5c52-9d42-67ef7fe497d7,d4235306-328a-565f-b5d8-e67ba1c1c786,COMPLETED,2024-08-14,2026-07-20,Y09,"KaushalSetu synthetic generator v2, seed 20260929",2026-09-28T12:00:00+05:30,"SYNTHETIC demo data (KaushalSetu SIH prototype): fictional entities, team-assumed numbers, not real or official statistics.",true
d9c27766-a167-5cd0-b8e9-3d94371415f3,5fc6471e-94b2-5a5d-81c7-6ae8e8685827,d4235306-328a-565f-b5d8-e67ba1c1c786,COMPLETED,2024-08-03,2026-07-16,Y09,"KaushalSetu synthetic generator v2, seed 20260929",2026-09-28T12:00:00+05:30,"SYNTHETIC demo data (KaushalSetu SIH prototype): fictional entities, team-assumed numbers, not real or official statistics.",true
305cff32-e877-5e25-a328-4a78ac0552c2,225fb8db-7d74-5b07-b131-f2a2e8047228,d4235306-328a-565f-b5d8-e67ba1c1c786,COMPLETED,2024-08-26,2026-07-27,Y09,"KaushalSetu synthetic generator v2, seed 20260929",2026-09-28T12:00:00+05:30,"SYNTHETIC demo data (KaushalSetu SIH prototype): fictional entities, team-assumed numbers, not real or official statistics.",true
69cb498b-5eef-59e8-a675-4b9858fc0358,9277d6b8-9e76-5fb4-b521-bb240a006201,d4235306-328a-565f-b5d8-e67ba1c1c786,COMPLETED,2024-08-22,2026-07-31,Y09,"KaushalSetu synthetic generator v2, seed 20260929",2026-09-28T12:00:00+05:30,"SYNTHETIC demo data (KaushalSetu SIH prototype): fictional entities, team-assumed numbers, not real or official statistics.",true
ce651356-d87e-54b3-a20b-3218474b1f53,e20c5c16-36c8-5d1f-9bb4-934c723f5d98,d4235306-328a-565f-b5d8-e67ba1c1c786,DROPPED,2024-08-20,,Y09,"KaushalSetu synthetic generator v2, seed 20260929",2026-09-28T12:00:00+05:30,"SYNTHETIC demo data (KaushalSetu SIH prototype): fictional entities, team-assumed numbers, not real or official statistics.",true
70bdb0fc-2b6c-5aab-8d7f-b0e8104f680a,75c90b5b-68e3-5c53-ba90-aaa023dac8ef,d4235306-328a-565f-b5d8-e67ba1c1c786,DROPPED,2024-08-02,,Y09,"KaushalSetu synthetic generator v2, seed 20260929",2026-09-28T12:00:00+05:30,"SYNTHETIC demo data (KaushalSetu SIH prototype): fictional entities, team-assumed numbers, not real or official statistics.",true
56b2373d-4892-5df6-a6f2-18aa89264d85,0a405119-b2df-5ebc-ae43-65e444fdd24c,d4235306-328a-565f-b5d8-e67ba1c1c786,COMPLETED,2024-08-18,2026-07-16,Y09,"KaushalSetu synthetic generator v2, seed 20260929",2026-09-28T12:00:00+05:30,"SYNTHETIC demo data (KaushalSetu SIH prototype): fictional entities, team-assumed numbers, not real or official statistics.",true
0492cfa2-a73d-5981-82d1-2c981885ebba,33b7031e-5219-5af9-a840-e3cdd9cd0ec0,d4235306-328a-565f-b5d8-e67ba1c1c786,COMPLETED,2024-08-16,2026-07-27,Y09,"KaushalSetu synthetic generator v2, seed 20260929",2026-09-28T12:00:00+05:30,"SYNTHETIC demo data (KaushalSetu SIH prototype): fictional entities, team-assumed numbers, not real or official statistics.",true
73d71d30-a017-5ac9-a1d0-eef7001a5953,64b2d9c3-5ea3-5be8-bdac-13198c6276ea,d4235306-328a-565f-b5d8-e67ba1c1c786,COMPLETED,2024-08-10,2026-07-24,Y09,"KaushalSetu synthetic generator v2, seed 20260929",2026-09-28T12:00:00+05:30,"SYNTHETIC demo data (KaushalSetu SIH prototype): fictional entities, team-assumed numbers, not real or official statistics.",true
853da93e-82d4-52ed-b812-15516e4b4e96,cfe093e5-c2ce-58de-96ae-260001bcfc59,d4235306-328a-565f-b5d8-e67ba1c1c786,COMPLETED,2024-08-06,2026-07-25,Y09,"KaushalSetu synthetic generator v2, seed 20260929",2026-09-28T12:00:00+05:30,"SYNTHETIC demo data (KaushalSetu SIH prototype): fictional entities, team-assumed numbers, not real or official statistics.",true
f4039be5-78b2-54bd-a09d-985754beaa7f,680b5a45-8d3e-5815-a2a9-770f67e44009,d4235306-328a-565f-b5d8-e67ba1c1c786,DROPPED,2024-08-02,,Y09,"KaushalSetu synthetic generator v2, seed 20260929",2026-09-28T12:00:00+05:30,"SYNTHETIC demo data (KaushalSetu SIH prototype): fictional entities, team-assumed numbers, not real or official statistics.",true
ddb7f09e-1340-5cce-bf35-c6e5d97b42d5,05cf7762-9fee-5212-b3b5-1594dbb45f4c,d4235306-328a-565f-b5d8-e67ba1c1c786,COMPLETED,2024-08-07,2026-07-21,Y09,"KaushalSetu synthetic generator v2, seed 20260929",2026-09-28T12:00:00+05:30,"SYNTHETIC demo data (KaushalSetu SIH prototype): fictional entities, team-assumed numbers, not real or official statistics.",true
046a7fab-d8e9-5604-98d2-996d0b1117e5,b8747a90-5db2-5e16-bf15-6aa96c3acebf,d4235306-328a-565f-b5d8-e67ba1c1c786,COMPLETED,2024-08-09,2026-07-20,Y09,"KaushalSetu synthetic generator v2, seed 20260929",2026-09-28T12:00:00+05:30,"SYNTHETIC demo data (KaushalSetu SIH prototype): fictional entities, team-assumed numbers, not real or official statistics.",true
69610289-5429-58c6-82f9-251aad14083a,26cf5987-cf0a-5b9f-a600-cbaa4a9649bf,d4235306-328a-565f-b5d8-e67ba1c1c786,COMPLETED,2024-08-11,2026-07-21,Y09,"KaushalSetu synthetic generator v2, seed 20260929",2026-09-28T12:00:00+05:30,"SYNTHETIC demo data (KaushalSetu SIH prototype): fictional entities, team-assumed numbers, not real or official statistics.",true
2f295c5d-c788-5f6b-8577-e60e7dc53375,b3b73de4-eeea-539a-bcbc-05b766540375,d4235306-328a-565f-b5d8-e67ba1c1c786,COMPLETED,2024-08-28,2026-07-30,Y09,"KaushalSetu synthetic generator v2, seed 20260929",2026-09-28T12:00:00+05:30,"SYNTHETIC demo data (KaushalSetu SIH prototype): fictional entities, team-assumed numbers, not real or official statistics.",true
c3d67c48-ff7e-5bd1-838f-bf2e6ff0d071,ba9603de-5898-59ea-a447-0cb381dfe84f,d4235306-328a-565f-b5d8-e67ba1c1c786,COMPLETED,2024-08-07,2026-07-27,Y09,"KaushalSetu synthetic generator v2, seed 20260929",2026-09-28T12:00:00+05:30,"SYNTHETIC demo data (KaushalSetu SIH prototype): fictional entities, team-assumed numbers, not real or official statistics.",true
4e3e2311-3831-5d8c-b543-f38310286f2a,976ebb3a-947b-5318-9559-28fe3b2b6aec,d4235306-328a-565f-b5d8-e67ba1c1c786,COMPLETED,2024-08-18,2026-07-20,Y09,"KaushalSetu synthetic generator v2, seed 20260929",2026-09-28T12:00:00+05:30,"SYNTHETIC demo data (KaushalSetu SIH prototype): fictional entities, team-assumed numbers, not real or official statistics.",true
a88c5042-52eb-58ad-b331-36c21655d040,3681a687-00cc-5a7a-8e08-59906c876199,d4235306-328a-565f-b5d8-e67ba1c1c786,COMPLETED,2024-08-06,2026-07-27,Y09,"KaushalSetu synthetic generator v2, seed 20260929",2026-09-28T12:00:00+05:30,"SYNTHETIC demo data (KaushalSetu SIH prototype): fictional entities, team-assumed numbers, not real or official statistics.",true
f4273648-ee67-5517-978f-46b5eec2dc20,0a40e0a4-d54c-5092-819c-b3a47cbe9c07,d4235306-328a-565f-b5d8-e67ba1c1c786,COMPLETED,2024-08-26,2026-07-22,Y09,"KaushalSetu synthetic generator v2, seed 20260929",2026-09-28T12:00:00+05:30,"SYNTHETIC demo data (KaushalSetu SIH prototype): fictional entities, team-assumed numbers, not real or official statistics.",true
c5086c81-583e-5a16-bf8f-ad49474fbbf9,5b493299-b19e-5b54-96e2-1f7a16195f63,d4235306-328a-565f-b5d8-e67ba1c1c786,COMPLETED,2024-08-12,2026-07-18,Y09,"KaushalSetu synthetic generator v2, seed 20260929",2026-09-28T12:00:00+05:30,"SYNTHETIC demo data (KaushalSetu SIH prototype): fictional entities, team-assumed numbers, not real or official statistics.",true
e9295e43-18dc-5966-858d-db613cc2387d,5eb4f543-f3b8-5847-8241-eb4f9499de45,d4235306-328a-565f-b5d8-e67ba1c1c786,COMPLETED,2024-08-15,2026-07-20,Y09,"KaushalSetu synthetic generator v2, seed 20260929",2026-09-28T12:00:00+05:30,"SYNTHETIC demo data (KaushalSetu SIH prototype): fictional entities, team-assumed numbers, not real or official statistics.",true
4e637fe5-0fd3-5bee-9587-b3266bc02f19,2361445e-c955-5ca5-a10d-9b0c9f26ca71,d4235306-328a-565f-b5d8-e67ba1c1c786,COMPLETED,2024-08-01,2026-07-16,Y09,"KaushalSetu synthetic generator v2, seed 20260929",2026-09-28T12:00:00+05:30,"SYNTHETIC demo data (KaushalSetu SIH prototype): fictional entities, team-assumed numbers, not real or official statistics.",true
0a19c3d1-bf71-51e0-a98e-63766cfc76f7,dc7cef2d-7f90-562f-8c50-0a76572c976a,d4235306-328a-565f-b5d8-e67ba1c1c786,COMPLETED,2024-08-11,2026-07-18,Y09,"KaushalSetu synthetic generator v2, seed 20260929",2026-09-28T12:00:00+05:30,"SYNTHETIC demo data (KaushalSetu SIH prototype): fictional entities, team-assumed numbers, not real or official statistics.",true
db9ce4a7-e4f7-58be-8211-eb152fae4a4a,52a5fb79-ca82-5528-8747-2fac31fddce6,d4235306-328a-565f-b5d8-e67ba1c1c786,COMPLETED,2024-08-14,2026-07-28,Y09,"KaushalSetu synthetic generator v2, seed 20260929",2026-09-28T12:00:00+05:30,"SYNTHETIC demo data (KaushalSetu SIH prototype): fictional entities, team-assumed numbers, not real or official statistics.",true
ceaa1b2e-2bba-5b20-b063-c7e51c6a145d,ec735393-9667-510b-bd03-d346f50393cc,d4235306-328a-565f-b5d8-e67ba1c1c786,COMPLETED,2024-08-18,2026-07-19,Y09,"KaushalSetu synthetic generator v2, seed 20260929",2026-09-28T12:00:00+05:30,"SYNTHETIC demo data (KaushalSetu SIH prototype): fictional entities, team-assumed numbers, not real or official statistics.",true
9f094119-5419-54cb-81f7-1debc73cad7e,7cdebc34-874d-5023-bd64-c1bed8b3debe,d4235306-328a-565f-b5d8-e67ba1c1c786,COMPLETED,2024-08-23,2026-07-31,Y09,"KaushalSetu synthetic generator v2, seed 20260929",2026-09-28T12:00:00+05:30,"SYNTHETIC demo data (KaushalSetu SIH prototype): fictional entities, team-assumed numbers, not real or official statistics.",true
828251f5-ef52-5f87-828e-6bf0e51e2e19,b54cd0c1-881c-580e-a47b-8de2ed3f6594,d4235306-328a-565f-b5d8-e67ba1c1c786,COMPLETED,2024-08-02,2026-07-21,Y09,"KaushalSetu synthetic generator v2, seed 20260929",2026-09-28T12:00:00+05:30,"SYNTHETIC demo data (KaushalSetu SIH prototype): fictional entities, team-assumed numbers, not real or official statistics.",true
5e210b38-fe00-515d-87ae-43acfb1c5419,7b921315-b41c-5e6d-864d-68cd8ced6bd8,d4235306-328a-565f-b5d8-e67ba1c1c786,COMPLETED,2024-08-15,2026-07-20,Y09,"KaushalSetu synthetic generator v2, seed 20260929",2026-09-28T12:00:00+05:30,"SYNTHETIC demo data (KaushalSetu SIH prototype): fictional entities, team-assumed numbers, not real or official statistics.",true
28ed69dd-977e-5d58-840a-c17198ad7eb4,98eed2d5-8f03-549e-a155-6c3c6706b4b7,d4235306-328a-565f-b5d8-e67ba1c1c786,COMPLETED,2024-08-20,2026-07-17,Y09,"KaushalSetu synthetic generator v2, seed 20260929",2026-09-28T12:00:00+05:30,"SYNTHETIC demo data (KaushalSetu SIH prototype): fictional entities, team-assumed numbers, not real or official statistics.",true
e23f35e9-4fa8-5ad2-840f-f0b77b6f5dc8,912b598c-61f2-5a3a-8dc8-89def032041e,d4235306-328a-565f-b5d8-e67ba1c1c786,COMPLETED,2024-08-31,2026-07-27,Y09,"KaushalSetu synthetic generator v2, seed 20260929",2026-09-28T12:00:00+05:30,"SYNTHETIC demo data (KaushalSetu SIH prototype): fictional entities, team-assumed numbers, not real or official statistics.",true
f5e97634-8586-50c3-b807-afa48afb2522,f5681dc8-6c9b-5fb6-a09f-7431517d7e43,d4235306-328a-565f-b5d8-e67ba1c1c786,COMPLETED,2024-08-07,2026-07-20,Y09,"KaushalSetu synthetic generator v2, seed 20260929",2026-09-28T12:00:00+05:30,"SYNTHETIC demo data (KaushalSetu SIH prototype): fictional entities, team-assumed numbers, not real or official statistics.",true
808b4f0a-42e0-57e7-92e4-b2c87d1b96a4,098c9930-aa2b-5de9-a30d-60ec6151fb30,d4235306-328a-565f-b5d8-e67ba1c1c786,DROPPED,2024-08-18,,Y09,"KaushalSetu synthetic generator v2, seed 20260929",2026-09-28T12:00:00+05:30,"SYNTHETIC demo data (KaushalSetu SIH prototype): fictional entities, team-assumed numbers, not real or official statistics.",true
c8845a34-6fd2-5463-a39f-e5de59501a7e,378558d8-c927-5888-8615-0fc20707323d,d4235306-328a-565f-b5d8-e67ba1c1c786,DROPPED,2024-08-29,,Y09,"KaushalSetu synthetic generator v2, seed 20260929",2026-09-28T12:00:00+05:30,"SYNTHETIC demo data (KaushalSetu SIH prototype): fictional entities, team-assumed numbers, not real or official statistics.",true
25102923-611c-52a5-a1c6-1ceabebc2e1a,d7e82f37-0980-5d79-bfb2-7cf72b03adee,d4235306-328a-565f-b5d8-e67ba1c1c786,COMPLETED,2024-08-04,2026-07-27,Y09,"KaushalSetu synthetic generator v2, seed 20260929",2026-09-28T12:00:00+05:30,"SYNTHETIC demo data (KaushalSetu SIH prototype): fictional entities, team-assumed numbers, not real or official statistics.",true
d6aa6605-9d77-5683-bd7d-dfade3e1842d,ca925eb0-7bea-51b9-8594-e40f836b66f7,d4235306-328a-565f-b5d8-e67ba1c1c786,COMPLETED,2024-08-27,2026-07-28,Y09,"KaushalSetu synthetic generator v2, seed 20260929",2026-09-28T12:00:00+05:30,"SYNTHETIC demo data (KaushalSetu SIH prototype): fictional entities, team-assumed numbers, not real or official statistics.",true
1dcf8cc7-a4c0-5ff0-bae6-f59af9808aaf,1f05dee3-64af-5056-9c8d-b29df1ca3559,d4235306-328a-565f-b5d8-e67ba1c1c786,COMPLETED,2024-08-06,2026-07-15,Y09,"KaushalSetu synthetic generator v2, seed 20260929",2026-09-28T12:00:00+05:30,"SYNTHETIC demo data (KaushalSetu SIH prototype): fictional entities, team-assumed numbers, not real or official statistics.",true
c07b6570-212a-539c-b2f0-cbcdd3e09533,d0a25cce-e1e3-51c5-9b49-9defa083c6af,d4235306-328a-565f-b5d8-e67ba1c1c786,COMPLETED,2024-08-04,2026-07-30,Y09,"KaushalSetu synthetic generator v2, seed 20260929",2026-09-28T12:00:00+05:30,"SYNTHETIC demo data (KaushalSetu SIH prototype): fictional entities, team-assumed numbers, not real or official statistics.",true
34523d6a-e964-5412-873a-0b7c5be432c4,8a665371-f73e-5fe8-a2a7-8da1d54786e7,d4235306-328a-565f-b5d8-e67ba1c1c786,COMPLETED,2024-08-22,2026-07-27,Y09,"KaushalSetu synthetic generator v2, seed 20260929",2026-09-28T12:00:00+05:30,"SYNTHETIC demo data (KaushalSetu SIH prototype): fictional entities, team-assumed numbers, not real or official statistics.",true
0fdf860e-1be7-53b0-8a15-24fb6384cb4d,c2c4a3f8-7ffb-5c86-918c-04d4e0223691,d4235306-328a-565f-b5d8-e67ba1c1c786,DROPPED,2024-08-13,,Y09,"KaushalSetu synthetic generator v2, seed 20260929",2026-09-28T12:00:00+05:30,"SYNTHETIC demo data (KaushalSetu SIH prototype): fictional entities, team-assumed numbers, not real or official statistics.",true
c43dea36-fbe3-5d71-9539-8e3529bc55b5,aaf97103-64a7-51fd-b07f-5de04cf20115,d4235306-328a-565f-b5d8-e67ba1c1c786,DROPPED,2024-08-29,,Y09,"KaushalSetu synthetic generator v2, seed 20260929",2026-09-28T12:00:00+05:30,"SYNTHETIC demo data (KaushalSetu SIH prototype): fictional entities, team-assumed numbers, not real or official statistics.",true
b948c3b4-0820-53de-95dc-fdbb6cc4a556,8b86e698-e046-51d7-9240-820670cd33e9,d4235306-328a-565f-b5d8-e67ba1c1c786,COMPLETED,2024-08-29,2026-07-16,Y09,"KaushalSetu synthetic generator v2, seed 20260929",2026-09-28T12:00:00+05:30,"SYNTHETIC demo data (KaushalSetu SIH prototype): fictional entities, team-assumed numbers, not real or official statistics.",true
8b947d27-d1db-5e70-8af3-396492d0e99f,b80e8c67-ba6c-5656-a3e6-48fa917a92e9,d4235306-328a-565f-b5d8-e67ba1c1c786,COMPLETED,2024-08-04,2026-07-30,Y09,"KaushalSetu synthetic generator v2, seed 20260929",2026-09-28T12:00:00+05:30,"SYNTHETIC demo data (KaushalSetu SIH prototype): fictional entities, team-assumed numbers, not real or official statistics.",true
7a9ef67e-22f9-5cd9-8674-902aad13caf2,56aab965-a962-5122-93a8-52ff2fcfefb5,d4235306-328a-565f-b5d8-e67ba1c1c786,DROPPED,2024-08-20,,Y09,"KaushalSetu synthetic generator v2, seed 20260929",2026-09-28T12:00:00+05:30,"SYNTHETIC demo data (KaushalSetu SIH prototype): fictional entities, team-assumed numbers, not real or official statistics.",true
9e135010-6398-5332-9ea7-0bc9e4d56ec0,df138521-0845-5f34-8fbe-646968bedc4d,d4235306-328a-565f-b5d8-e67ba1c1c786,COMPLETED,2024-08-17,2026-07-30,Y09,"KaushalSetu synthetic generator v2, seed 20260929",2026-09-28T12:00:00+05:30,"SYNTHETIC demo data (KaushalSetu SIH prototype): fictional entities, team-assumed numbers, not real or official statistics.",true
ae5df6a5-996a-5a39-96de-125fd85f5b4e,e9768598-711a-5f91-89a5-c20f34098052,d4235306-328a-565f-b5d8-e67ba1c1c786,COMPLETED,2024-08-08,2026-07-15,Y09,"KaushalSetu synthetic generator v2, seed 20260929",2026-09-28T12:00:00+05:30,"SYNTHETIC demo data (KaushalSetu SIH prototype): fictional entities, team-assumed numbers, not real or official statistics.",true
21319042-3809-5503-8858-289b117dcb16,a0a542f7-89e6-5d43-b589-056ec56563e8,d4235306-328a-565f-b5d8-e67ba1c1c786,COMPLETED,2024-08-21,2026-07-29,Y09,"KaushalSetu synthetic generator v2, seed 20260929",2026-09-28T12:00:00+05:30,"SYNTHETIC demo data (KaushalSetu SIH prototype): fictional entities, team-assumed numbers, not real or official statistics.",true
ba16764d-c227-590a-ba3e-dd36c01c65bf,c3923049-6721-5dab-ada0-cabb880960e2,d4235306-328a-565f-b5d8-e67ba1c1c786,COMPLETED,2024-08-09,2026-07-19,Y09,"KaushalSetu synthetic generator v2, seed 20260929",2026-09-28T12:00:00+05:30,"SYNTHETIC demo data (KaushalSetu SIH prototype): fictional entities, team-assumed numbers, not real or official statistics.",true
27857108-95dd-5d99-ab08-006ca69f66d7,ecec5898-894a-5ef6-a47f-3cf954bf7aa1,af12738b-ade6-5472-b8bf-b28f86ebb88a,COMPLETED,2024-09-30,2024-12-14,Y09,"KaushalSetu synthetic generator v2, seed 20260929",2026-09-28T12:00:00+05:30,"SYNTHETIC demo data (KaushalSetu SIH prototype): fictional entities, team-assumed numbers, not real or official statistics.",true
239790b8-6b75-51e0-aa81-cda76ac88272,9653f3a3-d251-5098-ae3e-ab9563ae27a6,af12738b-ade6-5472-b8bf-b28f86ebb88a,COMPLETED,2025-03-31,2025-06-18,Y09,"KaushalSetu synthetic generator v2, seed 20260929",2026-09-28T12:00:00+05:30,"SYNTHETIC demo data (KaushalSetu SIH prototype): fictional entities, team-assumed numbers, not real or official statistics.",true
9fe18b57-bbba-5898-9034-1d87a8580aed,41269f11-d347-59f8-a6b7-3d62fb826390,af12738b-ade6-5472-b8bf-b28f86ebb88a,COMPLETED,2024-11-27,2025-02-10,Y09,"KaushalSetu synthetic generator v2, seed 20260929",2026-09-28T12:00:00+05:30,"SYNTHETIC demo data (KaushalSetu SIH prototype): fictional entities, team-assumed numbers, not real or official statistics.",true
6b093c03-286f-50d0-8f74-dedc04018f69,bda485b9-95f8-5bef-93a2-29c1913aa0cc,af12738b-ade6-5472-b8bf-b28f86ebb88a,COMPLETED,2024-09-19,2024-12-08,Y09,"KaushalSetu synthetic generator v2, seed 20260929",2026-09-28T12:00:00+05:30,"SYNTHETIC demo data (KaushalSetu SIH prototype): fictional entities, team-assumed numbers, not real or official statistics.",true
a45d6bd5-af48-563e-a287-bd1ac204442e,784bbb96-e45c-5866-af0c-32964b04eda7,af12738b-ade6-5472-b8bf-b28f86ebb88a,COMPLETED,2024-08-23,2024-11-10,Y09,"KaushalSetu synthetic generator v2, seed 20260929",2026-09-28T12:00:00+05:30,"SYNTHETIC demo data (KaushalSetu SIH prototype): fictional entities, team-assumed numbers, not real or official statistics.",true
34727c70-bafb-5ba8-b1b3-ef095547871b,96b8b569-d0a3-5e96-a4de-0cf85c1d57c8,af12738b-ade6-5472-b8bf-b28f86ebb88a,COMPLETED,2025-02-07,2025-04-23,Y09,"KaushalSetu synthetic generator v2, seed 20260929",2026-09-28T12:00:00+05:30,"SYNTHETIC demo data (KaushalSetu SIH prototype): fictional entities, team-assumed numbers, not real or official statistics.",true
7ba5338c-1045-5a9b-9193-b5c965a78974,ce1ef32e-f97c-51be-9ed1-9ae9bb3dd7cc,af12738b-ade6-5472-b8bf-b28f86ebb88a,COMPLETED,2024-10-23,2025-01-10,Y09,"KaushalSetu synthetic generator v2, seed 20260929",2026-09-28T12:00:00+05:30,"SYNTHETIC demo data (KaushalSetu SIH prototype): fictional entities, team-assumed numbers, not real or official statistics.",true
b6e70c16-3fc7-5db0-b1a2-a595517faa8d,c1106dc4-6ee3-5f6e-a8a5-ec4529590e76,af12738b-ade6-5472-b8bf-b28f86ebb88a,COMPLETED,2025-02-12,2025-04-28,Y09,"KaushalSetu synthetic generator v2, seed 20260929",2026-09-28T12:00:00+05:30,"SYNTHETIC demo data (KaushalSetu SIH prototype): fictional entities, team-assumed numbers, not real or official statistics.",true
3c6dc68b-d340-5587-8e95-ac04a51abb51,d538bf1e-fb34-5eb6-ab36-f29e421e3e57,af12738b-ade6-5472-b8bf-b28f86ebb88a,COMPLETED,2024-11-10,2025-01-27,Y09,"KaushalSetu synthetic generator v2, seed 20260929",2026-09-28T12:00:00+05:30,"SYNTHETIC demo data (KaushalSetu SIH prototype): fictional entities, team-assumed numbers, not real or official statistics.",true
534e06be-33cf-5fb9-862b-fd8f77941853,2306dbd8-ba1c-5619-83bb-19d42e98900e,af12738b-ade6-5472-b8bf-b28f86ebb88a,DROPPED,2024-09-08,,Y09,"KaushalSetu synthetic generator v2, seed 20260929",2026-09-28T12:00:00+05:30,"SYNTHETIC demo data (KaushalSetu SIH prototype): fictional entities, team-assumed numbers, not real or official statistics.",true
d084f1a0-7083-5efa-b988-c92bb0a74983,580864aa-9682-517c-9100-3198c9bb2559,af12738b-ade6-5472-b8bf-b28f86ebb88a,COMPLETED,2025-04-30,2025-07-21,Y09,"KaushalSetu synthetic generator v2, seed 20260929",2026-09-28T12:00:00+05:30,"SYNTHETIC demo data (KaushalSetu SIH prototype): fictional entities, team-assumed numbers, not real or official statistics.",true
2497e444-e4a5-510f-aa23-5a0c7b178c7a,3a49cbab-88a3-5e7c-a37e-bff97c479a16,af12738b-ade6-5472-b8bf-b28f86ebb88a,COMPLETED,2024-08-06,2024-10-25,Y09,"KaushalSetu synthetic generator v2, seed 20260929",2026-09-28T12:00:00+05:30,"SYNTHETIC demo data (KaushalSetu SIH prototype): fictional entities, team-assumed numbers, not real or official statistics.",true
ed577b34-f8c0-503b-ba54-61fb7eb5b716,b76de7df-0e7a-5dfd-b793-355786395f00,af12738b-ade6-5472-b8bf-b28f86ebb88a,COMPLETED,2024-08-29,2024-11-18,Y09,"KaushalSetu synthetic generator v2, seed 20260929",2026-09-28T12:00:00+05:30,"SYNTHETIC demo data (KaushalSetu SIH prototype): fictional entities, team-assumed numbers, not real or official statistics.",true
73ba35be-2244-5041-a200-0fe779462a09,fa2112a2-0489-5891-8b89-b52819e0b9fb,af12738b-ade6-5472-b8bf-b28f86ebb88a,COMPLETED,2024-08-18,2024-11-07,Y09,"KaushalSetu synthetic generator v2, seed 20260929",2026-09-28T12:00:00+05:30,"SYNTHETIC demo data (KaushalSetu SIH prototype): fictional entities, team-assumed numbers, not real or official statistics.",true
33365387-c665-5526-895d-a21cf1d9be25,a724bf82-70b0-5c4c-be14-14982075a63e,af12738b-ade6-5472-b8bf-b28f86ebb88a,COMPLETED,2024-10-31,2025-01-16,Y09,"KaushalSetu synthetic generator v2, seed 20260929",2026-09-28T12:00:00+05:30,"SYNTHETIC demo data (KaushalSetu SIH prototype): fictional entities, team-assumed numbers, not real or official statistics.",true
df61ea7b-7a4d-55ca-8db4-6a6a3cc3713c,0ed18526-9917-5176-bf36-8eb3f74be6fc,af12738b-ade6-5472-b8bf-b28f86ebb88a,COMPLETED,2025-01-25,2025-04-10,Y09,"KaushalSetu synthetic generator v2, seed 20260929",2026-09-28T12:00:00+05:30,"SYNTHETIC demo data (KaushalSetu SIH prototype): fictional entities, team-assumed numbers, not real or official statistics.",true
6b609f53-811f-5bf8-ac6d-624fe1fea0aa,a2a476d2-88be-5af3-8a14-b2146d5ea22d,af12738b-ade6-5472-b8bf-b28f86ebb88a,COMPLETED,2025-02-09,2025-05-01,Y09,"KaushalSetu synthetic generator v2, seed 20260929",2026-09-28T12:00:00+05:30,"SYNTHETIC demo data (KaushalSetu SIH prototype): fictional entities, team-assumed numbers, not real or official statistics.",true
3804c369-20c6-58f1-bd9a-985c72fb0c63,6770b4d0-13df-52c4-a667-21881b3c46d0,af12738b-ade6-5472-b8bf-b28f86ebb88a,COMPLETED,2025-01-21,2025-04-12,Y09,"KaushalSetu synthetic generator v2, seed 20260929",2026-09-28T12:00:00+05:30,"SYNTHETIC demo data (KaushalSetu SIH prototype): fictional entities, team-assumed numbers, not real or official statistics.",true
dd00879a-0db7-5f2c-af9a-afa48d995a87,ca06c8c4-4e54-5b76-a83b-702f3a64a594,af12738b-ade6-5472-b8bf-b28f86ebb88a,COMPLETED,2025-03-22,2025-06-06,Y09,"KaushalSetu synthetic generator v2, seed 20260929",2026-09-28T12:00:00+05:30,"SYNTHETIC demo data (KaushalSetu SIH prototype): fictional entities, team-assumed numbers, not real or official statistics.",true
746d6437-6e2e-59ed-89b1-c327079036c7,5be93d66-c7c4-59ee-97ce-eda4a7f51293,af12738b-ade6-5472-b8bf-b28f86ebb88a,COMPLETED,2024-11-10,2025-01-30,Y09,"KaushalSetu synthetic generator v2, seed 20260929",2026-09-28T12:00:00+05:30,"SYNTHETIC demo data (KaushalSetu SIH prototype): fictional entities, team-assumed numbers, not real or official statistics.",true
2ec55371-0dac-52c5-bb5f-36518c8cfb5d,c559fd3e-ab78-5c21-a144-ea8c2d3d1264,af12738b-ade6-5472-b8bf-b28f86ebb88a,DROPPED,2025-03-01,,Y09,"KaushalSetu synthetic generator v2, seed 20260929",2026-09-28T12:00:00+05:30,"SYNTHETIC demo data (KaushalSetu SIH prototype): fictional entities, team-assumed numbers, not real or official statistics.",true
c375021b-9e53-5249-b1b5-6286c1aba530,cf6f9a42-04c7-5037-9558-c7c099720a77,af12738b-ade6-5472-b8bf-b28f86ebb88a,COMPLETED,2025-02-02,2025-04-25,Y09,"KaushalSetu synthetic generator v2, seed 20260929",2026-09-28T12:00:00+05:30,"SYNTHETIC demo data (KaushalSetu SIH prototype): fictional entities, team-assumed numbers, not real or official statistics.",true
7b649a68-b874-5019-97e5-acb1ac3d8643,159f56ee-d2a7-5636-8d22-1a096533e64f,af12738b-ade6-5472-b8bf-b28f86ebb88a,COMPLETED,2025-01-24,2025-04-16,Y09,"KaushalSetu synthetic generator v2, seed 20260929",2026-09-28T12:00:00+05:30,"SYNTHETIC demo data (KaushalSetu SIH prototype): fictional entities, team-assumed numbers, not real or official statistics.",true
3bc2e8bc-211c-52ed-afa4-de48b0014beb,ed320103-24bd-5aca-952c-881ea54c4a92,af12738b-ade6-5472-b8bf-b28f86ebb88a,COMPLETED,2025-03-26,2025-06-12,Y09,"KaushalSetu synthetic generator v2, seed 20260929",2026-09-28T12:00:00+05:30,"SYNTHETIC demo data (KaushalSetu SIH prototype): fictional entities, team-assumed numbers, not real or official statistics.",true
571f9428-ec8e-5ab8-8179-1e2f3e2065de,da226b07-d86d-5e32-b25d-0b8a6dbb5db7,af12738b-ade6-5472-b8bf-b28f86ebb88a,COMPLETED,2024-08-01,2024-10-18,Y09,"KaushalSetu synthetic generator v2, seed 20260929",2026-09-28T12:00:00+05:30,"SYNTHETIC demo data (KaushalSetu SIH prototype): fictional entities, team-assumed numbers, not real or official statistics.",true
6412259e-6128-5f0d-8456-50c72137941e,c2fd8071-131e-50fb-809d-51caa0c2655d,af12738b-ade6-5472-b8bf-b28f86ebb88a,COMPLETED,2024-11-29,2025-02-19,Y09,"KaushalSetu synthetic generator v2, seed 20260929",2026-09-28T12:00:00+05:30,"SYNTHETIC demo data (KaushalSetu SIH prototype): fictional entities, team-assumed numbers, not real or official statistics.",true
65786e29-2d60-531c-bece-95457f19de46,c7c57d8d-6706-5133-9f96-a4ec47487c6c,af12738b-ade6-5472-b8bf-b28f86ebb88a,DROPPED,2025-01-05,,Y09,"KaushalSetu synthetic generator v2, seed 20260929",2026-09-28T12:00:00+05:30,"SYNTHETIC demo data (KaushalSetu SIH prototype): fictional entities, team-assumed numbers, not real or official statistics.",true
ab05f7b4-d7e8-54f5-81f5-da6863a5c538,229aed03-b19d-5d58-b559-a6d7b048e64f,af12738b-ade6-5472-b8bf-b28f86ebb88a,COMPLETED,2024-10-27,2025-01-14,Y09,"KaushalSetu synthetic generator v2, seed 20260929",2026-09-28T12:00:00+05:30,"SYNTHETIC demo data (KaushalSetu SIH prototype): fictional entities, team-assumed numbers, not real or official statistics.",true
7ed9297f-9d6f-5e89-9733-4de0b877c687,4ebabffa-9597-5e32-89c8-6eac2f45b41d,af12738b-ade6-5472-b8bf-b28f86ebb88a,COMPLETED,2025-01-02,2025-03-23,Y09,"KaushalSetu synthetic generator v2, seed 20260929",2026-09-28T12:00:00+05:30,"SYNTHETIC demo data (KaushalSetu SIH prototype): fictional entities, team-assumed numbers, not real or official statistics.",true
5db458c3-8233-549b-93b2-8467a38e6fe2,55d5f971-bb20-5f88-bab0-e778e202698b,af12738b-ade6-5472-b8bf-b28f86ebb88a,COMPLETED,2024-11-21,2025-02-05,Y09,"KaushalSetu synthetic generator v2, seed 20260929",2026-09-28T12:00:00+05:30,"SYNTHETIC demo data (KaushalSetu SIH prototype): fictional entities, team-assumed numbers, not real or official statistics.",true
5786e47d-efb1-57a2-a416-94a1c9fdbadc,f282865c-6ad3-5d97-917f-176502a0d47a,af12738b-ade6-5472-b8bf-b28f86ebb88a,COMPLETED,2024-08-17,2024-10-31,Y09,"KaushalSetu synthetic generator v2, seed 20260929",2026-09-28T12:00:00+05:30,"SYNTHETIC demo data (KaushalSetu SIH prototype): fictional entities, team-assumed numbers, not real or official statistics.",true
9520bae5-c677-5d65-a96d-c31733b3809e,385f0968-bf97-5f80-a6f3-6dc914fb81b5,af12738b-ade6-5472-b8bf-b28f86ebb88a,DROPPED,2025-01-13,,Y09,"KaushalSetu synthetic generator v2, seed 20260929",2026-09-28T12:00:00+05:30,"SYNTHETIC demo data (KaushalSetu SIH prototype): fictional entities, team-assumed numbers, not real or official statistics.",true
35c23ab7-3d57-57d9-b7f4-bf2a50b69e27,0cd4a4e6-f6ea-5ec5-98e2-866e939a217f,af12738b-ade6-5472-b8bf-b28f86ebb88a,COMPLETED,2025-04-18,2025-07-04,Y09,"KaushalSetu synthetic generator v2, seed 20260929",2026-09-28T12:00:00+05:30,"SYNTHETIC demo data (KaushalSetu SIH prototype): fictional entities, team-assumed numbers, not real or official statistics.",true
04fd9302-1c64-5d85-8a7e-fa19080a937f,af3154ba-0d32-578a-8fa9-e3c7d2ca9d57,af12738b-ade6-5472-b8bf-b28f86ebb88a,COMPLETED,2025-02-20,2025-05-07,Y09,"KaushalSetu synthetic generator v2, seed 20260929",2026-09-28T12:00:00+05:30,"SYNTHETIC demo data (KaushalSetu SIH prototype): fictional entities, team-assumed numbers, not real or official statistics.",true
82e3d4e2-3905-5884-a474-1cc5e128de3c,0a61457f-5bed-5f1b-9606-2de2d0187b18,af12738b-ade6-5472-b8bf-b28f86ebb88a,COMPLETED,2025-02-02,2025-04-25,Y09,"KaushalSetu synthetic generator v2, seed 20260929",2026-09-28T12:00:00+05:30,"SYNTHETIC demo data (KaushalSetu SIH prototype): fictional entities, team-assumed numbers, not real or official statistics.",true
01c2afad-7d47-5fab-b4de-2c8882728c07,085ecf26-f3b3-5aa0-94ee-141c6755769a,af12738b-ade6-5472-b8bf-b28f86ebb88a,COMPLETED,2024-08-31,2024-11-14,Y09,"KaushalSetu synthetic generator v2, seed 20260929",2026-09-28T12:00:00+05:30,"SYNTHETIC demo data (KaushalSetu SIH prototype): fictional entities, team-assumed numbers, not real or official statistics.",true
81821b28-2a8f-55ad-9170-80b8f45da108,6918e25d-fab8-58d1-8dc7-8ae2573b5a18,af12738b-ade6-5472-b8bf-b28f86ebb88a,DROPPED,2024-12-09,,Y09,"KaushalSetu synthetic generator v2, seed 20260929",2026-09-28T12:00:00+05:30,"SYNTHETIC demo data (KaushalSetu SIH prototype): fictional entities, team-assumed numbers, not real or official statistics.",true
8ee7100a-c98b-5578-9cd2-c3b614f638a5,112ec3be-7624-5a68-a6c6-cb8174706efd,af12738b-ade6-5472-b8bf-b28f86ebb88a,COMPLETED,2025-04-11,2025-07-02,Y09,"KaushalSetu synthetic generator v2, seed 20260929",2026-09-28T12:00:00+05:30,"SYNTHETIC demo data (KaushalSetu SIH prototype): fictional entities, team-assumed numbers, not real or official statistics.",true
3f110718-b244-5b24-93e9-c66818114a78,09143b92-9356-5271-874d-91683fc90cf7,af12738b-ade6-5472-b8bf-b28f86ebb88a,COMPLETED,2024-09-22,2024-12-06,Y09,"KaushalSetu synthetic generator v2, seed 20260929",2026-09-28T12:00:00+05:30,"SYNTHETIC demo data (KaushalSetu SIH prototype): fictional entities, team-assumed numbers, not real or official statistics.",true
91031add-8b33-52d0-a2c7-882aadeaf914,6698df68-e251-5888-8594-6105153616e9,af12738b-ade6-5472-b8bf-b28f86ebb88a,COMPLETED,2024-11-23,2025-02-09,Y09,"KaushalSetu synthetic generator v2, seed 20260929",2026-09-28T12:00:00+05:30,"SYNTHETIC demo data (KaushalSetu SIH prototype): fictional entities, team-assumed numbers, not real or official statistics.",true
f69e57ba-3ebf-56eb-9c78-34c25011725f,0e7e39c3-fbfd-567d-864c-81e52d200247,af12738b-ade6-5472-b8bf-b28f86ebb88a,COMPLETED,2024-08-22,2024-11-11,Y09,"KaushalSetu synthetic generator v2, seed 20260929",2026-09-28T12:00:00+05:30,"SYNTHETIC demo data (KaushalSetu SIH prototype): fictional entities, team-assumed numbers, not real or official statistics.",true
1c27be83-7729-5be2-b4b6-859c4c8337b5,5a82532a-4cf0-500e-ab36-c694a6e00b2b,af12738b-ade6-5472-b8bf-b28f86ebb88a,COMPLETED,2025-05-06,2025-07-23,Y09,"KaushalSetu synthetic generator v2, seed 20260929",2026-09-28T12:00:00+05:30,"SYNTHETIC demo data (KaushalSetu SIH prototype): fictional entities, team-assumed numbers, not real or official statistics.",true
7a81a179-c7f4-59b3-8071-d5bd8c034b69,1ee1a28f-081c-550c-9d56-1b18f4d7ba46,af12738b-ade6-5472-b8bf-b28f86ebb88a,COMPLETED,2024-11-02,2025-01-22,Y09,"KaushalSetu synthetic generator v2, seed 20260929",2026-09-28T12:00:00+05:30,"SYNTHETIC demo data (KaushalSetu SIH prototype): fictional entities, team-assumed numbers, not real or official statistics.",true
36c8dc5a-8ee8-57a6-bcb0-4bb06cbc8101,e493ed1b-6f10-59ef-b13d-92a23f0f0370,af12738b-ade6-5472-b8bf-b28f86ebb88a,COMPLETED,2025-02-19,2025-05-06,Y09,"KaushalSetu synthetic generator v2, seed 20260929",2026-09-28T12:00:00+05:30,"SYNTHETIC demo data (KaushalSetu SIH prototype): fictional entities, team-assumed numbers, not real or official statistics.",true
744fe0fb-8bd9-5dba-94ee-ec6bd51a7d4e,4768cd75-78f1-5d9a-bcf4-c0fb2286e284,af12738b-ade6-5472-b8bf-b28f86ebb88a,COMPLETED,2024-11-19,2025-02-09,Y09,"KaushalSetu synthetic generator v2, seed 20260929",2026-09-28T12:00:00+05:30,"SYNTHETIC demo data (KaushalSetu SIH prototype): fictional entities, team-assumed numbers, not real or official statistics.",true
99dcfc1d-41cc-5571-a623-47a80296474b,6ac5c763-c7a5-5492-9eff-3950960272fb,af12738b-ade6-5472-b8bf-b28f86ebb88a,COMPLETED,2025-03-04,2025-05-25,Y09,"KaushalSetu synthetic generator v2, seed 20260929",2026-09-28T12:00:00+05:30,"SYNTHETIC demo data (KaushalSetu SIH prototype): fictional entities, team-assumed numbers, not real or official statistics.",true
447c050e-880a-58c2-a52c-0619502bf31a,08c22b1f-7504-53b9-b933-99ff12d62087,af12738b-ade6-5472-b8bf-b28f86ebb88a,COMPLETED,2024-08-12,2024-10-30,Y09,"KaushalSetu synthetic generator v2, seed 20260929",2026-09-28T12:00:00+05:30,"SYNTHETIC demo data (KaushalSetu SIH prototype): fictional entities, team-assumed numbers, not real or official statistics.",true
f28072b4-279d-53fa-9ba4-ee6875e7737c,666a3287-4b2f-5088-884c-7b2743903e1e,af12738b-ade6-5472-b8bf-b28f86ebb88a,COMPLETED,2025-02-12,2025-04-28,Y09,"KaushalSetu synthetic generator v2, seed 20260929",2026-09-28T12:00:00+05:30,"SYNTHETIC demo data (KaushalSetu SIH prototype): fictional entities, team-assumed numbers, not real or official statistics.",true
1063f99a-d088-5810-abac-e08bb0a2c6c2,7bcddb28-34c6-5ac6-9cc0-d95f1d9c755f,af12738b-ade6-5472-b8bf-b28f86ebb88a,COMPLETED,2024-11-03,2025-01-21,Y09,"KaushalSetu synthetic generator v2, seed 20260929",2026-09-28T12:00:00+05:30,"SYNTHETIC demo data (KaushalSetu SIH prototype): fictional entities, team-assumed numbers, not real or official statistics.",true
2bf9ae22-a6fb-5ce4-8b33-ef754059953a,4031e458-c98c-5cdd-bd1e-90417626aefa,af12738b-ade6-5472-b8bf-b28f86ebb88a,COMPLETED,2024-12-17,2025-03-05,Y09,"KaushalSetu synthetic generator v2, seed 20260929",2026-09-28T12:00:00+05:30,"SYNTHETIC demo data (KaushalSetu SIH prototype): fictional entities, team-assumed numbers, not real or official statistics.",true
481d8846-33be-505a-b7ac-da2a49bccc7d,70b89faf-8b6d-5401-800c-45ab21b39e80,af12738b-ade6-5472-b8bf-b28f86ebb88a,COMPLETED,2024-12-26,2025-03-16,Y09,"KaushalSetu synthetic generator v2, seed 20260929",2026-09-28T12:00:00+05:30,"SYNTHETIC demo data (KaushalSetu SIH prototype): fictional entities, team-assumed numbers, not real or official statistics.",true
9a7017d6-30ff-5d04-8274-fe98549251ab,8ec4aeb2-a0a9-563f-a182-7bcb21a3f989,af12738b-ade6-5472-b8bf-b28f86ebb88a,COMPLETED,2024-08-14,2024-11-01,Y09,"KaushalSetu synthetic generator v2, seed 20260929",2026-09-28T12:00:00+05:30,"SYNTHETIC demo data (KaushalSetu SIH prototype): fictional entities, team-assumed numbers, not real or official statistics.",true
eb3705cc-841e-5ff1-890e-3800364feaa9,644a5ad5-bde7-539d-95ca-2a3e76ea80fd,af12738b-ade6-5472-b8bf-b28f86ebb88a,COMPLETED,2024-12-29,2025-03-18,Y09,"KaushalSetu synthetic generator v2, seed 20260929",2026-09-28T12:00:00+05:30,"SYNTHETIC demo data (KaushalSetu SIH prototype): fictional entities, team-assumed numbers, not real or official statistics.",true
ad5a45b7-e27a-5f5f-a545-3d8eaae20676,7aeabfd3-2901-5ac7-8041-3449ca20b069,af12738b-ade6-5472-b8bf-b28f86ebb88a,COMPLETED,2024-08-16,2024-11-01,Y09,"KaushalSetu synthetic generator v2, seed 20260929",2026-09-28T12:00:00+05:30,"SYNTHETIC demo data (KaushalSetu SIH prototype): fictional entities, team-assumed numbers, not real or official statistics.",true
cdd006a8-1e22-5599-acb3-1aec0b2314fa,7b0dd9e2-2dee-5aee-9c19-48ab5189578f,06317f54-5389-5a81-8d71-c681a42e451c,COMPLETED,2026-03-06,2026-05-25,Y09,"KaushalSetu synthetic generator v2, seed 20260929",2026-09-28T12:00:00+05:30,"SYNTHETIC demo data (KaushalSetu SIH prototype): fictional entities, team-assumed numbers, not real or official statistics.",true
da0b787e-5da0-5823-a3c9-0e543849b166,60f855ac-dbfe-592d-bf28-2bfa6545ebe1,06317f54-5389-5a81-8d71-c681a42e451c,COMPLETED,2026-01-16,2026-04-01,Y09,"KaushalSetu synthetic generator v2, seed 20260929",2026-09-28T12:00:00+05:30,"SYNTHETIC demo data (KaushalSetu SIH prototype): fictional entities, team-assumed numbers, not real or official statistics.",true
059d0cfb-11ea-5899-8b00-c21776cc3f71,4aa22606-689e-5b8d-ae28-6308a33a62a5,06317f54-5389-5a81-8d71-c681a42e451c,DROPPED,2025-12-21,,Y09,"KaushalSetu synthetic generator v2, seed 20260929",2026-09-28T12:00:00+05:30,"SYNTHETIC demo data (KaushalSetu SIH prototype): fictional entities, team-assumed numbers, not real or official statistics.",true
be137871-5626-5f02-8bbe-37907d97ce1b,6dcd34e0-0e59-5dd7-a01f-f570a9087cc7,06317f54-5389-5a81-8d71-c681a42e451c,COMPLETED,2026-01-06,2026-03-28,Y09,"KaushalSetu synthetic generator v2, seed 20260929",2026-09-28T12:00:00+05:30,"SYNTHETIC demo data (KaushalSetu SIH prototype): fictional entities, team-assumed numbers, not real or official statistics.",true
1386673d-e90f-5e18-8888-b525514e90e7,5043b501-06af-5c2d-91d3-4280c3cfb1bb,06317f54-5389-5a81-8d71-c681a42e451c,COMPLETED,2025-08-20,2025-11-06,Y09,"KaushalSetu synthetic generator v2, seed 20260929",2026-09-28T12:00:00+05:30,"SYNTHETIC demo data (KaushalSetu SIH prototype): fictional entities, team-assumed numbers, not real or official statistics.",true
a480bbb3-0a6f-5605-998b-38140ae59fec,07665b30-be78-5ea5-9676-3194859653be,06317f54-5389-5a81-8d71-c681a42e451c,COMPLETED,2025-08-04,2025-10-20,Y09,"KaushalSetu synthetic generator v2, seed 20260929",2026-09-28T12:00:00+05:30,"SYNTHETIC demo data (KaushalSetu SIH prototype): fictional entities, team-assumed numbers, not real or official statistics.",true
57a99047-2c3e-52a3-887e-50ac7ac4a05b,4508d902-9021-5442-9ffb-3a4659a3ceec,06317f54-5389-5a81-8d71-c681a42e451c,COMPLETED,2026-01-12,2026-03-31,Y09,"KaushalSetu synthetic generator v2, seed 20260929",2026-09-28T12:00:00+05:30,"SYNTHETIC demo data (KaushalSetu SIH prototype): fictional entities, team-assumed numbers, not real or official statistics.",true
2eb41495-3a8d-516c-b94c-bc938063f8f2,eab6c09a-f068-526b-93c1-f12e5bebea4f,06317f54-5389-5a81-8d71-c681a42e451c,COMPLETED,2026-03-05,2026-05-24,Y09,"KaushalSetu synthetic generator v2, seed 20260929",2026-09-28T12:00:00+05:30,"SYNTHETIC demo data (KaushalSetu SIH prototype): fictional entities, team-assumed numbers, not real or official statistics.",true
a96a66a8-f3b0-5b64-9918-753f3d67cf20,cf3eb672-2eef-5b66-91c8-1d935d3e1fd7,06317f54-5389-5a81-8d71-c681a42e451c,COMPLETED,2026-05-07,2026-07-28,Y09,"KaushalSetu synthetic generator v2, seed 20260929",2026-09-28T12:00:00+05:30,"SYNTHETIC demo data (KaushalSetu SIH prototype): fictional entities, team-assumed numbers, not real or official statistics.",true
e64a5c16-087b-5449-9644-00e391bdb3b9,c2e17d4a-faeb-5521-9fb7-5041365ed796,06317f54-5389-5a81-8d71-c681a42e451c,DROPPED,2025-10-08,,Y09,"KaushalSetu synthetic generator v2, seed 20260929",2026-09-28T12:00:00+05:30,"SYNTHETIC demo data (KaushalSetu SIH prototype): fictional entities, team-assumed numbers, not real or official statistics.",true
f34a2f8e-3cd3-551f-8c9b-cfe96afd6bb0,9ee00c74-383a-5cfb-bb3c-d8628cbc2d2c,06317f54-5389-5a81-8d71-c681a42e451c,COMPLETED,2025-10-22,2026-01-10,Y09,"KaushalSetu synthetic generator v2, seed 20260929",2026-09-28T12:00:00+05:30,"SYNTHETIC demo data (KaushalSetu SIH prototype): fictional entities, team-assumed numbers, not real or official statistics.",true
1817ae21-4e11-5aa4-8c14-894d08cee142,1fff5fa9-5b40-592d-a23e-2fc1e3c454ff,06317f54-5389-5a81-8d71-c681a42e451c,COMPLETED,2025-09-08,2025-11-26,Y09,"KaushalSetu synthetic generator v2, seed 20260929",2026-09-28T12:00:00+05:30,"SYNTHETIC demo data (KaushalSetu SIH prototype): fictional entities, team-assumed numbers, not real or official statistics.",true
01828716-a157-5156-87bc-02812c5d28f9,582231b8-bf75-5638-ba15-9ca389bf2c30,06317f54-5389-5a81-8d71-c681a42e451c,COMPLETED,2026-01-22,2026-04-09,Y09,"KaushalSetu synthetic generator v2, seed 20260929",2026-09-28T12:00:00+05:30,"SYNTHETIC demo data (KaushalSetu SIH prototype): fictional entities, team-assumed numbers, not real or official statistics.",true
066cf09a-684a-5900-945a-e5c7ec724acf,492477d6-1d41-52bb-8e6f-c376c367bbef,06317f54-5389-5a81-8d71-c681a42e451c,COMPLETED,2026-01-19,2026-04-11,Y09,"KaushalSetu synthetic generator v2, seed 20260929",2026-09-28T12:00:00+05:30,"SYNTHETIC demo data (KaushalSetu SIH prototype): fictional entities, team-assumed numbers, not real or official statistics.",true
2a69b568-970c-5953-98d4-6e95413c8c00,fb1aa94e-141f-5051-9031-d49892ee1b08,06317f54-5389-5a81-8d71-c681a42e451c,COMPLETED,2025-12-04,2026-02-18,Y09,"KaushalSetu synthetic generator v2, seed 20260929",2026-09-28T12:00:00+05:30,"SYNTHETIC demo data (KaushalSetu SIH prototype): fictional entities, team-assumed numbers, not real or official statistics.",true
d7b43ba3-d322-53b3-953f-07617b2d511e,a3a65611-c65c-5683-a062-6a0c85d6e2b0,06317f54-5389-5a81-8d71-c681a42e451c,COMPLETED,2025-09-13,2025-12-03,Y09,"KaushalSetu synthetic generator v2, seed 20260929",2026-09-28T12:00:00+05:30,"SYNTHETIC demo data (KaushalSetu SIH prototype): fictional entities, team-assumed numbers, not real or official statistics.",true
f618e094-d7e3-5e8a-8715-1e3a80560099,6212bc43-abee-57ca-a51b-0c4bb3fcf515,06317f54-5389-5a81-8d71-c681a42e451c,COMPLETED,2025-12-05,2026-02-18,Y09,"KaushalSetu synthetic generator v2, seed 20260929",2026-09-28T12:00:00+05:30,"SYNTHETIC demo data (KaushalSetu SIH prototype): fictional entities, team-assumed numbers, not real or official statistics.",true
5b36b368-ebcb-5021-8945-0cedc53cfddc,eddabbf5-4295-5863-a169-0a401ac778e9,06317f54-5389-5a81-8d71-c681a42e451c,COMPLETED,2025-10-03,2025-12-17,Y09,"KaushalSetu synthetic generator v2, seed 20260929",2026-09-28T12:00:00+05:30,"SYNTHETIC demo data (KaushalSetu SIH prototype): fictional entities, team-assumed numbers, not real or official statistics.",true
3b63662f-23e0-597d-8464-954c2cd40ce6,424c5280-5fd7-5820-96f9-72d09ab86c0d,06317f54-5389-5a81-8d71-c681a42e451c,COMPLETED,2025-11-10,2026-01-26,Y09,"KaushalSetu synthetic generator v2, seed 20260929",2026-09-28T12:00:00+05:30,"SYNTHETIC demo data (KaushalSetu SIH prototype): fictional entities, team-assumed numbers, not real or official statistics.",true
d392ab6e-8e18-5c06-9177-529863f74b6f,9e0193b3-2201-5975-a5a3-76ab8dfd8236,06317f54-5389-5a81-8d71-c681a42e451c,DROPPED,2025-11-29,,Y09,"KaushalSetu synthetic generator v2, seed 20260929",2026-09-28T12:00:00+05:30,"SYNTHETIC demo data (KaushalSetu SIH prototype): fictional entities, team-assumed numbers, not real or official statistics.",true
b6f9aa87-7c32-5905-8155-21306c178833,f4720d13-9a88-50a6-a610-3cf48fc622e5,06317f54-5389-5a81-8d71-c681a42e451c,DROPPED,2025-12-21,,Y09,"KaushalSetu synthetic generator v2, seed 20260929",2026-09-28T12:00:00+05:30,"SYNTHETIC demo data (KaushalSetu SIH prototype): fictional entities, team-assumed numbers, not real or official statistics.",true
cf7c7bb9-09ca-59e1-bcb9-9f71f51a5506,f0434a8f-deca-50cf-98b7-eacbe67a3aae,06317f54-5389-5a81-8d71-c681a42e451c,COMPLETED,2025-10-04,2025-12-25,Y09,"KaushalSetu synthetic generator v2, seed 20260929",2026-09-28T12:00:00+05:30,"SYNTHETIC demo data (KaushalSetu SIH prototype): fictional entities, team-assumed numbers, not real or official statistics.",true
3aa3d308-e30f-5496-8b47-1a88ea307a26,765deeec-1b01-57a3-af6c-d25c52604fe5,06317f54-5389-5a81-8d71-c681a42e451c,COMPLETED,2026-01-22,2026-04-12,Y09,"KaushalSetu synthetic generator v2, seed 20260929",2026-09-28T12:00:00+05:30,"SYNTHETIC demo data (KaushalSetu SIH prototype): fictional entities, team-assumed numbers, not real or official statistics.",true
247e2dde-a4ae-5c6a-ae90-4941dea72403,1eb331c2-1783-5d01-8eac-c802fb220820,06317f54-5389-5a81-8d71-c681a42e451c,COMPLETED,2026-01-14,2026-04-03,Y09,"KaushalSetu synthetic generator v2, seed 20260929",2026-09-28T12:00:00+05:30,"SYNTHETIC demo data (KaushalSetu SIH prototype): fictional entities, team-assumed numbers, not real or official statistics.",true
2d3bf3b4-ad64-5936-9fcd-978a8f4a40e0,09c848c2-dfb8-5d76-b432-7968f765f424,06317f54-5389-5a81-8d71-c681a42e451c,COMPLETED,2025-11-23,2026-02-13,Y09,"KaushalSetu synthetic generator v2, seed 20260929",2026-09-28T12:00:00+05:30,"SYNTHETIC demo data (KaushalSetu SIH prototype): fictional entities, team-assumed numbers, not real or official statistics.",true
75bcbe52-5577-5ec9-b9ec-6377260851be,d87216cd-d79a-5487-8aa8-63bfb52df102,06317f54-5389-5a81-8d71-c681a42e451c,DROPPED,2025-09-01,,Y09,"KaushalSetu synthetic generator v2, seed 20260929",2026-09-28T12:00:00+05:30,"SYNTHETIC demo data (KaushalSetu SIH prototype): fictional entities, team-assumed numbers, not real or official statistics.",true
16f9e2a7-0dc3-59a6-9862-008ee39dc4b4,861fa6f5-5583-5020-8826-ef9cb09d4b9a,06317f54-5389-5a81-8d71-c681a42e451c,COMPLETED,2025-11-28,2026-02-16,Y09,"KaushalSetu synthetic generator v2, seed 20260929",2026-09-28T12:00:00+05:30,"SYNTHETIC demo data (KaushalSetu SIH prototype): fictional entities, team-assumed numbers, not real or official statistics.",true
746e2751-94bc-56a3-969b-9046cf759b57,8a83614e-787e-50f3-9b1c-c9fdeef346c9,06317f54-5389-5a81-8d71-c681a42e451c,DROPPED,2025-12-01,,Y09,"KaushalSetu synthetic generator v2, seed 20260929",2026-09-28T12:00:00+05:30,"SYNTHETIC demo data (KaushalSetu SIH prototype): fictional entities, team-assumed numbers, not real or official statistics.",true
813c45f3-80d7-572e-8d4c-33d8adfb8428,a3d1b0a8-f9b0-5217-a9fc-c80051ead301,06317f54-5389-5a81-8d71-c681a42e451c,COMPLETED,2026-02-12,2026-05-01,Y09,"KaushalSetu synthetic generator v2, seed 20260929",2026-09-28T12:00:00+05:30,"SYNTHETIC demo data (KaushalSetu SIH prototype): fictional entities, team-assumed numbers, not real or official statistics.",true
89fad66e-f982-5f3f-8196-08412984ef11,d9718264-3d79-516e-a9a4-9f6d0fa36e6f,06317f54-5389-5a81-8d71-c681a42e451c,COMPLETED,2025-10-12,2025-12-31,Y09,"KaushalSetu synthetic generator v2, seed 20260929",2026-09-28T12:00:00+05:30,"SYNTHETIC demo data (KaushalSetu SIH prototype): fictional entities, team-assumed numbers, not real or official statistics.",true
4b9a67b8-42db-54f1-8680-5d0864bffd4c,68c6b3f5-5f7f-5dd2-81c4-1a26e5fa6535,06317f54-5389-5a81-8d71-c681a42e451c,COMPLETED,2025-08-18,2025-11-06,Y09,"KaushalSetu synthetic generator v2, seed 20260929",2026-09-28T12:00:00+05:30,"SYNTHETIC demo data (KaushalSetu SIH prototype): fictional entities, team-assumed numbers, not real or official statistics.",true
bb113572-caf4-5ed2-9af4-9acd8974665a,b020fda4-be60-5fbf-9f79-c00dbc78ff46,06317f54-5389-5a81-8d71-c681a42e451c,COMPLETED,2026-02-18,2026-05-07,Y09,"KaushalSetu synthetic generator v2, seed 20260929",2026-09-28T12:00:00+05:30,"SYNTHETIC demo data (KaushalSetu SIH prototype): fictional entities, team-assumed numbers, not real or official statistics.",true
d87c92f6-0759-5c36-a2af-08a951f15d2f,e6b708aa-d8ec-58d3-8595-a4570d0a75b9,06317f54-5389-5a81-8d71-c681a42e451c,COMPLETED,2026-03-22,2026-06-10,Y09,"KaushalSetu synthetic generator v2, seed 20260929",2026-09-28T12:00:00+05:30,"SYNTHETIC demo data (KaushalSetu SIH prototype): fictional entities, team-assumed numbers, not real or official statistics.",true
f4337d1d-0ccc-592a-bdd3-6bdf4ccac096,2fc20ea5-f02a-56de-99ad-55af9a215093,06317f54-5389-5a81-8d71-c681a42e451c,COMPLETED,2025-11-04,2026-01-24,Y09,"KaushalSetu synthetic generator v2, seed 20260929",2026-09-28T12:00:00+05:30,"SYNTHETIC demo data (KaushalSetu SIH prototype): fictional entities, team-assumed numbers, not real or official statistics.",true
04a43a58-8f15-57a5-bae7-73aee5526947,ba25f629-17da-5f61-beb5-7596fa3181f4,06317f54-5389-5a81-8d71-c681a42e451c,COMPLETED,2025-09-19,2025-12-03,Y09,"KaushalSetu synthetic generator v2, seed 20260929",2026-09-28T12:00:00+05:30,"SYNTHETIC demo data (KaushalSetu SIH prototype): fictional entities, team-assumed numbers, not real or official statistics.",true
33298ca2-401b-5f47-87cb-f0cbbf700783,4b40f9b0-3c43-5f02-b9ea-026f2438d88b,06317f54-5389-5a81-8d71-c681a42e451c,COMPLETED,2025-10-03,2025-12-19,Y09,"KaushalSetu synthetic generator v2, seed 20260929",2026-09-28T12:00:00+05:30,"SYNTHETIC demo data (KaushalSetu SIH prototype): fictional entities, team-assumed numbers, not real or official statistics.",true
554d752e-676a-567e-8f2e-f296e660de6b,d090740a-aecb-529a-9849-bd93571973c7,06317f54-5389-5a81-8d71-c681a42e451c,COMPLETED,2025-10-19,2026-01-03,Y09,"KaushalSetu synthetic generator v2, seed 20260929",2026-09-28T12:00:00+05:30,"SYNTHETIC demo data (KaushalSetu SIH prototype): fictional entities, team-assumed numbers, not real or official statistics.",true
4133f49b-8b43-51ce-9660-1013a6af0555,78e9a750-4782-5ac0-b0d2-6d7b45445313,06317f54-5389-5a81-8d71-c681a42e451c,COMPLETED,2026-03-11,2026-05-25,Y09,"KaushalSetu synthetic generator v2, seed 20260929",2026-09-28T12:00:00+05:30,"SYNTHETIC demo data (KaushalSetu SIH prototype): fictional entities, team-assumed numbers, not real or official statistics.",true
255ffae7-1b13-5e5f-8750-c06db546eee7,3f0affb9-7879-5417-b988-cd70c1ab047f,06317f54-5389-5a81-8d71-c681a42e451c,COMPLETED,2026-01-27,2026-04-14,Y09,"KaushalSetu synthetic generator v2, seed 20260929",2026-09-28T12:00:00+05:30,"SYNTHETIC demo data (KaushalSetu SIH prototype): fictional entities, team-assumed numbers, not real or official statistics.",true
ae69d95a-60d2-5ff3-960f-854c6b2d85ab,45888281-8aa5-5baf-9182-2fc24b1e2339,06317f54-5389-5a81-8d71-c681a42e451c,COMPLETED,2026-04-17,2026-07-01,Y09,"KaushalSetu synthetic generator v2, seed 20260929",2026-09-28T12:00:00+05:30,"SYNTHETIC demo data (KaushalSetu SIH prototype): fictional entities, team-assumed numbers, not real or official statistics.",true
2e30d1de-3163-5197-a23d-83caf1f53312,05d09b5a-77f3-5a1e-adca-91735073e76b,06317f54-5389-5a81-8d71-c681a42e451c,COMPLETED,2025-11-20,2026-02-07,Y09,"KaushalSetu synthetic generator v2, seed 20260929",2026-09-28T12:00:00+05:30,"SYNTHETIC demo data (KaushalSetu SIH prototype): fictional entities, team-assumed numbers, not real or official statistics.",true
c514cd30-07c8-59a3-94a9-2a1fc2eb76ff,a763922b-1924-53ac-9c9a-680112ce6081,06317f54-5389-5a81-8d71-c681a42e451c,COMPLETED,2026-02-12,2026-05-04,Y09,"KaushalSetu synthetic generator v2, seed 20260929",2026-09-28T12:00:00+05:30,"SYNTHETIC demo data (KaushalSetu SIH prototype): fictional entities, team-assumed numbers, not real or official statistics.",true
052ccba0-235e-5b70-9157-019af9090bac,16414e23-2c95-55c6-bcd8-cb51125b4bcd,06317f54-5389-5a81-8d71-c681a42e451c,COMPLETED,2025-12-13,2026-02-27,Y09,"KaushalSetu synthetic generator v2, seed 20260929",2026-09-28T12:00:00+05:30,"SYNTHETIC demo data (KaushalSetu SIH prototype): fictional entities, team-assumed numbers, not real or official statistics.",true
fe86aeb2-411b-5698-b6e4-5def0cef9a59,94097102-7307-5cb6-ab6f-f32fd83df6a0,06317f54-5389-5a81-8d71-c681a42e451c,COMPLETED,2026-01-14,2026-04-06,Y09,"KaushalSetu synthetic generator v2, seed 20260929",2026-09-28T12:00:00+05:30,"SYNTHETIC demo data (KaushalSetu SIH prototype): fictional entities, team-assumed numbers, not real or official statistics.",true
917648bd-c4e9-5b27-bbbb-7d29de556d63,da228ea9-fc79-56b2-befe-4f6cbacf4135,06317f54-5389-5a81-8d71-c681a42e451c,COMPLETED,2025-09-30,2025-12-14,Y09,"KaushalSetu synthetic generator v2, seed 20260929",2026-09-28T12:00:00+05:30,"SYNTHETIC demo data (KaushalSetu SIH prototype): fictional entities, team-assumed numbers, not real or official statistics.",true
98121471-b935-5c1a-aa88-de0e5b2f7092,98f2999f-ed81-583b-a31e-32f8d11541e0,06317f54-5389-5a81-8d71-c681a42e451c,COMPLETED,2025-10-15,2025-12-30,Y09,"KaushalSetu synthetic generator v2, seed 20260929",2026-09-28T12:00:00+05:30,"SYNTHETIC demo data (KaushalSetu SIH prototype): fictional entities, team-assumed numbers, not real or official statistics.",true
bf1b14f4-eaea-5ca2-9944-debd272cfe05,5606ec29-9c82-51ad-b6e5-dae9a7d02e3d,06317f54-5389-5a81-8d71-c681a42e451c,COMPLETED,2025-11-27,2026-02-10,Y09,"KaushalSetu synthetic generator v2, seed 20260929",2026-09-28T12:00:00+05:30,"SYNTHETIC demo data (KaushalSetu SIH prototype): fictional entities, team-assumed numbers, not real or official statistics.",true
de95149a-4eca-58f0-8dcb-49374619f87e,7ed6c782-13c4-5a59-b872-356723658cbb,06317f54-5389-5a81-8d71-c681a42e451c,COMPLETED,2025-11-28,2026-02-12,Y09,"KaushalSetu synthetic generator v2, seed 20260929",2026-09-28T12:00:00+05:30,"SYNTHETIC demo data (KaushalSetu SIH prototype): fictional entities, team-assumed numbers, not real or official statistics.",true
bf80debe-6271-5fba-a823-6311ce8815fa,c0003373-e358-5534-acb5-7af04f4fb223,06317f54-5389-5a81-8d71-c681a42e451c,COMPLETED,2026-04-14,2026-07-05,Y09,"KaushalSetu synthetic generator v2, seed 20260929",2026-09-28T12:00:00+05:30,"SYNTHETIC demo data (KaushalSetu SIH prototype): fictional entities, team-assumed numbers, not real or official statistics.",true
16956488-6ff9-5ffa-ace1-cf0cfd553a8c,139331f5-a59d-57fb-a9e1-b2cfba62ec27,06317f54-5389-5a81-8d71-c681a42e451c,COMPLETED,2026-02-23,2026-05-12,Y09,"KaushalSetu synthetic generator v2, seed 20260929",2026-09-28T12:00:00+05:30,"SYNTHETIC demo data (KaushalSetu SIH prototype): fictional entities, team-assumed numbers, not real or official statistics.",true
a01d8e0e-8282-5a70-9d8f-fba4e7b226c5,cb3c887c-04a5-56c6-85f3-9b566930a566,06317f54-5389-5a81-8d71-c681a42e451c,COMPLETED,2026-02-15,2026-05-03,Y09,"KaushalSetu synthetic generator v2, seed 20260929",2026-09-28T12:00:00+05:30,"SYNTHETIC demo data (KaushalSetu SIH prototype): fictional entities, team-assumed numbers, not real or official statistics.",true
ad0c458d-a765-566e-b31f-434427f100b0,6acc2ba9-aac3-547a-a38d-4d306360f83b,06317f54-5389-5a81-8d71-c681a42e451c,COMPLETED,2025-12-08,2026-02-24,Y09,"KaushalSetu synthetic generator v2, seed 20260929",2026-09-28T12:00:00+05:30,"SYNTHETIC demo data (KaushalSetu SIH prototype): fictional entities, team-assumed numbers, not real or official statistics.",true
895f3aac-9334-57c9-96c9-f7da76a9d6f1,3182dac0-d07e-5569-b16a-bef2884cf9ea,06317f54-5389-5a81-8d71-c681a42e451c,COMPLETED,2025-12-03,2026-02-22,Y09,"KaushalSetu synthetic generator v2, seed 20260929",2026-09-28T12:00:00+05:30,"SYNTHETIC demo data (KaushalSetu SIH prototype): fictional entities, team-assumed numbers, not real or official statistics.",true
541a6355-f0bc-5950-8ff0-d22c32966826,653c1fe9-8991-5515-a4b0-f24abb1c8ac6,06317f54-5389-5a81-8d71-c681a42e451c,COMPLETED,2025-11-15,2026-02-02,Y09,"KaushalSetu synthetic generator v2, seed 20260929",2026-09-28T12:00:00+05:30,"SYNTHETIC demo data (KaushalSetu SIH prototype): fictional entities, team-assumed numbers, not real or official statistics.",true
7575a28b-b962-5b06-93b5-152dbce7120f,40dcb282-9764-56ad-a210-de8b0eb25946,06317f54-5389-5a81-8d71-c681a42e451c,COMPLETED,2025-10-27,2026-01-15,Y09,"KaushalSetu synthetic generator v2, seed 20260929",2026-09-28T12:00:00+05:30,"SYNTHETIC demo data (KaushalSetu SIH prototype): fictional entities, team-assumed numbers, not real or official statistics.",true
6c41e361-1eab-5386-91ce-7fa5fa9c4b4c,e715685a-5aa5-5e2c-acd0-8757497001c2,06317f54-5389-5a81-8d71-c681a42e451c,COMPLETED,2026-02-02,2026-04-18,Y09,"KaushalSetu synthetic generator v2, seed 20260929",2026-09-28T12:00:00+05:30,"SYNTHETIC demo data (KaushalSetu SIH prototype): fictional entities, team-assumed numbers, not real or official statistics.",true
238ebb16-9f07-5705-8f44-61d8e9ca7d25,28e22fbd-13b2-57d6-8fc9-4799696347b0,97a4b4eb-7f4b-5c14-996a-23f84d9d62f4,COMPLETED,2024-10-21,2024-12-23,Y09,"KaushalSetu synthetic generator v2, seed 20260929",2026-09-28T12:00:00+05:30,"SYNTHETIC demo data (KaushalSetu SIH prototype): fictional entities, team-assumed numbers, not real or official statistics.",true
55f451a1-c7d0-5f7e-aaa7-f93c602e26b1,3cd31456-a464-5266-853e-42b290af07f8,97a4b4eb-7f4b-5c14-996a-23f84d9d62f4,COMPLETED,2025-01-23,2025-03-28,Y09,"KaushalSetu synthetic generator v2, seed 20260929",2026-09-28T12:00:00+05:30,"SYNTHETIC demo data (KaushalSetu SIH prototype): fictional entities, team-assumed numbers, not real or official statistics.",true
3a452feb-c6f2-5005-86a1-fa661aa20a75,c9885049-dbdb-57a1-85b9-5ae322412a74,97a4b4eb-7f4b-5c14-996a-23f84d9d62f4,COMPLETED,2025-05-05,2025-07-05,Y09,"KaushalSetu synthetic generator v2, seed 20260929",2026-09-28T12:00:00+05:30,"SYNTHETIC demo data (KaushalSetu SIH prototype): fictional entities, team-assumed numbers, not real or official statistics.",true
10aff408-972d-5927-9133-f7f63219b999,10088034-dfff-5b2d-8fab-1f4ddffcf313,97a4b4eb-7f4b-5c14-996a-23f84d9d62f4,COMPLETED,2025-01-08,2025-03-12,Y09,"KaushalSetu synthetic generator v2, seed 20260929",2026-09-28T12:00:00+05:30,"SYNTHETIC demo data (KaushalSetu SIH prototype): fictional entities, team-assumed numbers, not real or official statistics.",true
92083694-8ee5-5761-9768-bc00cd539b6c,e2f3cfc6-72ef-5c88-8a98-043d194cb23f,97a4b4eb-7f4b-5c14-996a-23f84d9d62f4,COMPLETED,2024-12-06,2025-02-05,Y09,"KaushalSetu synthetic generator v2, seed 20260929",2026-09-28T12:00:00+05:30,"SYNTHETIC demo data (KaushalSetu SIH prototype): fictional entities, team-assumed numbers, not real or official statistics.",true
ce2e6b99-a9b8-5b85-8c93-9f7b3532ad09,ee662d73-0a26-5476-9a1a-8b44d5f62c34,97a4b4eb-7f4b-5c14-996a-23f84d9d62f4,COMPLETED,2025-02-03,2025-04-05,Y09,"KaushalSetu synthetic generator v2, seed 20260929",2026-09-28T12:00:00+05:30,"SYNTHETIC demo data (KaushalSetu SIH prototype): fictional entities, team-assumed numbers, not real or official statistics.",true
e4d6038c-8d9c-5945-9072-ff6556709f77,10001eb6-4243-52bf-90a5-fb59197a3563,97a4b4eb-7f4b-5c14-996a-23f84d9d62f4,COMPLETED,2025-02-28,2025-05-01,Y09,"KaushalSetu synthetic generator v2, seed 20260929",2026-09-28T12:00:00+05:30,"SYNTHETIC demo data (KaushalSetu SIH prototype): fictional entities, team-assumed numbers, not real or official statistics.",true
b5dabcae-c045-56b9-bb2a-65fccc96ed3a,955ef40a-c523-517f-98bc-fc3865bfca48,97a4b4eb-7f4b-5c14-996a-23f84d9d62f4,COMPLETED,2024-10-26,2024-12-31,Y09,"KaushalSetu synthetic generator v2, seed 20260929",2026-09-28T12:00:00+05:30,"SYNTHETIC demo data (KaushalSetu SIH prototype): fictional entities, team-assumed numbers, not real or official statistics.",true
eb1044d3-c052-54d9-a19f-3558e49a07cb,abb41093-4131-56c8-80ce-8a098794b2c4,97a4b4eb-7f4b-5c14-996a-23f84d9d62f4,COMPLETED,2024-10-19,2024-12-23,Y09,"KaushalSetu synthetic generator v2, seed 20260929",2026-09-28T12:00:00+05:30,"SYNTHETIC demo data (KaushalSetu SIH prototype): fictional entities, team-assumed numbers, not real or official statistics.",true
22864215-79be-547d-8f0b-c25202cfd1d4,56b882e2-bd7c-5190-9059-60120d82da90,97a4b4eb-7f4b-5c14-996a-23f84d9d62f4,DROPPED,2024-10-29,,Y09,"KaushalSetu synthetic generator v2, seed 20260929",2026-09-28T12:00:00+05:30,"SYNTHETIC demo data (KaushalSetu SIH prototype): fictional entities, team-assumed numbers, not real or official statistics.",true
e6c1f4bd-d40b-5a68-9000-4449964121a0,1952fbe6-7476-597b-a7f2-113e17749892,97a4b4eb-7f4b-5c14-996a-23f84d9d62f4,COMPLETED,2025-03-11,2025-05-11,Y09,"KaushalSetu synthetic generator v2, seed 20260929",2026-09-28T12:00:00+05:30,"SYNTHETIC demo data (KaushalSetu SIH prototype): fictional entities, team-assumed numbers, not real or official statistics.",true
00a84dd1-5a18-52c8-89f9-64789faa89bf,1ff138f9-8a4f-5d67-ab9a-4959e29bb345,97a4b4eb-7f4b-5c14-996a-23f84d9d62f4,COMPLETED,2025-05-18,2025-07-18,Y09,"KaushalSetu synthetic generator v2, seed 20260929",2026-09-28T12:00:00+05:30,"SYNTHETIC demo data (KaushalSetu SIH prototype): fictional entities, team-assumed numbers, not real or official statistics.",true
cc159e31-9da6-5f45-afe4-e32eddca37a6,f9a0554a-7fba-543b-973a-da4cdd5fea0c,97a4b4eb-7f4b-5c14-996a-23f84d9d62f4,COMPLETED,2025-01-11,2025-03-13,Y09,"KaushalSetu synthetic generator v2, seed 20260929",2026-09-28T12:00:00+05:30,"SYNTHETIC demo data (KaushalSetu SIH prototype): fictional entities, team-assumed numbers, not real or official statistics.",true
72eed418-1210-5fee-8572-0a3f50541317,a09e9282-9bd4-5b2f-a9c4-b2807eabbd2d,97a4b4eb-7f4b-5c14-996a-23f84d9d62f4,COMPLETED,2025-03-05,2025-05-06,Y09,"KaushalSetu synthetic generator v2, seed 20260929",2026-09-28T12:00:00+05:30,"SYNTHETIC demo data (KaushalSetu SIH prototype): fictional entities, team-assumed numbers, not real or official statistics.",true
c15757f9-d780-58e1-ba54-9a0f94b25da1,131de90c-1bcc-5ca6-9250-92d6e4676754,97a4b4eb-7f4b-5c14-996a-23f84d9d62f4,COMPLETED,2025-02-22,2025-04-29,Y09,"KaushalSetu synthetic generator v2, seed 20260929",2026-09-28T12:00:00+05:30,"SYNTHETIC demo data (KaushalSetu SIH prototype): fictional entities, team-assumed numbers, not real or official statistics.",true
6a3afdfa-4a48-5529-a673-5ee1576422b3,ff9b1124-48ec-5467-ad97-a80648e8dcc2,97a4b4eb-7f4b-5c14-996a-23f84d9d62f4,COMPLETED,2025-02-02,2025-04-04,Y09,"KaushalSetu synthetic generator v2, seed 20260929",2026-09-28T12:00:00+05:30,"SYNTHETIC demo data (KaushalSetu SIH prototype): fictional entities, team-assumed numbers, not real or official statistics.",true
c5d29c9d-e9c4-5d78-ba34-ef2ba097b2e6,b15de226-f596-5aaf-ae4c-f96eb0fb10d5,97a4b4eb-7f4b-5c14-996a-23f84d9d62f4,COMPLETED,2024-12-29,2025-03-01,Y09,"KaushalSetu synthetic generator v2, seed 20260929",2026-09-28T12:00:00+05:30,"SYNTHETIC demo data (KaushalSetu SIH prototype): fictional entities, team-assumed numbers, not real or official statistics.",true
f112d73d-6071-5f25-b761-a86f74169b93,faa21fca-71a5-5fef-874d-2800085092bc,97a4b4eb-7f4b-5c14-996a-23f84d9d62f4,COMPLETED,2024-09-08,2024-11-10,Y09,"KaushalSetu synthetic generator v2, seed 20260929",2026-09-28T12:00:00+05:30,"SYNTHETIC demo data (KaushalSetu SIH prototype): fictional entities, team-assumed numbers, not real or official statistics.",true
eedaa945-56f8-5d8a-a876-4f7fac5e5665,8070dcd2-f77e-522c-a0b2-860b522bde50,97a4b4eb-7f4b-5c14-996a-23f84d9d62f4,COMPLETED,2025-05-10,2025-07-11,Y09,"KaushalSetu synthetic generator v2, seed 20260929",2026-09-28T12:00:00+05:30,"SYNTHETIC demo data (KaushalSetu SIH prototype): fictional entities, team-assumed numbers, not real or official statistics.",true
284a22b8-5b9d-557f-b370-75ea8fd89cde,36e0cd60-940a-53e0-87f6-eb483168b59b,97a4b4eb-7f4b-5c14-996a-23f84d9d62f4,COMPLETED,2024-10-13,2024-12-14,Y09,"KaushalSetu synthetic generator v2, seed 20260929",2026-09-28T12:00:00+05:30,"SYNTHETIC demo data (KaushalSetu SIH prototype): fictional entities, team-assumed numbers, not real or official statistics.",true
4e56ef81-cdd5-5946-8e33-3ac17af573b3,d2006397-6ba7-55ef-94c6-c25a03f19574,97a4b4eb-7f4b-5c14-996a-23f84d9d62f4,COMPLETED,2025-05-21,2025-07-21,Y09,"KaushalSetu synthetic generator v2, seed 20260929",2026-09-28T12:00:00+05:30,"SYNTHETIC demo data (KaushalSetu SIH prototype): fictional entities, team-assumed numbers, not real or official statistics.",true
9fb0e441-e6a6-579c-9a65-c9604e25b0e7,38fc0b98-3749-5acd-97f6-6f59948e15f6,97a4b4eb-7f4b-5c14-996a-23f84d9d62f4,COMPLETED,2025-04-24,2025-06-28,Y09,"KaushalSetu synthetic generator v2, seed 20260929",2026-09-28T12:00:00+05:30,"SYNTHETIC demo data (KaushalSetu SIH prototype): fictional entities, team-assumed numbers, not real or official statistics.",true
7cefdfa5-9f29-50f4-bdd2-41975bc78a9f,33c60af8-9d8c-5a38-9830-26d559605168,97a4b4eb-7f4b-5c14-996a-23f84d9d62f4,DROPPED,2024-11-20,,Y09,"KaushalSetu synthetic generator v2, seed 20260929",2026-09-28T12:00:00+05:30,"SYNTHETIC demo data (KaushalSetu SIH prototype): fictional entities, team-assumed numbers, not real or official statistics.",true
29e1c4b9-b605-5529-aa17-e8ac9be25bb7,ffeaebc2-7b60-5eee-a119-6882d7aaa2a2,97a4b4eb-7f4b-5c14-996a-23f84d9d62f4,COMPLETED,2025-04-20,2025-06-20,Y09,"KaushalSetu synthetic generator v2, seed 20260929",2026-09-28T12:00:00+05:30,"SYNTHETIC demo data (KaushalSetu SIH prototype): fictional entities, team-assumed numbers, not real or official statistics.",true
00bbd446-6c1b-51ad-95ee-6e521fb0da91,104ea55d-9a3e-50f4-af09-812be12c3655,633bb20b-ee21-5cc9-a328-3061d8c01d11,COMPLETED,2025-09-25,2025-11-27,Y09,"KaushalSetu synthetic generator v2, seed 20260929",2026-09-28T12:00:00+05:30,"SYNTHETIC demo data (KaushalSetu SIH prototype): fictional entities, team-assumed numbers, not real or official statistics.",true
f80a672f-d6e8-58b0-9798-d6843a5e01eb,cc70ed12-755c-5b11-b97a-756d4c02f5ef,633bb20b-ee21-5cc9-a328-3061d8c01d11,COMPLETED,2025-10-23,2025-12-28,Y09,"KaushalSetu synthetic generator v2, seed 20260929",2026-09-28T12:00:00+05:30,"SYNTHETIC demo data (KaushalSetu SIH prototype): fictional entities, team-assumed numbers, not real or official statistics.",true
221048a6-951d-5ab4-a2ec-a9a304aecffa,f410ec31-f9ec-5f7e-9154-b33b71c0ae97,633bb20b-ee21-5cc9-a328-3061d8c01d11,COMPLETED,2025-10-01,2025-11-30,Y09,"KaushalSetu synthetic generator v2, seed 20260929",2026-09-28T12:00:00+05:30,"SYNTHETIC demo data (KaushalSetu SIH prototype): fictional entities, team-assumed numbers, not real or official statistics.",true
8c01e7b5-21c2-5cb8-ad65-2d74aa02ed36,e15d5132-189e-5222-9dfa-f5aef89ff2c4,633bb20b-ee21-5cc9-a328-3061d8c01d11,COMPLETED,2026-05-10,2026-07-09,Y09,"KaushalSetu synthetic generator v2, seed 20260929",2026-09-28T12:00:00+05:30,"SYNTHETIC demo data (KaushalSetu SIH prototype): fictional entities, team-assumed numbers, not real or official statistics.",true
b53df212-ed50-5cda-ad71-f0f768102aa6,9c92dd8c-2d39-51e0-a5f1-170305c44c8e,633bb20b-ee21-5cc9-a328-3061d8c01d11,COMPLETED,2025-08-23,2025-10-25,Y09,"KaushalSetu synthetic generator v2, seed 20260929",2026-09-28T12:00:00+05:30,"SYNTHETIC demo data (KaushalSetu SIH prototype): fictional entities, team-assumed numbers, not real or official statistics.",true
75c6efaa-3481-542e-b0d7-f4531109080f,a2ae33ef-8ca1-59e0-95ab-e24b4fcbcafb,633bb20b-ee21-5cc9-a328-3061d8c01d11,DROPPED,2026-02-28,,Y09,"KaushalSetu synthetic generator v2, seed 20260929",2026-09-28T12:00:00+05:30,"SYNTHETIC demo data (KaushalSetu SIH prototype): fictional entities, team-assumed numbers, not real or official statistics.",true
7f7865c4-65fc-5979-9c11-80ac9c9363c6,6944947b-1dd4-53f4-a874-fb1e679c3cfb,633bb20b-ee21-5cc9-a328-3061d8c01d11,COMPLETED,2026-04-18,2026-06-20,Y09,"KaushalSetu synthetic generator v2, seed 20260929",2026-09-28T12:00:00+05:30,"SYNTHETIC demo data (KaushalSetu SIH prototype): fictional entities, team-assumed numbers, not real or official statistics.",true
2bccecb0-8a32-54a5-adbb-c4fdbf65007a,c1361e0b-fbf3-565e-b8f5-acfbcc0cdb25,633bb20b-ee21-5cc9-a328-3061d8c01d11,DROPPED,2025-10-06,,Y09,"KaushalSetu synthetic generator v2, seed 20260929",2026-09-28T12:00:00+05:30,"SYNTHETIC demo data (KaushalSetu SIH prototype): fictional entities, team-assumed numbers, not real or official statistics.",true
d461a13f-385c-51d0-9b7c-ae6d3553f008,008524a4-22df-5fb6-9b24-e125ec890d7d,633bb20b-ee21-5cc9-a328-3061d8c01d11,COMPLETED,2025-08-08,2025-10-07,Y09,"KaushalSetu synthetic generator v2, seed 20260929",2026-09-28T12:00:00+05:30,"SYNTHETIC demo data (KaushalSetu SIH prototype): fictional entities, team-assumed numbers, not real or official statistics.",true
bba58272-e24b-5107-af33-d871dace1656,cfd38f62-70da-59da-98ce-74e23917a218,633bb20b-ee21-5cc9-a328-3061d8c01d11,COMPLETED,2025-10-18,2025-12-19,Y09,"KaushalSetu synthetic generator v2, seed 20260929",2026-09-28T12:00:00+05:30,"SYNTHETIC demo data (KaushalSetu SIH prototype): fictional entities, team-assumed numbers, not real or official statistics.",true
b80010cc-e5e2-548d-a8d2-345f4439b0b0,0d99aada-9e0d-5008-94ba-594306d1c940,633bb20b-ee21-5cc9-a328-3061d8c01d11,COMPLETED,2026-01-10,2026-03-16,Y09,"KaushalSetu synthetic generator v2, seed 20260929",2026-09-28T12:00:00+05:30,"SYNTHETIC demo data (KaushalSetu SIH prototype): fictional entities, team-assumed numbers, not real or official statistics.",true
1dd0cb24-2029-523a-85ed-aa46d0f33f15,dd7207e9-c4e9-59be-8087-1ffb443889c4,633bb20b-ee21-5cc9-a328-3061d8c01d11,COMPLETED,2026-02-05,2026-04-12,Y09,"KaushalSetu synthetic generator v2, seed 20260929",2026-09-28T12:00:00+05:30,"SYNTHETIC demo data (KaushalSetu SIH prototype): fictional entities, team-assumed numbers, not real or official statistics.",true
970efb4e-e1fd-5ead-9a37-a081f703ef95,7f69e649-c639-5d50-8f41-442128749f30,633bb20b-ee21-5cc9-a328-3061d8c01d11,COMPLETED,2025-10-23,2025-12-25,Y09,"KaushalSetu synthetic generator v2, seed 20260929",2026-09-28T12:00:00+05:30,"SYNTHETIC demo data (KaushalSetu SIH prototype): fictional entities, team-assumed numbers, not real or official statistics.",true
8f6f28a9-6ab0-5e06-af90-3d75428536aa,22cfd77f-700d-5eaa-9465-aac1decfdb03,633bb20b-ee21-5cc9-a328-3061d8c01d11,COMPLETED,2026-03-17,2026-05-22,Y09,"KaushalSetu synthetic generator v2, seed 20260929",2026-09-28T12:00:00+05:30,"SYNTHETIC demo data (KaushalSetu SIH prototype): fictional entities, team-assumed numbers, not real or official statistics.",true
122aa124-935c-595c-9d8a-b95dffbe56a6,d0d16225-24fe-5518-a600-3f4686e0b0cd,633bb20b-ee21-5cc9-a328-3061d8c01d11,COMPLETED,2026-05-03,2026-07-05,Y09,"KaushalSetu synthetic generator v2, seed 20260929",2026-09-28T12:00:00+05:30,"SYNTHETIC demo data (KaushalSetu SIH prototype): fictional entities, team-assumed numbers, not real or official statistics.",true
e77d175c-3226-5f4d-8de8-9b4717059145,a1a8fc6c-a6dd-57c1-87b6-8645d0b7d2d0,633bb20b-ee21-5cc9-a328-3061d8c01d11,COMPLETED,2026-04-22,2026-06-24,Y09,"KaushalSetu synthetic generator v2, seed 20260929",2026-09-28T12:00:00+05:30,"SYNTHETIC demo data (KaushalSetu SIH prototype): fictional entities, team-assumed numbers, not real or official statistics.",true
3c09dc1d-f4ed-5b48-be1b-d67b657eaa1e,f18e3b0e-0ff5-5a5e-acf9-2c87bb80fa35,633bb20b-ee21-5cc9-a328-3061d8c01d11,COMPLETED,2025-10-14,2025-12-14,Y09,"KaushalSetu synthetic generator v2, seed 20260929",2026-09-28T12:00:00+05:30,"SYNTHETIC demo data (KaushalSetu SIH prototype): fictional entities, team-assumed numbers, not real or official statistics.",true
104ddc01-7462-5885-aab3-3ac4d48c12d4,79b2859d-059c-59fd-84a3-3e6371e5d074,633bb20b-ee21-5cc9-a328-3061d8c01d11,COMPLETED,2025-10-17,2025-12-20,Y09,"KaushalSetu synthetic generator v2, seed 20260929",2026-09-28T12:00:00+05:30,"SYNTHETIC demo data (KaushalSetu SIH prototype): fictional entities, team-assumed numbers, not real or official statistics.",true
7768c1ff-5470-549f-b8dd-2a0b45fdcf6d,83adf9f7-1307-5035-bced-57326db1706c,633bb20b-ee21-5cc9-a328-3061d8c01d11,COMPLETED,2026-03-03,2026-05-09,Y09,"KaushalSetu synthetic generator v2, seed 20260929",2026-09-28T12:00:00+05:30,"SYNTHETIC demo data (KaushalSetu SIH prototype): fictional entities, team-assumed numbers, not real or official statistics.",true
67332434-eb20-5b8c-83f9-d28cf27fb1b5,6b903ac5-5198-59b4-9b48-86c2cb85167f,633bb20b-ee21-5cc9-a328-3061d8c01d11,COMPLETED,2025-12-01,2026-02-04,Y09,"KaushalSetu synthetic generator v2, seed 20260929",2026-09-28T12:00:00+05:30,"SYNTHETIC demo data (KaushalSetu SIH prototype): fictional entities, team-assumed numbers, not real or official statistics.",true
0fcd7926-775f-51b3-9614-01ac04a31e61,61bd76fc-8fc1-5843-ae39-a893dfe09357,633bb20b-ee21-5cc9-a328-3061d8c01d11,COMPLETED,2026-02-08,2026-04-13,Y09,"KaushalSetu synthetic generator v2, seed 20260929",2026-09-28T12:00:00+05:30,"SYNTHETIC demo data (KaushalSetu SIH prototype): fictional entities, team-assumed numbers, not real or official statistics.",true
2dc6f6c8-0dd9-5d64-91fa-133fa771f091,b4d114be-17d1-502f-bce5-74da69a78886,633bb20b-ee21-5cc9-a328-3061d8c01d11,COMPLETED,2026-01-15,2026-03-22,Y09,"KaushalSetu synthetic generator v2, seed 20260929",2026-09-28T12:00:00+05:30,"SYNTHETIC demo data (KaushalSetu SIH prototype): fictional entities, team-assumed numbers, not real or official statistics.",true
e3931c50-a1ea-5266-96b9-8852fe9f588e,c2a768a2-7284-52df-a400-0af0b1164111,633bb20b-ee21-5cc9-a328-3061d8c01d11,COMPLETED,2025-10-11,2025-12-15,Y09,"KaushalSetu synthetic generator v2, seed 20260929",2026-09-28T12:00:00+05:30,"SYNTHETIC demo data (KaushalSetu SIH prototype): fictional entities, team-assumed numbers, not real or official statistics.",true
92c597eb-90fb-5bfc-9cd9-23636de5925a,3b1d9509-b9a3-5ab3-bc1b-b7d1026e751c,633bb20b-ee21-5cc9-a328-3061d8c01d11,COMPLETED,2026-05-05,2026-07-09,Y09,"KaushalSetu synthetic generator v2, seed 20260929",2026-09-28T12:00:00+05:30,"SYNTHETIC demo data (KaushalSetu SIH prototype): fictional entities, team-assumed numbers, not real or official statistics.",true
1e419187-89db-56d1-bb1b-82e92d2b8327,eb2f7b6e-07e2-54d9-8bf7-2991b44434cf,633bb20b-ee21-5cc9-a328-3061d8c01d11,COMPLETED,2026-03-25,2026-05-26,Y09,"KaushalSetu synthetic generator v2, seed 20260929",2026-09-28T12:00:00+05:30,"SYNTHETIC demo data (KaushalSetu SIH prototype): fictional entities, team-assumed numbers, not real or official statistics.",true
25c1ebdc-fb03-5cf0-8c66-8a96d1dba523,d2789222-bfc7-56cd-af3f-8a9bf7705cb0,633bb20b-ee21-5cc9-a328-3061d8c01d11,COMPLETED,2026-03-04,2026-05-04,Y09,"KaushalSetu synthetic generator v2, seed 20260929",2026-09-28T12:00:00+05:30,"SYNTHETIC demo data (KaushalSetu SIH prototype): fictional entities, team-assumed numbers, not real or official statistics.",true
475626cc-3cab-5d10-889d-d1f75925fb57,c63866f6-e209-5361-affa-fd79e8991f92,9ce4680f-5f19-5889-a81a-4f8981ebe0ca,COMPLETED,2023-08-16,2025-07-17,Y09,"KaushalSetu synthetic generator v2, seed 20260929",2026-09-28T12:00:00+05:30,"SYNTHETIC demo data (KaushalSetu SIH prototype): fictional entities, team-assumed numbers, not real or official statistics.",true
a37fb8fa-f8db-5fb1-baf8-89ca4f92aa75,ef2915ce-938e-572c-9738-b147b607f409,9ce4680f-5f19-5889-a81a-4f8981ebe0ca,COMPLETED,2023-08-22,2025-07-19,Y09,"KaushalSetu synthetic generator v2, seed 20260929",2026-09-28T12:00:00+05:30,"SYNTHETIC demo data (KaushalSetu SIH prototype): fictional entities, team-assumed numbers, not real or official statistics.",true
84d6f5ef-4f04-5e33-a2fc-bea0b8ea7c56,e4fdeb81-fd4b-53eb-80b2-88d511cb70d9,9ce4680f-5f19-5889-a81a-4f8981ebe0ca,COMPLETED,2023-08-17,2025-07-15,Y09,"KaushalSetu synthetic generator v2, seed 20260929",2026-09-28T12:00:00+05:30,"SYNTHETIC demo data (KaushalSetu SIH prototype): fictional entities, team-assumed numbers, not real or official statistics.",true
ff78dfdc-0c68-513c-ab99-fb8419a25b4e,d9545f30-3b52-55b8-bf66-0e2bafcb4141,9ce4680f-5f19-5889-a81a-4f8981ebe0ca,COMPLETED,2023-08-05,2025-07-28,Y09,"KaushalSetu synthetic generator v2, seed 20260929",2026-09-28T12:00:00+05:30,"SYNTHETIC demo data (KaushalSetu SIH prototype): fictional entities, team-assumed numbers, not real or official statistics.",true
42419a93-40b7-5418-98b2-67478c087c49,099cc8fa-b4e9-5f42-aab0-0c00ac8f8e8d,9ce4680f-5f19-5889-a81a-4f8981ebe0ca,COMPLETED,2023-08-15,2025-07-20,Y09,"KaushalSetu synthetic generator v2, seed 20260929",2026-09-28T12:00:00+05:30,"SYNTHETIC demo data (KaushalSetu SIH prototype): fictional entities, team-assumed numbers, not real or official statistics.",true
2acc1e11-902d-5c3d-a144-aeacc5777398,65d0eeae-3575-5c18-9812-48ac03d815dc,9ce4680f-5f19-5889-a81a-4f8981ebe0ca,COMPLETED,2023-08-15,2025-07-17,Y09,"KaushalSetu synthetic generator v2, seed 20260929",2026-09-28T12:00:00+05:30,"SYNTHETIC demo data (KaushalSetu SIH prototype): fictional entities, team-assumed numbers, not real or official statistics.",true
4bef28cd-d14f-58cb-9833-afab3afefe6b,76d2ebcd-2bc9-5e9c-af68-12a96f4a0543,9ce4680f-5f19-5889-a81a-4f8981ebe0ca,COMPLETED,2023-08-27,2025-07-30,Y09,"KaushalSetu synthetic generator v2, seed 20260929",2026-09-28T12:00:00+05:30,"SYNTHETIC demo data (KaushalSetu SIH prototype): fictional entities, team-assumed numbers, not real or official statistics.",true
78a7d816-0aa1-5e86-b69f-8da8fbc3d1bd,36ec628e-a880-5b89-8e24-6f35aac8506c,9ce4680f-5f19-5889-a81a-4f8981ebe0ca,COMPLETED,2023-08-18,2025-07-27,Y09,"KaushalSetu synthetic generator v2, seed 20260929",2026-09-28T12:00:00+05:30,"SYNTHETIC demo data (KaushalSetu SIH prototype): fictional entities, team-assumed numbers, not real or official statistics.",true
d37f0eb2-3803-5ea2-b7b3-21fd5c9d3539,a1df9930-9316-513e-a8ba-68891c8f3ea4,9ce4680f-5f19-5889-a81a-4f8981ebe0ca,COMPLETED,2023-08-20,2025-07-16,Y09,"KaushalSetu synthetic generator v2, seed 20260929",2026-09-28T12:00:00+05:30,"SYNTHETIC demo data (KaushalSetu SIH prototype): fictional entities, team-assumed numbers, not real or official statistics.",true
07a39a0a-f31b-5f9c-9bc9-4b542766367c,aba82ff2-1abb-5475-b40e-21497e9c3c40,9ce4680f-5f19-5889-a81a-4f8981ebe0ca,COMPLETED,2023-08-10,2025-07-19,Y09,"KaushalSetu synthetic generator v2, seed 20260929",2026-09-28T12:00:00+05:30,"SYNTHETIC demo data (KaushalSetu SIH prototype): fictional entities, team-assumed numbers, not real or official statistics.",true
902381b1-4ce7-57c8-a9bc-e2797fd19c42,3884fc6e-4412-5bd1-bf45-fe72c188b7d8,9ce4680f-5f19-5889-a81a-4f8981ebe0ca,COMPLETED,2023-08-11,2025-07-26,Y09,"KaushalSetu synthetic generator v2, seed 20260929",2026-09-28T12:00:00+05:30,"SYNTHETIC demo data (KaushalSetu SIH prototype): fictional entities, team-assumed numbers, not real or official statistics.",true
2ad361a4-8136-5b76-99e7-c9141c52ca06,5e45c67c-8112-5c0d-b015-5d3e8b1a63dc,9ce4680f-5f19-5889-a81a-4f8981ebe0ca,COMPLETED,2023-08-28,2025-07-24,Y09,"KaushalSetu synthetic generator v2, seed 20260929",2026-09-28T12:00:00+05:30,"SYNTHETIC demo data (KaushalSetu SIH prototype): fictional entities, team-assumed numbers, not real or official statistics.",true
d05f3535-903e-592e-8dec-b9231c98ef22,9f1e7139-7aeb-547a-9f03-f99bb9b74eee,9ce4680f-5f19-5889-a81a-4f8981ebe0ca,COMPLETED,2023-08-16,2025-07-19,Y09,"KaushalSetu synthetic generator v2, seed 20260929",2026-09-28T12:00:00+05:30,"SYNTHETIC demo data (KaushalSetu SIH prototype): fictional entities, team-assumed numbers, not real or official statistics.",true
2a583d95-1d11-564c-a8be-1b84aae3a351,08dcad1f-d0e7-5346-8485-9c1a7d16e423,9ce4680f-5f19-5889-a81a-4f8981ebe0ca,COMPLETED,2023-08-03,2025-07-15,Y09,"KaushalSetu synthetic generator v2, seed 20260929",2026-09-28T12:00:00+05:30,"SYNTHETIC demo data (KaushalSetu SIH prototype): fictional entities, team-assumed numbers, not real or official statistics.",true
2b81f3f5-633a-548e-b00c-7f3c6bde8570,fb638c22-8652-51c0-ae01-3b5e21acf4da,9ce4680f-5f19-5889-a81a-4f8981ebe0ca,COMPLETED,2023-08-29,2025-07-20,Y09,"KaushalSetu synthetic generator v2, seed 20260929",2026-09-28T12:00:00+05:30,"SYNTHETIC demo data (KaushalSetu SIH prototype): fictional entities, team-assumed numbers, not real or official statistics.",true
36bc0c47-54d8-5b0e-b3ed-306ea304fffd,9141c105-bbcc-5a46-91af-3cb7975a285b,9ce4680f-5f19-5889-a81a-4f8981ebe0ca,COMPLETED,2023-08-05,2025-07-18,Y09,"KaushalSetu synthetic generator v2, seed 20260929",2026-09-28T12:00:00+05:30,"SYNTHETIC demo data (KaushalSetu SIH prototype): fictional entities, team-assumed numbers, not real or official statistics.",true
00cf39e6-cc18-56fd-ae26-613a22d8086e,37a4c902-512e-5f62-926c-30e9faa2082d,9ce4680f-5f19-5889-a81a-4f8981ebe0ca,COMPLETED,2023-08-25,2025-07-26,Y09,"KaushalSetu synthetic generator v2, seed 20260929",2026-09-28T12:00:00+05:30,"SYNTHETIC demo data (KaushalSetu SIH prototype): fictional entities, team-assumed numbers, not real or official statistics.",true
6d9bbfd4-7846-5d71-9a5f-e6fa6e502b0c,9535566e-1095-5d37-871f-9bf6b9333aa1,9ce4680f-5f19-5889-a81a-4f8981ebe0ca,COMPLETED,2023-08-01,2025-07-20,Y09,"KaushalSetu synthetic generator v2, seed 20260929",2026-09-28T12:00:00+05:30,"SYNTHETIC demo data (KaushalSetu SIH prototype): fictional entities, team-assumed numbers, not real or official statistics.",true
eed9fbb2-6db9-5437-aa02-fc4f047ecf5a,73ad73f4-c4e4-5d54-bc10-dfa3a9857f33,9ce4680f-5f19-5889-a81a-4f8981ebe0ca,COMPLETED,2023-08-23,2025-07-17,Y09,"KaushalSetu synthetic generator v2, seed 20260929",2026-09-28T12:00:00+05:30,"SYNTHETIC demo data (KaushalSetu SIH prototype): fictional entities, team-assumed numbers, not real or official statistics.",true
e7375478-84bc-55c9-9f36-e08744eb110f,2ff2322d-bbee-5fee-9678-42fed4fddf5a,9ce4680f-5f19-5889-a81a-4f8981ebe0ca,COMPLETED,2023-08-22,2025-07-25,Y09,"KaushalSetu synthetic generator v2, seed 20260929",2026-09-28T12:00:00+05:30,"SYNTHETIC demo data (KaushalSetu SIH prototype): fictional entities, team-assumed numbers, not real or official statistics.",true
558b7c39-10b0-5dd3-8c5a-78effd73d3fa,7cc141ec-7dcd-5f26-85c3-62d8fb88c844,9ce4680f-5f19-5889-a81a-4f8981ebe0ca,COMPLETED,2023-08-08,2025-07-18,Y09,"KaushalSetu synthetic generator v2, seed 20260929",2026-09-28T12:00:00+05:30,"SYNTHETIC demo data (KaushalSetu SIH prototype): fictional entities, team-assumed numbers, not real or official statistics.",true
b5f4e37f-1b10-5848-a0d3-7967d348fd46,12a842e8-5206-55a6-bd68-6bc002002d60,9ce4680f-5f19-5889-a81a-4f8981ebe0ca,COMPLETED,2023-08-14,2025-07-31,Y09,"KaushalSetu synthetic generator v2, seed 20260929",2026-09-28T12:00:00+05:30,"SYNTHETIC demo data (KaushalSetu SIH prototype): fictional entities, team-assumed numbers, not real or official statistics.",true
79ea37e5-445d-5678-a105-fd7cc2e2a4d2,18872a8e-b862-5b20-ba5e-407e617244af,9ce4680f-5f19-5889-a81a-4f8981ebe0ca,COMPLETED,2023-08-18,2025-07-31,Y09,"KaushalSetu synthetic generator v2, seed 20260929",2026-09-28T12:00:00+05:30,"SYNTHETIC demo data (KaushalSetu SIH prototype): fictional entities, team-assumed numbers, not real or official statistics.",true
01b69dd1-7113-5aca-9f23-ae7c06d8aa2f,af60827e-198f-5334-86bf-49206d2a131a,9ce4680f-5f19-5889-a81a-4f8981ebe0ca,COMPLETED,2023-08-08,2025-07-20,Y09,"KaushalSetu synthetic generator v2, seed 20260929",2026-09-28T12:00:00+05:30,"SYNTHETIC demo data (KaushalSetu SIH prototype): fictional entities, team-assumed numbers, not real or official statistics.",true
f8873332-b327-5935-8bb8-7e9de86885d5,66983fd0-9b66-512b-a09d-ad4c331a3f6b,9ce4680f-5f19-5889-a81a-4f8981ebe0ca,COMPLETED,2023-08-30,2025-07-26,Y09,"KaushalSetu synthetic generator v2, seed 20260929",2026-09-28T12:00:00+05:30,"SYNTHETIC demo data (KaushalSetu SIH prototype): fictional entities, team-assumed numbers, not real or official statistics.",true
993df733-0346-585d-8679-681d88767f0f,6e8e7f2e-4acf-51bb-a284-7a223f23ea69,9ce4680f-5f19-5889-a81a-4f8981ebe0ca,COMPLETED,2023-08-04,2025-07-20,Y09,"KaushalSetu synthetic generator v2, seed 20260929",2026-09-28T12:00:00+05:30,"SYNTHETIC demo data (KaushalSetu SIH prototype): fictional entities, team-assumed numbers, not real or official statistics.",true
d9118833-291b-50e3-90a5-66d078093bc4,83f9d3f2-fa45-5041-869c-a2d03716b36e,9ce4680f-5f19-5889-a81a-4f8981ebe0ca,DROPPED,2023-08-25,,Y09,"KaushalSetu synthetic generator v2, seed 20260929",2026-09-28T12:00:00+05:30,"SYNTHETIC demo data (KaushalSetu SIH prototype): fictional entities, team-assumed numbers, not real or official statistics.",true
efe8b0c2-7b7a-5c8c-acd1-cdb115ec2663,30abf340-8df8-549b-bb5a-65181ae5682d,9ce4680f-5f19-5889-a81a-4f8981ebe0ca,COMPLETED,2023-08-13,2025-07-31,Y09,"KaushalSetu synthetic generator v2, seed 20260929",2026-09-28T12:00:00+05:30,"SYNTHETIC demo data (KaushalSetu SIH prototype): fictional entities, team-assumed numbers, not real or official statistics.",true
dafd17a8-2cf2-5bba-8a28-dab81d3c2561,b15a1b9f-3b5d-5672-b6e3-e737c52989c8,9ce4680f-5f19-5889-a81a-4f8981ebe0ca,COMPLETED,2023-08-01,2025-07-15,Y09,"KaushalSetu synthetic generator v2, seed 20260929",2026-09-28T12:00:00+05:30,"SYNTHETIC demo data (KaushalSetu SIH prototype): fictional entities, team-assumed numbers, not real or official statistics.",true
c9a5c2d9-aac3-5024-baa0-42a35f41e96b,c5f8513d-e920-547e-8bc1-40d0382c5d4c,9ce4680f-5f19-5889-a81a-4f8981ebe0ca,COMPLETED,2023-08-07,2025-07-27,Y09,"KaushalSetu synthetic generator v2, seed 20260929",2026-09-28T12:00:00+05:30,"SYNTHETIC demo data (KaushalSetu SIH prototype): fictional entities, team-assumed numbers, not real or official statistics.",true
62d23c20-7967-5097-8741-2b0d1cc95072,943bb758-d68b-5cb8-8ae0-aaa0ee6e5a01,9ce4680f-5f19-5889-a81a-4f8981ebe0ca,COMPLETED,2023-08-17,2025-07-31,Y09,"KaushalSetu synthetic generator v2, seed 20260929",2026-09-28T12:00:00+05:30,"SYNTHETIC demo data (KaushalSetu SIH prototype): fictional entities, team-assumed numbers, not real or official statistics.",true
737bfaa5-0a68-58c6-bd1d-ebb39c00bbdf,d9cc98ac-1c2a-55a8-a10b-6cb7be3cbd4c,9ce4680f-5f19-5889-a81a-4f8981ebe0ca,COMPLETED,2023-08-11,2025-07-25,Y09,"KaushalSetu synthetic generator v2, seed 20260929",2026-09-28T12:00:00+05:30,"SYNTHETIC demo data (KaushalSetu SIH prototype): fictional entities, team-assumed numbers, not real or official statistics.",true
2f3355ee-e6ce-5577-8b27-3647988a0820,98f94b18-20eb-5539-ba92-8f095bdaeb41,9ce4680f-5f19-5889-a81a-4f8981ebe0ca,COMPLETED,2023-08-08,2025-07-19,Y09,"KaushalSetu synthetic generator v2, seed 20260929",2026-09-28T12:00:00+05:30,"SYNTHETIC demo data (KaushalSetu SIH prototype): fictional entities, team-assumed numbers, not real or official statistics.",true
19d262d0-0e95-5577-be07-f70ea5bc829e,85eaec83-93af-5d67-a9c9-66ef57a413be,9ce4680f-5f19-5889-a81a-4f8981ebe0ca,COMPLETED,2023-08-10,2025-07-24,Y09,"KaushalSetu synthetic generator v2, seed 20260929",2026-09-28T12:00:00+05:30,"SYNTHETIC demo data (KaushalSetu SIH prototype): fictional entities, team-assumed numbers, not real or official statistics.",true
95bb9361-a403-53d2-8abf-7913ef3b446d,85b02b99-d5fe-5936-8559-1a4bdd6ea5ca,9ce4680f-5f19-5889-a81a-4f8981ebe0ca,COMPLETED,2023-08-30,2025-07-27,Y09,"KaushalSetu synthetic generator v2, seed 20260929",2026-09-28T12:00:00+05:30,"SYNTHETIC demo data (KaushalSetu SIH prototype): fictional entities, team-assumed numbers, not real or official statistics.",true
5def654f-2dfc-504d-a06a-7f9fea1a992c,1a53a965-b25a-5d14-9e92-3bb5a2ad8257,9ce4680f-5f19-5889-a81a-4f8981ebe0ca,COMPLETED,2023-08-14,2025-07-24,Y09,"KaushalSetu synthetic generator v2, seed 20260929",2026-09-28T12:00:00+05:30,"SYNTHETIC demo data (KaushalSetu SIH prototype): fictional entities, team-assumed numbers, not real or official statistics.",true
3d904ded-0c76-5175-9d64-39d759104e0b,ddc08f33-60bd-51c9-9b0d-b27a953c22c1,9ce4680f-5f19-5889-a81a-4f8981ebe0ca,DROPPED,2023-08-16,,Y09,"KaushalSetu synthetic generator v2, seed 20260929",2026-09-28T12:00:00+05:30,"SYNTHETIC demo data (KaushalSetu SIH prototype): fictional entities, team-assumed numbers, not real or official statistics.",true
09495030-413f-5f05-a0d8-2d27b44029bd,b957ca05-acf2-52d3-8a1b-71eeba4ebc97,9ce4680f-5f19-5889-a81a-4f8981ebe0ca,COMPLETED,2023-08-08,2025-07-18,Y09,"KaushalSetu synthetic generator v2, seed 20260929",2026-09-28T12:00:00+05:30,"SYNTHETIC demo data (KaushalSetu SIH prototype): fictional entities, team-assumed numbers, not real or official statistics.",true
06dd6084-6d2a-561f-b667-e38c8cf29bcf,ebb9c4aa-3cb3-565f-bb69-57bf11c4fd50,9ce4680f-5f19-5889-a81a-4f8981ebe0ca,COMPLETED,2023-08-03,2025-07-31,Y09,"KaushalSetu synthetic generator v2, seed 20260929",2026-09-28T12:00:00+05:30,"SYNTHETIC demo data (KaushalSetu SIH prototype): fictional entities, team-assumed numbers, not real or official statistics.",true
b74e9251-0c34-5675-a32b-d57216e412cf,340e65d6-3352-5828-9ac7-5444f3d6f463,9ce4680f-5f19-5889-a81a-4f8981ebe0ca,COMPLETED,2023-08-14,2025-07-24,Y09,"KaushalSetu synthetic generator v2, seed 20260929",2026-09-28T12:00:00+05:30,"SYNTHETIC demo data (KaushalSetu SIH prototype): fictional entities, team-assumed numbers, not real or official statistics.",true
d691825e-67ce-5082-96e1-3c48ccc773d9,fdbb4414-65b7-52cd-a078-e1cb153ab269,9ce4680f-5f19-5889-a81a-4f8981ebe0ca,COMPLETED,2023-08-03,2025-07-28,Y09,"KaushalSetu synthetic generator v2, seed 20260929",2026-09-28T12:00:00+05:30,"SYNTHETIC demo data (KaushalSetu SIH prototype): fictional entities, team-assumed numbers, not real or official statistics.",true
2c8682b0-6d74-5542-841d-ae21f5dd30aa,b9db2ae4-dad6-5c76-8d66-3d4f233c3c3e,9ce4680f-5f19-5889-a81a-4f8981ebe0ca,COMPLETED,2023-08-21,2025-07-30,Y09,"KaushalSetu synthetic generator v2, seed 20260929",2026-09-28T12:00:00+05:30,"SYNTHETIC demo data (KaushalSetu SIH prototype): fictional entities, team-assumed numbers, not real or official statistics.",true
3c07cf7d-5f82-5171-b1cd-08e603508247,f02376fc-9fab-5d7f-86c5-8b34d866f94e,9ce4680f-5f19-5889-a81a-4f8981ebe0ca,DROPPED,2023-08-30,,Y09,"KaushalSetu synthetic generator v2, seed 20260929",2026-09-28T12:00:00+05:30,"SYNTHETIC demo data (KaushalSetu SIH prototype): fictional entities, team-assumed numbers, not real or official statistics.",true
5bc874c2-ef42-5fb9-92fd-73d8a7530939,2375f4fb-2f10-521f-a762-28734a0c6734,9ce4680f-5f19-5889-a81a-4f8981ebe0ca,DROPPED,2023-08-25,,Y09,"KaushalSetu synthetic generator v2, seed 20260929",2026-09-28T12:00:00+05:30,"SYNTHETIC demo data (KaushalSetu SIH prototype): fictional entities, team-assumed numbers, not real or official statistics.",true
adbebe32-401e-5aa9-8192-8e40e89e808e,688941ce-25c5-51f5-a812-1f266c7c9b06,9ce4680f-5f19-5889-a81a-4f8981ebe0ca,COMPLETED,2023-08-20,2025-07-25,Y09,"KaushalSetu synthetic generator v2, seed 20260929",2026-09-28T12:00:00+05:30,"SYNTHETIC demo data (KaushalSetu SIH prototype): fictional entities, team-assumed numbers, not real or official statistics.",true
e41d2139-2953-5ad0-bd1e-37cfe8f518ec,d3ee0c57-0f12-5dd0-9523-f31375924a3d,9ce4680f-5f19-5889-a81a-4f8981ebe0ca,COMPLETED,2023-08-13,2025-07-15,Y09,"KaushalSetu synthetic generator v2, seed 20260929",2026-09-28T12:00:00+05:30,"SYNTHETIC demo data (KaushalSetu SIH prototype): fictional entities, team-assumed numbers, not real or official statistics.",true
8b80442e-3ef5-52c4-8242-d4624ea641d9,1c9c8af5-c6af-5a56-9a0d-56bdccaa2ce2,9ce4680f-5f19-5889-a81a-4f8981ebe0ca,DROPPED,2023-08-13,,Y09,"KaushalSetu synthetic generator v2, seed 20260929",2026-09-28T12:00:00+05:30,"SYNTHETIC demo data (KaushalSetu SIH prototype): fictional entities, team-assumed numbers, not real or official statistics.",true
cefa7456-074c-508d-b047-df9a6bc483a0,65684cd2-c650-543f-ac4e-e7ab958cef21,9ce4680f-5f19-5889-a81a-4f8981ebe0ca,COMPLETED,2023-08-22,2025-07-29,Y09,"KaushalSetu synthetic generator v2, seed 20260929",2026-09-28T12:00:00+05:30,"SYNTHETIC demo data (KaushalSetu SIH prototype): fictional entities, team-assumed numbers, not real or official statistics.",true
ac90d4de-a1f0-559e-adef-0f60e90d6519,2a9ab65f-5ba5-5871-80a2-fbb2eb413342,9ce4680f-5f19-5889-a81a-4f8981ebe0ca,COMPLETED,2023-08-28,2025-07-21,Y09,"KaushalSetu synthetic generator v2, seed 20260929",2026-09-28T12:00:00+05:30,"SYNTHETIC demo data (KaushalSetu SIH prototype): fictional entities, team-assumed numbers, not real or official statistics.",true
7b48d6de-13c1-54e2-897f-39e58abc83f7,a148e8a2-b6ed-55d0-af35-b4d4e1f41dbd,9ce4680f-5f19-5889-a81a-4f8981ebe0ca,DROPPED,2023-08-01,,Y09,"KaushalSetu synthetic generator v2, seed 20260929",2026-09-28T12:00:00+05:30,"SYNTHETIC demo data (KaushalSetu SIH prototype): fictional entities, team-assumed numbers, not real or official statistics.",true
658457c6-9d0a-50d0-89a8-3efe6930a2fd,489e1c9c-36cd-5bb4-ac1f-1f9d821f8b76,9ce4680f-5f19-5889-a81a-4f8981ebe0ca,COMPLETED,2023-08-17,2025-07-31,Y09,"KaushalSetu synthetic generator v2, seed 20260929",2026-09-28T12:00:00+05:30,"SYNTHETIC demo data (KaushalSetu SIH prototype): fictional entities, team-assumed numbers, not real or official statistics.",true
56969891-31fd-5917-b720-1f2d1bec2963,0bc0cce4-bb21-562a-9c34-be1b299300c1,9ce4680f-5f19-5889-a81a-4f8981ebe0ca,COMPLETED,2023-08-18,2025-07-28,Y09,"KaushalSetu synthetic generator v2, seed 20260929",2026-09-28T12:00:00+05:30,"SYNTHETIC demo data (KaushalSetu SIH prototype): fictional entities, team-assumed numbers, not real or official statistics.",true
3a7fbfde-cac4-554d-ae7b-f01378f01396,1157da70-b5c2-5b6d-a625-524f3375e9dd,9ce4680f-5f19-5889-a81a-4f8981ebe0ca,COMPLETED,2023-08-10,2025-07-20,Y09,"KaushalSetu synthetic generator v2, seed 20260929",2026-09-28T12:00:00+05:30,"SYNTHETIC demo data (KaushalSetu SIH prototype): fictional entities, team-assumed numbers, not real or official statistics.",true
3c1745fd-2828-5dcc-8665-c023f7d75adf,8fb604d2-207a-5f3f-826e-ae7a017ca1bd,9ce4680f-5f19-5889-a81a-4f8981ebe0ca,COMPLETED,2023-08-22,2025-07-23,Y09,"KaushalSetu synthetic generator v2, seed 20260929",2026-09-28T12:00:00+05:30,"SYNTHETIC demo data (KaushalSetu SIH prototype): fictional entities, team-assumed numbers, not real or official statistics.",true
f531f5bd-13fc-5478-8953-d8cedc6c2dca,195085d9-92e1-5391-8270-2964046098e6,9ce4680f-5f19-5889-a81a-4f8981ebe0ca,COMPLETED,2023-08-19,2025-07-22,Y09,"KaushalSetu synthetic generator v2, seed 20260929",2026-09-28T12:00:00+05:30,"SYNTHETIC demo data (KaushalSetu SIH prototype): fictional entities, team-assumed numbers, not real or official statistics.",true
9dd0fb2b-a2a9-5c64-bf0d-2ccfdf587244,54f8f802-61b3-59b1-ad66-b2bc2bd8f45a,9ce4680f-5f19-5889-a81a-4f8981ebe0ca,COMPLETED,2023-08-07,2025-07-29,Y09,"KaushalSetu synthetic generator v2, seed 20260929",2026-09-28T12:00:00+05:30,"SYNTHETIC demo data (KaushalSetu SIH prototype): fictional entities, team-assumed numbers, not real or official statistics.",true
abc8eb81-63a0-543c-8590-8b237bfaa528,507dae4d-0a4d-5da3-82f6-0fa9bf55fa49,9ce4680f-5f19-5889-a81a-4f8981ebe0ca,COMPLETED,2023-08-24,2025-07-19,Y09,"KaushalSetu synthetic generator v2, seed 20260929",2026-09-28T12:00:00+05:30,"SYNTHETIC demo data (KaushalSetu SIH prototype): fictional entities, team-assumed numbers, not real or official statistics.",true
89ed4cff-1d31-50cf-8c2a-43281bd41c1d,3b907887-e318-5d40-9bf9-28f92f9f0ca9,9ce4680f-5f19-5889-a81a-4f8981ebe0ca,COMPLETED,2023-08-30,2025-07-23,Y09,"KaushalSetu synthetic generator v2, seed 20260929",2026-09-28T12:00:00+05:30,"SYNTHETIC demo data (KaushalSetu SIH prototype): fictional entities, team-assumed numbers, not real or official statistics.",true
7d94e780-9eb6-5334-a6b7-3c39cfc2c46a,ac1b585c-23d5-5dcd-9546-499b7a217f50,9ce4680f-5f19-5889-a81a-4f8981ebe0ca,COMPLETED,2023-08-14,2025-07-23,Y09,"KaushalSetu synthetic generator v2, seed 20260929",2026-09-28T12:00:00+05:30,"SYNTHETIC demo data (KaushalSetu SIH prototype): fictional entities, team-assumed numbers, not real or official statistics.",true
061bcb83-ffad-5a97-8580-fff7cbe0e5bc,63fd238d-6d26-5347-9d42-2e4fa5b49ed8,9ce4680f-5f19-5889-a81a-4f8981ebe0ca,COMPLETED,2023-08-03,2025-07-31,Y09,"KaushalSetu synthetic generator v2, seed 20260929",2026-09-28T12:00:00+05:30,"SYNTHETIC demo data (KaushalSetu SIH prototype): fictional entities, team-assumed numbers, not real or official statistics.",true
83d81fe9-ae00-543c-a7d6-579d6f5744da,f03af5c7-4d8d-50a7-92f9-baf87f666aec,9ce4680f-5f19-5889-a81a-4f8981ebe0ca,COMPLETED,2023-08-23,2025-07-18,Y09,"KaushalSetu synthetic generator v2, seed 20260929",2026-09-28T12:00:00+05:30,"SYNTHETIC demo data (KaushalSetu SIH prototype): fictional entities, team-assumed numbers, not real or official statistics.",true
62e07e00-39b8-51a7-beac-fe688e99ec1a,5fd051fa-a26d-5876-bacf-3200e83d6aa2,9ce4680f-5f19-5889-a81a-4f8981ebe0ca,COMPLETED,2023-08-09,2025-07-16,Y09,"KaushalSetu synthetic generator v2, seed 20260929",2026-09-28T12:00:00+05:30,"SYNTHETIC demo data (KaushalSetu SIH prototype): fictional entities, team-assumed numbers, not real or official statistics.",true
4c770bd8-139d-592a-bf60-2422a021420a,0232e89b-45ad-51df-9a17-5639c328086e,9ce4680f-5f19-5889-a81a-4f8981ebe0ca,COMPLETED,2023-08-20,2025-07-25,Y09,"KaushalSetu synthetic generator v2, seed 20260929",2026-09-28T12:00:00+05:30,"SYNTHETIC demo data (KaushalSetu SIH prototype): fictional entities, team-assumed numbers, not real or official statistics.",true
6397bb76-17e3-5bdd-b074-5422a2ea8dce,0912db8a-8d12-5053-b8e8-1854f901d4f6,9ce4680f-5f19-5889-a81a-4f8981ebe0ca,COMPLETED,2023-08-01,2025-07-23,Y09,"KaushalSetu synthetic generator v2, seed 20260929",2026-09-28T12:00:00+05:30,"SYNTHETIC demo data (KaushalSetu SIH prototype): fictional entities, team-assumed numbers, not real or official statistics.",true
2f90e4f4-4caf-51da-be1a-22ef60016367,4b87b8bd-37c2-5e9b-aadc-1aadcd920440,9ce4680f-5f19-5889-a81a-4f8981ebe0ca,COMPLETED,2023-08-30,2025-07-18,Y09,"KaushalSetu synthetic generator v2, seed 20260929",2026-09-28T12:00:00+05:30,"SYNTHETIC demo data (KaushalSetu SIH prototype): fictional entities, team-assumed numbers, not real or official statistics.",true
e22a9113-5f4b-5ba2-b49e-c1db431a54b4,0038544c-058c-5ac4-9eff-e160792a3b40,9ce4680f-5f19-5889-a81a-4f8981ebe0ca,COMPLETED,2023-08-06,2025-07-15,Y09,"KaushalSetu synthetic generator v2, seed 20260929",2026-09-28T12:00:00+05:30,"SYNTHETIC demo data (KaushalSetu SIH prototype): fictional entities, team-assumed numbers, not real or official statistics.",true
d7a886bd-092e-5b15-a9f3-aba0a701c3ee,3655a3ff-4691-540f-8c22-ad7e6e3bac51,9ce4680f-5f19-5889-a81a-4f8981ebe0ca,COMPLETED,2023-08-01,2025-07-31,Y09,"KaushalSetu synthetic generator v2, seed 20260929",2026-09-28T12:00:00+05:30,"SYNTHETIC demo data (KaushalSetu SIH prototype): fictional entities, team-assumed numbers, not real or official statistics.",true
0c1088c2-8a42-531c-91f7-514cad918660,62243579-fb00-55ff-b805-94e48da5cc6b,9ce4680f-5f19-5889-a81a-4f8981ebe0ca,COMPLETED,2023-08-21,2025-07-28,Y09,"KaushalSetu synthetic generator v2, seed 20260929",2026-09-28T12:00:00+05:30,"SYNTHETIC demo data (KaushalSetu SIH prototype): fictional entities, team-assumed numbers, not real or official statistics.",true
2b6fe62e-4da6-58e3-8596-c7497edbaa8c,ef248b7c-bbb1-5d8f-ab75-dfdde1ab853d,9ce4680f-5f19-5889-a81a-4f8981ebe0ca,COMPLETED,2023-08-13,2025-07-23,Y09,"KaushalSetu synthetic generator v2, seed 20260929",2026-09-28T12:00:00+05:30,"SYNTHETIC demo data (KaushalSetu SIH prototype): fictional entities, team-assumed numbers, not real or official statistics.",true
d7218cff-009f-50dd-b1d2-e94d23c22698,d3445375-cbd3-52ab-8aa6-2f1cf847860e,9ce4680f-5f19-5889-a81a-4f8981ebe0ca,DROPPED,2023-08-16,,Y09,"KaushalSetu synthetic generator v2, seed 20260929",2026-09-28T12:00:00+05:30,"SYNTHETIC demo data (KaushalSetu SIH prototype): fictional entities, team-assumed numbers, not real or official statistics.",true
f6f88fcb-78f0-5604-a6b0-4af34e097631,976a7a73-010e-5819-b811-11c23e024690,9ce4680f-5f19-5889-a81a-4f8981ebe0ca,COMPLETED,2023-08-11,2025-07-24,Y09,"KaushalSetu synthetic generator v2, seed 20260929",2026-09-28T12:00:00+05:30,"SYNTHETIC demo data (KaushalSetu SIH prototype): fictional entities, team-assumed numbers, not real or official statistics.",true
b89e8969-b913-5c58-94ea-7a802d5fed65,74eb8782-5ab4-5d6b-9b27-a1f33e274c14,9ce4680f-5f19-5889-a81a-4f8981ebe0ca,COMPLETED,2023-08-08,2025-07-17,Y09,"KaushalSetu synthetic generator v2, seed 20260929",2026-09-28T12:00:00+05:30,"SYNTHETIC demo data (KaushalSetu SIH prototype): fictional entities, team-assumed numbers, not real or official statistics.",true
503a6ffa-baba-57b2-b11e-d1a5969cf6c8,e7c895b7-e97d-513d-9a89-668e9e2ba0cb,9ce4680f-5f19-5889-a81a-4f8981ebe0ca,COMPLETED,2023-08-05,2025-07-25,Y09,"KaushalSetu synthetic generator v2, seed 20260929",2026-09-28T12:00:00+05:30,"SYNTHETIC demo data (KaushalSetu SIH prototype): fictional entities, team-assumed numbers, not real or official statistics.",true
3ca6bdee-e3cd-52b6-8c8b-9b85685741ff,8ce40e26-9f6e-5efc-8004-ecac98f7ac56,9ce4680f-5f19-5889-a81a-4f8981ebe0ca,COMPLETED,2023-08-22,2025-07-20,Y09,"KaushalSetu synthetic generator v2, seed 20260929",2026-09-28T12:00:00+05:30,"SYNTHETIC demo data (KaushalSetu SIH prototype): fictional entities, team-assumed numbers, not real or official statistics.",true
2fa06e15-d3a6-5b27-a44d-97aa087163ea,05537eea-0175-5a82-9b92-969a824c3e2d,9ce4680f-5f19-5889-a81a-4f8981ebe0ca,COMPLETED,2023-08-10,2025-07-19,Y09,"KaushalSetu synthetic generator v2, seed 20260929",2026-09-28T12:00:00+05:30,"SYNTHETIC demo data (KaushalSetu SIH prototype): fictional entities, team-assumed numbers, not real or official statistics.",true
7c919e6e-45ff-5fd3-8433-333814e72457,cb235609-4f22-54e2-a7d8-c434a68ca52f,9ce4680f-5f19-5889-a81a-4f8981ebe0ca,COMPLETED,2023-08-16,2025-07-19,Y09,"KaushalSetu synthetic generator v2, seed 20260929",2026-09-28T12:00:00+05:30,"SYNTHETIC demo data (KaushalSetu SIH prototype): fictional entities, team-assumed numbers, not real or official statistics.",true
2a7eacad-0688-5bb7-abce-bb1cc0db60ca,00604350-93aa-5a4f-93ec-f26bc7ae0eda,9ce4680f-5f19-5889-a81a-4f8981ebe0ca,COMPLETED,2023-08-20,2025-07-17,Y09,"KaushalSetu synthetic generator v2, seed 20260929",2026-09-28T12:00:00+05:30,"SYNTHETIC demo data (KaushalSetu SIH prototype): fictional entities, team-assumed numbers, not real or official statistics.",true
4d34617e-39cb-5ef6-b931-55110a796d9d,1961764c-c495-5a0d-8ad5-c307bf2f626f,9ce4680f-5f19-5889-a81a-4f8981ebe0ca,COMPLETED,2023-08-10,2025-07-29,Y09,"KaushalSetu synthetic generator v2, seed 20260929",2026-09-28T12:00:00+05:30,"SYNTHETIC demo data (KaushalSetu SIH prototype): fictional entities, team-assumed numbers, not real or official statistics.",true
f76a6c9d-6719-5c86-b573-410aba271d13,c7cb90ea-b5ef-53f9-932c-7a65ee7ed29b,d4f7ebc1-bd73-5f05-87b1-f094dbfdf669,COMPLETED,2024-08-13,2026-07-25,Y09,"KaushalSetu synthetic generator v2, seed 20260929",2026-09-28T12:00:00+05:30,"SYNTHETIC demo data (KaushalSetu SIH prototype): fictional entities, team-assumed numbers, not real or official statistics.",true
6220c6ff-2886-5cb2-a0ca-35f3d4f9a1da,d14d957d-8e0d-5202-b42c-de4a3a4aee28,d4f7ebc1-bd73-5f05-87b1-f094dbfdf669,COMPLETED,2024-08-01,2026-07-17,Y09,"KaushalSetu synthetic generator v2, seed 20260929",2026-09-28T12:00:00+05:30,"SYNTHETIC demo data (KaushalSetu SIH prototype): fictional entities, team-assumed numbers, not real or official statistics.",true
7c7da47c-b25a-5d87-b843-26f975e71612,e526cb37-7411-5e3d-8c91-c9b53af19ac2,d4f7ebc1-bd73-5f05-87b1-f094dbfdf669,COMPLETED,2024-08-02,2026-07-23,Y09,"KaushalSetu synthetic generator v2, seed 20260929",2026-09-28T12:00:00+05:30,"SYNTHETIC demo data (KaushalSetu SIH prototype): fictional entities, team-assumed numbers, not real or official statistics.",true
b8a47fa5-eef7-534a-a484-1ce532d4ddd5,f9676876-0868-526f-bc05-341b4ba2e310,d4f7ebc1-bd73-5f05-87b1-f094dbfdf669,COMPLETED,2024-08-26,2026-07-19,Y09,"KaushalSetu synthetic generator v2, seed 20260929",2026-09-28T12:00:00+05:30,"SYNTHETIC demo data (KaushalSetu SIH prototype): fictional entities, team-assumed numbers, not real or official statistics.",true
5073433c-5595-592d-a795-d2488f23f8b1,5522efc4-86ce-5176-b4bf-a7c49c05b4a8,d4f7ebc1-bd73-5f05-87b1-f094dbfdf669,COMPLETED,2024-08-28,2026-07-16,Y09,"KaushalSetu synthetic generator v2, seed 20260929",2026-09-28T12:00:00+05:30,"SYNTHETIC demo data (KaushalSetu SIH prototype): fictional entities, team-assumed numbers, not real or official statistics.",true
a2670dec-d20e-5c7b-8431-79f71ef359c0,ed3c20ad-6b5a-5483-ae2c-fde212e14732,d4f7ebc1-bd73-5f05-87b1-f094dbfdf669,COMPLETED,2024-08-31,2026-07-27,Y09,"KaushalSetu synthetic generator v2, seed 20260929",2026-09-28T12:00:00+05:30,"SYNTHETIC demo data (KaushalSetu SIH prototype): fictional entities, team-assumed numbers, not real or official statistics.",true
d2fb2cb7-245f-5f67-ae8b-c5ef17583192,cae93cfe-5d7d-5fea-8f3d-380383a86dff,d4f7ebc1-bd73-5f05-87b1-f094dbfdf669,COMPLETED,2024-08-22,2026-07-19,Y09,"KaushalSetu synthetic generator v2, seed 20260929",2026-09-28T12:00:00+05:30,"SYNTHETIC demo data (KaushalSetu SIH prototype): fictional entities, team-assumed numbers, not real or official statistics.",true
106d3405-8fb3-5431-919f-a8fa3fbe00d6,cd2f6c87-c5cf-5bba-b324-e7511dcb199a,d4f7ebc1-bd73-5f05-87b1-f094dbfdf669,COMPLETED,2024-08-03,2026-07-28,Y09,"KaushalSetu synthetic generator v2, seed 20260929",2026-09-28T12:00:00+05:30,"SYNTHETIC demo data (KaushalSetu SIH prototype): fictional entities, team-assumed numbers, not real or official statistics.",true
c5ff20d1-cadb-5edc-8a53-192a5ec59499,bbc5aa34-f8bd-5fa4-99e5-10f787cbfbe8,d4f7ebc1-bd73-5f05-87b1-f094dbfdf669,COMPLETED,2024-08-02,2026-07-19,Y09,"KaushalSetu synthetic generator v2, seed 20260929",2026-09-28T12:00:00+05:30,"SYNTHETIC demo data (KaushalSetu SIH prototype): fictional entities, team-assumed numbers, not real or official statistics.",true
ced8b93c-a142-5a59-981f-61b52261b0bb,d4e7cf76-ce45-5962-99d8-64c9b020892f,d4f7ebc1-bd73-5f05-87b1-f094dbfdf669,DROPPED,2024-08-18,,Y09,"KaushalSetu synthetic generator v2, seed 20260929",2026-09-28T12:00:00+05:30,"SYNTHETIC demo data (KaushalSetu SIH prototype): fictional entities, team-assumed numbers, not real or official statistics.",true
66fa54e8-91cf-5a04-9097-18bf054ef7d5,09a1ff19-ecf9-5de7-ad21-b5d28dbc78a8,d4f7ebc1-bd73-5f05-87b1-f094dbfdf669,COMPLETED,2024-08-03,2026-07-28,Y09,"KaushalSetu synthetic generator v2, seed 20260929",2026-09-28T12:00:00+05:30,"SYNTHETIC demo data (KaushalSetu SIH prototype): fictional entities, team-assumed numbers, not real or official statistics.",true
abd8a2d5-4bac-5cfe-945f-e7ffbfe036f6,1ac67fe5-039b-59a6-b977-e9c6fc47e753,d4f7ebc1-bd73-5f05-87b1-f094dbfdf669,COMPLETED,2024-08-23,2026-07-24,Y09,"KaushalSetu synthetic generator v2, seed 20260929",2026-09-28T12:00:00+05:30,"SYNTHETIC demo data (KaushalSetu SIH prototype): fictional entities, team-assumed numbers, not real or official statistics.",true
95a78b2d-efa5-5627-9815-d8b3ae08aeec,b29ee705-3605-52ab-bfa6-51b6ee12bbb0,d4f7ebc1-bd73-5f05-87b1-f094dbfdf669,COMPLETED,2024-08-19,2026-07-24,Y09,"KaushalSetu synthetic generator v2, seed 20260929",2026-09-28T12:00:00+05:30,"SYNTHETIC demo data (KaushalSetu SIH prototype): fictional entities, team-assumed numbers, not real or official statistics.",true
29fa2dea-501d-57d5-8518-d44582e573d6,06e2ad82-6b61-573f-9528-15d946f8b810,d4f7ebc1-bd73-5f05-87b1-f094dbfdf669,COMPLETED,2024-08-24,2026-07-21,Y09,"KaushalSetu synthetic generator v2, seed 20260929",2026-09-28T12:00:00+05:30,"SYNTHETIC demo data (KaushalSetu SIH prototype): fictional entities, team-assumed numbers, not real or official statistics.",true
a80ed69d-b9cf-50c5-8c06-74e650071cdf,fc78a5fa-a19f-5a83-8ec5-245eb45cd42e,d4f7ebc1-bd73-5f05-87b1-f094dbfdf669,DROPPED,2024-08-04,,Y09,"KaushalSetu synthetic generator v2, seed 20260929",2026-09-28T12:00:00+05:30,"SYNTHETIC demo data (KaushalSetu SIH prototype): fictional entities, team-assumed numbers, not real or official statistics.",true
cc3c6e63-3b66-5a7f-9ca8-70f71fb70235,1f943aac-3de6-5178-b051-1b2a62bf0cd1,d4f7ebc1-bd73-5f05-87b1-f094dbfdf669,COMPLETED,2024-08-29,2026-07-25,Y09,"KaushalSetu synthetic generator v2, seed 20260929",2026-09-28T12:00:00+05:30,"SYNTHETIC demo data (KaushalSetu SIH prototype): fictional entities, team-assumed numbers, not real or official statistics.",true
0ec7f24e-a996-5cfe-86d2-f5c8e0359337,0780d643-a80e-58d7-9fc7-5ba60d3704bc,d4f7ebc1-bd73-5f05-87b1-f094dbfdf669,COMPLETED,2024-08-11,2026-07-29,Y09,"KaushalSetu synthetic generator v2, seed 20260929",2026-09-28T12:00:00+05:30,"SYNTHETIC demo data (KaushalSetu SIH prototype): fictional entities, team-assumed numbers, not real or official statistics.",true
28502e97-121d-57d1-b856-d68013e7bbb6,43bf76c2-abc5-5605-8f2b-7c26520f6c1b,d4f7ebc1-bd73-5f05-87b1-f094dbfdf669,COMPLETED,2024-08-11,2026-07-27,Y09,"KaushalSetu synthetic generator v2, seed 20260929",2026-09-28T12:00:00+05:30,"SYNTHETIC demo data (KaushalSetu SIH prototype): fictional entities, team-assumed numbers, not real or official statistics.",true
87e516f8-b3b3-5285-ae0d-0697e1833382,e8c5d149-9351-51d5-9de3-30c739d8c80a,d4f7ebc1-bd73-5f05-87b1-f094dbfdf669,COMPLETED,2024-08-12,2026-07-19,Y09,"KaushalSetu synthetic generator v2, seed 20260929",2026-09-28T12:00:00+05:30,"SYNTHETIC demo data (KaushalSetu SIH prototype): fictional entities, team-assumed numbers, not real or official statistics.",true
12a29a3a-194b-58c0-8b56-d87d2722606a,b10ad71c-c5d9-5677-9d7f-39efbfdd640e,d4f7ebc1-bd73-5f05-87b1-f094dbfdf669,COMPLETED,2024-08-28,2026-07-29,Y09,"KaushalSetu synthetic generator v2, seed 20260929",2026-09-28T12:00:00+05:30,"SYNTHETIC demo data (KaushalSetu SIH prototype): fictional entities, team-assumed numbers, not real or official statistics.",true
dde6d07b-a3f4-570d-9613-f8668745b229,500aa640-558c-5af0-89b4-92789d17def4,d4f7ebc1-bd73-5f05-87b1-f094dbfdf669,DROPPED,2024-08-27,,Y09,"KaushalSetu synthetic generator v2, seed 20260929",2026-09-28T12:00:00+05:30,"SYNTHETIC demo data (KaushalSetu SIH prototype): fictional entities, team-assumed numbers, not real or official statistics.",true
f914502c-b10a-526e-8f23-7c2ec2d90499,77256f2e-bd02-5e48-8915-f76728b51361,d4f7ebc1-bd73-5f05-87b1-f094dbfdf669,COMPLETED,2024-08-24,2026-07-19,Y09,"KaushalSetu synthetic generator v2, seed 20260929",2026-09-28T12:00:00+05:30,"SYNTHETIC demo data (KaushalSetu SIH prototype): fictional entities, team-assumed numbers, not real or official statistics.",true
14d789c6-f02e-5936-9352-c2a88827022a,9efc0a15-413d-57c6-8f67-308091716493,d4f7ebc1-bd73-5f05-87b1-f094dbfdf669,COMPLETED,2024-08-01,2026-07-24,Y09,"KaushalSetu synthetic generator v2, seed 20260929",2026-09-28T12:00:00+05:30,"SYNTHETIC demo data (KaushalSetu SIH prototype): fictional entities, team-assumed numbers, not real or official statistics.",true
d82b4169-ac72-55d1-8fef-205e3a0b71b5,108a09e7-fbd5-5c93-beb9-5c76f2925d1b,d4f7ebc1-bd73-5f05-87b1-f094dbfdf669,DROPPED,2024-08-04,,Y09,"KaushalSetu synthetic generator v2, seed 20260929",2026-09-28T12:00:00+05:30,"SYNTHETIC demo data (KaushalSetu SIH prototype): fictional entities, team-assumed numbers, not real or official statistics.",true
0b84390b-589f-551b-9543-e4493d4e8b05,e735f5a6-60aa-54cc-8570-afc280062921,d4f7ebc1-bd73-5f05-87b1-f094dbfdf669,COMPLETED,2024-08-29,2026-07-16,Y09,"KaushalSetu synthetic generator v2, seed 20260929",2026-09-28T12:00:00+05:30,"SYNTHETIC demo data (KaushalSetu SIH prototype): fictional entities, team-assumed numbers, not real or official statistics.",true
4185e00e-d1d9-5721-b033-8d3ae07bb377,9629c3e1-6231-57c9-887c-6886ff7aeed4,d4f7ebc1-bd73-5f05-87b1-f094dbfdf669,COMPLETED,2024-08-22,2026-07-26,Y09,"KaushalSetu synthetic generator v2, seed 20260929",2026-09-28T12:00:00+05:30,"SYNTHETIC demo data (KaushalSetu SIH prototype): fictional entities, team-assumed numbers, not real or official statistics.",true
87559b81-2eb4-5a88-ac42-4e0cac50f925,e636a238-ec3a-56d7-aede-b4b1a4c94b89,d4f7ebc1-bd73-5f05-87b1-f094dbfdf669,COMPLETED,2024-08-27,2026-07-19,Y09,"KaushalSetu synthetic generator v2, seed 20260929",2026-09-28T12:00:00+05:30,"SYNTHETIC demo data (KaushalSetu SIH prototype): fictional entities, team-assumed numbers, not real or official statistics.",true
0c80f31f-d556-5e76-bbd7-4f9f962b2bd0,8e994fae-8862-50d2-bf09-8471fb33506a,d4f7ebc1-bd73-5f05-87b1-f094dbfdf669,COMPLETED,2024-08-26,2026-07-25,Y09,"KaushalSetu synthetic generator v2, seed 20260929",2026-09-28T12:00:00+05:30,"SYNTHETIC demo data (KaushalSetu SIH prototype): fictional entities, team-assumed numbers, not real or official statistics.",true
42c5c009-596d-5fd4-a2ed-d15ea9fae29b,844b9b04-23b7-5ab3-abd6-e9f342fa945f,d4f7ebc1-bd73-5f05-87b1-f094dbfdf669,COMPLETED,2024-08-25,2026-07-18,Y09,"KaushalSetu synthetic generator v2, seed 20260929",2026-09-28T12:00:00+05:30,"SYNTHETIC demo data (KaushalSetu SIH prototype): fictional entities, team-assumed numbers, not real or official statistics.",true
88496571-3cab-5533-9af3-b1101c99b359,4134e153-1656-597a-adc7-d667c47fc46f,d4f7ebc1-bd73-5f05-87b1-f094dbfdf669,COMPLETED,2024-08-20,2026-07-15,Y09,"KaushalSetu synthetic generator v2, seed 20260929",2026-09-28T12:00:00+05:30,"SYNTHETIC demo data (KaushalSetu SIH prototype): fictional entities, team-assumed numbers, not real or official statistics.",true
62fb5329-8213-5293-b53f-a3f24daa911d,b11546f0-5e76-5f8f-b00a-57b469e9340b,d4f7ebc1-bd73-5f05-87b1-f094dbfdf669,DROPPED,2024-08-04,,Y09,"KaushalSetu synthetic generator v2, seed 20260929",2026-09-28T12:00:00+05:30,"SYNTHETIC demo data (KaushalSetu SIH prototype): fictional entities, team-assumed numbers, not real or official statistics.",true
02e61915-344e-5c48-94ba-90b25d90b882,054eba97-194a-5877-a43f-3b4ace3bde15,d4f7ebc1-bd73-5f05-87b1-f094dbfdf669,COMPLETED,2024-08-29,2026-07-19,Y09,"KaushalSetu synthetic generator v2, seed 20260929",2026-09-28T12:00:00+05:30,"SYNTHETIC demo data (KaushalSetu SIH prototype): fictional entities, team-assumed numbers, not real or official statistics.",true
c8298d88-7089-5b4a-a955-d5d7ca8d2284,f318f872-0b50-5b62-9512-36d786cca050,d4f7ebc1-bd73-5f05-87b1-f094dbfdf669,COMPLETED,2024-08-16,2026-07-28,Y09,"KaushalSetu synthetic generator v2, seed 20260929",2026-09-28T12:00:00+05:30,"SYNTHETIC demo data (KaushalSetu SIH prototype): fictional entities, team-assumed numbers, not real or official statistics.",true
f5e08332-2be8-5ec6-a130-d68632d49670,84ee7dd7-3d60-5553-8742-a010a8f90ebb,d4f7ebc1-bd73-5f05-87b1-f094dbfdf669,COMPLETED,2024-08-15,2026-07-15,Y09,"KaushalSetu synthetic generator v2, seed 20260929",2026-09-28T12:00:00+05:30,"SYNTHETIC demo data (KaushalSetu SIH prototype): fictional entities, team-assumed numbers, not real or official statistics.",true
c18e3f1c-7890-5347-ac43-88b54d98b203,d3c54660-199e-5632-bd9b-021a5eec5612,d4f7ebc1-bd73-5f05-87b1-f094dbfdf669,COMPLETED,2024-08-30,2026-07-22,Y09,"KaushalSetu synthetic generator v2, seed 20260929",2026-09-28T12:00:00+05:30,"SYNTHETIC demo data (KaushalSetu SIH prototype): fictional entities, team-assumed numbers, not real or official statistics.",true
45bf8dad-d0f6-5ea4-bf17-e9f1bb817371,efadda75-0bc0-5d0d-a588-923285535bdb,d4f7ebc1-bd73-5f05-87b1-f094dbfdf669,COMPLETED,2024-08-24,2026-07-29,Y09,"KaushalSetu synthetic generator v2, seed 20260929",2026-09-28T12:00:00+05:30,"SYNTHETIC demo data (KaushalSetu SIH prototype): fictional entities, team-assumed numbers, not real or official statistics.",true
fceefc31-c0f5-51cd-81a6-39560ebdfc3e,2efe205e-62d5-5d24-bec9-bd2a4dc26612,d4f7ebc1-bd73-5f05-87b1-f094dbfdf669,COMPLETED,2024-08-25,2026-07-15,Y09,"KaushalSetu synthetic generator v2, seed 20260929",2026-09-28T12:00:00+05:30,"SYNTHETIC demo data (KaushalSetu SIH prototype): fictional entities, team-assumed numbers, not real or official statistics.",true
4e6dbeb7-ba1f-5a2e-8487-ab214eaaaf3e,394f018b-2036-50d7-977c-54728cae2153,d4f7ebc1-bd73-5f05-87b1-f094dbfdf669,COMPLETED,2024-08-26,2026-07-20,Y09,"KaushalSetu synthetic generator v2, seed 20260929",2026-09-28T12:00:00+05:30,"SYNTHETIC demo data (KaushalSetu SIH prototype): fictional entities, team-assumed numbers, not real or official statistics.",true
dbfbee61-ff03-5fad-92ff-9767ec535b81,1ef8a3c8-c73d-527d-89c8-f7fd19a2bb21,d4f7ebc1-bd73-5f05-87b1-f094dbfdf669,DROPPED,2024-08-18,,Y09,"KaushalSetu synthetic generator v2, seed 20260929",2026-09-28T12:00:00+05:30,"SYNTHETIC demo data (KaushalSetu SIH prototype): fictional entities, team-assumed numbers, not real or official statistics.",true
82142bff-7954-578d-a45e-6bc5c052fdb0,3f43b848-2110-524a-8231-71599a79aeb0,d4f7ebc1-bd73-5f05-87b1-f094dbfdf669,COMPLETED,2024-08-10,2026-07-21,Y09,"KaushalSetu synthetic generator v2, seed 20260929",2026-09-28T12:00:00+05:30,"SYNTHETIC demo data (KaushalSetu SIH prototype): fictional entities, team-assumed numbers, not real or official statistics.",true
839c075a-f2ab-54df-ae82-e56f7fa1921f,a243eb4c-470e-5f65-81a9-df175f66c5b0,d4f7ebc1-bd73-5f05-87b1-f094dbfdf669,COMPLETED,2024-08-11,2026-07-26,Y09,"KaushalSetu synthetic generator v2, seed 20260929",2026-09-28T12:00:00+05:30,"SYNTHETIC demo data (KaushalSetu SIH prototype): fictional entities, team-assumed numbers, not real or official statistics.",true
21dd592c-4630-55b1-8eb0-b041bcbf9508,da6d09e1-3f31-58eb-a3de-e3d4e5e31013,d4f7ebc1-bd73-5f05-87b1-f094dbfdf669,COMPLETED,2024-08-28,2026-07-30,Y09,"KaushalSetu synthetic generator v2, seed 20260929",2026-09-28T12:00:00+05:30,"SYNTHETIC demo data (KaushalSetu SIH prototype): fictional entities, team-assumed numbers, not real or official statistics.",true
8065882d-3f9e-58f9-850b-e58c5db50998,22daf059-0c5d-591a-89e6-85428a687032,d4f7ebc1-bd73-5f05-87b1-f094dbfdf669,COMPLETED,2024-08-17,2026-07-31,Y09,"KaushalSetu synthetic generator v2, seed 20260929",2026-09-28T12:00:00+05:30,"SYNTHETIC demo data (KaushalSetu SIH prototype): fictional entities, team-assumed numbers, not real or official statistics.",true
23de22cc-018a-5e05-b403-d7e59da35ffe,7467ca17-2f29-50ce-b362-5e550be75bd2,d4f7ebc1-bd73-5f05-87b1-f094dbfdf669,COMPLETED,2024-08-27,2026-07-23,Y09,"KaushalSetu synthetic generator v2, seed 20260929",2026-09-28T12:00:00+05:30,"SYNTHETIC demo data (KaushalSetu SIH prototype): fictional entities, team-assumed numbers, not real or official statistics.",true
0c40ac51-0187-56c4-b90c-042ee21742c2,c07987c2-74a1-5eb2-a06b-98316e7300d5,d4f7ebc1-bd73-5f05-87b1-f094dbfdf669,COMPLETED,2024-08-31,2026-07-28,Y09,"KaushalSetu synthetic generator v2, seed 20260929",2026-09-28T12:00:00+05:30,"SYNTHETIC demo data (KaushalSetu SIH prototype): fictional entities, team-assumed numbers, not real or official statistics.",true
0d3d2069-cdb9-5ec5-9873-c74d4cccb6f9,e6648052-84e7-53d8-b5b5-dc2acf3e4d83,d4f7ebc1-bd73-5f05-87b1-f094dbfdf669,COMPLETED,2024-08-21,2026-07-28,Y09,"KaushalSetu synthetic generator v2, seed 20260929",2026-09-28T12:00:00+05:30,"SYNTHETIC demo data (KaushalSetu SIH prototype): fictional entities, team-assumed numbers, not real or official statistics.",true
1d22e407-4527-59c1-8349-abc19c6a091b,4a11f7af-e35d-5b8b-841e-a251758b5622,d4f7ebc1-bd73-5f05-87b1-f094dbfdf669,COMPLETED,2024-08-15,2026-07-27,Y09,"KaushalSetu synthetic generator v2, seed 20260929",2026-09-28T12:00:00+05:30,"SYNTHETIC demo data (KaushalSetu SIH prototype): fictional entities, team-assumed numbers, not real or official statistics.",true
59cb8c78-1a46-5546-b73a-094860c04a71,8279a041-59e9-5951-af85-284d7e29f489,d4f7ebc1-bd73-5f05-87b1-f094dbfdf669,COMPLETED,2024-08-02,2026-07-21,Y09,"KaushalSetu synthetic generator v2, seed 20260929",2026-09-28T12:00:00+05:30,"SYNTHETIC demo data (KaushalSetu SIH prototype): fictional entities, team-assumed numbers, not real or official statistics.",true
1233e3ce-0ddc-5882-90b6-c47cd0d56696,38656b98-8fa8-5caa-81ea-47bc4d0f2983,d4f7ebc1-bd73-5f05-87b1-f094dbfdf669,COMPLETED,2024-08-08,2026-07-17,Y09,"KaushalSetu synthetic generator v2, seed 20260929",2026-09-28T12:00:00+05:30,"SYNTHETIC demo data (KaushalSetu SIH prototype): fictional entities, team-assumed numbers, not real or official statistics.",true
62d3e179-7eac-50f9-b9c3-960de2a00ebb,10ab1b7f-5687-5f83-8b80-7ac77b784499,d4f7ebc1-bd73-5f05-87b1-f094dbfdf669,COMPLETED,2024-08-21,2026-07-19,Y09,"KaushalSetu synthetic generator v2, seed 20260929",2026-09-28T12:00:00+05:30,"SYNTHETIC demo data (KaushalSetu SIH prototype): fictional entities, team-assumed numbers, not real or official statistics.",true
4ee4dae6-3772-5aca-b49c-df8f1f900124,4303f0a1-7e24-5954-9f2d-8d9fcd4f3f81,d4f7ebc1-bd73-5f05-87b1-f094dbfdf669,COMPLETED,2024-08-20,2026-07-26,Y09,"KaushalSetu synthetic generator v2, seed 20260929",2026-09-28T12:00:00+05:30,"SYNTHETIC demo data (KaushalSetu SIH prototype): fictional entities, team-assumed numbers, not real or official statistics.",true
cebe18ca-e681-53cc-9fd0-b41235373f7e,e32aba3f-b80d-5723-a718-dcd7154d86bc,d4f7ebc1-bd73-5f05-87b1-f094dbfdf669,DROPPED,2024-08-30,,Y09,"KaushalSetu synthetic generator v2, seed 20260929",2026-09-28T12:00:00+05:30,"SYNTHETIC demo data (KaushalSetu SIH prototype): fictional entities, team-assumed numbers, not real or official statistics.",true
90cf0960-a728-506b-b0fe-d1c7af8ee035,505faf68-b5c9-5026-8829-d4f4c5ba0a5f,d4f7ebc1-bd73-5f05-87b1-f094dbfdf669,COMPLETED,2024-08-07,2026-07-22,Y09,"KaushalSetu synthetic generator v2, seed 20260929",2026-09-28T12:00:00+05:30,"SYNTHETIC demo data (KaushalSetu SIH prototype): fictional entities, team-assumed numbers, not real or official statistics.",true
ea14bcb7-6076-54bd-b8f4-ef3e5104a98e,8056c38f-604f-50c8-b39e-459b50dcc57b,d4f7ebc1-bd73-5f05-87b1-f094dbfdf669,COMPLETED,2024-08-06,2026-07-31,Y09,"KaushalSetu synthetic generator v2, seed 20260929",2026-09-28T12:00:00+05:30,"SYNTHETIC demo data (KaushalSetu SIH prototype): fictional entities, team-assumed numbers, not real or official statistics.",true
3b008e85-ee03-566d-a815-95a8af7b966b,ceec55db-9a65-5d5a-ab02-14ce9b7853ea,d4f7ebc1-bd73-5f05-87b1-f094dbfdf669,COMPLETED,2024-08-17,2026-07-28,Y09,"KaushalSetu synthetic generator v2, seed 20260929",2026-09-28T12:00:00+05:30,"SYNTHETIC demo data (KaushalSetu SIH prototype): fictional entities, team-assumed numbers, not real or official statistics.",true
d9d79dc6-e773-53d1-9d5a-3012d727a71f,b9e2bf52-0f03-50eb-a438-cb188b1524c4,d4f7ebc1-bd73-5f05-87b1-f094dbfdf669,COMPLETED,2024-08-15,2026-07-19,Y09,"KaushalSetu synthetic generator v2, seed 20260929",2026-09-28T12:00:00+05:30,"SYNTHETIC demo data (KaushalSetu SIH prototype): fictional entities, team-assumed numbers, not real or official statistics.",true
75288e77-d69c-519f-8eff-db8350a1701c,75709375-4ec9-5e9f-b004-b9b5bb6f077c,d4f7ebc1-bd73-5f05-87b1-f094dbfdf669,COMPLETED,2024-08-20,2026-07-20,Y09,"KaushalSetu synthetic generator v2, seed 20260929",2026-09-28T12:00:00+05:30,"SYNTHETIC demo data (KaushalSetu SIH prototype): fictional entities, team-assumed numbers, not real or official statistics.",true
2338f777-dec9-5ae5-b2d9-483e913f7e5f,29229da8-ec1e-5240-a019-bd3d6119a5e3,d4f7ebc1-bd73-5f05-87b1-f094dbfdf669,COMPLETED,2024-08-20,2026-07-27,Y09,"KaushalSetu synthetic generator v2, seed 20260929",2026-09-28T12:00:00+05:30,"SYNTHETIC demo data (KaushalSetu SIH prototype): fictional entities, team-assumed numbers, not real or official statistics.",true
161a280b-5d5c-58c3-b985-597ef89beb37,558d9956-1ea4-58d7-a1fd-fec88650c96f,d4f7ebc1-bd73-5f05-87b1-f094dbfdf669,COMPLETED,2024-08-02,2026-07-20,Y09,"KaushalSetu synthetic generator v2, seed 20260929",2026-09-28T12:00:00+05:30,"SYNTHETIC demo data (KaushalSetu SIH prototype): fictional entities, team-assumed numbers, not real or official statistics.",true
6490a931-974a-553c-8315-b38c941e9af6,fc2e1824-8c59-5e3d-9519-403663543b53,d4f7ebc1-bd73-5f05-87b1-f094dbfdf669,COMPLETED,2024-08-28,2026-07-17,Y09,"KaushalSetu synthetic generator v2, seed 20260929",2026-09-28T12:00:00+05:30,"SYNTHETIC demo data (KaushalSetu SIH prototype): fictional entities, team-assumed numbers, not real or official statistics.",true
ed09e454-e7c8-53bd-ae76-9fef41bbc27f,9f5d6416-43f9-582f-b356-513fc974d942,d4f7ebc1-bd73-5f05-87b1-f094dbfdf669,COMPLETED,2024-08-09,2026-07-24,Y09,"KaushalSetu synthetic generator v2, seed 20260929",2026-09-28T12:00:00+05:30,"SYNTHETIC demo data (KaushalSetu SIH prototype): fictional entities, team-assumed numbers, not real or official statistics.",true
1e472859-851c-5875-b514-798846aa20cd,c76359a9-1a0f-5880-97ef-98a13b201740,d4f7ebc1-bd73-5f05-87b1-f094dbfdf669,COMPLETED,2024-08-10,2026-07-17,Y09,"KaushalSetu synthetic generator v2, seed 20260929",2026-09-28T12:00:00+05:30,"SYNTHETIC demo data (KaushalSetu SIH prototype): fictional entities, team-assumed numbers, not real or official statistics.",true
9207b921-8128-511f-97ab-00631c0bf787,ac567b3c-7061-5cc1-bf2e-21304a4a973a,d4f7ebc1-bd73-5f05-87b1-f094dbfdf669,COMPLETED,2024-08-30,2026-07-30,Y09,"KaushalSetu synthetic generator v2, seed 20260929",2026-09-28T12:00:00+05:30,"SYNTHETIC demo data (KaushalSetu SIH prototype): fictional entities, team-assumed numbers, not real or official statistics.",true
f2b65d4c-062f-5159-8d3f-f32d92e8ed1e,071a7ae8-32ad-5194-b68c-182254f99d9c,d4f7ebc1-bd73-5f05-87b1-f094dbfdf669,DROPPED,2024-08-31,,Y09,"KaushalSetu synthetic generator v2, seed 20260929",2026-09-28T12:00:00+05:30,"SYNTHETIC demo data (KaushalSetu SIH prototype): fictional entities, team-assumed numbers, not real or official statistics.",true
94f238a2-6023-576b-93f8-a82d431228c9,e605ea01-0212-582c-8308-94209763b522,d4f7ebc1-bd73-5f05-87b1-f094dbfdf669,COMPLETED,2024-08-24,2026-07-27,Y09,"KaushalSetu synthetic generator v2, seed 20260929",2026-09-28T12:00:00+05:30,"SYNTHETIC demo data (KaushalSetu SIH prototype): fictional entities, team-assumed numbers, not real or official statistics.",true
5a0c23b0-0ad3-5a99-b0a2-95c4b635a854,d392e611-6dff-5202-b49a-a284df693d2d,d4f7ebc1-bd73-5f05-87b1-f094dbfdf669,COMPLETED,2024-08-31,2026-07-20,Y09,"KaushalSetu synthetic generator v2, seed 20260929",2026-09-28T12:00:00+05:30,"SYNTHETIC demo data (KaushalSetu SIH prototype): fictional entities, team-assumed numbers, not real or official statistics.",true
9315aa8e-6767-5ec8-aa58-d6f6191d4f51,f9ad1512-085c-502f-93ac-560d041c83d0,d4f7ebc1-bd73-5f05-87b1-f094dbfdf669,COMPLETED,2024-08-22,2026-07-27,Y09,"KaushalSetu synthetic generator v2, seed 20260929",2026-09-28T12:00:00+05:30,"SYNTHETIC demo data (KaushalSetu SIH prototype): fictional entities, team-assumed numbers, not real or official statistics.",true
fe4106fa-e043-52eb-bfe4-103b8b89e66f,8a849441-4b84-59ac-8521-b1b92b2dbc8a,d4f7ebc1-bd73-5f05-87b1-f094dbfdf669,COMPLETED,2024-08-14,2026-07-19,Y09,"KaushalSetu synthetic generator v2, seed 20260929",2026-09-28T12:00:00+05:30,"SYNTHETIC demo data (KaushalSetu SIH prototype): fictional entities, team-assumed numbers, not real or official statistics.",true
ce2102a0-6c96-5a18-9602-1b50c4e63323,37e3099e-7ace-5dc3-9ba8-8c4d172ccdd1,d4f7ebc1-bd73-5f05-87b1-f094dbfdf669,COMPLETED,2024-08-09,2026-07-17,Y09,"KaushalSetu synthetic generator v2, seed 20260929",2026-09-28T12:00:00+05:30,"SYNTHETIC demo data (KaushalSetu SIH prototype): fictional entities, team-assumed numbers, not real or official statistics.",true
68ed0bd9-624a-521b-823c-ebb059de7e44,ee5b4a99-d273-584f-b8fd-61e0f0025d78,d4f7ebc1-bd73-5f05-87b1-f094dbfdf669,COMPLETED,2024-08-19,2026-07-22,Y09,"KaushalSetu synthetic generator v2, seed 20260929",2026-09-28T12:00:00+05:30,"SYNTHETIC demo data (KaushalSetu SIH prototype): fictional entities, team-assumed numbers, not real or official statistics.",true
45d901d1-e10b-5237-ad89-83fa354d0995,61bb644e-cc76-59f9-97a5-7bd76564b1b7,d4f7ebc1-bd73-5f05-87b1-f094dbfdf669,COMPLETED,2024-08-13,2026-07-30,Y09,"KaushalSetu synthetic generator v2, seed 20260929",2026-09-28T12:00:00+05:30,"SYNTHETIC demo data (KaushalSetu SIH prototype): fictional entities, team-assumed numbers, not real or official statistics.",true
bd89e2bf-e950-5966-80dd-612edc6f4460,77e53491-ef50-5b7d-b792-11b54586dd17,d4f7ebc1-bd73-5f05-87b1-f094dbfdf669,COMPLETED,2024-08-06,2026-07-29,Y09,"KaushalSetu synthetic generator v2, seed 20260929",2026-09-28T12:00:00+05:30,"SYNTHETIC demo data (KaushalSetu SIH prototype): fictional entities, team-assumed numbers, not real or official statistics.",true
08e56eb4-c5a6-5ace-ba53-a45b0d68986c,a330196b-9ea7-53e5-8fb1-5191c78dc49a,d4f7ebc1-bd73-5f05-87b1-f094dbfdf669,COMPLETED,2024-08-08,2026-07-29,Y09,"KaushalSetu synthetic generator v2, seed 20260929",2026-09-28T12:00:00+05:30,"SYNTHETIC demo data (KaushalSetu SIH prototype): fictional entities, team-assumed numbers, not real or official statistics.",true
7d0f66fa-cfdd-5270-96f7-4d1c306228aa,e3dc5f1b-849c-590d-858c-e817330b81ed,d4f7ebc1-bd73-5f05-87b1-f094dbfdf669,COMPLETED,2024-08-27,2026-07-28,Y09,"KaushalSetu synthetic generator v2, seed 20260929",2026-09-28T12:00:00+05:30,"SYNTHETIC demo data (KaushalSetu SIH prototype): fictional entities, team-assumed numbers, not real or official statistics.",true
047ce85e-a106-5fb5-9b84-f0fc3d36a479,7842de36-f498-55de-aeb3-b1e98fed9793,d4f7ebc1-bd73-5f05-87b1-f094dbfdf669,COMPLETED,2024-08-01,2026-07-21,Y09,"KaushalSetu synthetic generator v2, seed 20260929",2026-09-28T12:00:00+05:30,"SYNTHETIC demo data (KaushalSetu SIH prototype): fictional entities, team-assumed numbers, not real or official statistics.",true
dce26dcd-bcdc-5430-96aa-0f91310fef8a,f3fbea58-a78b-5ba2-ad23-ff8f7723ea16,d4f7ebc1-bd73-5f05-87b1-f094dbfdf669,COMPLETED,2024-08-14,2026-07-21,Y09,"KaushalSetu synthetic generator v2, seed 20260929",2026-09-28T12:00:00+05:30,"SYNTHETIC demo data (KaushalSetu SIH prototype): fictional entities, team-assumed numbers, not real or official statistics.",true
0ea7bfcb-0995-5c2b-8344-2c969d521b90,280648aa-8dc3-5916-89bd-177e51130242,36b4c2e5-1855-5257-aba0-fe1e329a222c,COMPLETED,2023-08-12,2025-07-15,Y09,"KaushalSetu synthetic generator v2, seed 20260929",2026-09-28T12:00:00+05:30,"SYNTHETIC demo data (KaushalSetu SIH prototype): fictional entities, team-assumed numbers, not real or official statistics.",true
4d014dfc-2384-504c-a984-d7bf8e92e04c,6db76935-d8c5-5ef1-a0b7-8cea694d0c69,36b4c2e5-1855-5257-aba0-fe1e329a222c,COMPLETED,2023-08-09,2025-07-24,Y09,"KaushalSetu synthetic generator v2, seed 20260929",2026-09-28T12:00:00+05:30,"SYNTHETIC demo data (KaushalSetu SIH prototype): fictional entities, team-assumed numbers, not real or official statistics.",true
418eadb9-6984-5632-a32b-e09cc82c1741,037e62d6-52e7-5cd8-ba7f-104e837da3f2,36b4c2e5-1855-5257-aba0-fe1e329a222c,COMPLETED,2023-08-10,2025-07-18,Y09,"KaushalSetu synthetic generator v2, seed 20260929",2026-09-28T12:00:00+05:30,"SYNTHETIC demo data (KaushalSetu SIH prototype): fictional entities, team-assumed numbers, not real or official statistics.",true
aef98a0a-1957-5a3e-ab03-66ea4fc548de,337d0114-5cb3-5b2e-89b7-ef839573743f,36b4c2e5-1855-5257-aba0-fe1e329a222c,COMPLETED,2023-08-21,2025-07-20,Y09,"KaushalSetu synthetic generator v2, seed 20260929",2026-09-28T12:00:00+05:30,"SYNTHETIC demo data (KaushalSetu SIH prototype): fictional entities, team-assumed numbers, not real or official statistics.",true
598bd0dc-63fd-5625-91d4-6c3e2cec28f9,bdc7f93e-4eed-5f9e-b4d7-d5c04237fd1a,36b4c2e5-1855-5257-aba0-fe1e329a222c,COMPLETED,2023-08-01,2025-07-18,Y09,"KaushalSetu synthetic generator v2, seed 20260929",2026-09-28T12:00:00+05:30,"SYNTHETIC demo data (KaushalSetu SIH prototype): fictional entities, team-assumed numbers, not real or official statistics.",true
5937a472-52a7-50a4-834f-f58da392dab0,d678218e-80d3-5af3-b088-03025889465b,36b4c2e5-1855-5257-aba0-fe1e329a222c,DROPPED,2023-08-25,,Y09,"KaushalSetu synthetic generator v2, seed 20260929",2026-09-28T12:00:00+05:30,"SYNTHETIC demo data (KaushalSetu SIH prototype): fictional entities, team-assumed numbers, not real or official statistics.",true
905336e7-f316-5e20-a50b-5236367e68ff,31a19759-6359-5a16-8906-1db375aac5fe,36b4c2e5-1855-5257-aba0-fe1e329a222c,COMPLETED,2023-08-16,2025-07-24,Y09,"KaushalSetu synthetic generator v2, seed 20260929",2026-09-28T12:00:00+05:30,"SYNTHETIC demo data (KaushalSetu SIH prototype): fictional entities, team-assumed numbers, not real or official statistics.",true
044323a0-bd66-5195-bb0a-9ef0ca7bd983,937c19f4-66d8-5769-a2c8-d981af6da987,36b4c2e5-1855-5257-aba0-fe1e329a222c,COMPLETED,2023-08-17,2025-07-24,Y09,"KaushalSetu synthetic generator v2, seed 20260929",2026-09-28T12:00:00+05:30,"SYNTHETIC demo data (KaushalSetu SIH prototype): fictional entities, team-assumed numbers, not real or official statistics.",true
aa820c6b-33b4-58c4-b860-fb6bbdfa3d80,3c7d337b-c54e-57f9-a6ba-ad4aaf2df4b9,36b4c2e5-1855-5257-aba0-fe1e329a222c,COMPLETED,2023-08-26,2025-07-17,Y09,"KaushalSetu synthetic generator v2, seed 20260929",2026-09-28T12:00:00+05:30,"SYNTHETIC demo data (KaushalSetu SIH prototype): fictional entities, team-assumed numbers, not real or official statistics.",true
1e89daa6-f143-58c2-92bd-5f8684b082f3,9fe0bde7-0f4e-51ae-80ac-dc5ffab5447b,36b4c2e5-1855-5257-aba0-fe1e329a222c,COMPLETED,2023-08-12,2025-07-30,Y09,"KaushalSetu synthetic generator v2, seed 20260929",2026-09-28T12:00:00+05:30,"SYNTHETIC demo data (KaushalSetu SIH prototype): fictional entities, team-assumed numbers, not real or official statistics.",true
641a4135-8005-59e0-a804-19adbc288de5,0098663a-5cdf-5b15-ae72-e8a766c26b66,36b4c2e5-1855-5257-aba0-fe1e329a222c,COMPLETED,2023-08-07,2025-07-19,Y09,"KaushalSetu synthetic generator v2, seed 20260929",2026-09-28T12:00:00+05:30,"SYNTHETIC demo data (KaushalSetu SIH prototype): fictional entities, team-assumed numbers, not real or official statistics.",true
2acd58fa-f5bb-59c1-98e7-de9a06add2f2,ef6c8b06-d3ea-5d36-a103-5ccd917ee3e8,36b4c2e5-1855-5257-aba0-fe1e329a222c,DROPPED,2023-08-19,,Y09,"KaushalSetu synthetic generator v2, seed 20260929",2026-09-28T12:00:00+05:30,"SYNTHETIC demo data (KaushalSetu SIH prototype): fictional entities, team-assumed numbers, not real or official statistics.",true
07427ec3-b6ad-5627-8f7c-dc252e34c2a2,60c2c6fa-fd0f-5ca5-a074-da04f96fba11,36b4c2e5-1855-5257-aba0-fe1e329a222c,COMPLETED,2023-08-18,2025-07-26,Y09,"KaushalSetu synthetic generator v2, seed 20260929",2026-09-28T12:00:00+05:30,"SYNTHETIC demo data (KaushalSetu SIH prototype): fictional entities, team-assumed numbers, not real or official statistics.",true
3055625a-039a-5718-8fc7-66e7a7e42fee,5d9358ad-a7ec-53a2-9819-d9cedc799f03,36b4c2e5-1855-5257-aba0-fe1e329a222c,COMPLETED,2023-08-21,2025-07-16,Y09,"KaushalSetu synthetic generator v2, seed 20260929",2026-09-28T12:00:00+05:30,"SYNTHETIC demo data (KaushalSetu SIH prototype): fictional entities, team-assumed numbers, not real or official statistics.",true
d434a4cb-cac7-5d8d-bb14-5ec1d255b6cb,7776da1e-7e02-5f85-93f6-2d2128c46a26,36b4c2e5-1855-5257-aba0-fe1e329a222c,COMPLETED,2023-08-08,2025-07-26,Y09,"KaushalSetu synthetic generator v2, seed 20260929",2026-09-28T12:00:00+05:30,"SYNTHETIC demo data (KaushalSetu SIH prototype): fictional entities, team-assumed numbers, not real or official statistics.",true
0b1823e2-c75a-5618-9a9d-6d8e3bcdfcf3,b2598e47-18ea-528c-bbf8-61293f45d1d9,36b4c2e5-1855-5257-aba0-fe1e329a222c,COMPLETED,2023-08-02,2025-07-26,Y09,"KaushalSetu synthetic generator v2, seed 20260929",2026-09-28T12:00:00+05:30,"SYNTHETIC demo data (KaushalSetu SIH prototype): fictional entities, team-assumed numbers, not real or official statistics.",true
67462a46-7268-5f54-b0f6-87913a903c89,6749bbe2-2359-5f0f-9114-f9f669cdeb42,36b4c2e5-1855-5257-aba0-fe1e329a222c,COMPLETED,2023-08-31,2025-07-21,Y09,"KaushalSetu synthetic generator v2, seed 20260929",2026-09-28T12:00:00+05:30,"SYNTHETIC demo data (KaushalSetu SIH prototype): fictional entities, team-assumed numbers, not real or official statistics.",true
2402dcaa-dbc4-5279-b59d-9d2f18bfb89c,3b35927a-11d5-57a5-90f9-e9fa4b6fda7a,36b4c2e5-1855-5257-aba0-fe1e329a222c,COMPLETED,2023-08-10,2025-07-22,Y09,"KaushalSetu synthetic generator v2, seed 20260929",2026-09-28T12:00:00+05:30,"SYNTHETIC demo data (KaushalSetu SIH prototype): fictional entities, team-assumed numbers, not real or official statistics.",true
db867ab5-5386-5099-8222-dffdc5afae73,18b706db-8da0-58fe-b7f4-4226f19ea4a6,36b4c2e5-1855-5257-aba0-fe1e329a222c,COMPLETED,2023-08-09,2025-07-24,Y09,"KaushalSetu synthetic generator v2, seed 20260929",2026-09-28T12:00:00+05:30,"SYNTHETIC demo data (KaushalSetu SIH prototype): fictional entities, team-assumed numbers, not real or official statistics.",true
0ac63d3e-d259-5de8-a310-54d82028fa96,974a6900-ac7f-59f6-9ce5-a86d7a6c50d9,36b4c2e5-1855-5257-aba0-fe1e329a222c,DROPPED,2023-08-30,,Y09,"KaushalSetu synthetic generator v2, seed 20260929",2026-09-28T12:00:00+05:30,"SYNTHETIC demo data (KaushalSetu SIH prototype): fictional entities, team-assumed numbers, not real or official statistics.",true
231d2c7b-757e-558c-af8a-a4fa5a27d8b3,61f54d59-9e50-5153-bd00-feffe05ff4f7,36b4c2e5-1855-5257-aba0-fe1e329a222c,DROPPED,2023-08-08,,Y09,"KaushalSetu synthetic generator v2, seed 20260929",2026-09-28T12:00:00+05:30,"SYNTHETIC demo data (KaushalSetu SIH prototype): fictional entities, team-assumed numbers, not real or official statistics.",true
2634081d-4607-5690-b1b3-d33d26bfa6de,a04bc76f-8bd4-50c5-803a-373746e0c777,36b4c2e5-1855-5257-aba0-fe1e329a222c,COMPLETED,2023-08-14,2025-07-30,Y09,"KaushalSetu synthetic generator v2, seed 20260929",2026-09-28T12:00:00+05:30,"SYNTHETIC demo data (KaushalSetu SIH prototype): fictional entities, team-assumed numbers, not real or official statistics.",true
652716fb-b4ac-51a3-882d-bee957fe5d8e,ef6abefe-744e-5083-a9cc-1e5bd5f47eb2,36b4c2e5-1855-5257-aba0-fe1e329a222c,COMPLETED,2023-08-07,2025-07-17,Y09,"KaushalSetu synthetic generator v2, seed 20260929",2026-09-28T12:00:00+05:30,"SYNTHETIC demo data (KaushalSetu SIH prototype): fictional entities, team-assumed numbers, not real or official statistics.",true
79f4cb15-e862-57c9-9fa8-c7084f0c5e05,ea84dd32-6afb-5c59-81a5-b626946e2d02,36b4c2e5-1855-5257-aba0-fe1e329a222c,COMPLETED,2023-08-07,2025-07-26,Y09,"KaushalSetu synthetic generator v2, seed 20260929",2026-09-28T12:00:00+05:30,"SYNTHETIC demo data (KaushalSetu SIH prototype): fictional entities, team-assumed numbers, not real or official statistics.",true
d7f29972-a129-5032-b7b9-d9062be5063f,f42a8406-4e19-5984-8a0e-3a0bf04bf5ac,36b4c2e5-1855-5257-aba0-fe1e329a222c,COMPLETED,2023-08-02,2025-07-23,Y09,"KaushalSetu synthetic generator v2, seed 20260929",2026-09-28T12:00:00+05:30,"SYNTHETIC demo data (KaushalSetu SIH prototype): fictional entities, team-assumed numbers, not real or official statistics.",true
bcba0e88-ee26-53e0-9efa-16d1e82520a8,65b6dc8d-72fe-5350-b0f6-6fc13e611a7f,36b4c2e5-1855-5257-aba0-fe1e329a222c,COMPLETED,2023-08-14,2025-07-27,Y09,"KaushalSetu synthetic generator v2, seed 20260929",2026-09-28T12:00:00+05:30,"SYNTHETIC demo data (KaushalSetu SIH prototype): fictional entities, team-assumed numbers, not real or official statistics.",true
002cb75a-915f-5de4-a980-322328b285aa,d0347f00-45b5-5bfe-9516-ed7818bb0625,36b4c2e5-1855-5257-aba0-fe1e329a222c,DROPPED,2023-08-10,,Y09,"KaushalSetu synthetic generator v2, seed 20260929",2026-09-28T12:00:00+05:30,"SYNTHETIC demo data (KaushalSetu SIH prototype): fictional entities, team-assumed numbers, not real or official statistics.",true
37662801-4659-59cb-9ee7-3ca7c1b697fb,1781c1bf-afd7-56e1-ad53-8360e8d1523d,36b4c2e5-1855-5257-aba0-fe1e329a222c,COMPLETED,2023-08-07,2025-07-15,Y09,"KaushalSetu synthetic generator v2, seed 20260929",2026-09-28T12:00:00+05:30,"SYNTHETIC demo data (KaushalSetu SIH prototype): fictional entities, team-assumed numbers, not real or official statistics.",true
941ffa63-5af1-5c09-8108-fc62b45258c4,db12d02e-de85-57be-969a-bcefffec3c17,36b4c2e5-1855-5257-aba0-fe1e329a222c,COMPLETED,2023-08-27,2025-07-30,Y09,"KaushalSetu synthetic generator v2, seed 20260929",2026-09-28T12:00:00+05:30,"SYNTHETIC demo data (KaushalSetu SIH prototype): fictional entities, team-assumed numbers, not real or official statistics.",true
7a564bfa-f8ed-58ad-866d-ddeec64a2cf3,ffffc3d6-7f74-5347-ae7e-8f7416c45c98,36b4c2e5-1855-5257-aba0-fe1e329a222c,COMPLETED,2023-08-05,2025-07-20,Y09,"KaushalSetu synthetic generator v2, seed 20260929",2026-09-28T12:00:00+05:30,"SYNTHETIC demo data (KaushalSetu SIH prototype): fictional entities, team-assumed numbers, not real or official statistics.",true
500f11ae-141d-552d-9d7e-1a39b73e4588,1877b4a3-ecfd-51c8-9f3d-2805fc207583,36b4c2e5-1855-5257-aba0-fe1e329a222c,COMPLETED,2023-08-03,2025-07-28,Y09,"KaushalSetu synthetic generator v2, seed 20260929",2026-09-28T12:00:00+05:30,"SYNTHETIC demo data (KaushalSetu SIH prototype): fictional entities, team-assumed numbers, not real or official statistics.",true
4c32d71f-7c4c-58ac-85e6-426b3068a433,afce2df4-645b-5bde-a8f7-13e81e292188,36b4c2e5-1855-5257-aba0-fe1e329a222c,COMPLETED,2023-08-08,2025-07-16,Y09,"KaushalSetu synthetic generator v2, seed 20260929",2026-09-28T12:00:00+05:30,"SYNTHETIC demo data (KaushalSetu SIH prototype): fictional entities, team-assumed numbers, not real or official statistics.",true
b2e733a0-da3a-5d2b-8382-551e4bc33942,1c64ce79-c518-52a1-9fcb-65b6f8d65fe0,36b4c2e5-1855-5257-aba0-fe1e329a222c,COMPLETED,2023-08-21,2025-07-19,Y09,"KaushalSetu synthetic generator v2, seed 20260929",2026-09-28T12:00:00+05:30,"SYNTHETIC demo data (KaushalSetu SIH prototype): fictional entities, team-assumed numbers, not real or official statistics.",true
b64ff83a-61cd-5e46-a5f9-3878f0eaf5c7,25e0b5c3-863e-5de8-bc1e-1de883f88eba,36b4c2e5-1855-5257-aba0-fe1e329a222c,COMPLETED,2023-08-26,2025-07-22,Y09,"KaushalSetu synthetic generator v2, seed 20260929",2026-09-28T12:00:00+05:30,"SYNTHETIC demo data (KaushalSetu SIH prototype): fictional entities, team-assumed numbers, not real or official statistics.",true
bc8b97da-9ccb-5e6f-8dd2-6e000d743e67,99ab5fed-12a3-5815-851b-69b12da3c772,36b4c2e5-1855-5257-aba0-fe1e329a222c,COMPLETED,2023-08-03,2025-07-16,Y09,"KaushalSetu synthetic generator v2, seed 20260929",2026-09-28T12:00:00+05:30,"SYNTHETIC demo data (KaushalSetu SIH prototype): fictional entities, team-assumed numbers, not real or official statistics.",true
2d338788-f1fb-59cb-8112-c3b5d8b985d1,7719e3ce-2a54-5169-a042-7aa49a5e57c0,36b4c2e5-1855-5257-aba0-fe1e329a222c,COMPLETED,2023-08-04,2025-07-22,Y09,"KaushalSetu synthetic generator v2, seed 20260929",2026-09-28T12:00:00+05:30,"SYNTHETIC demo data (KaushalSetu SIH prototype): fictional entities, team-assumed numbers, not real or official statistics.",true
9217244c-b5ec-535b-8725-ef6d04c290e4,94aa3bc6-86d1-58af-a09e-1c6e05f7af39,8005f6ab-b565-5f6a-a2d6-6c12a32e3b97,COMPLETED,2024-08-08,2026-07-20,Y09,"KaushalSetu synthetic generator v2, seed 20260929",2026-09-28T12:00:00+05:30,"SYNTHETIC demo data (KaushalSetu SIH prototype): fictional entities, team-assumed numbers, not real or official statistics.",true
a390e611-f55d-51e4-9d10-e63d9761fee5,e233e2e5-d349-5de0-aa73-c10e1f63f8f6,8005f6ab-b565-5f6a-a2d6-6c12a32e3b97,COMPLETED,2024-08-02,2026-07-22,Y09,"KaushalSetu synthetic generator v2, seed 20260929",2026-09-28T12:00:00+05:30,"SYNTHETIC demo data (KaushalSetu SIH prototype): fictional entities, team-assumed numbers, not real or official statistics.",true
a8a03e97-46f4-5006-b236-09e6a265c576,2a8568d5-6b0c-5cdb-bdc4-cd3c03950c37,8005f6ab-b565-5f6a-a2d6-6c12a32e3b97,COMPLETED,2024-08-20,2026-07-29,Y09,"KaushalSetu synthetic generator v2, seed 20260929",2026-09-28T12:00:00+05:30,"SYNTHETIC demo data (KaushalSetu SIH prototype): fictional entities, team-assumed numbers, not real or official statistics.",true
5a213b20-c2ef-5fcf-a043-3908775aebaf,f6b31b00-c9c6-55f3-b1c4-f349c570b3e3,8005f6ab-b565-5f6a-a2d6-6c12a32e3b97,COMPLETED,2024-08-28,2026-07-26,Y09,"KaushalSetu synthetic generator v2, seed 20260929",2026-09-28T12:00:00+05:30,"SYNTHETIC demo data (KaushalSetu SIH prototype): fictional entities, team-assumed numbers, not real or official statistics.",true
c3d71c3d-e226-5998-9856-cd9694cf0dc8,198cf439-e429-5fc0-b8fa-63bc0c21a2cd,8005f6ab-b565-5f6a-a2d6-6c12a32e3b97,COMPLETED,2024-08-14,2026-07-28,Y09,"KaushalSetu synthetic generator v2, seed 20260929",2026-09-28T12:00:00+05:30,"SYNTHETIC demo data (KaushalSetu SIH prototype): fictional entities, team-assumed numbers, not real or official statistics.",true
177c22a8-dd8b-53cc-8293-3a3bca11d8a2,01c1540a-b759-5427-a136-d77b0d4b6061,8005f6ab-b565-5f6a-a2d6-6c12a32e3b97,DROPPED,2024-08-23,,Y09,"KaushalSetu synthetic generator v2, seed 20260929",2026-09-28T12:00:00+05:30,"SYNTHETIC demo data (KaushalSetu SIH prototype): fictional entities, team-assumed numbers, not real or official statistics.",true
7d33953b-24d9-51db-84af-8e1133d8b135,e5ec97be-e460-5d60-a65e-0fc050b27fd8,8005f6ab-b565-5f6a-a2d6-6c12a32e3b97,COMPLETED,2024-08-01,2026-07-16,Y09,"KaushalSetu synthetic generator v2, seed 20260929",2026-09-28T12:00:00+05:30,"SYNTHETIC demo data (KaushalSetu SIH prototype): fictional entities, team-assumed numbers, not real or official statistics.",true
247960b8-6c26-5bac-a901-498f51eccd92,25f566e1-1fc0-5000-b56d-2cc07e8d6057,8005f6ab-b565-5f6a-a2d6-6c12a32e3b97,COMPLETED,2024-08-05,2026-07-15,Y09,"KaushalSetu synthetic generator v2, seed 20260929",2026-09-28T12:00:00+05:30,"SYNTHETIC demo data (KaushalSetu SIH prototype): fictional entities, team-assumed numbers, not real or official statistics.",true
3cda34b8-d43c-58e1-8973-55a8a2f9a83a,a6e87469-f202-519f-a397-bd0373df60d6,8005f6ab-b565-5f6a-a2d6-6c12a32e3b97,COMPLETED,2024-08-12,2026-07-23,Y09,"KaushalSetu synthetic generator v2, seed 20260929",2026-09-28T12:00:00+05:30,"SYNTHETIC demo data (KaushalSetu SIH prototype): fictional entities, team-assumed numbers, not real or official statistics.",true
77dc95c8-90bb-5090-9d28-4b5b03ed8e06,8261ae4a-fc95-5b4a-b7eb-8d0e77d7c56c,8005f6ab-b565-5f6a-a2d6-6c12a32e3b97,DROPPED,2024-08-31,,Y09,"KaushalSetu synthetic generator v2, seed 20260929",2026-09-28T12:00:00+05:30,"SYNTHETIC demo data (KaushalSetu SIH prototype): fictional entities, team-assumed numbers, not real or official statistics.",true
529140b1-2b5b-51e1-94ef-51ea7087c0f9,bc7ba141-5ae7-544a-b641-963a45c6c79d,8005f6ab-b565-5f6a-a2d6-6c12a32e3b97,COMPLETED,2024-08-12,2026-07-28,Y09,"KaushalSetu synthetic generator v2, seed 20260929",2026-09-28T12:00:00+05:30,"SYNTHETIC demo data (KaushalSetu SIH prototype): fictional entities, team-assumed numbers, not real or official statistics.",true
9e550cdd-49bb-5cc7-a996-4075f8260eaa,27e9fe4f-2b91-50ff-b164-3f81ef6a16b9,8005f6ab-b565-5f6a-a2d6-6c12a32e3b97,COMPLETED,2024-08-19,2026-07-16,Y09,"KaushalSetu synthetic generator v2, seed 20260929",2026-09-28T12:00:00+05:30,"SYNTHETIC demo data (KaushalSetu SIH prototype): fictional entities, team-assumed numbers, not real or official statistics.",true
c1424df0-e16f-55d7-8371-ce89d4cb8823,1c9f3c0d-c643-5f21-b9cb-46e87a3b6994,8005f6ab-b565-5f6a-a2d6-6c12a32e3b97,COMPLETED,2024-08-19,2026-07-29,Y09,"KaushalSetu synthetic generator v2, seed 20260929",2026-09-28T12:00:00+05:30,"SYNTHETIC demo data (KaushalSetu SIH prototype): fictional entities, team-assumed numbers, not real or official statistics.",true
a4f6948e-21e3-5ccd-ad98-68fa35521f82,3d384e57-665f-5358-b2c3-cfcad3ad48f4,8005f6ab-b565-5f6a-a2d6-6c12a32e3b97,COMPLETED,2024-08-05,2026-07-21,Y09,"KaushalSetu synthetic generator v2, seed 20260929",2026-09-28T12:00:00+05:30,"SYNTHETIC demo data (KaushalSetu SIH prototype): fictional entities, team-assumed numbers, not real or official statistics.",true
96fd599b-6315-50d1-8e1b-9ce1dd9ced72,431f0b69-55a9-54b6-a72f-07f8f933a55a,8005f6ab-b565-5f6a-a2d6-6c12a32e3b97,COMPLETED,2024-08-10,2026-07-30,Y09,"KaushalSetu synthetic generator v2, seed 20260929",2026-09-28T12:00:00+05:30,"SYNTHETIC demo data (KaushalSetu SIH prototype): fictional entities, team-assumed numbers, not real or official statistics.",true
0a50c2e1-0f0d-53d8-987c-d49083f2eacd,91f60ff6-fce5-5d4f-b29d-2d3cf5de12e2,8005f6ab-b565-5f6a-a2d6-6c12a32e3b97,COMPLETED,2024-08-06,2026-07-25,Y09,"KaushalSetu synthetic generator v2, seed 20260929",2026-09-28T12:00:00+05:30,"SYNTHETIC demo data (KaushalSetu SIH prototype): fictional entities, team-assumed numbers, not real or official statistics.",true
3e21bec2-5124-5d33-b3bd-c63ff3c12e9a,0259eaa3-cd69-5b4c-b680-e202b256f888,8005f6ab-b565-5f6a-a2d6-6c12a32e3b97,COMPLETED,2024-08-28,2026-07-24,Y09,"KaushalSetu synthetic generator v2, seed 20260929",2026-09-28T12:00:00+05:30,"SYNTHETIC demo data (KaushalSetu SIH prototype): fictional entities, team-assumed numbers, not real or official statistics.",true
237fb195-d0c2-5d53-a83d-3e081bfbf87f,accc64d4-3689-5c40-97bb-c8c6e7de94bc,8005f6ab-b565-5f6a-a2d6-6c12a32e3b97,COMPLETED,2024-08-21,2026-07-21,Y09,"KaushalSetu synthetic generator v2, seed 20260929",2026-09-28T12:00:00+05:30,"SYNTHETIC demo data (KaushalSetu SIH prototype): fictional entities, team-assumed numbers, not real or official statistics.",true
b1cd0d48-80b9-5a3d-bcf9-8c969d42903f,1f6c39e6-bf0a-5658-81ca-a69d24d45e93,8005f6ab-b565-5f6a-a2d6-6c12a32e3b97,COMPLETED,2024-08-01,2026-07-21,Y09,"KaushalSetu synthetic generator v2, seed 20260929",2026-09-28T12:00:00+05:30,"SYNTHETIC demo data (KaushalSetu SIH prototype): fictional entities, team-assumed numbers, not real or official statistics.",true
0cda2ce6-fe8c-5dae-950a-8f80ee0ffa20,dfb5e9be-4347-5eeb-b58b-7ec097f63f05,8005f6ab-b565-5f6a-a2d6-6c12a32e3b97,COMPLETED,2024-08-30,2026-07-21,Y09,"KaushalSetu synthetic generator v2, seed 20260929",2026-09-28T12:00:00+05:30,"SYNTHETIC demo data (KaushalSetu SIH prototype): fictional entities, team-assumed numbers, not real or official statistics.",true
2896ce93-1dad-5033-81f5-f77bf6d2b5b0,76459d3a-07a0-54ae-8c44-857c2ef670ad,8005f6ab-b565-5f6a-a2d6-6c12a32e3b97,COMPLETED,2024-08-18,2026-07-31,Y09,"KaushalSetu synthetic generator v2, seed 20260929",2026-09-28T12:00:00+05:30,"SYNTHETIC demo data (KaushalSetu SIH prototype): fictional entities, team-assumed numbers, not real or official statistics.",true
4a81b542-5743-51c3-90b3-becd9e48b6c1,ac545de4-cda3-5dc5-865a-07bfab4b8a71,8005f6ab-b565-5f6a-a2d6-6c12a32e3b97,COMPLETED,2024-08-25,2026-07-27,Y09,"KaushalSetu synthetic generator v2, seed 20260929",2026-09-28T12:00:00+05:30,"SYNTHETIC demo data (KaushalSetu SIH prototype): fictional entities, team-assumed numbers, not real or official statistics.",true
d7938f74-f662-57ec-ac98-96e98dab557c,a66657fd-e60f-563f-81c7-9a451b6df1f8,8005f6ab-b565-5f6a-a2d6-6c12a32e3b97,COMPLETED,2024-08-28,2026-07-29,Y09,"KaushalSetu synthetic generator v2, seed 20260929",2026-09-28T12:00:00+05:30,"SYNTHETIC demo data (KaushalSetu SIH prototype): fictional entities, team-assumed numbers, not real or official statistics.",true
8f5c5c2d-b433-5a29-81ed-91e6167f3dc1,1266e4a5-c7ab-5f3a-88b6-023f7fda7840,8005f6ab-b565-5f6a-a2d6-6c12a32e3b97,COMPLETED,2024-08-15,2026-07-15,Y09,"KaushalSetu synthetic generator v2, seed 20260929",2026-09-28T12:00:00+05:30,"SYNTHETIC demo data (KaushalSetu SIH prototype): fictional entities, team-assumed numbers, not real or official statistics.",true
cd449bd4-361c-51db-b4af-efb0d098ab28,5f8a3012-bf67-5fb6-9194-37b3a5db7e79,8005f6ab-b565-5f6a-a2d6-6c12a32e3b97,COMPLETED,2024-08-31,2026-07-23,Y09,"KaushalSetu synthetic generator v2, seed 20260929",2026-09-28T12:00:00+05:30,"SYNTHETIC demo data (KaushalSetu SIH prototype): fictional entities, team-assumed numbers, not real or official statistics.",true
09a6606d-1f6a-5a4a-a9b8-0c0ed53599fd,56f13d9e-407a-582d-b8aa-0c5f78273a8d,8005f6ab-b565-5f6a-a2d6-6c12a32e3b97,COMPLETED,2024-08-17,2026-07-24,Y09,"KaushalSetu synthetic generator v2, seed 20260929",2026-09-28T12:00:00+05:30,"SYNTHETIC demo data (KaushalSetu SIH prototype): fictional entities, team-assumed numbers, not real or official statistics.",true
4f583a8e-d33a-548c-81cb-3454aebd164e,cb47412c-4622-5497-9a2c-c12f0ed6bac2,8005f6ab-b565-5f6a-a2d6-6c12a32e3b97,COMPLETED,2024-08-23,2026-07-26,Y09,"KaushalSetu synthetic generator v2, seed 20260929",2026-09-28T12:00:00+05:30,"SYNTHETIC demo data (KaushalSetu SIH prototype): fictional entities, team-assumed numbers, not real or official statistics.",true
59ca8d27-25a1-5e3c-872c-3c3fd811003a,94b4a003-143f-571e-8183-76af8c3edd5f,8005f6ab-b565-5f6a-a2d6-6c12a32e3b97,COMPLETED,2024-08-13,2026-07-26,Y09,"KaushalSetu synthetic generator v2, seed 20260929",2026-09-28T12:00:00+05:30,"SYNTHETIC demo data (KaushalSetu SIH prototype): fictional entities, team-assumed numbers, not real or official statistics.",true
4fb57e39-03fc-5800-82f2-0ec0aed6f41a,a1f48932-822a-575b-97a7-237b1e5130b9,8005f6ab-b565-5f6a-a2d6-6c12a32e3b97,DROPPED,2024-08-05,,Y09,"KaushalSetu synthetic generator v2, seed 20260929",2026-09-28T12:00:00+05:30,"SYNTHETIC demo data (KaushalSetu SIH prototype): fictional entities, team-assumed numbers, not real or official statistics.",true
158d0eb2-7a3e-51b0-87ec-bee0ee758052,71a20966-7a74-5b40-9a7c-bf5ce1b22e42,8005f6ab-b565-5f6a-a2d6-6c12a32e3b97,COMPLETED,2024-08-14,2026-07-18,Y09,"KaushalSetu synthetic generator v2, seed 20260929",2026-09-28T12:00:00+05:30,"SYNTHETIC demo data (KaushalSetu SIH prototype): fictional entities, team-assumed numbers, not real or official statistics.",true
e2215e1b-4188-5eef-a31c-5b7ec4b922cc,ddc0a9fd-87cd-5181-b250-af38c0cfb137,8005f6ab-b565-5f6a-a2d6-6c12a32e3b97,DROPPED,2024-08-18,,Y09,"KaushalSetu synthetic generator v2, seed 20260929",2026-09-28T12:00:00+05:30,"SYNTHETIC demo data (KaushalSetu SIH prototype): fictional entities, team-assumed numbers, not real or official statistics.",true
380e0bd2-1377-5da3-ba50-bdcbe9cd49a2,1714baae-0d0a-5ca9-a58b-27c1e50d428b,8005f6ab-b565-5f6a-a2d6-6c12a32e3b97,COMPLETED,2024-08-21,2026-07-24,Y09,"KaushalSetu synthetic generator v2, seed 20260929",2026-09-28T12:00:00+05:30,"SYNTHETIC demo data (KaushalSetu SIH prototype): fictional entities, team-assumed numbers, not real or official statistics.",true
c8bbc55d-afc8-5aa6-bad5-ae6355b113fa,3551404d-066f-5c46-a957-20ca0ee69203,8005f6ab-b565-5f6a-a2d6-6c12a32e3b97,DROPPED,2024-08-28,,Y09,"KaushalSetu synthetic generator v2, seed 20260929",2026-09-28T12:00:00+05:30,"SYNTHETIC demo data (KaushalSetu SIH prototype): fictional entities, team-assumed numbers, not real or official statistics.",true
92402c0f-7a86-5fb3-8b6a-4760e201043a,3f3e3a96-d312-596e-87b4-4b5c5320e3fd,8005f6ab-b565-5f6a-a2d6-6c12a32e3b97,COMPLETED,2024-08-17,2026-07-22,Y09,"KaushalSetu synthetic generator v2, seed 20260929",2026-09-28T12:00:00+05:30,"SYNTHETIC demo data (KaushalSetu SIH prototype): fictional entities, team-assumed numbers, not real or official statistics.",true
7adce1a1-0b18-5dd4-b39e-ae005c06909e,c5219483-602b-51e5-870b-ac207b1a4827,8005f6ab-b565-5f6a-a2d6-6c12a32e3b97,COMPLETED,2024-08-30,2026-07-16,Y09,"KaushalSetu synthetic generator v2, seed 20260929",2026-09-28T12:00:00+05:30,"SYNTHETIC demo data (KaushalSetu SIH prototype): fictional entities, team-assumed numbers, not real or official statistics.",true
72a08a71-aa98-5f21-8f9e-9a32decd4223,1517af4d-1787-5e8d-bcce-123b9b9ffe29,5feecb25-8e1b-5c5b-9d94-8162577cebff,COMPLETED,2023-08-18,2025-07-18,Y09,"KaushalSetu synthetic generator v2, seed 20260929",2026-09-28T12:00:00+05:30,"SYNTHETIC demo data (KaushalSetu SIH prototype): fictional entities, team-assumed numbers, not real or official statistics.",true
e74d0efb-b90d-5a08-a7e5-5620af1d7ed9,0c1caa31-6e08-5db9-ae8d-1a91fb14da10,5feecb25-8e1b-5c5b-9d94-8162577cebff,COMPLETED,2023-08-17,2025-07-27,Y09,"KaushalSetu synthetic generator v2, seed 20260929",2026-09-28T12:00:00+05:30,"SYNTHETIC demo data (KaushalSetu SIH prototype): fictional entities, team-assumed numbers, not real or official statistics.",true
551f7a06-1502-5586-b2f7-3e93bcd91acd,108f44c1-3312-5683-8bf5-b3f8f8958b0b,5feecb25-8e1b-5c5b-9d94-8162577cebff,COMPLETED,2023-08-27,2025-07-23,Y09,"KaushalSetu synthetic generator v2, seed 20260929",2026-09-28T12:00:00+05:30,"SYNTHETIC demo data (KaushalSetu SIH prototype): fictional entities, team-assumed numbers, not real or official statistics.",true
6fe0aafb-167e-5466-adc8-0af56d69d19a,92509b9c-1b2e-57ef-9748-9d5e13b73e34,5feecb25-8e1b-5c5b-9d94-8162577cebff,COMPLETED,2023-08-04,2025-07-31,Y09,"KaushalSetu synthetic generator v2, seed 20260929",2026-09-28T12:00:00+05:30,"SYNTHETIC demo data (KaushalSetu SIH prototype): fictional entities, team-assumed numbers, not real or official statistics.",true
0fd8821b-b555-5294-a295-25daf871ace2,3e98621c-08b1-545b-95ea-e98706bc2eea,5feecb25-8e1b-5c5b-9d94-8162577cebff,DROPPED,2023-08-16,,Y09,"KaushalSetu synthetic generator v2, seed 20260929",2026-09-28T12:00:00+05:30,"SYNTHETIC demo data (KaushalSetu SIH prototype): fictional entities, team-assumed numbers, not real or official statistics.",true
627d51f4-6f90-5d40-94dd-6967aaec3b5e,cd6ec74c-8387-56da-b5ef-fc8def8fc3db,5feecb25-8e1b-5c5b-9d94-8162577cebff,COMPLETED,2023-08-13,2025-07-22,Y09,"KaushalSetu synthetic generator v2, seed 20260929",2026-09-28T12:00:00+05:30,"SYNTHETIC demo data (KaushalSetu SIH prototype): fictional entities, team-assumed numbers, not real or official statistics.",true
c815a3e9-936d-579f-bb63-c6835d67f1a2,218db350-48c9-53a7-8685-84a39a3d408f,5feecb25-8e1b-5c5b-9d94-8162577cebff,COMPLETED,2023-08-22,2025-07-17,Y09,"KaushalSetu synthetic generator v2, seed 20260929",2026-09-28T12:00:00+05:30,"SYNTHETIC demo data (KaushalSetu SIH prototype): fictional entities, team-assumed numbers, not real or official statistics.",true
a2e8411c-1882-5053-a992-c120e9150e9e,251e2777-54bc-5318-bf51-18eda2a28999,5feecb25-8e1b-5c5b-9d94-8162577cebff,DROPPED,2023-08-20,,Y09,"KaushalSetu synthetic generator v2, seed 20260929",2026-09-28T12:00:00+05:30,"SYNTHETIC demo data (KaushalSetu SIH prototype): fictional entities, team-assumed numbers, not real or official statistics.",true
d2968dd6-e1a6-55dc-98b9-796991d0f74a,2edf3103-1986-5b76-9491-529946411d80,5feecb25-8e1b-5c5b-9d94-8162577cebff,COMPLETED,2023-08-03,2025-07-25,Y09,"KaushalSetu synthetic generator v2, seed 20260929",2026-09-28T12:00:00+05:30,"SYNTHETIC demo data (KaushalSetu SIH prototype): fictional entities, team-assumed numbers, not real or official statistics.",true
762374de-5d62-5f00-a403-c1661fa07668,2eeace5f-9f74-53ec-a914-4927b94b71f3,5feecb25-8e1b-5c5b-9d94-8162577cebff,COMPLETED,2023-08-18,2025-07-24,Y09,"KaushalSetu synthetic generator v2, seed 20260929",2026-09-28T12:00:00+05:30,"SYNTHETIC demo data (KaushalSetu SIH prototype): fictional entities, team-assumed numbers, not real or official statistics.",true
f5e09aca-c80b-5471-87cd-034a9cbc87ff,c35b3b52-5b62-5468-bbff-2969ccc9d731,5feecb25-8e1b-5c5b-9d94-8162577cebff,COMPLETED,2023-08-14,2025-07-31,Y09,"KaushalSetu synthetic generator v2, seed 20260929",2026-09-28T12:00:00+05:30,"SYNTHETIC demo data (KaushalSetu SIH prototype): fictional entities, team-assumed numbers, not real or official statistics.",true
936df098-fc42-5842-984d-878d21d83468,263eec6a-1a9d-53d5-af80-8b69635a724d,5feecb25-8e1b-5c5b-9d94-8162577cebff,COMPLETED,2023-08-19,2025-07-20,Y09,"KaushalSetu synthetic generator v2, seed 20260929",2026-09-28T12:00:00+05:30,"SYNTHETIC demo data (KaushalSetu SIH prototype): fictional entities, team-assumed numbers, not real or official statistics.",true
a14aa06d-c1af-5292-bbbc-7a3aa25181c8,5b460fef-78ae-51fd-8fb2-9c7b6ff7a86b,5feecb25-8e1b-5c5b-9d94-8162577cebff,COMPLETED,2023-08-02,2025-07-20,Y09,"KaushalSetu synthetic generator v2, seed 20260929",2026-09-28T12:00:00+05:30,"SYNTHETIC demo data (KaushalSetu SIH prototype): fictional entities, team-assumed numbers, not real or official statistics.",true
024f03f4-2c98-5d65-a1c7-1b8e3ad40ffb,c924e594-c327-5a6f-a581-b70f33e07f53,5feecb25-8e1b-5c5b-9d94-8162577cebff,COMPLETED,2023-08-27,2025-07-23,Y09,"KaushalSetu synthetic generator v2, seed 20260929",2026-09-28T12:00:00+05:30,"SYNTHETIC demo data (KaushalSetu SIH prototype): fictional entities, team-assumed numbers, not real or official statistics.",true
4441480d-f43b-5377-bd86-445d7d87286e,0c8dd9aa-61bc-5ce7-adf6-b02c87a37a0e,5feecb25-8e1b-5c5b-9d94-8162577cebff,COMPLETED,2023-08-30,2025-07-16,Y09,"KaushalSetu synthetic generator v2, seed 20260929",2026-09-28T12:00:00+05:30,"SYNTHETIC demo data (KaushalSetu SIH prototype): fictional entities, team-assumed numbers, not real or official statistics.",true
d7b0c31a-ab94-5916-9a84-c0dca91ba480,cb78474c-e5ec-5a88-b50b-b42472efef1c,5feecb25-8e1b-5c5b-9d94-8162577cebff,COMPLETED,2023-08-06,2025-07-25,Y09,"KaushalSetu synthetic generator v2, seed 20260929",2026-09-28T12:00:00+05:30,"SYNTHETIC demo data (KaushalSetu SIH prototype): fictional entities, team-assumed numbers, not real or official statistics.",true
e0c9ccac-fcb2-5bae-b8e2-652434f51778,872d5f5c-38cd-5969-82f0-ffa7522a2e0f,5feecb25-8e1b-5c5b-9d94-8162577cebff,COMPLETED,2023-08-02,2025-07-27,Y09,"KaushalSetu synthetic generator v2, seed 20260929",2026-09-28T12:00:00+05:30,"SYNTHETIC demo data (KaushalSetu SIH prototype): fictional entities, team-assumed numbers, not real or official statistics.",true
6cb2d058-3627-50b9-94b1-841fb7bad3a4,bb3a929d-eace-546f-ac44-eb39fe14542f,5feecb25-8e1b-5c5b-9d94-8162577cebff,COMPLETED,2023-08-13,2025-07-20,Y09,"KaushalSetu synthetic generator v2, seed 20260929",2026-09-28T12:00:00+05:30,"SYNTHETIC demo data (KaushalSetu SIH prototype): fictional entities, team-assumed numbers, not real or official statistics.",true
22a0a910-0724-5316-9e29-832875eb2625,fc9676f8-29e9-57a6-b4cb-6b8025e1fc00,5feecb25-8e1b-5c5b-9d94-8162577cebff,COMPLETED,2023-08-07,2025-07-25,Y09,"KaushalSetu synthetic generator v2, seed 20260929",2026-09-28T12:00:00+05:30,"SYNTHETIC demo data (KaushalSetu SIH prototype): fictional entities, team-assumed numbers, not real or official statistics.",true
4ab8b591-8d85-5d53-96df-a19f4a6d745e,47ff04b7-2f3a-5c0e-8260-528204266929,5feecb25-8e1b-5c5b-9d94-8162577cebff,COMPLETED,2023-08-04,2025-07-17,Y09,"KaushalSetu synthetic generator v2, seed 20260929",2026-09-28T12:00:00+05:30,"SYNTHETIC demo data (KaushalSetu SIH prototype): fictional entities, team-assumed numbers, not real or official statistics.",true
e3214d5e-7aa5-5b83-9ae6-f5df6804ee7e,612eedce-c924-5564-bd25-5ccb1914beb8,5feecb25-8e1b-5c5b-9d94-8162577cebff,DROPPED,2023-08-14,,Y09,"KaushalSetu synthetic generator v2, seed 20260929",2026-09-28T12:00:00+05:30,"SYNTHETIC demo data (KaushalSetu SIH prototype): fictional entities, team-assumed numbers, not real or official statistics.",true
6f5672b5-15c2-56f8-a9b5-8a2a840c41fd,9579151c-f11f-57ab-9e17-f484ef5d005d,5feecb25-8e1b-5c5b-9d94-8162577cebff,COMPLETED,2023-08-19,2025-07-25,Y09,"KaushalSetu synthetic generator v2, seed 20260929",2026-09-28T12:00:00+05:30,"SYNTHETIC demo data (KaushalSetu SIH prototype): fictional entities, team-assumed numbers, not real or official statistics.",true
60529001-790c-5bdd-bda6-c4014cb9d103,4cb639bc-aeed-5122-8403-c8de715182d7,5feecb25-8e1b-5c5b-9d94-8162577cebff,COMPLETED,2023-08-09,2025-07-19,Y09,"KaushalSetu synthetic generator v2, seed 20260929",2026-09-28T12:00:00+05:30,"SYNTHETIC demo data (KaushalSetu SIH prototype): fictional entities, team-assumed numbers, not real or official statistics.",true
7fa73414-ddc2-54f5-af69-7fa15f60fdd4,ff78326a-c740-5e00-9ee2-9460d6c64644,5feecb25-8e1b-5c5b-9d94-8162577cebff,COMPLETED,2023-08-17,2025-07-27,Y09,"KaushalSetu synthetic generator v2, seed 20260929",2026-09-28T12:00:00+05:30,"SYNTHETIC demo data (KaushalSetu SIH prototype): fictional entities, team-assumed numbers, not real or official statistics.",true
0c7f3ff8-7c49-5f8c-a505-1f2a66ca7783,d1ed9aed-6841-5e8f-a43d-8129a2688323,5feecb25-8e1b-5c5b-9d94-8162577cebff,COMPLETED,2023-08-14,2025-07-26,Y09,"KaushalSetu synthetic generator v2, seed 20260929",2026-09-28T12:00:00+05:30,"SYNTHETIC demo data (KaushalSetu SIH prototype): fictional entities, team-assumed numbers, not real or official statistics.",true
9772cfaf-caf2-54a8-a9a6-bc44f3feb7b9,aa22a443-ba59-55a6-99c1-a04ae8d0fa81,5feecb25-8e1b-5c5b-9d94-8162577cebff,COMPLETED,2023-08-10,2025-07-29,Y09,"KaushalSetu synthetic generator v2, seed 20260929",2026-09-28T12:00:00+05:30,"SYNTHETIC demo data (KaushalSetu SIH prototype): fictional entities, team-assumed numbers, not real or official statistics.",true
a8db3e83-550b-5ec4-8778-d654123316b7,7787217d-9c5d-5585-b6a8-7895896c8d59,5feecb25-8e1b-5c5b-9d94-8162577cebff,COMPLETED,2023-08-10,2025-07-26,Y09,"KaushalSetu synthetic generator v2, seed 20260929",2026-09-28T12:00:00+05:30,"SYNTHETIC demo data (KaushalSetu SIH prototype): fictional entities, team-assumed numbers, not real or official statistics.",true
791d3d16-ad9b-58b0-9577-d82341625183,b7f6d1bb-d073-5540-9211-f27c6b73d218,5feecb25-8e1b-5c5b-9d94-8162577cebff,COMPLETED,2023-08-01,2025-07-24,Y09,"KaushalSetu synthetic generator v2, seed 20260929",2026-09-28T12:00:00+05:30,"SYNTHETIC demo data (KaushalSetu SIH prototype): fictional entities, team-assumed numbers, not real or official statistics.",true
16c84422-cc24-52d0-866e-6c6d411b8b16,2c24bb08-06d6-53fc-8d36-13ced97e65cb,5feecb25-8e1b-5c5b-9d94-8162577cebff,COMPLETED,2023-08-06,2025-07-18,Y09,"KaushalSetu synthetic generator v2, seed 20260929",2026-09-28T12:00:00+05:30,"SYNTHETIC demo data (KaushalSetu SIH prototype): fictional entities, team-assumed numbers, not real or official statistics.",true
becdb9c9-8d0a-5b69-ba49-ecf90c41f6da,58ef16f0-7696-55df-a558-f51c80ed52bc,5feecb25-8e1b-5c5b-9d94-8162577cebff,COMPLETED,2023-08-14,2025-07-31,Y09,"KaushalSetu synthetic generator v2, seed 20260929",2026-09-28T12:00:00+05:30,"SYNTHETIC demo data (KaushalSetu SIH prototype): fictional entities, team-assumed numbers, not real or official statistics.",true
624ff239-8dc3-5e20-87ec-f06036a0c968,9174c300-51df-5acf-a690-3f18845729df,5feecb25-8e1b-5c5b-9d94-8162577cebff,COMPLETED,2023-08-03,2025-07-22,Y09,"KaushalSetu synthetic generator v2, seed 20260929",2026-09-28T12:00:00+05:30,"SYNTHETIC demo data (KaushalSetu SIH prototype): fictional entities, team-assumed numbers, not real or official statistics.",true
ce2d260f-cddd-5659-8386-255292eaaa31,3c65e5fd-0a10-5034-94d4-8308edeb1cc5,5feecb25-8e1b-5c5b-9d94-8162577cebff,COMPLETED,2023-08-29,2025-07-27,Y09,"KaushalSetu synthetic generator v2, seed 20260929",2026-09-28T12:00:00+05:30,"SYNTHETIC demo data (KaushalSetu SIH prototype): fictional entities, team-assumed numbers, not real or official statistics.",true
db2ebe23-b303-5061-aceb-3ff571c10f80,792f64e6-3788-578d-8eec-8edb2c41a648,5feecb25-8e1b-5c5b-9d94-8162577cebff,COMPLETED,2023-08-14,2025-07-29,Y09,"KaushalSetu synthetic generator v2, seed 20260929",2026-09-28T12:00:00+05:30,"SYNTHETIC demo data (KaushalSetu SIH prototype): fictional entities, team-assumed numbers, not real or official statistics.",true
506c77c5-b1cf-568c-8e17-43060e4201ad,202b0ffb-a0cc-5d94-b134-053ee0931547,5feecb25-8e1b-5c5b-9d94-8162577cebff,COMPLETED,2023-08-29,2025-07-28,Y09,"KaushalSetu synthetic generator v2, seed 20260929",2026-09-28T12:00:00+05:30,"SYNTHETIC demo data (KaushalSetu SIH prototype): fictional entities, team-assumed numbers, not real or official statistics.",true
a0199fd3-ed4f-5e48-8869-23b6a2e3514f,cc4c3fbd-0abf-5fbc-a568-4ff5a810a3af,5feecb25-8e1b-5c5b-9d94-8162577cebff,COMPLETED,2023-08-24,2025-07-21,Y09,"KaushalSetu synthetic generator v2, seed 20260929",2026-09-28T12:00:00+05:30,"SYNTHETIC demo data (KaushalSetu SIH prototype): fictional entities, team-assumed numbers, not real or official statistics.",true
9dd6d4ec-96e3-58d8-a2a6-a70cc8aa5bc9,b01e72f1-c7d0-5062-89ef-ac6c796934f4,5feecb25-8e1b-5c5b-9d94-8162577cebff,COMPLETED,2023-08-10,2025-07-23,Y09,"KaushalSetu synthetic generator v2, seed 20260929",2026-09-28T12:00:00+05:30,"SYNTHETIC demo data (KaushalSetu SIH prototype): fictional entities, team-assumed numbers, not real or official statistics.",true
b3064099-51ae-5146-89b4-2d1468651eb4,9b42dd91-5e72-5bba-9444-8d9b90bcb74a,5feecb25-8e1b-5c5b-9d94-8162577cebff,COMPLETED,2023-08-05,2025-07-18,Y09,"KaushalSetu synthetic generator v2, seed 20260929",2026-09-28T12:00:00+05:30,"SYNTHETIC demo data (KaushalSetu SIH prototype): fictional entities, team-assumed numbers, not real or official statistics.",true
971b45bf-e97a-57e5-93df-e74f2b26a90e,b2ffdf74-31ff-56e3-9ab4-2b05111e8f2a,5feecb25-8e1b-5c5b-9d94-8162577cebff,COMPLETED,2023-08-24,2025-07-17,Y09,"KaushalSetu synthetic generator v2, seed 20260929",2026-09-28T12:00:00+05:30,"SYNTHETIC demo data (KaushalSetu SIH prototype): fictional entities, team-assumed numbers, not real or official statistics.",true
40ca4e4b-89c4-55c2-8071-fc1195375545,de74e5b0-7e75-5e30-a639-7c6d32c7fecc,5feecb25-8e1b-5c5b-9d94-8162577cebff,DROPPED,2023-08-04,,Y09,"KaushalSetu synthetic generator v2, seed 20260929",2026-09-28T12:00:00+05:30,"SYNTHETIC demo data (KaushalSetu SIH prototype): fictional entities, team-assumed numbers, not real or official statistics.",true
e224ae30-6fc8-5c00-87f4-e02e8ce774d8,98fb3565-b145-50ae-8db0-5f7b2fe34fac,5feecb25-8e1b-5c5b-9d94-8162577cebff,COMPLETED,2023-08-18,2025-07-30,Y09,"KaushalSetu synthetic generator v2, seed 20260929",2026-09-28T12:00:00+05:30,"SYNTHETIC demo data (KaushalSetu SIH prototype): fictional entities, team-assumed numbers, not real or official statistics.",true
35f7b7ed-f85c-5408-99c1-d9c35187bff9,04304ea1-27bb-5fc6-a0ac-e8058c51c644,5feecb25-8e1b-5c5b-9d94-8162577cebff,COMPLETED,2023-08-14,2025-07-29,Y09,"KaushalSetu synthetic generator v2, seed 20260929",2026-09-28T12:00:00+05:30,"SYNTHETIC demo data (KaushalSetu SIH prototype): fictional entities, team-assumed numbers, not real or official statistics.",true
96087f36-fc77-5093-b9d5-7fe785ca94c6,4ee296b1-6370-5e84-a686-961e072aadce,5feecb25-8e1b-5c5b-9d94-8162577cebff,COMPLETED,2023-08-28,2025-07-22,Y09,"KaushalSetu synthetic generator v2, seed 20260929",2026-09-28T12:00:00+05:30,"SYNTHETIC demo data (KaushalSetu SIH prototype): fictional entities, team-assumed numbers, not real or official statistics.",true
a0fec854-9b2a-5bc8-8efa-04efd2fb98d5,a7944777-b4ca-5534-aa68-c14056dbccdb,5feecb25-8e1b-5c5b-9d94-8162577cebff,COMPLETED,2023-08-11,2025-07-26,Y09,"KaushalSetu synthetic generator v2, seed 20260929",2026-09-28T12:00:00+05:30,"SYNTHETIC demo data (KaushalSetu SIH prototype): fictional entities, team-assumed numbers, not real or official statistics.",true
a59d96a8-ee8b-504a-9b95-79a498042843,0b153b84-311e-5ac5-bc65-ba488cf915ab,5feecb25-8e1b-5c5b-9d94-8162577cebff,COMPLETED,2023-08-17,2025-07-30,Y09,"KaushalSetu synthetic generator v2, seed 20260929",2026-09-28T12:00:00+05:30,"SYNTHETIC demo data (KaushalSetu SIH prototype): fictional entities, team-assumed numbers, not real or official statistics.",true
3b78dc97-417b-533c-9489-25591e3652a2,c50a78c3-9491-5159-8bd8-214f07da40c7,5feecb25-8e1b-5c5b-9d94-8162577cebff,COMPLETED,2023-08-08,2025-07-27,Y09,"KaushalSetu synthetic generator v2, seed 20260929",2026-09-28T12:00:00+05:30,"SYNTHETIC demo data (KaushalSetu SIH prototype): fictional entities, team-assumed numbers, not real or official statistics.",true
24cc4956-4a4a-5c87-a582-f48528645d24,b2554626-e596-58e1-9aa8-eb6b1d7c7798,5feecb25-8e1b-5c5b-9d94-8162577cebff,DROPPED,2023-08-29,,Y09,"KaushalSetu synthetic generator v2, seed 20260929",2026-09-28T12:00:00+05:30,"SYNTHETIC demo data (KaushalSetu SIH prototype): fictional entities, team-assumed numbers, not real or official statistics.",true
72ee8732-f199-500d-8add-133dcc5595d7,63bd86e8-09c9-576e-84b7-ba3ce6984315,5feecb25-8e1b-5c5b-9d94-8162577cebff,COMPLETED,2023-08-23,2025-07-24,Y09,"KaushalSetu synthetic generator v2, seed 20260929",2026-09-28T12:00:00+05:30,"SYNTHETIC demo data (KaushalSetu SIH prototype): fictional entities, team-assumed numbers, not real or official statistics.",true
3441ffd3-d5a6-5db7-a0f8-ee81e341cf5d,7cde11f7-71bb-5c4f-bb8e-53440a6eefb0,5feecb25-8e1b-5c5b-9d94-8162577cebff,COMPLETED,2023-08-10,2025-07-15,Y09,"KaushalSetu synthetic generator v2, seed 20260929",2026-09-28T12:00:00+05:30,"SYNTHETIC demo data (KaushalSetu SIH prototype): fictional entities, team-assumed numbers, not real or official statistics.",true
6aa4acb0-4ff0-54a9-8f54-90fc657f6605,c00742e9-b2b2-5290-918d-5941942357cf,5feecb25-8e1b-5c5b-9d94-8162577cebff,COMPLETED,2023-08-06,2025-07-19,Y09,"KaushalSetu synthetic generator v2, seed 20260929",2026-09-28T12:00:00+05:30,"SYNTHETIC demo data (KaushalSetu SIH prototype): fictional entities, team-assumed numbers, not real or official statistics.",true
751bcd41-86fb-59e9-8fcf-6550ac1307fe,2910d515-3c67-5118-b418-4a503d18a3ea,5feecb25-8e1b-5c5b-9d94-8162577cebff,COMPLETED,2023-08-27,2025-07-21,Y09,"KaushalSetu synthetic generator v2, seed 20260929",2026-09-28T12:00:00+05:30,"SYNTHETIC demo data (KaushalSetu SIH prototype): fictional entities, team-assumed numbers, not real or official statistics.",true
0c411840-c825-5579-9bd7-91f1016ae285,e889df28-c534-56b7-93b8-316f2b0d251c,5feecb25-8e1b-5c5b-9d94-8162577cebff,COMPLETED,2023-08-05,2025-07-28,Y09,"KaushalSetu synthetic generator v2, seed 20260929",2026-09-28T12:00:00+05:30,"SYNTHETIC demo data (KaushalSetu SIH prototype): fictional entities, team-assumed numbers, not real or official statistics.",true
760ef4b4-cf61-5cad-a6b9-05d9aa191979,e4add28c-b3db-54b1-8f6b-801b283ce9d1,5feecb25-8e1b-5c5b-9d94-8162577cebff,COMPLETED,2023-08-14,2025-07-30,Y09,"KaushalSetu synthetic generator v2, seed 20260929",2026-09-28T12:00:00+05:30,"SYNTHETIC demo data (KaushalSetu SIH prototype): fictional entities, team-assumed numbers, not real or official statistics.",true
93a81eca-ca74-53fa-96e3-90dcf646a6e4,1ff56635-ab31-550d-a33f-bb8059322029,5feecb25-8e1b-5c5b-9d94-8162577cebff,COMPLETED,2023-08-21,2025-07-15,Y09,"KaushalSetu synthetic generator v2, seed 20260929",2026-09-28T12:00:00+05:30,"SYNTHETIC demo data (KaushalSetu SIH prototype): fictional entities, team-assumed numbers, not real or official statistics.",true
0be031fa-a6c6-5aca-8fed-a1919bec7ea2,7b0c94d6-d5ba-52a2-9050-8b3fcc1f0ea5,5feecb25-8e1b-5c5b-9d94-8162577cebff,DROPPED,2023-08-13,,Y09,"KaushalSetu synthetic generator v2, seed 20260929",2026-09-28T12:00:00+05:30,"SYNTHETIC demo data (KaushalSetu SIH prototype): fictional entities, team-assumed numbers, not real or official statistics.",true
97500138-09d4-52f2-9e95-012689febe56,03907e74-72dd-5a26-a353-f83c086654f3,5feecb25-8e1b-5c5b-9d94-8162577cebff,COMPLETED,2023-08-17,2025-07-22,Y09,"KaushalSetu synthetic generator v2, seed 20260929",2026-09-28T12:00:00+05:30,"SYNTHETIC demo data (KaushalSetu SIH prototype): fictional entities, team-assumed numbers, not real or official statistics.",true
91142ccb-e224-5452-a6ff-ae4471b46450,063b3f24-0089-5faa-84e9-6da216f89a5e,5feecb25-8e1b-5c5b-9d94-8162577cebff,COMPLETED,2023-08-31,2025-07-30,Y09,"KaushalSetu synthetic generator v2, seed 20260929",2026-09-28T12:00:00+05:30,"SYNTHETIC demo data (KaushalSetu SIH prototype): fictional entities, team-assumed numbers, not real or official statistics.",true
7791f88f-7f07-5802-a5c9-9973135e20c9,9d995791-7cd9-5843-b789-df87c6b41522,5feecb25-8e1b-5c5b-9d94-8162577cebff,COMPLETED,2023-08-13,2025-07-17,Y09,"KaushalSetu synthetic generator v2, seed 20260929",2026-09-28T12:00:00+05:30,"SYNTHETIC demo data (KaushalSetu SIH prototype): fictional entities, team-assumed numbers, not real or official statistics.",true
4b82eadf-b0b6-5fc9-b408-a3e3b7a7d2cb,8fe52a10-0719-52de-8ece-e4aa141ccbca,5feecb25-8e1b-5c5b-9d94-8162577cebff,COMPLETED,2023-08-24,2025-07-22,Y09,"KaushalSetu synthetic generator v2, seed 20260929",2026-09-28T12:00:00+05:30,"SYNTHETIC demo data (KaushalSetu SIH prototype): fictional entities, team-assumed numbers, not real or official statistics.",true
0ea9227a-9217-5fab-8554-6223caef491c,b758e99d-5060-559e-9a9f-dc0b6fc91af5,5c703ff3-07db-59d5-8ead-804190552cf0,COMPLETED,2024-08-05,2026-07-21,Y09,"KaushalSetu synthetic generator v2, seed 20260929",2026-09-28T12:00:00+05:30,"SYNTHETIC demo data (KaushalSetu SIH prototype): fictional entities, team-assumed numbers, not real or official statistics.",true
7da22c14-f30f-53eb-b5cb-0100c1a1fda9,b950cf48-bf75-565d-9ba4-7bace234859a,5c703ff3-07db-59d5-8ead-804190552cf0,COMPLETED,2024-08-09,2026-07-30,Y09,"KaushalSetu synthetic generator v2, seed 20260929",2026-09-28T12:00:00+05:30,"SYNTHETIC demo data (KaushalSetu SIH prototype): fictional entities, team-assumed numbers, not real or official statistics.",true
1f3ae64c-c2f8-589d-93e4-9adc30d5483e,daade767-59b4-57bd-a6c3-9371d6493530,5c703ff3-07db-59d5-8ead-804190552cf0,COMPLETED,2024-08-19,2026-07-20,Y09,"KaushalSetu synthetic generator v2, seed 20260929",2026-09-28T12:00:00+05:30,"SYNTHETIC demo data (KaushalSetu SIH prototype): fictional entities, team-assumed numbers, not real or official statistics.",true
b4322ce6-7b39-58ea-810e-7049940a96a9,8af3c1e7-5691-5db2-9c75-e802a775225f,5c703ff3-07db-59d5-8ead-804190552cf0,COMPLETED,2024-08-08,2026-07-25,Y09,"KaushalSetu synthetic generator v2, seed 20260929",2026-09-28T12:00:00+05:30,"SYNTHETIC demo data (KaushalSetu SIH prototype): fictional entities, team-assumed numbers, not real or official statistics.",true
e5a1f7a8-5180-5803-b600-3820b548cb1c,303a7377-d088-5e77-bfab-6458c6a0b0ba,5c703ff3-07db-59d5-8ead-804190552cf0,COMPLETED,2024-08-08,2026-07-18,Y09,"KaushalSetu synthetic generator v2, seed 20260929",2026-09-28T12:00:00+05:30,"SYNTHETIC demo data (KaushalSetu SIH prototype): fictional entities, team-assumed numbers, not real or official statistics.",true
bcf06009-dbdb-57f5-8c8a-1975e7b39180,3e671582-ccb5-567f-a9df-3c8c96ed6792,5c703ff3-07db-59d5-8ead-804190552cf0,COMPLETED,2024-08-07,2026-07-20,Y09,"KaushalSetu synthetic generator v2, seed 20260929",2026-09-28T12:00:00+05:30,"SYNTHETIC demo data (KaushalSetu SIH prototype): fictional entities, team-assumed numbers, not real or official statistics.",true
4fb6b8bb-71d0-58f3-b865-ac9302ad9c43,4fef318a-6757-5225-8df4-3476bc5604ec,5c703ff3-07db-59d5-8ead-804190552cf0,COMPLETED,2024-08-02,2026-07-29,Y09,"KaushalSetu synthetic generator v2, seed 20260929",2026-09-28T12:00:00+05:30,"SYNTHETIC demo data (KaushalSetu SIH prototype): fictional entities, team-assumed numbers, not real or official statistics.",true
3a74ee19-5275-5579-9eaa-77e93aab2123,aa912bbe-5d48-5196-a0b2-379e79ff2962,5c703ff3-07db-59d5-8ead-804190552cf0,DROPPED,2024-08-23,,Y09,"KaushalSetu synthetic generator v2, seed 20260929",2026-09-28T12:00:00+05:30,"SYNTHETIC demo data (KaushalSetu SIH prototype): fictional entities, team-assumed numbers, not real or official statistics.",true
f953cdea-4146-59e7-9d96-d5d099464d4e,d80bd781-324c-59ff-8668-45dcde56ac3f,5c703ff3-07db-59d5-8ead-804190552cf0,COMPLETED,2024-08-15,2026-07-27,Y09,"KaushalSetu synthetic generator v2, seed 20260929",2026-09-28T12:00:00+05:30,"SYNTHETIC demo data (KaushalSetu SIH prototype): fictional entities, team-assumed numbers, not real or official statistics.",true
0333a152-c4ac-5593-8f64-85b8458741f3,4909ecf4-2533-576d-9751-56eb8b36cd8a,5c703ff3-07db-59d5-8ead-804190552cf0,COMPLETED,2024-08-18,2026-07-19,Y09,"KaushalSetu synthetic generator v2, seed 20260929",2026-09-28T12:00:00+05:30,"SYNTHETIC demo data (KaushalSetu SIH prototype): fictional entities, team-assumed numbers, not real or official statistics.",true
576b33b7-b9a6-521f-a450-adc24cc0c22f,b805b946-da5b-5357-9ccb-51d53d4936ff,5c703ff3-07db-59d5-8ead-804190552cf0,COMPLETED,2024-08-12,2026-07-28,Y09,"KaushalSetu synthetic generator v2, seed 20260929",2026-09-28T12:00:00+05:30,"SYNTHETIC demo data (KaushalSetu SIH prototype): fictional entities, team-assumed numbers, not real or official statistics.",true
b4d60174-e701-5d11-8a44-d70d79f6c2b2,9859f8f0-6d3c-5970-9b19-22e6210a6e13,5c703ff3-07db-59d5-8ead-804190552cf0,COMPLETED,2024-08-08,2026-07-30,Y09,"KaushalSetu synthetic generator v2, seed 20260929",2026-09-28T12:00:00+05:30,"SYNTHETIC demo data (KaushalSetu SIH prototype): fictional entities, team-assumed numbers, not real or official statistics.",true
d0620898-3dbc-5ccd-901a-1c900ca5798c,e82dc6dd-875c-5035-8049-72cf6c891e44,5c703ff3-07db-59d5-8ead-804190552cf0,COMPLETED,2024-08-09,2026-07-26,Y09,"KaushalSetu synthetic generator v2, seed 20260929",2026-09-28T12:00:00+05:30,"SYNTHETIC demo data (KaushalSetu SIH prototype): fictional entities, team-assumed numbers, not real or official statistics.",true
9c0a5833-8097-5c09-8c93-fd68215fd37f,07925a72-f2b7-50d9-a0b3-dbd491e930a3,5c703ff3-07db-59d5-8ead-804190552cf0,COMPLETED,2024-08-01,2026-07-31,Y09,"KaushalSetu synthetic generator v2, seed 20260929",2026-09-28T12:00:00+05:30,"SYNTHETIC demo data (KaushalSetu SIH prototype): fictional entities, team-assumed numbers, not real or official statistics.",true
2bc29fdd-4cf2-59a9-b64b-96adce8138c8,dd4d1979-af47-5257-b9a3-91b35ce277b3,5c703ff3-07db-59d5-8ead-804190552cf0,COMPLETED,2024-08-29,2026-07-30,Y09,"KaushalSetu synthetic generator v2, seed 20260929",2026-09-28T12:00:00+05:30,"SYNTHETIC demo data (KaushalSetu SIH prototype): fictional entities, team-assumed numbers, not real or official statistics.",true
a9c2ad98-3d89-51b2-99fd-6e384a7ede5c,129958fc-3043-57ad-b3ca-0b2908cfd1aa,5c703ff3-07db-59d5-8ead-804190552cf0,COMPLETED,2024-08-29,2026-07-26,Y09,"KaushalSetu synthetic generator v2, seed 20260929",2026-09-28T12:00:00+05:30,"SYNTHETIC demo data (KaushalSetu SIH prototype): fictional entities, team-assumed numbers, not real or official statistics.",true
5bd7bc4e-44ff-5432-a7bb-d4d6d1676bb2,ec703c89-f8be-549a-a85f-eb71a3d0cd5f,5c703ff3-07db-59d5-8ead-804190552cf0,COMPLETED,2024-08-24,2026-07-31,Y09,"KaushalSetu synthetic generator v2, seed 20260929",2026-09-28T12:00:00+05:30,"SYNTHETIC demo data (KaushalSetu SIH prototype): fictional entities, team-assumed numbers, not real or official statistics.",true
54473580-ca3a-5832-bdab-4a5f8ac88aec,66f06a12-88a9-54b7-b9c8-4a4549349e28,5c703ff3-07db-59d5-8ead-804190552cf0,COMPLETED,2024-08-14,2026-07-21,Y09,"KaushalSetu synthetic generator v2, seed 20260929",2026-09-28T12:00:00+05:30,"SYNTHETIC demo data (KaushalSetu SIH prototype): fictional entities, team-assumed numbers, not real or official statistics.",true
4a47530b-ac3f-5fb2-acfd-9faff42f45a5,7748dad6-c5fc-542c-801d-34f7aad638a6,5c703ff3-07db-59d5-8ead-804190552cf0,COMPLETED,2024-08-17,2026-07-29,Y09,"KaushalSetu synthetic generator v2, seed 20260929",2026-09-28T12:00:00+05:30,"SYNTHETIC demo data (KaushalSetu SIH prototype): fictional entities, team-assumed numbers, not real or official statistics.",true
6cd12400-ecc2-5e6e-b7b7-97709d295ae9,cb8de825-778a-5ffd-b853-46042a78f9b6,5c703ff3-07db-59d5-8ead-804190552cf0,COMPLETED,2024-08-19,2026-07-25,Y09,"KaushalSetu synthetic generator v2, seed 20260929",2026-09-28T12:00:00+05:30,"SYNTHETIC demo data (KaushalSetu SIH prototype): fictional entities, team-assumed numbers, not real or official statistics.",true
1cc98c5d-496a-5eae-afc3-2708a33e4b46,ef3300b5-fa92-5900-add1-c2c1958c2f30,5c703ff3-07db-59d5-8ead-804190552cf0,COMPLETED,2024-08-28,2026-07-31,Y09,"KaushalSetu synthetic generator v2, seed 20260929",2026-09-28T12:00:00+05:30,"SYNTHETIC demo data (KaushalSetu SIH prototype): fictional entities, team-assumed numbers, not real or official statistics.",true
3c4bdcdb-b827-57e9-a005-9b51b0759e6a,2b2afa56-5920-538e-890e-26307d430d14,5c703ff3-07db-59d5-8ead-804190552cf0,COMPLETED,2024-08-27,2026-07-15,Y09,"KaushalSetu synthetic generator v2, seed 20260929",2026-09-28T12:00:00+05:30,"SYNTHETIC demo data (KaushalSetu SIH prototype): fictional entities, team-assumed numbers, not real or official statistics.",true
42954b04-bf6a-5270-9f25-654fb2cf2abc,125013b0-f875-5f79-9820-9edd3cb17f60,5c703ff3-07db-59d5-8ead-804190552cf0,DROPPED,2024-08-08,,Y09,"KaushalSetu synthetic generator v2, seed 20260929",2026-09-28T12:00:00+05:30,"SYNTHETIC demo data (KaushalSetu SIH prototype): fictional entities, team-assumed numbers, not real or official statistics.",true
5bc6dd79-482e-564a-9e44-a828f5e25c75,e2373bc6-daea-56f1-88f4-8f93d3368979,5c703ff3-07db-59d5-8ead-804190552cf0,COMPLETED,2024-08-27,2026-07-20,Y09,"KaushalSetu synthetic generator v2, seed 20260929",2026-09-28T12:00:00+05:30,"SYNTHETIC demo data (KaushalSetu SIH prototype): fictional entities, team-assumed numbers, not real or official statistics.",true
4852b572-44e6-5b63-a8d3-cf80b7393731,c7e83665-e060-5c43-987b-746c5bcef166,5c703ff3-07db-59d5-8ead-804190552cf0,COMPLETED,2024-08-19,2026-07-20,Y09,"KaushalSetu synthetic generator v2, seed 20260929",2026-09-28T12:00:00+05:30,"SYNTHETIC demo data (KaushalSetu SIH prototype): fictional entities, team-assumed numbers, not real or official statistics.",true
f43b5048-6c3a-5b3a-8dbb-9020c15706a3,2c2156d2-a845-5c66-9bdd-c81ca63c5183,5c703ff3-07db-59d5-8ead-804190552cf0,COMPLETED,2024-08-26,2026-07-29,Y09,"KaushalSetu synthetic generator v2, seed 20260929",2026-09-28T12:00:00+05:30,"SYNTHETIC demo data (KaushalSetu SIH prototype): fictional entities, team-assumed numbers, not real or official statistics.",true
f14150f0-81e4-56fc-8fbc-fe2e30d18cdd,8e2ebaca-510b-5df5-87d2-fbf9d7c1c893,5c703ff3-07db-59d5-8ead-804190552cf0,COMPLETED,2024-08-02,2026-07-29,Y09,"KaushalSetu synthetic generator v2, seed 20260929",2026-09-28T12:00:00+05:30,"SYNTHETIC demo data (KaushalSetu SIH prototype): fictional entities, team-assumed numbers, not real or official statistics.",true
5d714e77-ae8c-55df-b961-c57f420820a7,d710473a-5d34-58ac-bb67-022f75fdb95f,5c703ff3-07db-59d5-8ead-804190552cf0,COMPLETED,2024-08-10,2026-07-25,Y09,"KaushalSetu synthetic generator v2, seed 20260929",2026-09-28T12:00:00+05:30,"SYNTHETIC demo data (KaushalSetu SIH prototype): fictional entities, team-assumed numbers, not real or official statistics.",true
06ea0900-9992-51e4-ba51-a77abbc54c91,c3ffaed0-7716-59ad-8c93-9b71fe91ab4a,5c703ff3-07db-59d5-8ead-804190552cf0,DROPPED,2024-08-23,,Y09,"KaushalSetu synthetic generator v2, seed 20260929",2026-09-28T12:00:00+05:30,"SYNTHETIC demo data (KaushalSetu SIH prototype): fictional entities, team-assumed numbers, not real or official statistics.",true
477fcbb5-5bfb-5e7e-843e-84c4c95d0968,9741d900-c029-5333-b07c-952fa99d0b9d,5c703ff3-07db-59d5-8ead-804190552cf0,COMPLETED,2024-08-29,2026-07-30,Y09,"KaushalSetu synthetic generator v2, seed 20260929",2026-09-28T12:00:00+05:30,"SYNTHETIC demo data (KaushalSetu SIH prototype): fictional entities, team-assumed numbers, not real or official statistics.",true
8bb697b5-b604-5797-a932-6501b582ffe4,36ded04b-3c5b-5892-b109-353fc6ff2c61,5c703ff3-07db-59d5-8ead-804190552cf0,COMPLETED,2024-08-01,2026-07-31,Y09,"KaushalSetu synthetic generator v2, seed 20260929",2026-09-28T12:00:00+05:30,"SYNTHETIC demo data (KaushalSetu SIH prototype): fictional entities, team-assumed numbers, not real or official statistics.",true
53235451-b351-5bdb-84a3-d4c5580541a0,72f04858-7aeb-5786-945b-63f143755541,5c703ff3-07db-59d5-8ead-804190552cf0,COMPLETED,2024-08-23,2026-07-23,Y09,"KaushalSetu synthetic generator v2, seed 20260929",2026-09-28T12:00:00+05:30,"SYNTHETIC demo data (KaushalSetu SIH prototype): fictional entities, team-assumed numbers, not real or official statistics.",true
4599e3a8-ef66-519e-9229-3cb186710346,3fda98fe-e073-52fb-a844-0f9aab2ed3be,5c703ff3-07db-59d5-8ead-804190552cf0,COMPLETED,2024-08-24,2026-07-23,Y09,"KaushalSetu synthetic generator v2, seed 20260929",2026-09-28T12:00:00+05:30,"SYNTHETIC demo data (KaushalSetu SIH prototype): fictional entities, team-assumed numbers, not real or official statistics.",true
b514e671-0ef2-5230-9f57-0e50a1c98a99,16210a0b-c5bf-5eca-805f-9ac88b3f6d85,5c703ff3-07db-59d5-8ead-804190552cf0,DROPPED,2024-08-05,,Y09,"KaushalSetu synthetic generator v2, seed 20260929",2026-09-28T12:00:00+05:30,"SYNTHETIC demo data (KaushalSetu SIH prototype): fictional entities, team-assumed numbers, not real or official statistics.",true
f387a309-f0e9-5f6a-9a51-a3e2b05b593e,ce211e35-717b-5849-996c-5993fc1374b9,5c703ff3-07db-59d5-8ead-804190552cf0,COMPLETED,2024-08-31,2026-07-16,Y09,"KaushalSetu synthetic generator v2, seed 20260929",2026-09-28T12:00:00+05:30,"SYNTHETIC demo data (KaushalSetu SIH prototype): fictional entities, team-assumed numbers, not real or official statistics.",true
fe568dab-db3e-53d3-889e-ef5bbd198af8,e3961509-794f-500c-9c68-b408088503f3,5c703ff3-07db-59d5-8ead-804190552cf0,COMPLETED,2024-08-22,2026-07-17,Y09,"KaushalSetu synthetic generator v2, seed 20260929",2026-09-28T12:00:00+05:30,"SYNTHETIC demo data (KaushalSetu SIH prototype): fictional entities, team-assumed numbers, not real or official statistics.",true
4b4ef2c7-b052-5495-9ba7-73c97447d24a,b2317f76-c705-5d26-a7ab-60bbfdeb0b56,5c703ff3-07db-59d5-8ead-804190552cf0,COMPLETED,2024-08-04,2026-07-18,Y09,"KaushalSetu synthetic generator v2, seed 20260929",2026-09-28T12:00:00+05:30,"SYNTHETIC demo data (KaushalSetu SIH prototype): fictional entities, team-assumed numbers, not real or official statistics.",true
816ba9f1-d363-57f3-8d2f-a61df59827bb,fad2a3f6-c6ee-5d93-b964-d53cdc2437b0,5c703ff3-07db-59d5-8ead-804190552cf0,COMPLETED,2024-08-04,2026-07-22,Y09,"KaushalSetu synthetic generator v2, seed 20260929",2026-09-28T12:00:00+05:30,"SYNTHETIC demo data (KaushalSetu SIH prototype): fictional entities, team-assumed numbers, not real or official statistics.",true
5aeb697c-b502-589c-a78e-e4d1332b98af,7913a98e-35a5-5208-9e86-e7b64bd4ecf6,5c703ff3-07db-59d5-8ead-804190552cf0,COMPLETED,2024-08-28,2026-07-26,Y09,"KaushalSetu synthetic generator v2, seed 20260929",2026-09-28T12:00:00+05:30,"SYNTHETIC demo data (KaushalSetu SIH prototype): fictional entities, team-assumed numbers, not real or official statistics.",true
45ea3118-f350-51d2-b1a0-4b9bb697f88c,fdb1cb70-cfdd-5701-926b-3ea2423c3562,5c703ff3-07db-59d5-8ead-804190552cf0,COMPLETED,2024-08-03,2026-07-24,Y09,"KaushalSetu synthetic generator v2, seed 20260929",2026-09-28T12:00:00+05:30,"SYNTHETIC demo data (KaushalSetu SIH prototype): fictional entities, team-assumed numbers, not real or official statistics.",true
d2c9ed23-a97f-52c5-a6c3-611ba86e6fc8,97a77876-8be4-5d5c-bcd4-7fcf3aba0f75,5c703ff3-07db-59d5-8ead-804190552cf0,COMPLETED,2024-08-13,2026-07-24,Y09,"KaushalSetu synthetic generator v2, seed 20260929",2026-09-28T12:00:00+05:30,"SYNTHETIC demo data (KaushalSetu SIH prototype): fictional entities, team-assumed numbers, not real or official statistics.",true
54489a90-ddf7-5383-b8f1-0917b3ac9cae,46e90ead-7c21-54cd-8e53-30a8bd0c760c,5c703ff3-07db-59d5-8ead-804190552cf0,COMPLETED,2024-08-10,2026-07-20,Y09,"KaushalSetu synthetic generator v2, seed 20260929",2026-09-28T12:00:00+05:30,"SYNTHETIC demo data (KaushalSetu SIH prototype): fictional entities, team-assumed numbers, not real or official statistics.",true
0b62895c-d058-5b4e-9bb7-128e64d7187c,03fbb0eb-5220-5e49-bb24-9142585d69a5,5c703ff3-07db-59d5-8ead-804190552cf0,DROPPED,2024-08-08,,Y09,"KaushalSetu synthetic generator v2, seed 20260929",2026-09-28T12:00:00+05:30,"SYNTHETIC demo data (KaushalSetu SIH prototype): fictional entities, team-assumed numbers, not real or official statistics.",true
0f4a331b-3f7e-5b15-9317-dd85d1ce42e0,67f58893-45c9-5ce0-8bbc-30de7d34e960,5c703ff3-07db-59d5-8ead-804190552cf0,COMPLETED,2024-08-29,2026-07-25,Y09,"KaushalSetu synthetic generator v2, seed 20260929",2026-09-28T12:00:00+05:30,"SYNTHETIC demo data (KaushalSetu SIH prototype): fictional entities, team-assumed numbers, not real or official statistics.",true
bdb54aa8-9e8e-557a-8726-63051c00ae7a,8cbfb692-b9ff-57bb-9e09-49a30ed373c4,5c703ff3-07db-59d5-8ead-804190552cf0,COMPLETED,2024-08-01,2026-07-18,Y09,"KaushalSetu synthetic generator v2, seed 20260929",2026-09-28T12:00:00+05:30,"SYNTHETIC demo data (KaushalSetu SIH prototype): fictional entities, team-assumed numbers, not real or official statistics.",true
99df0457-f2f6-5b39-9497-7e04c0ba7983,751ac72c-4c55-5380-90e4-cfbe00b5e51e,5c703ff3-07db-59d5-8ead-804190552cf0,COMPLETED,2024-08-07,2026-07-25,Y09,"KaushalSetu synthetic generator v2, seed 20260929",2026-09-28T12:00:00+05:30,"SYNTHETIC demo data (KaushalSetu SIH prototype): fictional entities, team-assumed numbers, not real or official statistics.",true
9d0a5a78-2fac-5295-a522-6c4c53bacf8b,8bb32a8f-c238-5180-873f-5bdc8bbe1338,5c703ff3-07db-59d5-8ead-804190552cf0,COMPLETED,2024-08-08,2026-07-25,Y09,"KaushalSetu synthetic generator v2, seed 20260929",2026-09-28T12:00:00+05:30,"SYNTHETIC demo data (KaushalSetu SIH prototype): fictional entities, team-assumed numbers, not real or official statistics.",true
74e3411c-6c91-597d-b47e-7becf8dcab5b,d916ba31-8b47-5626-bf91-92a008a2dd07,5c703ff3-07db-59d5-8ead-804190552cf0,COMPLETED,2024-08-25,2026-07-20,Y09,"KaushalSetu synthetic generator v2, seed 20260929",2026-09-28T12:00:00+05:30,"SYNTHETIC demo data (KaushalSetu SIH prototype): fictional entities, team-assumed numbers, not real or official statistics.",true
1483b7e9-d1c5-55f6-8f6a-f9759750cbf1,964ecebc-f2e8-582a-a3bf-a85b7c1b4bb2,5c703ff3-07db-59d5-8ead-804190552cf0,COMPLETED,2024-08-11,2026-07-19,Y09,"KaushalSetu synthetic generator v2, seed 20260929",2026-09-28T12:00:00+05:30,"SYNTHETIC demo data (KaushalSetu SIH prototype): fictional entities, team-assumed numbers, not real or official statistics.",true
d04a6fa9-b12b-5cf8-97f1-b51e257ac69c,ea3234b3-1170-5230-b217-db97d0f95919,5c703ff3-07db-59d5-8ead-804190552cf0,COMPLETED,2024-08-03,2026-07-21,Y09,"KaushalSetu synthetic generator v2, seed 20260929",2026-09-28T12:00:00+05:30,"SYNTHETIC demo data (KaushalSetu SIH prototype): fictional entities, team-assumed numbers, not real or official statistics.",true
d88d2274-ee9a-581c-86a7-7e590d2843c5,d19cf3a2-8c18-52eb-a8a3-a23d3aabafd7,5c703ff3-07db-59d5-8ead-804190552cf0,COMPLETED,2024-08-06,2026-07-25,Y09,"KaushalSetu synthetic generator v2, seed 20260929",2026-09-28T12:00:00+05:30,"SYNTHETIC demo data (KaushalSetu SIH prototype): fictional entities, team-assumed numbers, not real or official statistics.",true
27bab141-6085-582e-a045-fa9a1db3e8f8,3d587948-8607-5844-adca-8d0f5913284c,5c703ff3-07db-59d5-8ead-804190552cf0,COMPLETED,2024-08-31,2026-07-30,Y09,"KaushalSetu synthetic generator v2, seed 20260929",2026-09-28T12:00:00+05:30,"SYNTHETIC demo data (KaushalSetu SIH prototype): fictional entities, team-assumed numbers, not real or official statistics.",true
83ab6a1e-b5d4-54a6-9306-2eb2599bc880,161322a6-da48-5c26-80c2-b3f95fda7938,5c703ff3-07db-59d5-8ead-804190552cf0,COMPLETED,2024-08-15,2026-07-25,Y09,"KaushalSetu synthetic generator v2, seed 20260929",2026-09-28T12:00:00+05:30,"SYNTHETIC demo data (KaushalSetu SIH prototype): fictional entities, team-assumed numbers, not real or official statistics.",true
35b5ed9c-0993-54fa-89f6-9d32640954c8,dc4fc9d1-eae9-5cdf-b377-ccce49b4bf2a,5c703ff3-07db-59d5-8ead-804190552cf0,COMPLETED,2024-08-14,2026-07-21,Y09,"KaushalSetu synthetic generator v2, seed 20260929",2026-09-28T12:00:00+05:30,"SYNTHETIC demo data (KaushalSetu SIH prototype): fictional entities, team-assumed numbers, not real or official statistics.",true
131ed31b-bc85-5307-86ab-137f3adf5f58,c18b7215-bf70-5ae9-b24d-09bce6aeb5d7,5c703ff3-07db-59d5-8ead-804190552cf0,COMPLETED,2024-08-16,2026-07-26,Y09,"KaushalSetu synthetic generator v2, seed 20260929",2026-09-28T12:00:00+05:30,"SYNTHETIC demo data (KaushalSetu SIH prototype): fictional entities, team-assumed numbers, not real or official statistics.",true
a98c8f55-01d5-5d12-88ff-8ce167672542,fed3c19b-fa35-5a4e-9e0e-b001b1251920,5c703ff3-07db-59d5-8ead-804190552cf0,DROPPED,2024-08-22,,Y09,"KaushalSetu synthetic generator v2, seed 20260929",2026-09-28T12:00:00+05:30,"SYNTHETIC demo data (KaushalSetu SIH prototype): fictional entities, team-assumed numbers, not real or official statistics.",true
e23654d6-df90-52fd-8b74-3ad336db1e3a,293c9751-2440-57b8-b02a-8ddc890c9183,5c703ff3-07db-59d5-8ead-804190552cf0,COMPLETED,2024-08-06,2026-07-17,Y09,"KaushalSetu synthetic generator v2, seed 20260929",2026-09-28T12:00:00+05:30,"SYNTHETIC demo data (KaushalSetu SIH prototype): fictional entities, team-assumed numbers, not real or official statistics.",true
