id,enrollment_id,placed,placement_type,employer_id,role_id,salary_monthly_inr,placed_on,retained_6m,related_to_training,verified,source,source_ref,fetched_at,license_note,is_synthetic
ddbb9986-5e85-5630-bf52-835d0f3670c7,ab318869-20be-52cc-866e-20cd866e9a88,false,,,,,,,,true,Y10,"KaushalSetu synthetic generator v2, seed 20260929",2026-09-28T12:00:00+05:30,"SYNTHETIC demo data (KaushalSetu SIH prototype): fictional entities, team-assumed numbers, not real or official statistics.",true
1b18f9f3-f725-517d-90fd-75b49220fe43,48887656-a5d1-5cd5-8144-83850a3554c2,false,,,,,,,,true,Y10,"KaushalSetu synthetic generator v2, seed 20260929",2026-09-28T12:00:00+05:30,"SYNTHETIC demo data (KaushalSetu SIH prototype): fictional entities, team-assumed numbers, not real or official statistics.",true
a9bdefc0-2dee-5398-922c-87cc0cdeb8aa,430d475b-9534-543c-824e-e2c2e17b8165,true,SELF_EMPLOYED,,c7df5212-ab60-5561-aa36-9acc415e9b5b,,2025-12-24,true,true,true,Y10,"KaushalSetu synthetic generator v2, seed 20260929",2026-09-28T12:00:00+05:30,"SYNTHETIC demo data (KaushalSetu SIH prototype): fictional entities, team-assumed numbers, not real or official statistics.",true
f83e7f63-90c6-58ea-be59-3d4bf679de25,88b88a1d-3921-579b-9286-b4544f87acb9,true,WAGE,8087cd2c-1ad4-58f9-8325-890f2ad4708c,c7df5212-ab60-5561-aa36-9acc415e9b5b,19500,2025-09-24,true,true,true,Y10,"KaushalSetu synthetic generator v2, seed 20260929",2026-09-28T12:00:00+05:30,"SYNTHETIC demo data (KaushalSetu SIH prototype): fictional entities, team-assumed numbers, not real or official statistics.",true
e96f68b1-a7b3-529c-9746-757fd7d110e0,638aa4b7-96d1-5378-a5a2-43eef005dff5,false,,,,,,,,true,Y10,"KaushalSetu synthetic generator v2, seed 20260929",2026-09-28T12:00:00+05:30,"SYNTHETIC demo data (KaushalSetu SIH prototype): fictional entities, team-assumed numbers, not real or official statistics.",true
1ea9fb0f-8a83-5e1c-82ff-c48ab69b2ffd,77f6dea0-ddd9-509d-b9a4-83aaf1bd4ad9,false,,,,,,,,true,Y10,"KaushalSetu synthetic generator v2, seed 20260929",2026-09-28T12:00:00+05:30,"SYNTHETIC demo data (KaushalSetu SIH prototype): fictional entities, team-assumed numbers, not real or official statistics.",true
d5ff63ec-7eb0-5065-b53a-79b47e726877,11ac9e5f-b2ef-5e70-bdea-9b71a0bf77f1,true,WAGE,,,18000,2025-08-31,true,false,true,Y10,"KaushalSetu synthetic generator v2, seed 20260929",2026-09-28T12:00:00+05:30,"SYNTHETIC demo data (KaushalSetu SIH prototype): fictional entities, team-assumed numbers, not real or official statistics.",true
d02e0a69-8a02-5dc3-bd3d-d723820824af,4062a649-efb4-5396-aa76-6399d4d4b3cf,true,APPRENTICESHIP,,c7df5212-ab60-5561-aa36-9acc415e9b5b,,2025-09-05,false,true,true,Y10,"KaushalSetu synthetic generator v2, seed 20260929",2026-09-28T12:00:00+05:30,"SYNTHETIC demo data (KaushalSetu SIH prototype): fictional entities, team-assumed numbers, not real or official statistics.",true
72e23fc7-aa19-5443-8980-0ea697956124,aaeccc8b-4c54-5626-b09f-d76a1dfe5551,false,,,,,,,,true,Y10,"KaushalSetu synthetic generator v2, seed 20260929",2026-09-28T12:00:00+05:30,"SYNTHETIC demo data (KaushalSetu SIH prototype): fictional entities, team-assumed numbers, not real or official statistics.",true
aae5003d-b352-5d8e-90ec-e94f7a4bc4d9,e6fe733d-017f-52a5-9716-84a6bfb3bd28,true,APPRENTICESHIP,,c7df5212-ab60-5561-aa36-9acc415e9b5b,,2025-09-21,true,true,true,Y10,"KaushalSetu synthetic generator v2, seed 20260929",2026-09-28T12:00:00+05:30,"SYNTHETIC demo data (KaushalSetu SIH prototype): fictional entities, team-assumed numbers, not real or official statistics.",true
0ed3881d-249e-5a9b-901b-1e1bbac6ee3a,4e433301-46a4-5cc8-953c-cb7f0c63c30e,false,,,,,,,,true,Y10,"KaushalSetu synthetic generator v2, seed 20260929",2026-09-28T12:00:00+05:30,"SYNTHETIC demo data (KaushalSetu SIH prototype): fictional entities, team-assumed numbers, not real or official statistics.",true
774f2334-556a-53b3-bce4-a3b3a4210580,4f38e113-846f-595f-aa52-4aa02db96287,true,WAGE,,,13000,2025-08-19,true,false,true,Y10,"KaushalSetu synthetic generator v2, seed 20260929",2026-09-28T12:00:00+05:30,"SYNTHETIC demo data (KaushalSetu SIH prototype): fictional entities, team-assumed numbers, not real or official statistics.",true
afd054f2-485c-5d53-b5d6-ae1eec3c78c5,5b10ba26-fea2-50ca-9751-d356d14a17be,true,WAGE,,c7df5212-ab60-5561-aa36-9acc415e9b5b,13500,2025-08-09,true,true,true,Y10,"KaushalSetu synthetic generator v2, seed 20260929",2026-09-28T12:00:00+05:30,"SYNTHETIC demo data (KaushalSetu SIH prototype): fictional entities, team-assumed numbers, not real or official statistics.",true
9d114750-48a7-5ed8-ab52-5ff8d7c60b1d,1a599833-6e9d-550c-9b8f-0754a350d9f2,true,APPRENTICESHIP,11483913-5e52-50ca-89d9-03c56a315e02,c7df5212-ab60-5561-aa36-9acc415e9b5b,,2025-08-13,true,true,true,Y10,"KaushalSetu synthetic generator v2, seed 20260929",2026-09-28T12:00:00+05:30,"SYNTHETIC demo data (KaushalSetu SIH prototype): fictional entities, team-assumed numbers, not real or official statistics.",true
618f1549-8a1b-5304-af87-97027d926260,272b6c48-ff39-5458-ad86-698f89b628c8,false,,,,,,,,true,Y10,"KaushalSetu synthetic generator v2, seed 20260929",2026-09-28T12:00:00+05:30,"SYNTHETIC demo data (KaushalSetu SIH prototype): fictional entities, team-assumed numbers, not real or official statistics.",true
3ed325e6-36e3-517d-982c-bea746e0c8be,e280a0f6-041d-5941-a589-f547bf7595e1,false,,,,,,,,true,Y10,"KaushalSetu synthetic generator v2, seed 20260929",2026-09-28T12:00:00+05:30,"SYNTHETIC demo data (KaushalSetu SIH prototype): fictional entities, team-assumed numbers, not real or official statistics.",true
1c16aa59-24a9-54ce-89bf-32c5665a8da5,e007c23e-bab8-5453-94a6-8f39c4d41684,true,WAGE,deb5e7b6-5a52-56b6-ae91-388a9f5334eb,c7df5212-ab60-5561-aa36-9acc415e9b5b,14500,2025-09-16,true,true,true,Y10,"KaushalSetu synthetic generator v2, seed 20260929",2026-09-28T12:00:00+05:30,"SYNTHETIC demo data (KaushalSetu SIH prototype): fictional entities, team-assumed numbers, not real or official statistics.",true
26d5022f-7450-58de-80fb-747d70531d66,849e3247-878b-5ce9-8bda-bad96ba47e49,true,WAGE,11483913-5e52-50ca-89d9-03c56a315e02,c7df5212-ab60-5561-aa36-9acc415e9b5b,14500,2025-08-17,true,true,true,Y10,"KaushalSetu synthetic generator v2, seed 20260929",2026-09-28T12:00:00+05:30,"SYNTHETIC demo data (KaushalSetu SIH prototype): fictional entities, team-assumed numbers, not real or official statistics.",true
363b77b0-1ca1-5f03-8cf3-a0aa6c46075a,95c6edf9-b352-5605-b8b7-7db2e24fa8ac,true,WAGE,11483913-5e52-50ca-89d9-03c56a315e02,c7df5212-ab60-5561-aa36-9acc415e9b5b,14500,2025-11-20,false,true,true,Y10,"KaushalSetu synthetic generator v2, seed 20260929",2026-09-28T12:00:00+05:30,"SYNTHETIC demo data (KaushalSetu SIH prototype): fictional entities, team-assumed numbers, not real or official statistics.",true
8d3026ea-0a5e-5aac-a803-40d7c2ac8ec8,8dfe6c36-25e3-5404-8ae2-7387e86d13e2,true,WAGE,11483913-5e52-50ca-89d9-03c56a315e02,c7df5212-ab60-5561-aa36-9acc415e9b5b,20000,2025-09-28,false,true,true,Y10,"KaushalSetu synthetic generator v2, seed 20260929",2026-09-28T12:00:00+05:30,"SYNTHETIC demo data (KaushalSetu SIH prototype): fictional entities, team-assumed numbers, not real or official statistics.",true
9ff9a5e9-dbeb-5962-9a12-1d50bc46360f,dc4482bd-62e2-54a6-a409-abd6d13680d9,false,,,,,,,,true,Y10,"KaushalSetu synthetic generator v2, seed 20260929",2026-09-28T12:00:00+05:30,"SYNTHETIC demo data (KaushalSetu SIH prototype): fictional entities, team-assumed numbers, not real or official statistics.",true
e3937300-a6b5-5794-8e41-90d32944c173,3607c2c3-b1a5-52c5-9c82-47467ceb76c1,false,,,,,,,,true,Y10,"KaushalSetu synthetic generator v2, seed 20260929",2026-09-28T12:00:00+05:30,"SYNTHETIC demo data (KaushalSetu SIH prototype): fictional entities, team-assumed numbers, not real or official statistics.",true
244209c2-7508-570c-975d-060c25a9513d,4b1ca669-f670-5e3a-9044-37f43bd80355,true,WAGE,,c7df5212-ab60-5561-aa36-9acc415e9b5b,19500,2025-09-23,true,true,true,Y10,"KaushalSetu synthetic generator v2, seed 20260929",2026-09-28T12:00:00+05:30,"SYNTHETIC demo data (KaushalSetu SIH prototype): fictional entities, team-assumed numbers, not real or official statistics.",true
606a6a95-2ba9-5166-85a8-137b04ba2f50,0857f9fd-0b65-535d-92c1-8ae435cc6d5b,false,,,,,,,,true,Y10,"KaushalSetu synthetic generator v2, seed 20260929",2026-09-28T12:00:00+05:30,"SYNTHETIC demo data (KaushalSetu SIH prototype): fictional entities, team-assumed numbers, not real or official statistics.",true
75aee916-c220-506c-b0b2-253eae01c2e3,958357b2-9dab-53f2-86f7-52f52df54b42,false,,,,,,,,true,Y10,"KaushalSetu synthetic generator v2, seed 20260929",2026-09-28T12:00:00+05:30,"SYNTHETIC demo data (KaushalSetu SIH prototype): fictional entities, team-assumed numbers, not real or official statistics.",true
b3def9a7-7df4-5e3a-ba4d-b747ac31ef80,d42480fb-185b-5491-8dfd-976b6c22df9e,false,,,,,,,,true,Y10,"KaushalSetu synthetic generator v2, seed 20260929",2026-09-28T12:00:00+05:30,"SYNTHETIC demo data (KaushalSetu SIH prototype): fictional entities, team-assumed numbers, not real or official statistics.",true
74243469-a71a-5096-b788-26a7fea9612e,c6a1c313-1eb0-5a6d-91a4-16feb1052fce,false,,,,,,,,true,Y10,"KaushalSetu synthetic generator v2, seed 20260929",2026-09-28T12:00:00+05:30,"SYNTHETIC demo data (KaushalSetu SIH prototype): fictional entities, team-assumed numbers, not real or official statistics.",true
923968dc-172b-5116-ae1c-77869282ce84,3429a07d-655e-5e84-a858-5651b0035b74,true,WAGE,11483913-5e52-50ca-89d9-03c56a315e02,c7df5212-ab60-5561-aa36-9acc415e9b5b,13500,2025-11-11,true,true,true,Y10,"KaushalSetu synthetic generator v2, seed 20260929",2026-09-28T12:00:00+05:30,"SYNTHETIC demo data (KaushalSetu SIH prototype): fictional entities, team-assumed numbers, not real or official statistics.",true
3c15d85b-c58b-5846-9085-c8fcf3fd3b02,ecc4d646-11ef-52b0-9026-751109d66f8e,false,,,,,,,,true,Y10,"KaushalSetu synthetic generator v2, seed 20260929",2026-09-28T12:00:00+05:30,"SYNTHETIC demo data (KaushalSetu SIH prototype): fictional entities, team-assumed numbers, not real or official statistics.",true
a1d1075f-1412-5b8f-be8c-088fe46a4678,0118990f-53d3-57f8-baf3-87c11a961361,true,WAGE,,c7df5212-ab60-5561-aa36-9acc415e9b5b,18000,2025-11-03,false,true,true,Y10,"KaushalSetu synthetic generator v2, seed 20260929",2026-09-28T12:00:00+05:30,"SYNTHETIC demo data (KaushalSetu SIH prototype): fictional entities, team-assumed numbers, not real or official statistics.",true
4f065484-3965-50e1-9feb-8299c620cb9a,2dadde57-19cd-5d3f-9a59-7f124d8db8ff,true,WAGE,,c7df5212-ab60-5561-aa36-9acc415e9b5b,15000,2025-10-04,false,true,true,Y10,"KaushalSetu synthetic generator v2, seed 20260929",2026-09-28T12:00:00+05:30,"SYNTHETIC demo data (KaushalSetu SIH prototype): fictional entities, team-assumed numbers, not real or official statistics.",true
ae2692c6-fafe-59d1-b5fb-0819710ac463,21906e5a-71c2-5395-91ef-bfe5af2c164b,true,WAGE,,c7df5212-ab60-5561-aa36-9acc415e9b5b,18000,2025-11-05,false,true,true,Y10,"KaushalSetu synthetic generator v2, seed 20260929",2026-09-28T12:00:00+05:30,"SYNTHETIC demo data (KaushalSetu SIH prototype): fictional entities, team-assumed numbers, not real or official statistics.",true
b3a773c2-9a46-5e69-93aa-6c8427389166,7d66fe97-69f5-5e00-a15b-13e0ab85dce9,true,WAGE,8087cd2c-1ad4-58f9-8325-890f2ad4708c,c7df5212-ab60-5561-aa36-9acc415e9b5b,15500,2025-09-26,true,true,true,Y10,"KaushalSetu synthetic generator v2, seed 20260929",2026-09-28T12:00:00+05:30,"SYNTHETIC demo data (KaushalSetu SIH prototype): fictional entities, team-assumed numbers, not real or official statistics.",true
402d7239-f3ce-51a2-a3ee-e65c0c43f334,c091e4d3-da9b-5dfc-8b65-ae5f73f3c4e1,false,,,,,,,,true,Y10,"KaushalSetu synthetic generator v2, seed 20260929",2026-09-28T12:00:00+05:30,"SYNTHETIC demo data (KaushalSetu SIH prototype): fictional entities, team-assumed numbers, not real or official statistics.",true
5e574c6f-30a7-5ea4-848d-0fb0e27bbbc4,f225ced4-3de4-513c-a085-c36d8061f38d,true,SELF_EMPLOYED,,c7df5212-ab60-5561-aa36-9acc415e9b5b,,2025-10-22,true,true,true,Y10,"KaushalSetu synthetic generator v2, seed 20260929",2026-09-28T12:00:00+05:30,"SYNTHETIC demo data (KaushalSetu SIH prototype): fictional entities, team-assumed numbers, not real or official statistics.",true
de6294a2-b866-5a99-8b5b-c0bf77dd774c,8bbaf8f9-02de-5694-8f76-a89d6b123471,true,WAGE,8087cd2c-1ad4-58f9-8325-890f2ad4708c,c7df5212-ab60-5561-aa36-9acc415e9b5b,14000,2025-09-28,true,true,true,Y10,"KaushalSetu synthetic generator v2, seed 20260929",2026-09-28T12:00:00+05:30,"SYNTHETIC demo data (KaushalSetu SIH prototype): fictional entities, team-assumed numbers, not real or official statistics.",true
24581eba-5c57-5e65-b396-c7ad579d3b35,2e3d4a3b-032b-5e77-9302-bf024160da1f,false,,,,,,,,true,Y10,"KaushalSetu synthetic generator v2, seed 20260929",2026-09-28T12:00:00+05:30,"SYNTHETIC demo data (KaushalSetu SIH prototype): fictional entities, team-assumed numbers, not real or official statistics.",true
0797daa3-bd65-5e27-9bb1-398aaea1b38a,eeaaeb37-6aa4-5f28-8649-01df47a162fc,false,,,,,,,,true,Y10,"KaushalSetu synthetic generator v2, seed 20260929",2026-09-28T12:00:00+05:30,"SYNTHETIC demo data (KaushalSetu SIH prototype): fictional entities, team-assumed numbers, not real or official statistics.",true
afe68f5b-da67-5be0-a8fd-5109f3ecb6b4,5f8bb4ae-cda1-53db-be8c-3624d572da33,true,WAGE,,c7df5212-ab60-5561-aa36-9acc415e9b5b,20000,2025-10-12,true,true,true,Y10,"KaushalSetu synthetic generator v2, seed 20260929",2026-09-28T12:00:00+05:30,"SYNTHETIC demo data (KaushalSetu SIH prototype): fictional entities, team-assumed numbers, not real or official statistics.",true
32b2ea6e-1944-550e-bd7b-453ce6f56177,491e37d9-d24b-5926-9ebe-25e405457e43,false,,,,,,,,true,Y10,"KaushalSetu synthetic generator v2, seed 20260929",2026-09-28T12:00:00+05:30,"SYNTHETIC demo data (KaushalSetu SIH prototype): fictional entities, team-assumed numbers, not real or official statistics.",true
f18d5970-f71b-59f2-aee9-8b1f68220361,3decc696-f6ad-5d27-bbf7-1a1008969198,true,WAGE,8087cd2c-1ad4-58f9-8325-890f2ad4708c,c7df5212-ab60-5561-aa36-9acc415e9b5b,15500,2025-10-26,true,true,true,Y10,"KaushalSetu synthetic generator v2, seed 20260929",2026-09-28T12:00:00+05:30,"SYNTHETIC demo data (KaushalSetu SIH prototype): fictional entities, team-assumed numbers, not real or official statistics.",true
71cbcb61-f76b-5c96-b540-3726122820c1,11401c35-38f0-5f7f-8d88-33275e026f7d,true,WAGE,11483913-5e52-50ca-89d9-03c56a315e02,c7df5212-ab60-5561-aa36-9acc415e9b5b,14500,2025-09-30,true,true,true,Y10,"KaushalSetu synthetic generator v2, seed 20260929",2026-09-28T12:00:00+05:30,"SYNTHETIC demo data (KaushalSetu SIH prototype): fictional entities, team-assumed numbers, not real or official statistics.",true
725cb591-b3f7-5245-b2ab-efc809a2d306,6c57fc57-c449-5359-86f0-9e8716e5345a,true,WAGE,,c7df5212-ab60-5561-aa36-9acc415e9b5b,18500,2025-08-30,true,true,true,Y10,"KaushalSetu synthetic generator v2, seed 20260929",2026-09-28T12:00:00+05:30,"SYNTHETIC demo data (KaushalSetu SIH prototype): fictional entities, team-assumed numbers, not real or official statistics.",true
61527219-a99e-5653-87a8-de5f33bf254f,179f0157-6251-5d75-857f-aa4a2635a267,true,WAGE,,,14500,2025-09-17,true,false,true,Y10,"KaushalSetu synthetic generator v2, seed 20260929",2026-09-28T12:00:00+05:30,"SYNTHETIC demo data (KaushalSetu SIH prototype): fictional entities, team-assumed numbers, not real or official statistics.",true
91f454db-1c14-57b4-b81d-dd46fd7e2f26,d7c47bea-1aef-5787-9f09-e7ac921f59b6,false,,,,,,,,true,Y10,"KaushalSetu synthetic generator v2, seed 20260929",2026-09-28T12:00:00+05:30,"SYNTHETIC demo data (KaushalSetu SIH prototype): fictional entities, team-assumed numbers, not real or official statistics.",true
7c48900d-ccdc-5592-a5b6-c451c9fb4fc2,6cef65f4-3aa0-511d-a4e7-015f29945f12,false,,,,,,,,true,Y10,"KaushalSetu synthetic generator v2, seed 20260929",2026-09-28T12:00:00+05:30,"SYNTHETIC demo data (KaushalSetu SIH prototype): fictional entities, team-assumed numbers, not real or official statistics.",true
7e0ece74-651c-5260-9090-2ff9797e9208,c573980a-a22a-5759-af76-47863435bc8b,true,SELF_EMPLOYED,,c7df5212-ab60-5561-aa36-9acc415e9b5b,,2025-11-24,true,true,true,Y10,"KaushalSetu synthetic generator v2, seed 20260929",2026-09-28T12:00:00+05:30,"SYNTHETIC demo data (KaushalSetu SIH prototype): fictional entities, team-assumed numbers, not real or official statistics.",true
74945a77-5e06-5693-a1fe-0c8c250fd39f,b5bad0b6-7ed2-574b-992e-10a5cc5307d3,false,,,,,,,,true,Y10,"KaushalSetu synthetic generator v2, seed 20260929",2026-09-28T12:00:00+05:30,"SYNTHETIC demo data (KaushalSetu SIH prototype): fictional entities, team-assumed numbers, not real or official statistics.",true
b4f447a4-5dad-5ae2-9dbb-899e192c7355,752081a2-c943-54f1-bd79-eb83662442dc,true,WAGE,,,16500,2025-10-22,true,false,true,Y10,"KaushalSetu synthetic generator v2, seed 20260929",2026-09-28T12:00:00+05:30,"SYNTHETIC demo data (KaushalSetu SIH prototype): fictional entities, team-assumed numbers, not real or official statistics.",true
12b48e95-cf1a-51a9-88db-484bcefc63e5,9b388633-3fcf-564a-a894-ad64e4563a65,true,WAGE,,c7df5212-ab60-5561-aa36-9acc415e9b5b,19500,2025-10-28,false,true,true,Y10,"KaushalSetu synthetic generator v2, seed 20260929",2026-09-28T12:00:00+05:30,"SYNTHETIC demo data (KaushalSetu SIH prototype): fictional entities, team-assumed numbers, not real or official statistics.",true
f0a351b3-cbee-5bc2-ba71-6cd0a2a29694,8f56a50e-d294-511a-90a1-5ac59ea2ead7,false,,,,,,,,true,Y10,"KaushalSetu synthetic generator v2, seed 20260929",2026-09-28T12:00:00+05:30,"SYNTHETIC demo data (KaushalSetu SIH prototype): fictional entities, team-assumed numbers, not real or official statistics.",true
c0448d54-0a63-5b2e-a047-c24bdeeca808,e375d5c8-193b-5295-a19a-4f94a4d34c0f,true,WAGE,deb5e7b6-5a52-56b6-ae91-388a9f5334eb,c7df5212-ab60-5561-aa36-9acc415e9b5b,16500,2026-09-21,,true,false,Y10,"KaushalSetu synthetic generator v2, seed 20260929",2026-09-28T12:00:00+05:30,"SYNTHETIC demo data (KaushalSetu SIH prototype): fictional entities, team-assumed numbers, not real or official statistics.",true
1164f621-b35e-5b70-89b7-9c3f7aa2d003,8e4f8b64-0e36-5c68-b9f3-09e18c1b39a1,true,WAGE,,c7df5212-ab60-5561-aa36-9acc415e9b5b,18500,2026-08-20,,true,false,Y10,"KaushalSetu synthetic generator v2, seed 20260929",2026-09-28T12:00:00+05:30,"SYNTHETIC demo data (KaushalSetu SIH prototype): fictional entities, team-assumed numbers, not real or official statistics.",true
37e40e5b-db32-51bf-87cb-a1dd655e5647,7a3a57fa-b51c-5b71-8361-70021035075b,true,WAGE,,c7df5212-ab60-5561-aa36-9acc415e9b5b,16000,2026-09-10,,true,false,Y10,"KaushalSetu synthetic generator v2, seed 20260929",2026-09-28T12:00:00+05:30,"SYNTHETIC demo data (KaushalSetu SIH prototype): fictional entities, team-assumed numbers, not real or official statistics.",true
1f75fc8f-1f5b-5ae7-8caf-37b5b2640ca2,033ee928-116d-5c88-958e-81053ac2c45f,true,WAGE,,c7df5212-ab60-5561-aa36-9acc415e9b5b,13500,2026-08-17,,true,false,Y10,"KaushalSetu synthetic generator v2, seed 20260929",2026-09-28T12:00:00+05:30,"SYNTHETIC demo data (KaushalSetu SIH prototype): fictional entities, team-assumed numbers, not real or official statistics.",true
2c5cfc4c-f885-5480-a82d-f8505ce3adce,fad91a93-47e3-5266-b8a6-bdda278b0f14,false,,,,,,,,false,Y10,"KaushalSetu synthetic generator v2, seed 20260929",2026-09-28T12:00:00+05:30,"SYNTHETIC demo data (KaushalSetu SIH prototype): fictional entities, team-assumed numbers, not real or official statistics.",true
10daceec-d0e3-532f-a424-0ff523f4ea09,6301719c-964b-5702-ac07-fc5f06eab19b,true,WAGE,,c7df5212-ab60-5561-aa36-9acc415e9b5b,20000,2026-09-21,,true,false,Y10,"KaushalSetu synthetic generator v2, seed 20260929",2026-09-28T12:00:00+05:30,"SYNTHETIC demo data (KaushalSetu SIH prototype): fictional entities, team-assumed numbers, not real or official statistics.",true
890a75b2-f235-57b6-827f-0817b9b97cd0,0a8e55c6-d4db-546a-a7fe-f294ebc486d7,false,,,,,,,,false,Y10,"KaushalSetu synthetic generator v2, seed 20260929",2026-09-28T12:00:00+05:30,"SYNTHETIC demo data (KaushalSetu SIH prototype): fictional entities, team-assumed numbers, not real or official statistics.",true
21c304ce-346e-569a-99ca-20b914f21bdb,62ff46f8-e229-56ec-a154-a3268a6219a5,false,,,,,,,,false,Y10,"KaushalSetu synthetic generator v2, seed 20260929",2026-09-28T12:00:00+05:30,"SYNTHETIC demo data (KaushalSetu SIH prototype): fictional entities, team-assumed numbers, not real or official statistics.",true
c817e3f6-1d4e-5e10-be6b-a2aa2498648f,9bc86b6d-0694-542c-ac1f-b33eb2e73a5a,false,,,,,,,,false,Y10,"KaushalSetu synthetic generator v2, seed 20260929",2026-09-28T12:00:00+05:30,"SYNTHETIC demo data (KaushalSetu SIH prototype): fictional entities, team-assumed numbers, not real or official statistics.",true
cfb6ecaf-c3c8-5893-8471-d8230ba469a2,c9720960-7227-5d3d-bb04-f34363b6b0f4,true,WAGE,8087cd2c-1ad4-58f9-8325-890f2ad4708c,c7df5212-ab60-5561-aa36-9acc415e9b5b,14500,2026-08-20,,true,false,Y10,"KaushalSetu synthetic generator v2, seed 20260929",2026-09-28T12:00:00+05:30,"SYNTHETIC demo data (KaushalSetu SIH prototype): fictional entities, team-assumed numbers, not real or official statistics.",true
9ad15416-f5f8-5907-bea4-435d6aecbbd9,128498cd-07c7-5953-8120-f77439f07517,false,,,,,,,,false,Y10,"KaushalSetu synthetic generator v2, seed 20260929",2026-09-28T12:00:00+05:30,"SYNTHETIC demo data (KaushalSetu SIH prototype): fictional entities, team-assumed numbers, not real or official statistics.",true
588887db-e001-5338-a7a5-096633b59ccf,f717ac59-d23f-5d14-868e-197aa1020a7d,false,,,,,,,,false,Y10,"KaushalSetu synthetic generator v2, seed 20260929",2026-09-28T12:00:00+05:30,"SYNTHETIC demo data (KaushalSetu SIH prototype): fictional entities, team-assumed numbers, not real or official statistics.",true
12b68147-48da-5ab1-945d-e8cdca8cf5e2,76707aa1-e55e-5bb9-a5f6-4e81e1c6d0de,true,WAGE,8087cd2c-1ad4-58f9-8325-890f2ad4708c,c7df5212-ab60-5561-aa36-9acc415e9b5b,17000,2026-09-14,,true,false,Y10,"KaushalSetu synthetic generator v2, seed 20260929",2026-09-28T12:00:00+05:30,"SYNTHETIC demo data (KaushalSetu SIH prototype): fictional entities, team-assumed numbers, not real or official statistics.",true
69ae5a24-9111-5c62-a1cd-e3ec6383b830,141ae301-9c26-5697-b5a4-3091e1785774,true,SELF_EMPLOYED,,c7df5212-ab60-5561-aa36-9acc415e9b5b,,2026-08-21,,true,false,Y10,"KaushalSetu synthetic generator v2, seed 20260929",2026-09-28T12:00:00+05:30,"SYNTHETIC demo data (KaushalSetu SIH prototype): fictional entities, team-assumed numbers, not real or official statistics.",true
edbc8da6-e388-5ac4-8b06-378bebedbfb4,f82e8027-2167-57f6-89f5-79fb39fca25c,true,WAGE,11483913-5e52-50ca-89d9-03c56a315e02,c7df5212-ab60-5561-aa36-9acc415e9b5b,18000,2026-09-19,,true,false,Y10,"KaushalSetu synthetic generator v2, seed 20260929",2026-09-28T12:00:00+05:30,"SYNTHETIC demo data (KaushalSetu SIH prototype): fictional entities, team-assumed numbers, not real or official statistics.",true
cb9e0ba6-be0a-5de0-b9b8-65ee9341160c,554cdd35-1052-5de4-b752-33e97d285ff6,false,,,,,,,,false,Y10,"KaushalSetu synthetic generator v2, seed 20260929",2026-09-28T12:00:00+05:30,"SYNTHETIC demo data (KaushalSetu SIH prototype): fictional entities, team-assumed numbers, not real or official statistics.",true
ca96ac48-2bf3-53b3-9b32-de4e4b740b4d,8ff741be-e96f-5152-94ec-1a33978953cb,false,,,,,,,,false,Y10,"KaushalSetu synthetic generator v2, seed 20260929",2026-09-28T12:00:00+05:30,"SYNTHETIC demo data (KaushalSetu SIH prototype): fictional entities, team-assumed numbers, not real or official statistics.",true
98c0ddae-bab9-55c7-8b0a-5538be5d4222,bb10d1c3-b28c-5562-bc7e-5b948e38c0a7,false,,,,,,,,false,Y10,"KaushalSetu synthetic generator v2, seed 20260929",2026-09-28T12:00:00+05:30,"SYNTHETIC demo data (KaushalSetu SIH prototype): fictional entities, team-assumed numbers, not real or official statistics.",true
ed425d4b-2bf2-53b5-b853-c6896ce007d0,dd810f46-6341-5b9a-9974-b969fe145b75,true,WAGE,,,19000,2026-09-19,,false,false,Y10,"KaushalSetu synthetic generator v2, seed 20260929",2026-09-28T12:00:00+05:30,"SYNTHETIC demo data (KaushalSetu SIH prototype): fictional entities, team-assumed numbers, not real or official statistics.",true
4eef5e30-fe9b-55cf-ab73-84fa3628a294,128db8a6-206f-5a19-a975-8fe742847260,true,WAGE,,,13000,2026-09-15,,false,false,Y10,"KaushalSetu synthetic generator v2, seed 20260929",2026-09-28T12:00:00+05:30,"SYNTHETIC demo data (KaushalSetu SIH prototype): fictional entities, team-assumed numbers, not real or official statistics.",true
e862e8e7-437b-56d2-8628-e5b5678a4d9a,7389d3e5-f62e-5a7d-a79f-47301fcfe78b,true,WAGE,,c7df5212-ab60-5561-aa36-9acc415e9b5b,13500,2026-09-25,,true,false,Y10,"KaushalSetu synthetic generator v2, seed 20260929",2026-09-28T12:00:00+05:30,"SYNTHETIC demo data (KaushalSetu SIH prototype): fictional entities, team-assumed numbers, not real or official statistics.",true
f9886ed0-d62d-5c90-b180-d020f74e552c,164ea5f8-13bd-574b-84cc-a9fbcaebb21f,true,SELF_EMPLOYED,,c7df5212-ab60-5561-aa36-9acc415e9b5b,,2026-08-15,,true,false,Y10,"KaushalSetu synthetic generator v2, seed 20260929",2026-09-28T12:00:00+05:30,"SYNTHETIC demo data (KaushalSetu SIH prototype): fictional entities, team-assumed numbers, not real or official statistics.",true
9dfcb2ab-f0ed-58bf-a15a-d0c78cae949f,76ed3929-a8ba-50f7-918b-d9c53daebf9c,true,APPRENTICESHIP,,c7df5212-ab60-5561-aa36-9acc415e9b5b,,2026-09-03,,true,false,Y10,"KaushalSetu synthetic generator v2, seed 20260929",2026-09-28T12:00:00+05:30,"SYNTHETIC demo data (KaushalSetu SIH prototype): fictional entities, team-assumed numbers, not real or official statistics.",true
99d180d8-f07b-52e3-9c27-dbea0f1d0675,28d74321-200c-5caa-a649-ef3617dc7893,false,,,,,,,,false,Y10,"KaushalSetu synthetic generator v2, seed 20260929",2026-09-28T12:00:00+05:30,"SYNTHETIC demo data (KaushalSetu SIH prototype): fictional entities, team-assumed numbers, not real or official statistics.",true
24dbcb5f-d4d5-5b30-b76a-c85dd8723fd1,ab9b7c55-59e0-5eab-8659-77cc133406a8,false,,,,,,,,false,Y10,"KaushalSetu synthetic generator v2, seed 20260929",2026-09-28T12:00:00+05:30,"SYNTHETIC demo data (KaushalSetu SIH prototype): fictional entities, team-assumed numbers, not real or official statistics.",true
994e8bae-e603-5705-8dba-084c31aadc97,790037c0-c19e-52fa-ac28-bf53fca02e44,true,WAGE,,c7df5212-ab60-5561-aa36-9acc415e9b5b,19000,2026-09-07,,true,false,Y10,"KaushalSetu synthetic generator v2, seed 20260929",2026-09-28T12:00:00+05:30,"SYNTHETIC demo data (KaushalSetu SIH prototype): fictional entities, team-assumed numbers, not real or official statistics.",true
63c172a5-ce23-5fd0-818e-cd1c8108f29d,3dd4d2ec-9d82-5ae7-8eec-75f623eb8ab1,true,WAGE,,c7df5212-ab60-5561-aa36-9acc415e9b5b,13500,2026-09-08,,true,false,Y10,"KaushalSetu synthetic generator v2, seed 20260929",2026-09-28T12:00:00+05:30,"SYNTHETIC demo data (KaushalSetu SIH prototype): fictional entities, team-assumed numbers, not real or official statistics.",true
e31bd20e-adb0-5430-adec-3c9eca15790c,3651083a-24d7-5218-a357-7018b33b1a5b,true,SELF_EMPLOYED,,c7df5212-ab60-5561-aa36-9acc415e9b5b,,2026-08-25,,true,false,Y10,"KaushalSetu synthetic generator v2, seed 20260929",2026-09-28T12:00:00+05:30,"SYNTHETIC demo data (KaushalSetu SIH prototype): fictional entities, team-assumed numbers, not real or official statistics.",true
0e637a2d-876c-5953-9b15-3d3cfc9599f5,be888d5d-f1a8-577f-9e15-b970b2da0114,false,,,,,,,,false,Y10,"KaushalSetu synthetic generator v2, seed 20260929",2026-09-28T12:00:00+05:30,"SYNTHETIC demo data (KaushalSetu SIH prototype): fictional entities, team-assumed numbers, not real or official statistics.",true
08ee306a-aa00-5599-b596-55258dc9793c,2b53d076-7e80-5fc0-9cfb-5aa7dea82fa2,false,,,,,,,,false,Y10,"KaushalSetu synthetic generator v2, seed 20260929",2026-09-28T12:00:00+05:30,"SYNTHETIC demo data (KaushalSetu SIH prototype): fictional entities, team-assumed numbers, not real or official statistics.",true
8046bce6-8a67-5e1b-8083-1eed0d02a716,8c50f8ba-1ede-5026-83eb-4f9135a6b451,true,WAGE,,,18000,2026-09-11,,false,false,Y10,"KaushalSetu synthetic generator v2, seed 20260929",2026-09-28T12:00:00+05:30,"SYNTHETIC demo data (KaushalSetu SIH prototype): fictional entities, team-assumed numbers, not real or official statistics.",true
a0057411-d270-51d3-9df6-e4307ec5dca4,f69c5dff-3bab-554b-9d28-1e9b5209a53b,true,WAGE,8087cd2c-1ad4-58f9-8325-890f2ad4708c,c7df5212-ab60-5561-aa36-9acc415e9b5b,16500,2026-08-16,,true,false,Y10,"KaushalSetu synthetic generator v2, seed 20260929",2026-09-28T12:00:00+05:30,"SYNTHETIC demo data (KaushalSetu SIH prototype): fictional entities, team-assumed numbers, not real or official statistics.",true
e3a49410-ab2a-5366-b9f0-e412e15fad6d,b5263b36-c969-5959-92d3-db32f3612b89,false,,,,,,,,false,Y10,"KaushalSetu synthetic generator v2, seed 20260929",2026-09-28T12:00:00+05:30,"SYNTHETIC demo data (KaushalSetu SIH prototype): fictional entities, team-assumed numbers, not real or official statistics.",true
f5d3d3b5-80e8-5e6b-b752-5f48d77566b9,3f93f581-c19d-5672-b6a1-e212b83cb58d,false,,,,,,,,false,Y10,"KaushalSetu synthetic generator v2, seed 20260929",2026-09-28T12:00:00+05:30,"SYNTHETIC demo data (KaushalSetu SIH prototype): fictional entities, team-assumed numbers, not real or official statistics.",true
abe59bbf-9d9a-5ee6-9911-6a8e009fae8d,1a889c3c-2243-55b2-b7b2-2ec39ef281df,false,,,,,,,,false,Y10,"KaushalSetu synthetic generator v2, seed 20260929",2026-09-28T12:00:00+05:30,"SYNTHETIC demo data (KaushalSetu SIH prototype): fictional entities, team-assumed numbers, not real or official statistics.",true
d1fba10c-631c-556a-b132-66b371ab3f2c,0cc3ba9c-95d0-52cb-b661-d1745d9f8315,false,,,,,,,,false,Y10,"KaushalSetu synthetic generator v2, seed 20260929",2026-09-28T12:00:00+05:30,"SYNTHETIC demo data (KaushalSetu SIH prototype): fictional entities, team-assumed numbers, not real or official statistics.",true
41178850-7c0d-54c1-8eb1-396c5d3211cf,9953f21f-3054-5b8c-8282-f0d03da14e1c,true,WAGE,,c7df5212-ab60-5561-aa36-9acc415e9b5b,17500,2026-08-15,,true,false,Y10,"KaushalSetu synthetic generator v2, seed 20260929",2026-09-28T12:00:00+05:30,"SYNTHETIC demo data (KaushalSetu SIH prototype): fictional entities, team-assumed numbers, not real or official statistics.",true
a2bf56fd-b87c-5c4f-9d25-dd4659e1da39,f958ab46-2743-5cc7-83e1-3a54e7000ac6,false,,,,,,,,false,Y10,"KaushalSetu synthetic generator v2, seed 20260929",2026-09-28T12:00:00+05:30,"SYNTHETIC demo data (KaushalSetu SIH prototype): fictional entities, team-assumed numbers, not real or official statistics.",true
42ead78a-5025-5777-8ba2-8dd8fb413194,f8f49bf6-2d53-5f40-bf1f-300269c0c625,true,APPRENTICESHIP,,c7df5212-ab60-5561-aa36-9acc415e9b5b,,2026-08-25,,true,false,Y10,"KaushalSetu synthetic generator v2, seed 20260929",2026-09-28T12:00:00+05:30,"SYNTHETIC demo data (KaushalSetu SIH prototype): fictional entities, team-assumed numbers, not real or official statistics.",true
a23c209b-429a-5306-800d-7e8a901a50f3,9392dcb3-b3e8-5d65-8d0a-7b023b21958e,false,,,,,,,,false,Y10,"KaushalSetu synthetic generator v2, seed 20260929",2026-09-28T12:00:00+05:30,"SYNTHETIC demo data (KaushalSetu SIH prototype): fictional entities, team-assumed numbers, not real or official statistics.",true
0c3a692e-bdcb-52ea-9c39-00719346ab73,102f2ff0-321d-5495-8ab8-167bd87eeb4d,false,,,,,,,,false,Y10,"KaushalSetu synthetic generator v2, seed 20260929",2026-09-28T12:00:00+05:30,"SYNTHETIC demo data (KaushalSetu SIH prototype): fictional entities, team-assumed numbers, not real or official statistics.",true
c7c4b392-9277-50c4-804f-716499ec5fb9,a42f10be-cc0d-542c-8750-e074eb7093b9,true,WAGE,,c7df5212-ab60-5561-aa36-9acc415e9b5b,20000,2026-09-12,,true,false,Y10,"KaushalSetu synthetic generator v2, seed 20260929",2026-09-28T12:00:00+05:30,"SYNTHETIC demo data (KaushalSetu SIH prototype): fictional entities, team-assumed numbers, not real or official statistics.",true
fd697f5e-0253-51b7-bd55-04af9dd7b6ac,263c0024-6bd1-57da-9862-6047100acab1,false,,,,,,,,false,Y10,"KaushalSetu synthetic generator v2, seed 20260929",2026-09-28T12:00:00+05:30,"SYNTHETIC demo data (KaushalSetu SIH prototype): fictional entities, team-assumed numbers, not real or official statistics.",true
a411dae0-6ea7-5633-a8b0-594f7d0df8a9,0d34b60a-8dda-5c25-a47a-9ffc22b6eea1,true,WAGE,,c7df5212-ab60-5561-aa36-9acc415e9b5b,18500,2026-08-23,,true,false,Y10,"KaushalSetu synthetic generator v2, seed 20260929",2026-09-28T12:00:00+05:30,"SYNTHETIC demo data (KaushalSetu SIH prototype): fictional entities, team-assumed numbers, not real or official statistics.",true
57205cc3-a61a-5f31-a90e-09f54b8d1e82,09c271f2-faec-5455-990d-c61120ce29ae,false,,,,,,,,false,Y10,"KaushalSetu synthetic generator v2, seed 20260929",2026-09-28T12:00:00+05:30,"SYNTHETIC demo data (KaushalSetu SIH prototype): fictional entities, team-assumed numbers, not real or official statistics.",true
b50b90df-d6c8-50a7-be81-0ae9692ca85f,dda4d71c-d866-5e26-93b5-e11359afd375,true,WAGE,,,17500,2026-08-15,,false,false,Y10,"KaushalSetu synthetic generator v2, seed 20260929",2026-09-28T12:00:00+05:30,"SYNTHETIC demo data (KaushalSetu SIH prototype): fictional entities, team-assumed numbers, not real or official statistics.",true
07351750-091a-5b46-ad23-d6a1eb537ba8,e82eef7e-73e2-549d-9a66-7f2381f47081,false,,,,,,,,false,Y10,"KaushalSetu synthetic generator v2, seed 20260929",2026-09-28T12:00:00+05:30,"SYNTHETIC demo data (KaushalSetu SIH prototype): fictional entities, team-assumed numbers, not real or official statistics.",true
77c763bc-d178-5121-8a5f-00ff6788995a,dd31765b-c71e-59d3-972b-093958891586,true,WAGE,11483913-5e52-50ca-89d9-03c56a315e02,c7df5212-ab60-5561-aa36-9acc415e9b5b,17500,2026-09-06,,true,false,Y10,"KaushalSetu synthetic generator v2, seed 20260929",2026-09-28T12:00:00+05:30,"SYNTHETIC demo data (KaushalSetu SIH prototype): fictional entities, team-assumed numbers, not real or official statistics.",true
5eb7fa18-50b8-5a5a-ad7e-d6c7e378e79c,faf6ae0a-68fd-5616-bafe-8bf4f332f779,false,,,,,,,,false,Y10,"KaushalSetu synthetic generator v2, seed 20260929",2026-09-28T12:00:00+05:30,"SYNTHETIC demo data (KaushalSetu SIH prototype): fictional entities, team-assumed numbers, not real or official statistics.",true
32603174-10ba-5180-ae63-05b5a92aa0c0,30792411-b0e9-55f7-a2c5-2947fbd63d99,true,WAGE,,2f571be3-597c-576f-8dbd-e8baff7c9dfe,13500,2025-08-03,false,true,true,Y10,"KaushalSetu synthetic generator v2, seed 20260929",2026-09-28T12:00:00+05:30,"SYNTHETIC demo data (KaushalSetu SIH prototype): fictional entities, team-assumed numbers, not real or official statistics.",true
f8a73e47-118b-52d9-b86a-8196d592282d,8dabba5a-4b4c-564e-b8ea-a826cf362c7c,false,,,,,,,,true,Y10,"KaushalSetu synthetic generator v2, seed 20260929",2026-09-28T12:00:00+05:30,"SYNTHETIC demo data (KaushalSetu SIH prototype): fictional entities, team-assumed numbers, not real or official statistics.",true
a7bac485-ba5a-5655-aa74-8b436f2b4fe0,12984098-88f2-5d3d-9355-40780e3e663d,true,WAGE,,2f571be3-597c-576f-8dbd-e8baff7c9dfe,13500,2025-08-21,true,true,true,Y10,"KaushalSetu synthetic generator v2, seed 20260929",2026-09-28T12:00:00+05:30,"SYNTHETIC demo data (KaushalSetu SIH prototype): fictional entities, team-assumed numbers, not real or official statistics.",true
1c9cc742-c712-5945-95ef-0871cfc33aad,9f9b3ba7-4673-5b48-b144-3147363981cc,false,,,,,,,,true,Y10,"KaushalSetu synthetic generator v2, seed 20260929",2026-09-28T12:00:00+05:30,"SYNTHETIC demo data (KaushalSetu SIH prototype): fictional entities, team-assumed numbers, not real or official statistics.",true
ae225044-7574-5429-9877-204a8fe592a5,a87d4b5a-d8c4-5257-a680-9b4a32f6b8da,false,,,,,,,,true,Y10,"KaushalSetu synthetic generator v2, seed 20260929",2026-09-28T12:00:00+05:30,"SYNTHETIC demo data (KaushalSetu SIH prototype): fictional entities, team-assumed numbers, not real or official statistics.",true
3e074b6a-a5bb-5f78-ba31-cd956fcc61f7,5481d4a3-4ecf-5597-8e92-765b5b4cfa06,true,WAGE,,2f571be3-597c-576f-8dbd-e8baff7c9dfe,13500,2025-09-22,true,true,true,Y10,"KaushalSetu synthetic generator v2, seed 20260929",2026-09-28T12:00:00+05:30,"SYNTHETIC demo data (KaushalSetu SIH prototype): fictional entities, team-assumed numbers, not real or official statistics.",true
9328c447-9e5e-5a49-bd91-1cac5569d3f3,1596f8e9-aa36-5e59-a747-7d4cbe39ceab,false,,,,,,,,true,Y10,"KaushalSetu synthetic generator v2, seed 20260929",2026-09-28T12:00:00+05:30,"SYNTHETIC demo data (KaushalSetu SIH prototype): fictional entities, team-assumed numbers, not real or official statistics.",true
ee2bc931-65d9-5d55-8de5-1a9f4aae6875,317a9029-ff7c-5797-81bd-cc6dac1576ec,true,WAGE,,2f571be3-597c-576f-8dbd-e8baff7c9dfe,12500,2025-09-16,false,true,true,Y10,"KaushalSetu synthetic generator v2, seed 20260929",2026-09-28T12:00:00+05:30,"SYNTHETIC demo data (KaushalSetu SIH prototype): fictional entities, team-assumed numbers, not real or official statistics.",true
cfd63057-f4ff-5dd6-9fe0-7212b1eb1e0c,1be22c64-dab9-56b1-9b69-f8da72df747a,false,,,,,,,,true,Y10,"KaushalSetu synthetic generator v2, seed 20260929",2026-09-28T12:00:00+05:30,"SYNTHETIC demo data (KaushalSetu SIH prototype): fictional entities, team-assumed numbers, not real or official statistics.",true
020a064e-8fce-55c1-a637-08638ed77091,e3e44fda-ebc6-5966-a68b-d433b7565a9c,false,,,,,,,,true,Y10,"KaushalSetu synthetic generator v2, seed 20260929",2026-09-28T12:00:00+05:30,"SYNTHETIC demo data (KaushalSetu SIH prototype): fictional entities, team-assumed numbers, not real or official statistics.",true
e4bc1db2-ff4b-5217-8d0e-81fb0697cb29,d43b45e5-9af5-5191-99d2-8a0e84b22660,false,,,,,,,,true,Y10,"KaushalSetu synthetic generator v2, seed 20260929",2026-09-28T12:00:00+05:30,"SYNTHETIC demo data (KaushalSetu SIH prototype): fictional entities, team-assumed numbers, not real or official statistics.",true
9a0f5240-d221-5478-a153-87ce91e46c45,c9af19f0-56b6-5dfc-8106-f4d8c160cb2e,true,WAGE,,2f571be3-597c-576f-8dbd-e8baff7c9dfe,13000,2025-08-11,false,true,true,Y10,"KaushalSetu synthetic generator v2, seed 20260929",2026-09-28T12:00:00+05:30,"SYNTHETIC demo data (KaushalSetu SIH prototype): fictional entities, team-assumed numbers, not real or official statistics.",true
53f29ecb-b2de-5092-b77a-7766ac929462,8cad3a8b-4a42-57a9-a19e-537d4e66e676,false,,,,,,,,true,Y10,"KaushalSetu synthetic generator v2, seed 20260929",2026-09-28T12:00:00+05:30,"SYNTHETIC demo data (KaushalSetu SIH prototype): fictional entities, team-assumed numbers, not real or official statistics.",true
46e9188a-11ee-55b0-b331-b84506807ac1,1f1b29d5-ee8d-5d92-bc2f-d03077c3e715,false,,,,,,,,true,Y10,"KaushalSetu synthetic generator v2, seed 20260929",2026-09-28T12:00:00+05:30,"SYNTHETIC demo data (KaushalSetu SIH prototype): fictional entities, team-assumed numbers, not real or official statistics.",true
40363a72-f1ac-52bc-8977-84996fc6e1b0,40e29eb8-d7bc-5d2e-9b94-1f19878ee3be,false,,,,,,,,true,Y10,"KaushalSetu synthetic generator v2, seed 20260929",2026-09-28T12:00:00+05:30,"SYNTHETIC demo data (KaushalSetu SIH prototype): fictional entities, team-assumed numbers, not real or official statistics.",true
097ff088-651b-5ad8-ba16-6381ce6128d2,ba0266e6-f085-5d32-b3df-6fcfb24d376a,true,SELF_EMPLOYED,,,,2025-08-21,true,false,true,Y10,"KaushalSetu synthetic generator v2, seed 20260929",2026-09-28T12:00:00+05:30,"SYNTHETIC demo data (KaushalSetu SIH prototype): fictional entities, team-assumed numbers, not real or official statistics.",true
bcd5bf64-529f-5985-beaa-0745bb7539ae,dc37a3ca-e8ec-53ee-ab53-ba027d47ff4f,true,WAGE,,2f571be3-597c-576f-8dbd-e8baff7c9dfe,14500,2025-10-19,true,true,true,Y10,"KaushalSetu synthetic generator v2, seed 20260929",2026-09-28T12:00:00+05:30,"SYNTHETIC demo data (KaushalSetu SIH prototype): fictional entities, team-assumed numbers, not real or official statistics.",true
324f4a8e-86b7-5f1c-bcb4-f2d2585dcf55,7d331c16-b2e9-53fc-aac3-8b9a52abef0f,true,WAGE,,2f571be3-597c-576f-8dbd-e8baff7c9dfe,12500,2025-09-25,true,true,true,Y10,"KaushalSetu synthetic generator v2, seed 20260929",2026-09-28T12:00:00+05:30,"SYNTHETIC demo data (KaushalSetu SIH prototype): fictional entities, team-assumed numbers, not real or official statistics.",true
386e1e87-5af0-5093-bd09-df1b585f9ccf,c4a87571-1cce-5dc9-858b-29584ff58354,false,,,,,,,,true,Y10,"KaushalSetu synthetic generator v2, seed 20260929",2026-09-28T12:00:00+05:30,"SYNTHETIC demo data (KaushalSetu SIH prototype): fictional entities, team-assumed numbers, not real or official statistics.",true
8c4e77cf-9013-561a-b993-6412521c759b,c6cf3f2d-b565-52b1-86a0-6aba1498247a,false,,,,,,,,true,Y10,"KaushalSetu synthetic generator v2, seed 20260929",2026-09-28T12:00:00+05:30,"SYNTHETIC demo data (KaushalSetu SIH prototype): fictional entities, team-assumed numbers, not real or official statistics.",true
77755746-5d7b-5681-984c-e8b05ea1678f,d0982f64-baa2-590a-9424-fd19b860248b,true,APPRENTICESHIP,,2f571be3-597c-576f-8dbd-e8baff7c9dfe,,2025-10-09,true,true,true,Y10,"KaushalSetu synthetic generator v2, seed 20260929",2026-09-28T12:00:00+05:30,"SYNTHETIC demo data (KaushalSetu SIH prototype): fictional entities, team-assumed numbers, not real or official statistics.",true
ac58e8a6-1fe5-5b0e-8bcf-9ab566a1ca17,68168ecb-bc4a-5cc9-be7e-40c547c740d4,false,,,,,,,,true,Y10,"KaushalSetu synthetic generator v2, seed 20260929",2026-09-28T12:00:00+05:30,"SYNTHETIC demo data (KaushalSetu SIH prototype): fictional entities, team-assumed numbers, not real or official statistics.",true
edb7e8ac-7595-551e-be1b-3ed6ad49e12a,bc718361-29c8-560b-a05b-08e3baf0027e,true,WAGE,,2f571be3-597c-576f-8dbd-e8baff7c9dfe,12000,2025-08-17,true,true,true,Y10,"KaushalSetu synthetic generator v2, seed 20260929",2026-09-28T12:00:00+05:30,"SYNTHETIC demo data (KaushalSetu SIH prototype): fictional entities, team-assumed numbers, not real or official statistics.",true
c6e02cef-8fe3-54a8-8784-b393ec4d4eee,f10868a3-7de5-571c-9a82-34f18bd79b92,false,,,,,,,,true,Y10,"KaushalSetu synthetic generator v2, seed 20260929",2026-09-28T12:00:00+05:30,"SYNTHETIC demo data (KaushalSetu SIH prototype): fictional entities, team-assumed numbers, not real or official statistics.",true
a1f32f18-83b0-5ddd-93aa-2a747085112a,f9df563a-c34f-583c-94b0-9c4aa1bd24a0,false,,,,,,,,true,Y10,"KaushalSetu synthetic generator v2, seed 20260929",2026-09-28T12:00:00+05:30,"SYNTHETIC demo data (KaushalSetu SIH prototype): fictional entities, team-assumed numbers, not real or official statistics.",true
f088e4f6-5807-5f4c-a5b7-d35eb33cb826,31ce731d-85f7-53d0-a3a0-9a2eee41fe5d,true,WAGE,,2f571be3-597c-576f-8dbd-e8baff7c9dfe,12500,2025-09-13,true,true,true,Y10,"KaushalSetu synthetic generator v2, seed 20260929",2026-09-28T12:00:00+05:30,"SYNTHETIC demo data (KaushalSetu SIH prototype): fictional entities, team-assumed numbers, not real or official statistics.",true
7dc8a4c9-46ff-5564-a832-ab2e4cc87249,2d1aab0d-0b14-559c-8c40-d5d2062bdf01,false,,,,,,,,true,Y10,"KaushalSetu synthetic generator v2, seed 20260929",2026-09-28T12:00:00+05:30,"SYNTHETIC demo data (KaushalSetu SIH prototype): fictional entities, team-assumed numbers, not real or official statistics.",true
3120c1b8-da16-50f0-955b-2962fdd95973,27db157c-5d80-5c56-ac21-263ca63410f1,true,WAGE,,,16000,2025-09-07,true,false,true,Y10,"KaushalSetu synthetic generator v2, seed 20260929",2026-09-28T12:00:00+05:30,"SYNTHETIC demo data (KaushalSetu SIH prototype): fictional entities, team-assumed numbers, not real or official statistics.",true
a80f2f2b-ffeb-5db8-9487-b0acaf6eb3b0,4182fa30-1747-5081-93fb-19e845104fd2,true,WAGE,,2f571be3-597c-576f-8dbd-e8baff7c9dfe,13500,2025-08-04,true,true,true,Y10,"KaushalSetu synthetic generator v2, seed 20260929",2026-09-28T12:00:00+05:30,"SYNTHETIC demo data (KaushalSetu SIH prototype): fictional entities, team-assumed numbers, not real or official statistics.",true
b4246ac3-5593-5f25-9473-254a41151b01,ad46b258-53f3-5d86-8d14-316f76bdab17,true,SELF_EMPLOYED,,2f571be3-597c-576f-8dbd-e8baff7c9dfe,,2025-11-02,true,true,true,Y10,"KaushalSetu synthetic generator v2, seed 20260929",2026-09-28T12:00:00+05:30,"SYNTHETIC demo data (KaushalSetu SIH prototype): fictional entities, team-assumed numbers, not real or official statistics.",true
6367e10e-bd09-5d9e-80f8-c01590eab54f,4945085d-8ac7-55b7-86b4-0d7ff890d7c0,true,SELF_EMPLOYED,,2f571be3-597c-576f-8dbd-e8baff7c9dfe,,2025-11-03,true,true,true,Y10,"KaushalSetu synthetic generator v2, seed 20260929",2026-09-28T12:00:00+05:30,"SYNTHETIC demo data (KaushalSetu SIH prototype): fictional entities, team-assumed numbers, not real or official statistics.",true
0b88c8b9-32b8-56df-ac20-56814711e23e,4a43f28e-4701-5c78-8024-8ff226d4d945,true,SELF_EMPLOYED,,2f571be3-597c-576f-8dbd-e8baff7c9dfe,,2025-10-19,false,true,true,Y10,"KaushalSetu synthetic generator v2, seed 20260929",2026-09-28T12:00:00+05:30,"SYNTHETIC demo data (KaushalSetu SIH prototype): fictional entities, team-assumed numbers, not real or official statistics.",true
501f2e56-384e-5f03-a3c0-d153e0c95dca,96003832-44ac-52c1-9f13-1b581b2d6729,true,APPRENTICESHIP,8087cd2c-1ad4-58f9-8325-890f2ad4708c,2f571be3-597c-576f-8dbd-e8baff7c9dfe,,2025-09-03,true,true,true,Y10,"KaushalSetu synthetic generator v2, seed 20260929",2026-09-28T12:00:00+05:30,"SYNTHETIC demo data (KaushalSetu SIH prototype): fictional entities, team-assumed numbers, not real or official statistics.",true
f3d2ff6b-8645-5934-a1c9-a2e32bcb11f3,80d8100a-3175-5e3a-b07f-cebb36f5be45,false,,,,,,,,true,Y10,"KaushalSetu synthetic generator v2, seed 20260929",2026-09-28T12:00:00+05:30,"SYNTHETIC demo data (KaushalSetu SIH prototype): fictional entities, team-assumed numbers, not real or official statistics.",true
3087022e-4131-5801-88bc-378a3b8834a2,84579375-c9d3-5aab-9568-ebe62df00660,true,SELF_EMPLOYED,,2f571be3-597c-576f-8dbd-e8baff7c9dfe,,2025-09-25,true,true,true,Y10,"KaushalSetu synthetic generator v2, seed 20260929",2026-09-28T12:00:00+05:30,"SYNTHETIC demo data (KaushalSetu SIH prototype): fictional entities, team-assumed numbers, not real or official statistics.",true
8a61ac0b-ac56-50c6-927e-98a0664a7726,13ce93f1-49ed-59c0-941b-ad436b592419,false,,,,,,,,true,Y10,"KaushalSetu synthetic generator v2, seed 20260929",2026-09-28T12:00:00+05:30,"SYNTHETIC demo data (KaushalSetu SIH prototype): fictional entities, team-assumed numbers, not real or official statistics.",true
6cf27202-2922-5448-acda-887a0a63a167,7fb9a0a6-cc33-5488-b798-f66d05d7a550,false,,,,,,,,true,Y10,"KaushalSetu synthetic generator v2, seed 20260929",2026-09-28T12:00:00+05:30,"SYNTHETIC demo data (KaushalSetu SIH prototype): fictional entities, team-assumed numbers, not real or official statistics.",true
08240e86-849e-5f3d-b9e1-aae5816c91d5,f73ae95f-9808-5f0b-988a-7d15906d50d5,false,,,,,,,,true,Y10,"KaushalSetu synthetic generator v2, seed 20260929",2026-09-28T12:00:00+05:30,"SYNTHETIC demo data (KaushalSetu SIH prototype): fictional entities, team-assumed numbers, not real or official statistics.",true
8b01ec65-2efc-51fb-b3d5-c8777c5fb998,07376525-653d-54a8-9376-7e0b2d9bbae7,false,,,,,,,,true,Y10,"KaushalSetu synthetic generator v2, seed 20260929",2026-09-28T12:00:00+05:30,"SYNTHETIC demo data (KaushalSetu SIH prototype): fictional entities, team-assumed numbers, not real or official statistics.",true
062a0916-d1d9-5664-871d-942abcc8509a,76dcfd84-73a5-5e41-9ef6-47deff5a7c72,false,,,,,,,,true,Y10,"KaushalSetu synthetic generator v2, seed 20260929",2026-09-28T12:00:00+05:30,"SYNTHETIC demo data (KaushalSetu SIH prototype): fictional entities, team-assumed numbers, not real or official statistics.",true
01378a83-c8ec-57b7-a8e0-04a675d8e9d0,47a0a758-74d4-51ee-b73d-24fd3c6d572d,true,SELF_EMPLOYED,,2f571be3-597c-576f-8dbd-e8baff7c9dfe,,2025-12-06,false,true,true,Y10,"KaushalSetu synthetic generator v2, seed 20260929",2026-09-28T12:00:00+05:30,"SYNTHETIC demo data (KaushalSetu SIH prototype): fictional entities, team-assumed numbers, not real or official statistics.",true
3d503c89-c341-5c98-af15-aeecab3c98b1,2c898bbf-32d5-5419-8059-fb6c97a026bc,true,WAGE,,2f571be3-597c-576f-8dbd-e8baff7c9dfe,16000,2025-10-25,true,true,true,Y10,"KaushalSetu synthetic generator v2, seed 20260929",2026-09-28T12:00:00+05:30,"SYNTHETIC demo data (KaushalSetu SIH prototype): fictional entities, team-assumed numbers, not real or official statistics.",true
b12c9390-1ab2-597d-a54d-d84dd42dce24,52684977-76ca-5b41-a3bf-cd9a247bb673,false,,,,,,,,true,Y10,"KaushalSetu synthetic generator v2, seed 20260929",2026-09-28T12:00:00+05:30,"SYNTHETIC demo data (KaushalSetu SIH prototype): fictional entities, team-assumed numbers, not real or official statistics.",true
0ba9ff7c-c752-54dc-9ec7-ee66ab89b6c8,932bb700-e01d-5343-be06-9e4db39331f1,true,WAGE,,,12000,2025-08-23,true,false,true,Y10,"KaushalSetu synthetic generator v2, seed 20260929",2026-09-28T12:00:00+05:30,"SYNTHETIC demo data (KaushalSetu SIH prototype): fictional entities, team-assumed numbers, not real or official statistics.",true
f41c3aa1-629e-56a7-b9e3-e6caf61ccafa,6debf125-8648-5b99-9c5a-2ac459965319,false,,,,,,,,true,Y10,"KaushalSetu synthetic generator v2, seed 20260929",2026-09-28T12:00:00+05:30,"SYNTHETIC demo data (KaushalSetu SIH prototype): fictional entities, team-assumed numbers, not real or official statistics.",true
97fb6ccc-8345-50a4-bede-1f5e100de90d,d2aff4db-2315-5f66-9684-572c0be7c713,false,,,,,,,,false,Y10,"KaushalSetu synthetic generator v2, seed 20260929",2026-09-28T12:00:00+05:30,"SYNTHETIC demo data (KaushalSetu SIH prototype): fictional entities, team-assumed numbers, not real or official statistics.",true
4209bb55-8c00-5d34-8677-a629e8d175b6,fb193756-42e6-5ae5-ab40-9c86e2f4448e,true,SELF_EMPLOYED,,,,2026-09-12,,false,false,Y10,"KaushalSetu synthetic generator v2, seed 20260929",2026-09-28T12:00:00+05:30,"SYNTHETIC demo data (KaushalSetu SIH prototype): fictional entities, team-assumed numbers, not real or official statistics.",true
8919f2ae-2d3c-53c7-9657-a2273647e6c3,d125694c-2f81-5409-883f-9b38d3495cab,true,SELF_EMPLOYED,,2f571be3-597c-576f-8dbd-e8baff7c9dfe,,2026-09-08,,true,false,Y10,"KaushalSetu synthetic generator v2, seed 20260929",2026-09-28T12:00:00+05:30,"SYNTHETIC demo data (KaushalSetu SIH prototype): fictional entities, team-assumed numbers, not real or official statistics.",true
90229c13-aa44-57f0-8bf9-035cd3b24fac,53cd41c1-4ff7-51ff-a1d3-5282534e3083,true,WAGE,,2f571be3-597c-576f-8dbd-e8baff7c9dfe,16000,2026-09-13,,true,false,Y10,"KaushalSetu synthetic generator v2, seed 20260929",2026-09-28T12:00:00+05:30,"SYNTHETIC demo data (KaushalSetu SIH prototype): fictional entities, team-assumed numbers, not real or official statistics.",true
0b705a4e-d749-5af8-8a6a-e11dcc4b6948,aa1ad6dc-bf41-5235-a755-40b71acdacf4,true,WAGE,,2f571be3-597c-576f-8dbd-e8baff7c9dfe,12500,2026-08-28,,true,false,Y10,"KaushalSetu synthetic generator v2, seed 20260929",2026-09-28T12:00:00+05:30,"SYNTHETIC demo data (KaushalSetu SIH prototype): fictional entities, team-assumed numbers, not real or official statistics.",true
7e1fbcbf-c7fc-54ed-a5a7-b46dcabc2914,9ce8b15c-c9b6-5cea-a854-6b96133d082b,true,APPRENTICESHIP,8087cd2c-1ad4-58f9-8325-890f2ad4708c,2f571be3-597c-576f-8dbd-e8baff7c9dfe,,2026-09-10,,true,false,Y10,"KaushalSetu synthetic generator v2, seed 20260929",2026-09-28T12:00:00+05:30,"SYNTHETIC demo data (KaushalSetu SIH prototype): fictional entities, team-assumed numbers, not real or official statistics.",true
18a33205-055f-524d-9f3f-a7ca2a830ce4,a2e18d0b-33ab-507e-be23-eaf8bee66c3f,true,WAGE,,2f571be3-597c-576f-8dbd-e8baff7c9dfe,15000,2026-08-30,,true,false,Y10,"KaushalSetu synthetic generator v2, seed 20260929",2026-09-28T12:00:00+05:30,"SYNTHETIC demo data (KaushalSetu SIH prototype): fictional entities, team-assumed numbers, not real or official statistics.",true
78f03a6b-0dce-5f27-af16-0850c42b65cd,869ce133-bb5a-5a60-90cb-28022c5a6db6,false,,,,,,,,false,Y10,"KaushalSetu synthetic generator v2, seed 20260929",2026-09-28T12:00:00+05:30,"SYNTHETIC demo data (KaushalSetu SIH prototype): fictional entities, team-assumed numbers, not real or official statistics.",true
12eb711f-d479-5092-8b7f-41be3ad0b727,1c22607f-9790-532d-9645-f8574024d6c1,true,WAGE,,2f571be3-597c-576f-8dbd-e8baff7c9dfe,13000,2026-09-23,,true,false,Y10,"KaushalSetu synthetic generator v2, seed 20260929",2026-09-28T12:00:00+05:30,"SYNTHETIC demo data (KaushalSetu SIH prototype): fictional entities, team-assumed numbers, not real or official statistics.",true
7a275c86-4a17-5edc-8571-c5ba3e8f0280,35f7d294-d674-5e42-8a91-2cef868468e7,true,SELF_EMPLOYED,,2f571be3-597c-576f-8dbd-e8baff7c9dfe,,2026-08-15,,true,false,Y10,"KaushalSetu synthetic generator v2, seed 20260929",2026-09-28T12:00:00+05:30,"SYNTHETIC demo data (KaushalSetu SIH prototype): fictional entities, team-assumed numbers, not real or official statistics.",true
e21b3324-13a6-5271-8013-1d633e6d888d,e46f95e1-d54d-512b-9d52-2a084428a684,false,,,,,,,,false,Y10,"KaushalSetu synthetic generator v2, seed 20260929",2026-09-28T12:00:00+05:30,"SYNTHETIC demo data (KaushalSetu SIH prototype): fictional entities, team-assumed numbers, not real or official statistics.",true
aabed994-fade-596d-bfbe-56c220afd6bd,36a23e02-dd3c-5ba9-a425-9208d0b1cae8,true,APPRENTICESHIP,,2f571be3-597c-576f-8dbd-e8baff7c9dfe,,2026-08-14,,true,false,Y10,"KaushalSetu synthetic generator v2, seed 20260929",2026-09-28T12:00:00+05:30,"SYNTHETIC demo data (KaushalSetu SIH prototype): fictional entities, team-assumed numbers, not real or official statistics.",true
19df65a4-37d3-511d-8f1d-2a4e0f749bd6,b69ee815-0860-5176-a8bd-1c7b5fb630e4,false,,,,,,,,false,Y10,"KaushalSetu synthetic generator v2, seed 20260929",2026-09-28T12:00:00+05:30,"SYNTHETIC demo data (KaushalSetu SIH prototype): fictional entities, team-assumed numbers, not real or official statistics.",true
0f35999c-25b3-5b53-9ae1-2e31baac91c1,0fca872c-0333-598d-abaf-7da757ef45dc,false,,,,,,,,false,Y10,"KaushalSetu synthetic generator v2, seed 20260929",2026-09-28T12:00:00+05:30,"SYNTHETIC demo data (KaushalSetu SIH prototype): fictional entities, team-assumed numbers, not real or official statistics.",true
193582b7-0246-5ffe-9103-259df6b2312f,e69f21bc-336f-5f9d-b50b-0a176abd91f2,false,,,,,,,,false,Y10,"KaushalSetu synthetic generator v2, seed 20260929",2026-09-28T12:00:00+05:30,"SYNTHETIC demo data (KaushalSetu SIH prototype): fictional entities, team-assumed numbers, not real or official statistics.",true
4b8a6e43-0dd6-51a6-b018-dac6b647ecc3,4d3e7227-61f5-5415-8fc8-8c2db52932c1,false,,,,,,,,false,Y10,"KaushalSetu synthetic generator v2, seed 20260929",2026-09-28T12:00:00+05:30,"SYNTHETIC demo data (KaushalSetu SIH prototype): fictional entities, team-assumed numbers, not real or official statistics.",true
06e381e0-7afe-5498-81f9-69b485656319,3de39108-78f8-505e-b22d-9c05fa882b97,true,SELF_EMPLOYED,,,,2026-08-15,,false,false,Y10,"KaushalSetu synthetic generator v2, seed 20260929",2026-09-28T12:00:00+05:30,"SYNTHETIC demo data (KaushalSetu SIH prototype): fictional entities, team-assumed numbers, not real or official statistics.",true
940cdc21-a080-5704-97ab-f4c33704442b,fdc60299-63b1-5d66-88ef-12d1d6945349,false,,,,,,,,false,Y10,"KaushalSetu synthetic generator v2, seed 20260929",2026-09-28T12:00:00+05:30,"SYNTHETIC demo data (KaushalSetu SIH prototype): fictional entities, team-assumed numbers, not real or official statistics.",true
c189af8a-2fa9-5e68-9045-015a2f5ff8f9,53ace1f1-ab17-5eb3-bd74-1c3da1f21377,true,WAGE,,2f571be3-597c-576f-8dbd-e8baff7c9dfe,15000,2026-08-25,,true,false,Y10,"KaushalSetu synthetic generator v2, seed 20260929",2026-09-28T12:00:00+05:30,"SYNTHETIC demo data (KaushalSetu SIH prototype): fictional entities, team-assumed numbers, not real or official statistics.",true
1eff9374-2467-5ed8-b92e-1dcf68e6ffcf,d132c91e-a194-5755-9893-c733ab9ba989,true,WAGE,,2f571be3-597c-576f-8dbd-e8baff7c9dfe,13500,2026-08-29,,true,false,Y10,"KaushalSetu synthetic generator v2, seed 20260929",2026-09-28T12:00:00+05:30,"SYNTHETIC demo data (KaushalSetu SIH prototype): fictional entities, team-assumed numbers, not real or official statistics.",true
60395f0f-6045-5988-926b-126b7fd5686f,0dd04bd8-9429-5c7c-80e0-32bbe9317a64,false,,,,,,,,false,Y10,"KaushalSetu synthetic generator v2, seed 20260929",2026-09-28T12:00:00+05:30,"SYNTHETIC demo data (KaushalSetu SIH prototype): fictional entities, team-assumed numbers, not real or official statistics.",true
1c9a4c2a-9e74-56da-ab36-d74438620bba,f9218446-cb55-5a45-a2b1-a8a42b8e6584,false,,,,,,,,false,Y10,"KaushalSetu synthetic generator v2, seed 20260929",2026-09-28T12:00:00+05:30,"SYNTHETIC demo data (KaushalSetu SIH prototype): fictional entities, team-assumed numbers, not real or official statistics.",true
85a56ded-d370-581f-a0c5-bbba322659e3,59a9336d-4e0e-510c-8632-2ab43d56513d,false,,,,,,,,false,Y10,"KaushalSetu synthetic generator v2, seed 20260929",2026-09-28T12:00:00+05:30,"SYNTHETIC demo data (KaushalSetu SIH prototype): fictional entities, team-assumed numbers, not real or official statistics.",true
d6588ea3-dcea-567b-99d3-d73af2552561,301549a0-e720-574e-9610-fe3c6cbde072,false,,,,,,,,false,Y10,"KaushalSetu synthetic generator v2, seed 20260929",2026-09-28T12:00:00+05:30,"SYNTHETIC demo data (KaushalSetu SIH prototype): fictional entities, team-assumed numbers, not real or official statistics.",true
f1526a4f-5788-5349-b871-852c685d09f9,ae686b12-48f9-5c0b-a08d-ae1f128bf555,false,,,,,,,,false,Y10,"KaushalSetu synthetic generator v2, seed 20260929",2026-09-28T12:00:00+05:30,"SYNTHETIC demo data (KaushalSetu SIH prototype): fictional entities, team-assumed numbers, not real or official statistics.",true
f34232e7-b83e-5490-8580-39d8a7469296,74540da7-5c1d-5927-a9d3-45d507547e76,false,,,,,,,,false,Y10,"KaushalSetu synthetic generator v2, seed 20260929",2026-09-28T12:00:00+05:30,"SYNTHETIC demo data (KaushalSetu SIH prototype): fictional entities, team-assumed numbers, not real or official statistics.",true
513fb974-65a8-58c6-832f-62e0015e44e6,e581412b-4305-5213-8466-13f6139d575d,true,WAGE,,2f571be3-597c-576f-8dbd-e8baff7c9dfe,14500,2026-09-08,,true,false,Y10,"KaushalSetu synthetic generator v2, seed 20260929",2026-09-28T12:00:00+05:30,"SYNTHETIC demo data (KaushalSetu SIH prototype): fictional entities, team-assumed numbers, not real or official statistics.",true
4524d49f-556c-5eb0-88cf-314f6054dc4e,7e26c3c2-5f58-5ef6-ad3e-e0ad14a6b003,false,,,,,,,,false,Y10,"KaushalSetu synthetic generator v2, seed 20260929",2026-09-28T12:00:00+05:30,"SYNTHETIC demo data (KaushalSetu SIH prototype): fictional entities, team-assumed numbers, not real or official statistics.",true
7be5c4ea-9d1d-5541-a94e-d9f476ceae9b,edb92054-6e85-54cb-b67b-737b62c4c51a,false,,,,,,,,false,Y10,"KaushalSetu synthetic generator v2, seed 20260929",2026-09-28T12:00:00+05:30,"SYNTHETIC demo data (KaushalSetu SIH prototype): fictional entities, team-assumed numbers, not real or official statistics.",true
9b5423ce-99f2-56cd-b995-ec1988b20b74,7b885067-ab4d-51ac-87ae-a55de81f6a04,false,,,,,,,,false,Y10,"KaushalSetu synthetic generator v2, seed 20260929",2026-09-28T12:00:00+05:30,"SYNTHETIC demo data (KaushalSetu SIH prototype): fictional entities, team-assumed numbers, not real or official statistics.",true
dd524693-728f-532a-b18e-ba70f099cacb,abb06ac5-01b9-588d-81af-4b5d12a6b808,false,,,,,,,,false,Y10,"KaushalSetu synthetic generator v2, seed 20260929",2026-09-28T12:00:00+05:30,"SYNTHETIC demo data (KaushalSetu SIH prototype): fictional entities, team-assumed numbers, not real or official statistics.",true
04182c55-29ed-5609-ba7b-d21655cc1510,0d236ab1-728b-5110-9256-117dc89a98b8,false,,,,,,,,false,Y10,"KaushalSetu synthetic generator v2, seed 20260929",2026-09-28T12:00:00+05:30,"SYNTHETIC demo data (KaushalSetu SIH prototype): fictional entities, team-assumed numbers, not real or official statistics.",true
3c9bf687-31bc-5ce1-90c2-2fbe55c26a7d,5bf81a50-491c-53c7-aac5-88886fd46220,true,WAGE,,2f571be3-597c-576f-8dbd-e8baff7c9dfe,15500,2026-08-23,,true,false,Y10,"KaushalSetu synthetic generator v2, seed 20260929",2026-09-28T12:00:00+05:30,"SYNTHETIC demo data (KaushalSetu SIH prototype): fictional entities, team-assumed numbers, not real or official statistics.",true
f4524850-eadc-5d1e-8416-e11d70eaae72,aa2bf856-95eb-53a6-b59c-c6670d8147fb,false,,,,,,,,false,Y10,"KaushalSetu synthetic generator v2, seed 20260929",2026-09-28T12:00:00+05:30,"SYNTHETIC demo data (KaushalSetu SIH prototype): fictional entities, team-assumed numbers, not real or official statistics.",true
0281be87-fe1a-5458-ae5a-f9089701a5bd,aaf5f79f-48e5-565f-9131-339f398c47eb,true,WAGE,,,11000,2026-08-25,,false,false,Y10,"KaushalSetu synthetic generator v2, seed 20260929",2026-09-28T12:00:00+05:30,"SYNTHETIC demo data (KaushalSetu SIH prototype): fictional entities, team-assumed numbers, not real or official statistics.",true
9781bcf5-86b7-5d8e-85fe-e0c1214da965,d437c5a2-26e6-5b7b-a91c-5e3915d79286,true,SELF_EMPLOYED,,2f571be3-597c-576f-8dbd-e8baff7c9dfe,,2026-08-29,,true,false,Y10,"KaushalSetu synthetic generator v2, seed 20260929",2026-09-28T12:00:00+05:30,"SYNTHETIC demo data (KaushalSetu SIH prototype): fictional entities, team-assumed numbers, not real or official statistics.",true
173d2264-32ac-5dbc-af16-bb79903affd1,41cd50a6-9651-5c13-acd9-5b072f3b3ebb,true,WAGE,,2f571be3-597c-576f-8dbd-e8baff7c9dfe,14000,2026-09-26,,true,false,Y10,"KaushalSetu synthetic generator v2, seed 20260929",2026-09-28T12:00:00+05:30,"SYNTHETIC demo data (KaushalSetu SIH prototype): fictional entities, team-assumed numbers, not real or official statistics.",true
e4b84582-fab2-5910-a31a-899a547e6243,f3439158-ba3a-5958-9301-affd388dc238,false,,,,,,,,false,Y10,"KaushalSetu synthetic generator v2, seed 20260929",2026-09-28T12:00:00+05:30,"SYNTHETIC demo data (KaushalSetu SIH prototype): fictional entities, team-assumed numbers, not real or official statistics.",true
f65a7751-e4d7-52aa-b2d8-0ac8498c4060,1ec6f51d-d1e8-5c78-8eda-0e352883674c,false,,,,,,,,false,Y10,"KaushalSetu synthetic generator v2, seed 20260929",2026-09-28T12:00:00+05:30,"SYNTHETIC demo data (KaushalSetu SIH prototype): fictional entities, team-assumed numbers, not real or official statistics.",true
17beab94-0594-582c-b3bb-904d0dd09d6b,1b7f22b5-dc43-519e-b42a-1e4505d2ac6b,true,WAGE,,2f571be3-597c-576f-8dbd-e8baff7c9dfe,14000,2026-09-14,,true,false,Y10,"KaushalSetu synthetic generator v2, seed 20260929",2026-09-28T12:00:00+05:30,"SYNTHETIC demo data (KaushalSetu SIH prototype): fictional entities, team-assumed numbers, not real or official statistics.",true
9291db75-6ab7-53dc-a9dd-f58dc9ca8bae,95391150-535d-581a-8b0c-638cd69bdf76,true,SELF_EMPLOYED,,2f571be3-597c-576f-8dbd-e8baff7c9dfe,,2026-09-23,,true,false,Y10,"KaushalSetu synthetic generator v2, seed 20260929",2026-09-28T12:00:00+05:30,"SYNTHETIC demo data (KaushalSetu SIH prototype): fictional entities, team-assumed numbers, not real or official statistics.",true
d5064e2f-db02-5358-a384-1c73e4b6b194,c63590d5-56c9-53b4-829c-2f998e66cee8,false,,,,,,,,false,Y10,"KaushalSetu synthetic generator v2, seed 20260929",2026-09-28T12:00:00+05:30,"SYNTHETIC demo data (KaushalSetu SIH prototype): fictional entities, team-assumed numbers, not real or official statistics.",true
f5f028ed-390d-50d2-99b5-ca57aef3450f,ee624851-73b6-5b05-8ede-919409d62c36,true,WAGE,,2f571be3-597c-576f-8dbd-e8baff7c9dfe,14000,2026-08-24,,true,false,Y10,"KaushalSetu synthetic generator v2, seed 20260929",2026-09-28T12:00:00+05:30,"SYNTHETIC demo data (KaushalSetu SIH prototype): fictional entities, team-assumed numbers, not real or official statistics.",true
3672c5fa-c2f4-55e7-a54a-66664a2b3097,267ca21e-b64d-5931-bbe5-9c6d1acea994,false,,,,,,,,false,Y10,"KaushalSetu synthetic generator v2, seed 20260929",2026-09-28T12:00:00+05:30,"SYNTHETIC demo data (KaushalSetu SIH prototype): fictional entities, team-assumed numbers, not real or official statistics.",true
bf93edf6-3624-504d-af97-7c33a9ccf513,44dd3291-3597-5909-a099-382aaf6fbe42,true,APPRENTICESHIP,11483913-5e52-50ca-89d9-03c56a315e02,c7df5212-ab60-5561-aa36-9acc415e9b5b,,2025-11-20,true,true,true,Y10,"KaushalSetu synthetic generator v2, seed 20260929",2026-09-28T12:00:00+05:30,"SYNTHETIC demo data (KaushalSetu SIH prototype): fictional entities, team-assumed numbers, not real or official statistics.",true
e4fd7e8a-762b-510c-9e90-33b32f4212c9,dbd11a96-9e62-5cba-b9ef-15594dff3d2c,false,,,,,,,,true,Y10,"KaushalSetu synthetic generator v2, seed 20260929",2026-09-28T12:00:00+05:30,"SYNTHETIC demo data (KaushalSetu SIH prototype): fictional entities, team-assumed numbers, not real or official statistics.",true
fb67af3a-e372-529f-a875-5299283c148e,cae28b30-b05e-51e3-8f97-e2e886156279,false,,,,,,,,true,Y10,"KaushalSetu synthetic generator v2, seed 20260929",2026-09-28T12:00:00+05:30,"SYNTHETIC demo data (KaushalSetu SIH prototype): fictional entities, team-assumed numbers, not real or official statistics.",true
c4a2b206-2367-5e87-aee2-cefecaf621de,5a621b65-52e5-598c-88d7-06a7bda3b98d,true,WAGE,,c7df5212-ab60-5561-aa36-9acc415e9b5b,14000,2025-09-14,true,true,true,Y10,"KaushalSetu synthetic generator v2, seed 20260929",2026-09-28T12:00:00+05:30,"SYNTHETIC demo data (KaushalSetu SIH prototype): fictional entities, team-assumed numbers, not real or official statistics.",true
f647b9f1-6c49-528f-8cdf-95585502258d,51b52c32-497c-5fcb-9b5b-4b676d90ec5f,true,WAGE,,c7df5212-ab60-5561-aa36-9acc415e9b5b,13500,2025-10-27,true,true,true,Y10,"KaushalSetu synthetic generator v2, seed 20260929",2026-09-28T12:00:00+05:30,"SYNTHETIC demo data (KaushalSetu SIH prototype): fictional entities, team-assumed numbers, not real or official statistics.",true
499b56c6-2a63-51c8-9f74-df7e340b5d1d,ec36eac8-fb09-5179-831a-48b45a32b63b,false,,,,,,,,true,Y10,"KaushalSetu synthetic generator v2, seed 20260929",2026-09-28T12:00:00+05:30,"SYNTHETIC demo data (KaushalSetu SIH prototype): fictional entities, team-assumed numbers, not real or official statistics.",true
2ae759c6-8a60-5243-b334-5c56c2285a54,1c5b9504-979e-5696-8ebf-779e2989c07c,true,WAGE,,,19500,2025-12-06,false,false,true,Y10,"KaushalSetu synthetic generator v2, seed 20260929",2026-09-28T12:00:00+05:30,"SYNTHETIC demo data (KaushalSetu SIH prototype): fictional entities, team-assumed numbers, not real or official statistics.",true
452561d2-3a28-52ff-8320-a01d061aa11a,11ae65f0-9283-53c6-ae38-977c8e834441,false,,,,,,,,true,Y10,"KaushalSetu synthetic generator v2, seed 20260929",2026-09-28T12:00:00+05:30,"SYNTHETIC demo data (KaushalSetu SIH prototype): fictional entities, team-assumed numbers, not real or official statistics.",true
f16c69c8-4688-5e84-8bbf-33f2f48ff6b8,18e751c8-c05b-5aec-8f7c-fd7d6e116cc3,false,,,,,,,,true,Y10,"KaushalSetu synthetic generator v2, seed 20260929",2026-09-28T12:00:00+05:30,"SYNTHETIC demo data (KaushalSetu SIH prototype): fictional entities, team-assumed numbers, not real or official statistics.",true
b112da7a-977e-5494-ab99-10af9628d5dc,18281eed-d104-5e07-b86b-2fd9ed9e74df,true,SELF_EMPLOYED,,,,2025-09-14,false,false,true,Y10,"KaushalSetu synthetic generator v2, seed 20260929",2026-09-28T12:00:00+05:30,"SYNTHETIC demo data (KaushalSetu SIH prototype): fictional entities, team-assumed numbers, not real or official statistics.",true
755ff672-948b-5330-8266-5fc470553291,3483b61e-06a8-59c5-8126-b9c62d634170,false,,,,,,,,true,Y10,"KaushalSetu synthetic generator v2, seed 20260929",2026-09-28T12:00:00+05:30,"SYNTHETIC demo data (KaushalSetu SIH prototype): fictional entities, team-assumed numbers, not real or official statistics.",true
df31e6f3-42b5-59e7-83c9-37139dfd3790,69b6060a-4467-5d1b-becc-dfe297739283,true,WAGE,,c7df5212-ab60-5561-aa36-9acc415e9b5b,19500,2025-12-23,false,true,true,Y10,"KaushalSetu synthetic generator v2, seed 20260929",2026-09-28T12:00:00+05:30,"SYNTHETIC demo data (KaushalSetu SIH prototype): fictional entities, team-assumed numbers, not real or official statistics.",true
b7158ba9-2e2f-5ae3-ad47-6fb955523bb3,8771f035-bf04-560e-82ac-0ee6a6d0e66e,true,WAGE,,c7df5212-ab60-5561-aa36-9acc415e9b5b,15000,2025-08-24,true,true,true,Y10,"KaushalSetu synthetic generator v2, seed 20260929",2026-09-28T12:00:00+05:30,"SYNTHETIC demo data (KaushalSetu SIH prototype): fictional entities, team-assumed numbers, not real or official statistics.",true
247cf240-2b15-55f7-85c9-f5201f466eed,d9fa343f-aafd-5c47-9c57-de2431f69cee,false,,,,,,,,true,Y10,"KaushalSetu synthetic generator v2, seed 20260929",2026-09-28T12:00:00+05:30,"SYNTHETIC demo data (KaushalSetu SIH prototype): fictional entities, team-assumed numbers, not real or official statistics.",true
f3f3599e-5cf6-5a7b-8392-28f19c699401,b1622a97-d9e1-5fe1-9cff-31bf7afa174f,true,SELF_EMPLOYED,,c7df5212-ab60-5561-aa36-9acc415e9b5b,,2025-09-03,false,true,true,Y10,"KaushalSetu synthetic generator v2, seed 20260929",2026-09-28T12:00:00+05:30,"SYNTHETIC demo data (KaushalSetu SIH prototype): fictional entities, team-assumed numbers, not real or official statistics.",true
7c170576-0d63-5066-9878-bb24a275a98d,8e905ab1-c01b-5e95-a8e3-931f7e4ce7a9,true,WAGE,,c7df5212-ab60-5561-aa36-9acc415e9b5b,13000,2025-10-09,true,true,true,Y10,"KaushalSetu synthetic generator v2, seed 20260929",2026-09-28T12:00:00+05:30,"SYNTHETIC demo data (KaushalSetu SIH prototype): fictional entities, team-assumed numbers, not real or official statistics.",true
231f0e95-ff29-5df3-97ff-657bfc448124,57e6b868-b913-5bcd-86bf-2c5ab5252849,false,,,,,,,,true,Y10,"KaushalSetu synthetic generator v2, seed 20260929",2026-09-28T12:00:00+05:30,"SYNTHETIC demo data (KaushalSetu SIH prototype): fictional entities, team-assumed numbers, not real or official statistics.",true
50c3412e-8d2c-53de-af5d-1f60ef009bb9,1a6297bb-764b-5e4f-9eb7-8d6ff9e948b2,false,,,,,,,,true,Y10,"KaushalSetu synthetic generator v2, seed 20260929",2026-09-28T12:00:00+05:30,"SYNTHETIC demo data (KaushalSetu SIH prototype): fictional entities, team-assumed numbers, not real or official statistics.",true
e70f3782-b7d7-54ff-a81d-0c1619b629d3,2204bc3a-e4a7-5528-95f8-326ecdd5afa0,true,WAGE,,c7df5212-ab60-5561-aa36-9acc415e9b5b,18000,2025-10-19,true,true,true,Y10,"KaushalSetu synthetic generator v2, seed 20260929",2026-09-28T12:00:00+05:30,"SYNTHETIC demo data (KaushalSetu SIH prototype): fictional entities, team-assumed numbers, not real or official statistics.",true
8f172873-ea03-5af0-b090-05abd2ecb886,45991c78-4d30-50bd-8bd8-e36a05a975d2,false,,,,,,,,true,Y10,"KaushalSetu synthetic generator v2, seed 20260929",2026-09-28T12:00:00+05:30,"SYNTHETIC demo data (KaushalSetu SIH prototype): fictional entities, team-assumed numbers, not real or official statistics.",true
0509fc24-154b-56a3-823a-fdc5655b3132,67e01b65-e3e0-5896-ab52-e4b6e9e4e377,true,APPRENTICESHIP,,c7df5212-ab60-5561-aa36-9acc415e9b5b,,2025-09-29,true,true,true,Y10,"KaushalSetu synthetic generator v2, seed 20260929",2026-09-28T12:00:00+05:30,"SYNTHETIC demo data (KaushalSetu SIH prototype): fictional entities, team-assumed numbers, not real or official statistics.",true
60b9d078-d3de-5f38-8382-a9edd0a1c243,fcbec428-cd0c-58f2-9904-c1d379bdf666,false,,,,,,,,true,Y10,"KaushalSetu synthetic generator v2, seed 20260929",2026-09-28T12:00:00+05:30,"SYNTHETIC demo data (KaushalSetu SIH prototype): fictional entities, team-assumed numbers, not real or official statistics.",true
2b9ef6d6-f55b-54a1-b7ea-99bc71145a8d,bd981d37-c704-51c3-9711-2dadb9010da8,true,WAGE,,c7df5212-ab60-5561-aa36-9acc415e9b5b,16500,2025-11-14,true,true,true,Y10,"KaushalSetu synthetic generator v2, seed 20260929",2026-09-28T12:00:00+05:30,"SYNTHETIC demo data (KaushalSetu SIH prototype): fictional entities, team-assumed numbers, not real or official statistics.",true
9bf625a4-cf91-515f-87a3-87d1f237b61d,0fc839a5-1251-5944-adf0-939bcfb62a39,true,WAGE,,c7df5212-ab60-5561-aa36-9acc415e9b5b,17000,2025-08-20,true,true,true,Y10,"KaushalSetu synthetic generator v2, seed 20260929",2026-09-28T12:00:00+05:30,"SYNTHETIC demo data (KaushalSetu SIH prototype): fictional entities, team-assumed numbers, not real or official statistics.",true
4681f006-83ba-5843-b68a-a11d04789733,6851cd64-5e26-5392-a9b1-5fb272145751,false,,,,,,,,true,Y10,"KaushalSetu synthetic generator v2, seed 20260929",2026-09-28T12:00:00+05:30,"SYNTHETIC demo data (KaushalSetu SIH prototype): fictional entities, team-assumed numbers, not real or official statistics.",true
a6a83e38-a3e2-5841-b4ea-c473429ca55e,1be91fee-cb48-5834-acdf-feea8d83ae94,true,WAGE,,c7df5212-ab60-5561-aa36-9acc415e9b5b,19500,2025-09-18,true,true,true,Y10,"KaushalSetu synthetic generator v2, seed 20260929",2026-09-28T12:00:00+05:30,"SYNTHETIC demo data (KaushalSetu SIH prototype): fictional entities, team-assumed numbers, not real or official statistics.",true
00755984-9085-557b-a8ed-b7e8f81c8b11,6d487f43-da78-51c9-9d3d-2d67ad0ac5d3,true,WAGE,,,17500,2025-08-16,true,false,true,Y10,"KaushalSetu synthetic generator v2, seed 20260929",2026-09-28T12:00:00+05:30,"SYNTHETIC demo data (KaushalSetu SIH prototype): fictional entities, team-assumed numbers, not real or official statistics.",true
782b530c-a706-5f76-b3ae-1b9384130d25,63304174-edf2-5aeb-8d81-79d33896fd97,false,,,,,,,,true,Y10,"KaushalSetu synthetic generator v2, seed 20260929",2026-09-28T12:00:00+05:30,"SYNTHETIC demo data (KaushalSetu SIH prototype): fictional entities, team-assumed numbers, not real or official statistics.",true
afd9087d-0085-5224-b81c-ed369f6723cc,bc10218a-881c-58f7-9468-1ae3e93f0ef9,true,WAGE,,c7df5212-ab60-5561-aa36-9acc415e9b5b,19500,2025-11-07,true,true,true,Y10,"KaushalSetu synthetic generator v2, seed 20260929",2026-09-28T12:00:00+05:30,"SYNTHETIC demo data (KaushalSetu SIH prototype): fictional entities, team-assumed numbers, not real or official statistics.",true
62f6e326-16ef-5c19-88e3-bf6c4f08f54c,bae92536-3314-52e9-834c-2d61c3df3eeb,true,WAGE,,c7df5212-ab60-5561-aa36-9acc415e9b5b,14000,2025-10-10,true,true,true,Y10,"KaushalSetu synthetic generator v2, seed 20260929",2026-09-28T12:00:00+05:30,"SYNTHETIC demo data (KaushalSetu SIH prototype): fictional entities, team-assumed numbers, not real or official statistics.",true
f15d0470-b65b-5cba-a2dc-fe761b092ab1,9e8ac017-326d-5e8e-a44a-28191f9890b6,false,,,,,,,,false,Y10,"KaushalSetu synthetic generator v2, seed 20260929",2026-09-28T12:00:00+05:30,"SYNTHETIC demo data (KaushalSetu SIH prototype): fictional entities, team-assumed numbers, not real or official statistics.",true
773d42d1-c608-5909-a7f8-9e24324ab47b,725bb0bf-3a0f-5706-b338-075bb6cce321,true,SELF_EMPLOYED,,c7df5212-ab60-5561-aa36-9acc415e9b5b,,2026-08-07,,true,false,Y10,"KaushalSetu synthetic generator v2, seed 20260929",2026-09-28T12:00:00+05:30,"SYNTHETIC demo data (KaushalSetu SIH prototype): fictional entities, team-assumed numbers, not real or official statistics.",true
9e13357b-f32f-579e-8189-0a81567ad289,5750b625-db0a-523e-afdf-2cc53725b94e,false,,,,,,,,false,Y10,"KaushalSetu synthetic generator v2, seed 20260929",2026-09-28T12:00:00+05:30,"SYNTHETIC demo data (KaushalSetu SIH prototype): fictional entities, team-assumed numbers, not real or official statistics.",true
4196dc3a-3961-5e2f-ad08-f58c0a993798,46f777d8-18c4-5b65-b9fd-2bda926905d0,false,,,,,,,,false,Y10,"KaushalSetu synthetic generator v2, seed 20260929",2026-09-28T12:00:00+05:30,"SYNTHETIC demo data (KaushalSetu SIH prototype): fictional entities, team-assumed numbers, not real or official statistics.",true
5a79f7e0-7413-5f73-b3ea-abba9f684ab0,334dde27-3f8f-541e-a924-3ead0e344d3b,true,WAGE,,c7df5212-ab60-5561-aa36-9acc415e9b5b,20000,2026-09-11,,true,false,Y10,"KaushalSetu synthetic generator v2, seed 20260929",2026-09-28T12:00:00+05:30,"SYNTHETIC demo data (KaushalSetu SIH prototype): fictional entities, team-assumed numbers, not real or official statistics.",true
2eb8f744-6756-5505-b606-644a39564257,1e1bd8d8-8efb-50fe-8dc5-7685960b8c00,false,,,,,,,,false,Y10,"KaushalSetu synthetic generator v2, seed 20260929",2026-09-28T12:00:00+05:30,"SYNTHETIC demo data (KaushalSetu SIH prototype): fictional entities, team-assumed numbers, not real or official statistics.",true
87142ced-9478-524d-b4b8-7d368075db21,b9d379d3-984f-5d56-8a5e-63887ac2c2b6,false,,,,,,,,false,Y10,"KaushalSetu synthetic generator v2, seed 20260929",2026-09-28T12:00:00+05:30,"SYNTHETIC demo data (KaushalSetu SIH prototype): fictional entities, team-assumed numbers, not real or official statistics.",true
82b999ea-2deb-5b7c-b286-69e026027e79,266d1bcd-a65b-5b29-b41b-a9fb90901151,false,,,,,,,,false,Y10,"KaushalSetu synthetic generator v2, seed 20260929",2026-09-28T12:00:00+05:30,"SYNTHETIC demo data (KaushalSetu SIH prototype): fictional entities, team-assumed numbers, not real or official statistics.",true
696f2bc0-dcc1-5016-b6fa-937875e18e88,3aea37c0-d670-5b8a-9f34-7280e92a82d3,true,WAGE,,c7df5212-ab60-5561-aa36-9acc415e9b5b,13000,2026-09-06,,true,false,Y10,"KaushalSetu synthetic generator v2, seed 20260929",2026-09-28T12:00:00+05:30,"SYNTHETIC demo data (KaushalSetu SIH prototype): fictional entities, team-assumed numbers, not real or official statistics.",true
20f43aab-ba47-5869-98ad-181ee966f745,54d121b0-663c-5e5c-a649-4dea63ab5b46,true,WAGE,,c7df5212-ab60-5561-aa36-9acc415e9b5b,13500,2026-08-18,,true,false,Y10,"KaushalSetu synthetic generator v2, seed 20260929",2026-09-28T12:00:00+05:30,"SYNTHETIC demo data (KaushalSetu SIH prototype): fictional entities, team-assumed numbers, not real or official statistics.",true
54a548b8-dea8-50dc-bcd5-d1b15811a0b3,95373e75-0e4a-55f9-90a2-9edb0d7b7f42,true,WAGE,,c7df5212-ab60-5561-aa36-9acc415e9b5b,14000,2026-09-19,,true,false,Y10,"KaushalSetu synthetic generator v2, seed 20260929",2026-09-28T12:00:00+05:30,"SYNTHETIC demo data (KaushalSetu SIH prototype): fictional entities, team-assumed numbers, not real or official statistics.",true
3f39c333-5ab6-5848-9604-0a80d510cb86,d65c8238-7f31-5f18-a52d-0eb9fe9b1374,false,,,,,,,,false,Y10,"KaushalSetu synthetic generator v2, seed 20260929",2026-09-28T12:00:00+05:30,"SYNTHETIC demo data (KaushalSetu SIH prototype): fictional entities, team-assumed numbers, not real or official statistics.",true
c95bf107-dc48-53b7-8bf6-d8fde317ae10,5cc8061e-e0d1-5992-a821-ec867d08cb17,false,,,,,,,,false,Y10,"KaushalSetu synthetic generator v2, seed 20260929",2026-09-28T12:00:00+05:30,"SYNTHETIC demo data (KaushalSetu SIH prototype): fictional entities, team-assumed numbers, not real or official statistics.",true
e8d4fcb4-2803-5858-a983-287794712039,f613c293-7895-5427-9545-c0d7c665aacb,true,WAGE,,c7df5212-ab60-5561-aa36-9acc415e9b5b,14500,2026-09-18,,true,false,Y10,"KaushalSetu synthetic generator v2, seed 20260929",2026-09-28T12:00:00+05:30,"SYNTHETIC demo data (KaushalSetu SIH prototype): fictional entities, team-assumed numbers, not real or official statistics.",true
8c34caa7-d3b8-5798-996e-eaf7b06261ee,a23372d4-6e09-5e0b-a388-a98cdba84492,false,,,,,,,,false,Y10,"KaushalSetu synthetic generator v2, seed 20260929",2026-09-28T12:00:00+05:30,"SYNTHETIC demo data (KaushalSetu SIH prototype): fictional entities, team-assumed numbers, not real or official statistics.",true
f940eb02-c0fd-5100-9111-781ecaa97041,8c0fe9fb-e106-5451-b068-03ad3b64936b,false,,,,,,,,false,Y10,"KaushalSetu synthetic generator v2, seed 20260929",2026-09-28T12:00:00+05:30,"SYNTHETIC demo data (KaushalSetu SIH prototype): fictional entities, team-assumed numbers, not real or official statistics.",true
540236bb-cb58-5bb7-8a02-5cfdc6a4cdda,bfc7b8bf-f925-586e-a510-254edb9df032,false,,,,,,,,false,Y10,"KaushalSetu synthetic generator v2, seed 20260929",2026-09-28T12:00:00+05:30,"SYNTHETIC demo data (KaushalSetu SIH prototype): fictional entities, team-assumed numbers, not real or official statistics.",true
2c426d0d-ac35-5381-9a4c-5dfa6d0e51b8,58dd8fcf-c737-5970-ad1d-92fa742d86f5,true,WAGE,,c7df5212-ab60-5561-aa36-9acc415e9b5b,18500,2026-09-16,,true,false,Y10,"KaushalSetu synthetic generator v2, seed 20260929",2026-09-28T12:00:00+05:30,"SYNTHETIC demo data (KaushalSetu SIH prototype): fictional entities, team-assumed numbers, not real or official statistics.",true
69382eb3-c58b-5a81-aa8b-fc586a7b7f37,9b5c690f-4e4b-562e-9c2e-694e5a52511b,false,,,,,,,,false,Y10,"KaushalSetu synthetic generator v2, seed 20260929",2026-09-28T12:00:00+05:30,"SYNTHETIC demo data (KaushalSetu SIH prototype): fictional entities, team-assumed numbers, not real or official statistics.",true
29a4c897-feff-5bbb-8685-f8b7b692043f,e34dbd04-3aaa-5495-991a-6985259434b2,true,WAGE,,,17500,2026-09-01,,false,false,Y10,"KaushalSetu synthetic generator v2, seed 20260929",2026-09-28T12:00:00+05:30,"SYNTHETIC demo data (KaushalSetu SIH prototype): fictional entities, team-assumed numbers, not real or official statistics.",true
88fb08a8-4507-59d0-b689-43308e0f3c94,9b2fb94f-cb07-5532-9063-4d32542e312b,true,WAGE,11483913-5e52-50ca-89d9-03c56a315e02,c7df5212-ab60-5561-aa36-9acc415e9b5b,18500,2026-09-13,,true,false,Y10,"KaushalSetu synthetic generator v2, seed 20260929",2026-09-28T12:00:00+05:30,"SYNTHETIC demo data (KaushalSetu SIH prototype): fictional entities, team-assumed numbers, not real or official statistics.",true
46ba95dd-30ac-5c2a-b10b-b2e4f52d76ae,3f80430b-4444-5055-934e-c76211f0ec07,false,,,,,,,,false,Y10,"KaushalSetu synthetic generator v2, seed 20260929",2026-09-28T12:00:00+05:30,"SYNTHETIC demo data (KaushalSetu SIH prototype): fictional entities, team-assumed numbers, not real or official statistics.",true
86a4f34a-2070-5f6b-bd8a-309e546a42e1,81270ea8-af98-5033-8774-af429f26dd79,false,,,,,,,,false,Y10,"KaushalSetu synthetic generator v2, seed 20260929",2026-09-28T12:00:00+05:30,"SYNTHETIC demo data (KaushalSetu SIH prototype): fictional entities, team-assumed numbers, not real or official statistics.",true
67938c4a-2622-550e-83ae-72a8d5204a6a,2df530b9-ee0b-5daa-b62d-ea15c30db989,true,SELF_EMPLOYED,,c7df5212-ab60-5561-aa36-9acc415e9b5b,,2026-09-19,,true,false,Y10,"KaushalSetu synthetic generator v2, seed 20260929",2026-09-28T12:00:00+05:30,"SYNTHETIC demo data (KaushalSetu SIH prototype): fictional entities, team-assumed numbers, not real or official statistics.",true
609badb9-2c26-550d-bdcc-cb34ad7dcaae,7d8d1aff-6b9f-5990-b058-e8789c9e6654,true,WAGE,,c7df5212-ab60-5561-aa36-9acc415e9b5b,18500,2026-09-16,,true,false,Y10,"KaushalSetu synthetic generator v2, seed 20260929",2026-09-28T12:00:00+05:30,"SYNTHETIC demo data (KaushalSetu SIH prototype): fictional entities, team-assumed numbers, not real or official statistics.",true
aa1e9308-18da-56e8-8303-e7cb7b50687d,107c1bec-b37e-50da-aa8f-52b6f1b34c11,true,APPRENTICESHIP,8087cd2c-1ad4-58f9-8325-890f2ad4708c,c7df5212-ab60-5561-aa36-9acc415e9b5b,,2026-08-21,,true,false,Y10,"KaushalSetu synthetic generator v2, seed 20260929",2026-09-28T12:00:00+05:30,"SYNTHETIC demo data (KaushalSetu SIH prototype): fictional entities, team-assumed numbers, not real or official statistics.",true
44edb1d7-dd7a-58b6-b3f6-b202ca8d73d6,889f221c-1130-5249-b8ae-3b579187dbc6,true,WAGE,11483913-5e52-50ca-89d9-03c56a315e02,c7df5212-ab60-5561-aa36-9acc415e9b5b,15000,2026-09-24,,true,false,Y10,"KaushalSetu synthetic generator v2, seed 20260929",2026-09-28T12:00:00+05:30,"SYNTHETIC demo data (KaushalSetu SIH prototype): fictional entities, team-assumed numbers, not real or official statistics.",true
d985ecae-3575-5089-8079-9be3b4031fde,9ed11d15-f104-5844-b953-73fa6052260d,true,WAGE,,c7df5212-ab60-5561-aa36-9acc415e9b5b,16500,2026-09-09,,true,false,Y10,"KaushalSetu synthetic generator v2, seed 20260929",2026-09-28T12:00:00+05:30,"SYNTHETIC demo data (KaushalSetu SIH prototype): fictional entities, team-assumed numbers, not real or official statistics.",true
f9d26bfa-ab8a-5a25-8fe7-c90376625408,1b1caf08-64c0-5eca-ba27-afe69f9e84f4,true,WAGE,8087cd2c-1ad4-58f9-8325-890f2ad4708c,c7df5212-ab60-5561-aa36-9acc415e9b5b,20000,2026-08-17,,true,false,Y10,"KaushalSetu synthetic generator v2, seed 20260929",2026-09-28T12:00:00+05:30,"SYNTHETIC demo data (KaushalSetu SIH prototype): fictional entities, team-assumed numbers, not real or official statistics.",true
048e02a0-baa4-5cf9-826a-8241565ca5f4,5f584589-7b78-5156-874b-46a2ef0b204d,true,WAGE,,,14500,2026-08-13,,false,false,Y10,"KaushalSetu synthetic generator v2, seed 20260929",2026-09-28T12:00:00+05:30,"SYNTHETIC demo data (KaushalSetu SIH prototype): fictional entities, team-assumed numbers, not real or official statistics.",true
c8c2f5b7-0368-5d3c-abfa-420bbcd19198,42d22248-5240-5008-b3d8-79d8f9563010,false,,,,,,,,true,Y10,"KaushalSetu synthetic generator v2, seed 20260929",2026-09-28T12:00:00+05:30,"SYNTHETIC demo data (KaushalSetu SIH prototype): fictional entities, team-assumed numbers, not real or official statistics.",true
2f2c4e09-b95a-515f-85c2-1c33f0ca9fd2,0aa85661-c9aa-563d-9b08-39b7f4682140,false,,,,,,,,true,Y10,"KaushalSetu synthetic generator v2, seed 20260929",2026-09-28T12:00:00+05:30,"SYNTHETIC demo data (KaushalSetu SIH prototype): fictional entities, team-assumed numbers, not real or official statistics.",true
82dc4fd4-c7f4-52c9-b7a1-44245894bab8,ab2aa278-7c4f-53a9-86a7-9741e5e3a342,false,,,,,,,,true,Y10,"KaushalSetu synthetic generator v2, seed 20260929",2026-09-28T12:00:00+05:30,"SYNTHETIC demo data (KaushalSetu SIH prototype): fictional entities, team-assumed numbers, not real or official statistics.",true
32f56707-51d4-5a1d-83b6-34f037932d18,c685efdd-bf5f-5fae-ac1e-cf6b32fb094d,false,,,,,,,,true,Y10,"KaushalSetu synthetic generator v2, seed 20260929",2026-09-28T12:00:00+05:30,"SYNTHETIC demo data (KaushalSetu SIH prototype): fictional entities, team-assumed numbers, not real or official statistics.",true
6646b293-4195-5234-acfa-18028794e38f,6d60eb87-9a12-5a38-9e79-4b8e43969d50,false,,,,,,,,true,Y10,"KaushalSetu synthetic generator v2, seed 20260929",2026-09-28T12:00:00+05:30,"SYNTHETIC demo data (KaushalSetu SIH prototype): fictional entities, team-assumed numbers, not real or official statistics.",true
2f7e1942-80df-50bd-8538-7ab092d43f36,c40a9e4b-3812-5015-a581-888cac7c48cc,true,WAGE,,608cbacd-5b75-535a-92f4-6a1d0aa606f5,15500,2025-09-27,true,true,true,Y10,"KaushalSetu synthetic generator v2, seed 20260929",2026-09-28T12:00:00+05:30,"SYNTHETIC demo data (KaushalSetu SIH prototype): fictional entities, team-assumed numbers, not real or official statistics.",true
81987567-d8ef-58e8-801b-5870be3a073e,524855a5-7e9d-5ec6-ba6d-3c5433a93964,true,WAGE,,,15000,2024-12-03,true,false,true,Y10,"KaushalSetu synthetic generator v2, seed 20260929",2026-09-28T12:00:00+05:30,"SYNTHETIC demo data (KaushalSetu SIH prototype): fictional entities, team-assumed numbers, not real or official statistics.",true
bc1454fb-55d9-5aa7-9698-b5eadbee9f51,89c02214-8842-5711-9348-883c8b1fe221,false,,,,,,,,true,Y10,"KaushalSetu synthetic generator v2, seed 20260929",2026-09-28T12:00:00+05:30,"SYNTHETIC demo data (KaushalSetu SIH prototype): fictional entities, team-assumed numbers, not real or official statistics.",true
b84fd4c5-368e-5523-9bf1-2576ab65beef,f706de0d-e6c0-5337-9094-6986304b18cd,false,,,,,,,,true,Y10,"KaushalSetu synthetic generator v2, seed 20260929",2026-09-28T12:00:00+05:30,"SYNTHETIC demo data (KaushalSetu SIH prototype): fictional entities, team-assumed numbers, not real or official statistics.",true
baa5e141-c287-5486-82e9-0966a443f16b,1b897987-1839-572d-b2de-ca7ed2526bc6,true,WAGE,315af447-fae0-50c4-bd2b-b0bbc0420fde,608cbacd-5b75-535a-92f4-6a1d0aa606f5,17000,2025-05-15,false,true,true,Y10,"KaushalSetu synthetic generator v2, seed 20260929",2026-09-28T12:00:00+05:30,"SYNTHETIC demo data (KaushalSetu SIH prototype): fictional entities, team-assumed numbers, not real or official statistics.",true
60bca456-1135-5589-8685-1d16b681f79a,14ea41e8-895f-5bd1-b6af-e1ffbbf45bb1,false,,,,,,,,true,Y10,"KaushalSetu synthetic generator v2, seed 20260929",2026-09-28T12:00:00+05:30,"SYNTHETIC demo data (KaushalSetu SIH prototype): fictional entities, team-assumed numbers, not real or official statistics.",true
ba6f4a26-a557-5fb0-87fe-0e7a1a080569,67be219b-1269-5af2-a29b-e644515caabf,true,WAGE,315af447-fae0-50c4-bd2b-b0bbc0420fde,608cbacd-5b75-535a-92f4-6a1d0aa606f5,17000,2025-02-27,true,true,true,Y10,"KaushalSetu synthetic generator v2, seed 20260929",2026-09-28T12:00:00+05:30,"SYNTHETIC demo data (KaushalSetu SIH prototype): fictional entities, team-assumed numbers, not real or official statistics.",true
ea544c53-4ea3-5155-8a2d-b5f95082d899,f1799976-ed72-5c3f-ab04-670b4171e1ba,false,,,,,,,,true,Y10,"KaushalSetu synthetic generator v2, seed 20260929",2026-09-28T12:00:00+05:30,"SYNTHETIC demo data (KaushalSetu SIH prototype): fictional entities, team-assumed numbers, not real or official statistics.",true
c203f8eb-6243-5bf3-9d52-044eb9135dd0,a1c0a13d-5c7c-5649-a7e2-42a9c09b2a80,true,SELF_EMPLOYED,,,,2024-12-12,false,false,true,Y10,"KaushalSetu synthetic generator v2, seed 20260929",2026-09-28T12:00:00+05:30,"SYNTHETIC demo data (KaushalSetu SIH prototype): fictional entities, team-assumed numbers, not real or official statistics.",true
3468104a-6291-52b6-a775-4dc5a644b82f,ca160912-cd0f-557e-b922-e86b6fb73e29,true,WAGE,,608cbacd-5b75-535a-92f4-6a1d0aa606f5,14500,2025-07-04,true,true,true,Y10,"KaushalSetu synthetic generator v2, seed 20260929",2026-09-28T12:00:00+05:30,"SYNTHETIC demo data (KaushalSetu SIH prototype): fictional entities, team-assumed numbers, not real or official statistics.",true
1a3e918e-1fa4-5c4d-acce-3dfc46e90947,9d3d046a-0a3e-51e9-b4a7-4d2bc4844b26,true,WAGE,,608cbacd-5b75-535a-92f4-6a1d0aa606f5,14000,2025-02-02,false,true,true,Y10,"KaushalSetu synthetic generator v2, seed 20260929",2026-09-28T12:00:00+05:30,"SYNTHETIC demo data (KaushalSetu SIH prototype): fictional entities, team-assumed numbers, not real or official statistics.",true
b77f1dca-81f6-5114-baf1-906687b15916,606d6ec5-a1e7-5d98-bebc-d56356f56606,true,WAGE,315af447-fae0-50c4-bd2b-b0bbc0420fde,608cbacd-5b75-535a-92f4-6a1d0aa606f5,16000,2025-02-25,true,true,true,Y10,"KaushalSetu synthetic generator v2, seed 20260929",2026-09-28T12:00:00+05:30,"SYNTHETIC demo data (KaushalSetu SIH prototype): fictional entities, team-assumed numbers, not real or official statistics.",true
5ad31460-e234-572d-840f-421c7df06cc9,06638865-0251-5cb4-a80d-cae4f3c99f64,true,SELF_EMPLOYED,,608cbacd-5b75-535a-92f4-6a1d0aa606f5,,2025-05-18,true,true,true,Y10,"KaushalSetu synthetic generator v2, seed 20260929",2026-09-28T12:00:00+05:30,"SYNTHETIC demo data (KaushalSetu SIH prototype): fictional entities, team-assumed numbers, not real or official statistics.",true
a5e3137c-e880-51a5-aae3-d82acd539582,9e8252a4-c33d-5cdc-a92f-8c78bb0ebd0e,true,APPRENTICESHIP,,608cbacd-5b75-535a-92f4-6a1d0aa606f5,,2025-04-24,false,true,true,Y10,"KaushalSetu synthetic generator v2, seed 20260929",2026-09-28T12:00:00+05:30,"SYNTHETIC demo data (KaushalSetu SIH prototype): fictional entities, team-assumed numbers, not real or official statistics.",true
99805e20-c308-5a12-a13e-d32e13952de1,eea789e9-b911-5635-801b-bc19e4e0e096,true,WAGE,315af447-fae0-50c4-bd2b-b0bbc0420fde,608cbacd-5b75-535a-92f4-6a1d0aa606f5,17500,2024-12-21,true,true,true,Y10,"KaushalSetu synthetic generator v2, seed 20260929",2026-09-28T12:00:00+05:30,"SYNTHETIC demo data (KaushalSetu SIH prototype): fictional entities, team-assumed numbers, not real or official statistics.",true
b130e559-618a-5f58-ac58-ca8deb9d1c41,84affe75-004e-5e86-8b74-b341e000c252,false,,,,,,,,true,Y10,"KaushalSetu synthetic generator v2, seed 20260929",2026-09-28T12:00:00+05:30,"SYNTHETIC demo data (KaushalSetu SIH prototype): fictional entities, team-assumed numbers, not real or official statistics.",true
662c54b1-f5d2-5032-ad4e-01aeb6982c6e,ceab9d51-2581-590a-8b69-899d2b54ae28,true,WAGE,,,12500,2025-01-01,false,false,true,Y10,"KaushalSetu synthetic generator v2, seed 20260929",2026-09-28T12:00:00+05:30,"SYNTHETIC demo data (KaushalSetu SIH prototype): fictional entities, team-assumed numbers, not real or official statistics.",true
fe194b28-d00b-5725-9eb3-5aad201a1a62,ec16471c-89ce-5285-8426-f1727b57a74c,false,,,,,,,,true,Y10,"KaushalSetu synthetic generator v2, seed 20260929",2026-09-28T12:00:00+05:30,"SYNTHETIC demo data (KaushalSetu SIH prototype): fictional entities, team-assumed numbers, not real or official statistics.",true
99783457-a7e1-5506-bb53-2cdff35020e7,cb212edb-27c1-56d4-982e-25cde5f35dbe,true,WAGE,315af447-fae0-50c4-bd2b-b0bbc0420fde,608cbacd-5b75-535a-92f4-6a1d0aa606f5,16500,2025-08-16,true,true,true,Y10,"KaushalSetu synthetic generator v2, seed 20260929",2026-09-28T12:00:00+05:30,"SYNTHETIC demo data (KaushalSetu SIH prototype): fictional entities, team-assumed numbers, not real or official statistics.",true
49bf0bee-abda-5745-8591-21a87571a8bb,897cce95-7074-56f3-aee4-f6069ebfd1de,true,WAGE,,608cbacd-5b75-535a-92f4-6a1d0aa606f5,14500,2025-08-07,true,true,true,Y10,"KaushalSetu synthetic generator v2, seed 20260929",2026-09-28T12:00:00+05:30,"SYNTHETIC demo data (KaushalSetu SIH prototype): fictional entities, team-assumed numbers, not real or official statistics.",true
8c58924d-cb5e-50af-ac93-750a29c7a450,35c302b5-de5d-5c62-83a3-dc9a8091734d,true,WAGE,,608cbacd-5b75-535a-92f4-6a1d0aa606f5,16000,2025-05-11,false,true,true,Y10,"KaushalSetu synthetic generator v2, seed 20260929",2026-09-28T12:00:00+05:30,"SYNTHETIC demo data (KaushalSetu SIH prototype): fictional entities, team-assumed numbers, not real or official statistics.",true
62c686cb-3e76-5a07-b34b-06e6c24281a5,3e92ade9-6b7f-5be3-8431-fda0fb51eab3,false,,,,,,,,true,Y10,"KaushalSetu synthetic generator v2, seed 20260929",2026-09-28T12:00:00+05:30,"SYNTHETIC demo data (KaushalSetu SIH prototype): fictional entities, team-assumed numbers, not real or official statistics.",true
ee3c532b-7fdb-5ffc-bd6f-245820139e19,6e0a2be1-3ba9-5076-8c9d-ede23d960df3,true,APPRENTICESHIP,315af447-fae0-50c4-bd2b-b0bbc0420fde,608cbacd-5b75-535a-92f4-6a1d0aa606f5,,2025-08-12,true,true,true,Y10,"KaushalSetu synthetic generator v2, seed 20260929",2026-09-28T12:00:00+05:30,"SYNTHETIC demo data (KaushalSetu SIH prototype): fictional entities, team-assumed numbers, not real or official statistics.",true
e09ee0d6-35fc-5614-9bde-1c4fa16af536,3d50eedb-e62b-58d5-ac88-e0f7f683d0d8,false,,,,,,,,true,Y10,"KaushalSetu synthetic generator v2, seed 20260929",2026-09-28T12:00:00+05:30,"SYNTHETIC demo data (KaushalSetu SIH prototype): fictional entities, team-assumed numbers, not real or official statistics.",true
54b7853c-035e-599f-86fe-fa2eb7d3ca37,d73b3da8-1613-5f6b-9959-85bb0b003243,false,,,,,,,,true,Y10,"KaushalSetu synthetic generator v2, seed 20260929",2026-09-28T12:00:00+05:30,"SYNTHETIC demo data (KaushalSetu SIH prototype): fictional entities, team-assumed numbers, not real or official statistics.",true
465c09bd-7d78-55ba-88a0-84f832c4756d,342577f4-bc99-5d86-8973-c07994b0010d,true,WAGE,,608cbacd-5b75-535a-92f4-6a1d0aa606f5,15500,2025-09-27,true,true,true,Y10,"KaushalSetu synthetic generator v2, seed 20260929",2026-09-28T12:00:00+05:30,"SYNTHETIC demo data (KaushalSetu SIH prototype): fictional entities, team-assumed numbers, not real or official statistics.",true
6ee828b5-1f68-554c-840b-c85a9b06f859,331f2992-f4e7-5557-983e-7c9282b8c6f1,false,,,,,,,,true,Y10,"KaushalSetu synthetic generator v2, seed 20260929",2026-09-28T12:00:00+05:30,"SYNTHETIC demo data (KaushalSetu SIH prototype): fictional entities, team-assumed numbers, not real or official statistics.",true
6deb2b8d-9623-547d-8da3-bc0ba56883d2,4bf70c2a-e9d2-595c-ae5b-efff4c931597,false,,,,,,,,true,Y10,"KaushalSetu synthetic generator v2, seed 20260929",2026-09-28T12:00:00+05:30,"SYNTHETIC demo data (KaushalSetu SIH prototype): fictional entities, team-assumed numbers, not real or official statistics.",true
a3e4d827-bae7-538c-81ff-5201177573b3,bf657afb-3cda-575c-a870-5c8de5383d56,false,,,,,,,,true,Y10,"KaushalSetu synthetic generator v2, seed 20260929",2026-09-28T12:00:00+05:30,"SYNTHETIC demo data (KaushalSetu SIH prototype): fictional entities, team-assumed numbers, not real or official statistics.",true
bb53282b-67bb-5a7c-9aa2-c62bc7ca9c57,d5f0f252-eb16-59f6-a78a-9d8af076d51d,true,WAGE,,608cbacd-5b75-535a-92f4-6a1d0aa606f5,12500,2025-06-08,true,true,true,Y10,"KaushalSetu synthetic generator v2, seed 20260929",2026-09-28T12:00:00+05:30,"SYNTHETIC demo data (KaushalSetu SIH prototype): fictional entities, team-assumed numbers, not real or official statistics.",true
8c275fa8-6102-5039-a989-6592843857f8,6d28fae2-e9e0-55d8-9379-c06249211f01,true,WAGE,,608cbacd-5b75-535a-92f4-6a1d0aa606f5,17500,2025-09-01,true,true,true,Y10,"KaushalSetu synthetic generator v2, seed 20260929",2026-09-28T12:00:00+05:30,"SYNTHETIC demo data (KaushalSetu SIH prototype): fictional entities, team-assumed numbers, not real or official statistics.",true
3838f74a-dd03-5c4a-afd8-c6af6f151a5e,736295c1-0b55-5a1c-b77c-c084adde6ce9,true,APPRENTICESHIP,315af447-fae0-50c4-bd2b-b0bbc0420fde,608cbacd-5b75-535a-92f4-6a1d0aa606f5,,2025-08-08,true,true,true,Y10,"KaushalSetu synthetic generator v2, seed 20260929",2026-09-28T12:00:00+05:30,"SYNTHETIC demo data (KaushalSetu SIH prototype): fictional entities, team-assumed numbers, not real or official statistics.",true
8d73840d-c5cb-5191-8046-79ca048b4e8c,613d5354-48f5-57de-a589-0f97d6f8225a,true,WAGE,,608cbacd-5b75-535a-92f4-6a1d0aa606f5,15000,2025-01-17,true,true,true,Y10,"KaushalSetu synthetic generator v2, seed 20260929",2026-09-28T12:00:00+05:30,"SYNTHETIC demo data (KaushalSetu SIH prototype): fictional entities, team-assumed numbers, not real or official statistics.",true
8af0303d-c5f9-5d9b-ab7c-4694054664c2,2f4ff442-c526-5bda-b47f-c20db9ee3027,true,WAGE,,608cbacd-5b75-535a-92f4-6a1d0aa606f5,15000,2025-05-02,true,true,true,Y10,"KaushalSetu synthetic generator v2, seed 20260929",2026-09-28T12:00:00+05:30,"SYNTHETIC demo data (KaushalSetu SIH prototype): fictional entities, team-assumed numbers, not real or official statistics.",true
d749e753-e68b-59ec-b67b-3574696c4298,9158623a-b183-5ec1-adc0-5f8cc55a44c4,true,WAGE,,608cbacd-5b75-535a-92f4-6a1d0aa606f5,16500,2025-04-30,true,true,true,Y10,"KaushalSetu synthetic generator v2, seed 20260929",2026-09-28T12:00:00+05:30,"SYNTHETIC demo data (KaushalSetu SIH prototype): fictional entities, team-assumed numbers, not real or official statistics.",true
643c27cd-4ec5-5b51-aad3-03087ef8a6e2,1a24464b-7dbb-5e9c-b4b0-1e4f9578da7f,true,WAGE,,,17000,2025-07-09,false,false,true,Y10,"KaushalSetu synthetic generator v2, seed 20260929",2026-09-28T12:00:00+05:30,"SYNTHETIC demo data (KaushalSetu SIH prototype): fictional entities, team-assumed numbers, not real or official statistics.",true
c5aabcb2-06bb-5d6c-9672-38ed97b57efb,078c3400-f889-5a7c-bd7e-68da5528f552,true,SELF_EMPLOYED,,608cbacd-5b75-535a-92f4-6a1d0aa606f5,,2025-03-14,true,true,true,Y10,"KaushalSetu synthetic generator v2, seed 20260929",2026-09-28T12:00:00+05:30,"SYNTHETIC demo data (KaushalSetu SIH prototype): fictional entities, team-assumed numbers, not real or official statistics.",true
fcd8fc7d-bfb4-5163-9781-2f3ebaabd22b,e1f20bf5-a191-5484-bbb4-0f3ee080fb39,true,WAGE,,608cbacd-5b75-535a-92f4-6a1d0aa606f5,12500,2025-02-07,true,true,true,Y10,"KaushalSetu synthetic generator v2, seed 20260929",2026-09-28T12:00:00+05:30,"SYNTHETIC demo data (KaushalSetu SIH prototype): fictional entities, team-assumed numbers, not real or official statistics.",true
c9570744-54e6-5fe8-adaa-e6383a525ccc,a08eafc7-fcb2-5f50-b217-e5bf684bd13d,true,WAGE,,608cbacd-5b75-535a-92f4-6a1d0aa606f5,12500,2025-09-04,true,true,true,Y10,"KaushalSetu synthetic generator v2, seed 20260929",2026-09-28T12:00:00+05:30,"SYNTHETIC demo data (KaushalSetu SIH prototype): fictional entities, team-assumed numbers, not real or official statistics.",true
ed8a5f21-ec06-518a-8f67-5ebef7997592,7a8eb635-f03c-5cdf-8161-3e856295d198,true,WAGE,,608cbacd-5b75-535a-92f4-6a1d0aa606f5,14000,2025-10-17,true,true,true,Y10,"KaushalSetu synthetic generator v2, seed 20260929",2026-09-28T12:00:00+05:30,"SYNTHETIC demo data (KaushalSetu SIH prototype): fictional entities, team-assumed numbers, not real or official statistics.",true
4af467c4-0f6e-5e49-848f-6820ded9801c,9672ae9b-e3aa-591d-8b0d-5dae925d3522,true,WAGE,,608cbacd-5b75-535a-92f4-6a1d0aa606f5,14500,2025-04-20,true,true,true,Y10,"KaushalSetu synthetic generator v2, seed 20260929",2026-09-28T12:00:00+05:30,"SYNTHETIC demo data (KaushalSetu SIH prototype): fictional entities, team-assumed numbers, not real or official statistics.",true
66ae1a52-f96f-5275-a991-7835f3fc4e16,46517d3b-78b4-5a9e-9a79-7b37ff0319d0,true,WAGE,,608cbacd-5b75-535a-92f4-6a1d0aa606f5,12500,2025-03-24,true,true,true,Y10,"KaushalSetu synthetic generator v2, seed 20260929",2026-09-28T12:00:00+05:30,"SYNTHETIC demo data (KaushalSetu SIH prototype): fictional entities, team-assumed numbers, not real or official statistics.",true
a5ffa1ac-48f1-5a02-b982-a33239290188,509d7dfd-febd-54d3-a8de-baf43924f341,false,,,,,,,,false,Y10,"KaushalSetu synthetic generator v2, seed 20260929",2026-09-28T12:00:00+05:30,"SYNTHETIC demo data (KaushalSetu SIH prototype): fictional entities, team-assumed numbers, not real or official statistics.",true
50112dfc-c2cc-59cc-895e-7768adffd038,2bd5c2be-adbf-52f6-9dc7-863c79090fc4,false,,,,,,,,false,Y10,"KaushalSetu synthetic generator v2, seed 20260929",2026-09-28T12:00:00+05:30,"SYNTHETIC demo data (KaushalSetu SIH prototype): fictional entities, team-assumed numbers, not real or official statistics.",true
9c9256b2-de9a-5dd0-ac45-3aec8e7d0d17,d6c36156-9a33-55fc-9686-16057e5b73ed,true,WAGE,315af447-fae0-50c4-bd2b-b0bbc0420fde,608cbacd-5b75-535a-92f4-6a1d0aa606f5,14000,2026-03-31,,true,true,Y10,"KaushalSetu synthetic generator v2, seed 20260929",2026-09-28T12:00:00+05:30,"SYNTHETIC demo data (KaushalSetu SIH prototype): fictional entities, team-assumed numbers, not real or official statistics.",true
3454da0b-f3e3-5c21-9d43-addd8144a525,b425eb1c-0409-5e34-8fd6-8414f8d04a35,true,WAGE,315af447-fae0-50c4-bd2b-b0bbc0420fde,608cbacd-5b75-535a-92f4-6a1d0aa606f5,16000,2026-02-10,false,true,true,Y10,"KaushalSetu synthetic generator v2, seed 20260929",2026-09-28T12:00:00+05:30,"SYNTHETIC demo data (KaushalSetu SIH prototype): fictional entities, team-assumed numbers, not real or official statistics.",true
2bd82043-1dcd-5f79-b879-9be1ee49e284,36e0c2ac-847e-5067-9d1b-cd2b659f261e,false,,,,,,,,false,Y10,"KaushalSetu synthetic generator v2, seed 20260929",2026-09-28T12:00:00+05:30,"SYNTHETIC demo data (KaushalSetu SIH prototype): fictional entities, team-assumed numbers, not real or official statistics.",true
bb247900-d018-518a-81f5-418034bbc288,5726c0eb-69c8-57ea-823f-d845f37729d9,false,,,,,,,,false,Y10,"KaushalSetu synthetic generator v2, seed 20260929",2026-09-28T12:00:00+05:30,"SYNTHETIC demo data (KaushalSetu SIH prototype): fictional entities, team-assumed numbers, not real or official statistics.",true
8f9986a1-7fb8-5211-973e-840fe8f4701f,dceebf55-2778-5f40-be2e-c566c491028a,true,WAGE,315af447-fae0-50c4-bd2b-b0bbc0420fde,608cbacd-5b75-535a-92f4-6a1d0aa606f5,17000,2026-09-21,,true,false,Y10,"KaushalSetu synthetic generator v2, seed 20260929",2026-09-28T12:00:00+05:30,"SYNTHETIC demo data (KaushalSetu SIH prototype): fictional entities, team-assumed numbers, not real or official statistics.",true
b7d27e5a-2018-5e52-8f06-4f96d2e13375,e94e3dd6-0f11-5a85-858e-dcde6e29ee0a,true,WAGE,,,16000,2026-08-08,,false,false,Y10,"KaushalSetu synthetic generator v2, seed 20260929",2026-09-28T12:00:00+05:30,"SYNTHETIC demo data (KaushalSetu SIH prototype): fictional entities, team-assumed numbers, not real or official statistics.",true
78e39171-afa7-5f72-b4d5-6fc92b0b01a4,f4709fab-4a3e-53ff-80d5-55dc8375d49f,false,,,,,,,,false,Y10,"KaushalSetu synthetic generator v2, seed 20260929",2026-09-28T12:00:00+05:30,"SYNTHETIC demo data (KaushalSetu SIH prototype): fictional entities, team-assumed numbers, not real or official statistics.",true
ee460860-a0b5-5a3c-a627-4673135902db,f2a2f05b-57d1-5b8c-b1af-ca752fe3dd22,true,WAGE,315af447-fae0-50c4-bd2b-b0bbc0420fde,608cbacd-5b75-535a-92f4-6a1d0aa606f5,15000,2026-07-15,,true,false,Y10,"KaushalSetu synthetic generator v2, seed 20260929",2026-09-28T12:00:00+05:30,"SYNTHETIC demo data (KaushalSetu SIH prototype): fictional entities, team-assumed numbers, not real or official statistics.",true
1f57e997-c674-5eec-be93-bba37d1889d2,e0040c51-516c-5347-90c0-5d9551eee504,true,WAGE,315af447-fae0-50c4-bd2b-b0bbc0420fde,608cbacd-5b75-535a-92f4-6a1d0aa606f5,15500,2026-02-09,true,true,true,Y10,"KaushalSetu synthetic generator v2, seed 20260929",2026-09-28T12:00:00+05:30,"SYNTHETIC demo data (KaushalSetu SIH prototype): fictional entities, team-assumed numbers, not real or official statistics.",true
8610d214-e7cf-5bc2-8b4f-017d00b1992a,aa7e15f6-dc5b-566b-854c-7ac31d51e146,false,,,,,,,,true,Y10,"KaushalSetu synthetic generator v2, seed 20260929",2026-09-28T12:00:00+05:30,"SYNTHETIC demo data (KaushalSetu SIH prototype): fictional entities, team-assumed numbers, not real or official statistics.",true
f9b778fd-3019-51a3-b97d-d9d1ce33c1c4,95fc6ee6-e3a6-55c2-b19f-c60a56fe073c,false,,,,,,,,false,Y10,"KaushalSetu synthetic generator v2, seed 20260929",2026-09-28T12:00:00+05:30,"SYNTHETIC demo data (KaushalSetu SIH prototype): fictional entities, team-assumed numbers, not real or official statistics.",true
70c7e6f4-1798-5f59-99fd-af64775a6c95,3324968a-6ce3-5852-965b-f3ac5b76c999,false,,,,,,,,true,Y10,"KaushalSetu synthetic generator v2, seed 20260929",2026-09-28T12:00:00+05:30,"SYNTHETIC demo data (KaushalSetu SIH prototype): fictional entities, team-assumed numbers, not real or official statistics.",true
eb8bfd68-9431-5457-8c98-7cea33bcf158,25c1657c-5e36-5a48-b1db-54e12a782c10,true,WAGE,,608cbacd-5b75-535a-92f4-6a1d0aa606f5,15500,2026-07-05,,true,false,Y10,"KaushalSetu synthetic generator v2, seed 20260929",2026-09-28T12:00:00+05:30,"SYNTHETIC demo data (KaushalSetu SIH prototype): fictional entities, team-assumed numbers, not real or official statistics.",true
911e52f4-c628-5047-8d13-f9237a1e8d20,c73ef69b-720c-5ce3-b3f1-5df1c69cb1b6,false,,,,,,,,true,Y10,"KaushalSetu synthetic generator v2, seed 20260929",2026-09-28T12:00:00+05:30,"SYNTHETIC demo data (KaushalSetu SIH prototype): fictional entities, team-assumed numbers, not real or official statistics.",true
dd06aaef-c0c2-5320-877f-e903f4c9b9a8,4b29de90-8222-5136-960d-602513c4c374,false,,,,,,,,false,Y10,"KaushalSetu synthetic generator v2, seed 20260929",2026-09-28T12:00:00+05:30,"SYNTHETIC demo data (KaushalSetu SIH prototype): fictional entities, team-assumed numbers, not real or official statistics.",true
fe0e5d75-1b8b-5317-a639-cc467decd7f1,57a55f1a-32a8-54aa-9451-a9ea7385619f,true,WAGE,,608cbacd-5b75-535a-92f4-6a1d0aa606f5,17000,2026-04-05,,true,true,Y10,"KaushalSetu synthetic generator v2, seed 20260929",2026-09-28T12:00:00+05:30,"SYNTHETIC demo data (KaushalSetu SIH prototype): fictional entities, team-assumed numbers, not real or official statistics.",true
6c3b9c8b-978e-5ef4-87fa-d13bbb4e92b4,1269fdd7-5e6d-51a0-bca6-c0214ae21f88,true,SELF_EMPLOYED,,608cbacd-5b75-535a-92f4-6a1d0aa606f5,,2026-08-06,,true,false,Y10,"KaushalSetu synthetic generator v2, seed 20260929",2026-09-28T12:00:00+05:30,"SYNTHETIC demo data (KaushalSetu SIH prototype): fictional entities, team-assumed numbers, not real or official statistics.",true
bce95bbe-47e2-5b2e-b0e7-ffc1e04e7013,fa087190-cc8a-592a-b1d3-8f9ba82ed94b,true,WAGE,,608cbacd-5b75-535a-92f4-6a1d0aa606f5,16000,2026-07-03,,true,false,Y10,"KaushalSetu synthetic generator v2, seed 20260929",2026-09-28T12:00:00+05:30,"SYNTHETIC demo data (KaushalSetu SIH prototype): fictional entities, team-assumed numbers, not real or official statistics.",true
ab2088cd-b993-54f7-a507-84fd5adb2ce4,79d1d8b6-7118-5f43-b28c-eb2ca0825be6,true,WAGE,,608cbacd-5b75-535a-92f4-6a1d0aa606f5,17000,2026-01-19,false,true,true,Y10,"KaushalSetu synthetic generator v2, seed 20260929",2026-09-28T12:00:00+05:30,"SYNTHETIC demo data (KaushalSetu SIH prototype): fictional entities, team-assumed numbers, not real or official statistics.",true
0b64f90b-f862-567e-b2ef-d4acbb5b6951,29cae3a5-8a93-559a-993e-61e7a6e6f8d5,true,WAGE,,608cbacd-5b75-535a-92f4-6a1d0aa606f5,12500,2026-08-05,,true,false,Y10,"KaushalSetu synthetic generator v2, seed 20260929",2026-09-28T12:00:00+05:30,"SYNTHETIC demo data (KaushalSetu SIH prototype): fictional entities, team-assumed numbers, not real or official statistics.",true
a69b1f43-dffc-5ae2-9a12-adf874962b9f,2ed840a6-c07f-5884-8e43-8ff844e254b7,true,WAGE,,608cbacd-5b75-535a-92f4-6a1d0aa606f5,17000,2026-08-22,,true,false,Y10,"KaushalSetu synthetic generator v2, seed 20260929",2026-09-28T12:00:00+05:30,"SYNTHETIC demo data (KaushalSetu SIH prototype): fictional entities, team-assumed numbers, not real or official statistics.",true
4c39f7d3-d5e4-5c24-a5ea-afeaa1885c74,7a34715f-96c1-5d32-ace1-f28dabad334b,false,,,,,,,,false,Y10,"KaushalSetu synthetic generator v2, seed 20260929",2026-09-28T12:00:00+05:30,"SYNTHETIC demo data (KaushalSetu SIH prototype): fictional entities, team-assumed numbers, not real or official statistics.",true
50108a8e-11cb-5a4d-b86b-f35cf8e707e1,1d47fd93-8d1e-5884-9b3b-530a860319cb,true,SELF_EMPLOYED,,608cbacd-5b75-535a-92f4-6a1d0aa606f5,,2026-09-12,,true,false,Y10,"KaushalSetu synthetic generator v2, seed 20260929",2026-09-28T12:00:00+05:30,"SYNTHETIC demo data (KaushalSetu SIH prototype): fictional entities, team-assumed numbers, not real or official statistics.",true
28595f8d-3f4b-5c20-a154-68d4ab8658d7,ca70ee42-602e-56a0-b6b5-738cf034565d,false,,,,,,,,true,Y10,"KaushalSetu synthetic generator v2, seed 20260929",2026-09-28T12:00:00+05:30,"SYNTHETIC demo data (KaushalSetu SIH prototype): fictional entities, team-assumed numbers, not real or official statistics.",true
b789856b-19f7-5930-9c6e-3514191d06c3,08214b57-e24f-535d-bd3d-02feaeaa3b48,true,WAGE,,,16500,2026-05-29,,false,true,Y10,"KaushalSetu synthetic generator v2, seed 20260929",2026-09-28T12:00:00+05:30,"SYNTHETIC demo data (KaushalSetu SIH prototype): fictional entities, team-assumed numbers, not real or official statistics.",true
47d93f6d-3fe5-530c-9154-b6c1addeeaa6,b0803342-9701-5aa7-8243-e192c6c424f9,true,WAGE,,,18000,2026-08-21,,false,false,Y10,"KaushalSetu synthetic generator v2, seed 20260929",2026-09-28T12:00:00+05:30,"SYNTHETIC demo data (KaushalSetu SIH prototype): fictional entities, team-assumed numbers, not real or official statistics.",true
e05b8ab3-db6b-5822-a687-495a5852ced9,2ed30147-ff03-534d-9339-bb0e3a763fa2,true,WAGE,,608cbacd-5b75-535a-92f4-6a1d0aa606f5,18000,2026-07-03,,true,false,Y10,"KaushalSetu synthetic generator v2, seed 20260929",2026-09-28T12:00:00+05:30,"SYNTHETIC demo data (KaushalSetu SIH prototype): fictional entities, team-assumed numbers, not real or official statistics.",true
908d8bdb-b4bc-5e56-8799-1ab86c7a036b,ac1d0796-fa0c-5e5d-9685-ad9929a972cd,true,WAGE,,,12500,2026-07-07,,false,false,Y10,"KaushalSetu synthetic generator v2, seed 20260929",2026-09-28T12:00:00+05:30,"SYNTHETIC demo data (KaushalSetu SIH prototype): fictional entities, team-assumed numbers, not real or official statistics.",true
896744cb-82b0-5155-afde-cfd7baf4c093,5ec6c34c-a0eb-533f-82e3-d4fca17f2a10,true,WAGE,,608cbacd-5b75-535a-92f4-6a1d0aa606f5,16000,2026-04-02,,true,true,Y10,"KaushalSetu synthetic generator v2, seed 20260929",2026-09-28T12:00:00+05:30,"SYNTHETIC demo data (KaushalSetu SIH prototype): fictional entities, team-assumed numbers, not real or official statistics.",true
4012552d-8ac3-56a6-a749-3a6d7e2cf952,828f5648-fea8-5f14-8edf-10c1f4b481ee,false,,,,,,,,true,Y10,"KaushalSetu synthetic generator v2, seed 20260929",2026-09-28T12:00:00+05:30,"SYNTHETIC demo data (KaushalSetu SIH prototype): fictional entities, team-assumed numbers, not real or official statistics.",true
88a56665-e56b-5d74-b81b-f63d89bb7228,333ffd87-d539-5869-ada9-9c25f4483746,true,APPRENTICESHIP,,608cbacd-5b75-535a-92f4-6a1d0aa606f5,,2026-09-03,,true,false,Y10,"KaushalSetu synthetic generator v2, seed 20260929",2026-09-28T12:00:00+05:30,"SYNTHETIC demo data (KaushalSetu SIH prototype): fictional entities, team-assumed numbers, not real or official statistics.",true
25175490-2ffd-5811-ab7c-cbe33fb0cb54,d1537666-f6de-5568-a89f-339f56c111bf,false,,,,,,,,false,Y10,"KaushalSetu synthetic generator v2, seed 20260929",2026-09-28T12:00:00+05:30,"SYNTHETIC demo data (KaushalSetu SIH prototype): fictional entities, team-assumed numbers, not real or official statistics.",true
137a149e-1acd-5509-8c8d-1059630459ce,c2ba68d2-1138-5d93-99b5-a5212bac5879,true,WAGE,,608cbacd-5b75-535a-92f4-6a1d0aa606f5,18000,2026-08-22,,true,false,Y10,"KaushalSetu synthetic generator v2, seed 20260929",2026-09-28T12:00:00+05:30,"SYNTHETIC demo data (KaushalSetu SIH prototype): fictional entities, team-assumed numbers, not real or official statistics.",true
7179fb22-903b-5aa3-95a2-595f8d1e8474,c39fa93f-c60d-5d56-98f2-1caebeb0dcf2,true,APPRENTICESHIP,,608cbacd-5b75-535a-92f4-6a1d0aa606f5,,2026-02-13,true,true,true,Y10,"KaushalSetu synthetic generator v2, seed 20260929",2026-09-28T12:00:00+05:30,"SYNTHETIC demo data (KaushalSetu SIH prototype): fictional entities, team-assumed numbers, not real or official statistics.",true
1576c430-484b-557e-a62f-0a29c14b2406,3b8c84cc-41ac-588b-b049-321f42c1f3ca,true,APPRENTICESHIP,315af447-fae0-50c4-bd2b-b0bbc0420fde,608cbacd-5b75-535a-92f4-6a1d0aa606f5,,2026-06-10,,true,true,Y10,"KaushalSetu synthetic generator v2, seed 20260929",2026-09-28T12:00:00+05:30,"SYNTHETIC demo data (KaushalSetu SIH prototype): fictional entities, team-assumed numbers, not real or official statistics.",true
b47221f9-edda-5995-ad5f-62df6713095b,bff7c8af-a225-5fea-96b4-ba85b7a233ca,true,WAGE,,608cbacd-5b75-535a-92f4-6a1d0aa606f5,15000,2026-08-13,,true,false,Y10,"KaushalSetu synthetic generator v2, seed 20260929",2026-09-28T12:00:00+05:30,"SYNTHETIC demo data (KaushalSetu SIH prototype): fictional entities, team-assumed numbers, not real or official statistics.",true
97e52cc1-a863-5e13-9f09-f8b562bdc6df,ea1a026c-24c0-52c2-a83d-f1ffe5381347,true,WAGE,,608cbacd-5b75-535a-92f4-6a1d0aa606f5,13000,2026-02-06,true,true,true,Y10,"KaushalSetu synthetic generator v2, seed 20260929",2026-09-28T12:00:00+05:30,"SYNTHETIC demo data (KaushalSetu SIH prototype): fictional entities, team-assumed numbers, not real or official statistics.",true
d95f2b99-eeda-5440-aeba-f2f51191e8d3,ec831e7e-5bed-5923-b553-d83d7e5162ee,true,WAGE,,,12500,2026-02-02,true,false,true,Y10,"KaushalSetu synthetic generator v2, seed 20260929",2026-09-28T12:00:00+05:30,"SYNTHETIC demo data (KaushalSetu SIH prototype): fictional entities, team-assumed numbers, not real or official statistics.",true
c38bfb17-0d92-5555-b951-8f991168d541,54e6aeb1-8b95-524d-848d-77ef124c7b8d,false,,,,,,,,true,Y10,"KaushalSetu synthetic generator v2, seed 20260929",2026-09-28T12:00:00+05:30,"SYNTHETIC demo data (KaushalSetu SIH prototype): fictional entities, team-assumed numbers, not real or official statistics.",true
97347ebc-389f-52da-8599-5d8f4e2daf51,34309559-8a51-5dea-88d7-50726a3f0696,true,WAGE,,608cbacd-5b75-535a-92f4-6a1d0aa606f5,14000,2026-07-03,,true,false,Y10,"KaushalSetu synthetic generator v2, seed 20260929",2026-09-28T12:00:00+05:30,"SYNTHETIC demo data (KaushalSetu SIH prototype): fictional entities, team-assumed numbers, not real or official statistics.",true
6c5daf34-d36a-5a54-ab05-46f91819b21b,9a11f31c-9514-5502-9456-efc9db9defdd,true,WAGE,,608cbacd-5b75-535a-92f4-6a1d0aa606f5,12000,2026-01-21,true,true,true,Y10,"KaushalSetu synthetic generator v2, seed 20260929",2026-09-28T12:00:00+05:30,"SYNTHETIC demo data (KaushalSetu SIH prototype): fictional entities, team-assumed numbers, not real or official statistics.",true
cbb946a9-20f4-5993-85d0-bdeb4d60453a,5ba60f46-1580-50be-9d81-a0e8aa1ba666,false,,,,,,,,false,Y10,"KaushalSetu synthetic generator v2, seed 20260929",2026-09-28T12:00:00+05:30,"SYNTHETIC demo data (KaushalSetu SIH prototype): fictional entities, team-assumed numbers, not real or official statistics.",true
13c661ce-2b14-56b9-a877-c1dce763a0e4,0c68ac93-1dd5-58e0-a158-68cf2a8985bd,true,SELF_EMPLOYED,,608cbacd-5b75-535a-92f4-6a1d0aa606f5,,2026-08-17,,true,false,Y10,"KaushalSetu synthetic generator v2, seed 20260929",2026-09-28T12:00:00+05:30,"SYNTHETIC demo data (KaushalSetu SIH prototype): fictional entities, team-assumed numbers, not real or official statistics.",true
c0d562f4-d262-51f4-a037-f76e20788242,59013912-9e83-5ac4-9b74-b9adf24f4a25,true,WAGE,,608cbacd-5b75-535a-92f4-6a1d0aa606f5,13000,2026-06-19,,true,true,Y10,"KaushalSetu synthetic generator v2, seed 20260929",2026-09-28T12:00:00+05:30,"SYNTHETIC demo data (KaushalSetu SIH prototype): fictional entities, team-assumed numbers, not real or official statistics.",true
b0c1197a-79df-572b-82d9-1166dae6978d,f3141c95-c2d1-56e5-aaf6-0e627f927d67,true,WAGE,,608cbacd-5b75-535a-92f4-6a1d0aa606f5,17000,2026-05-22,,true,true,Y10,"KaushalSetu synthetic generator v2, seed 20260929",2026-09-28T12:00:00+05:30,"SYNTHETIC demo data (KaushalSetu SIH prototype): fictional entities, team-assumed numbers, not real or official statistics.",true
ff499ff3-9004-5d9d-ab90-5b343088036c,2c66aac2-5e83-5b8c-82ed-7d8fdf07f061,true,WAGE,,608cbacd-5b75-535a-92f4-6a1d0aa606f5,14500,2026-03-02,true,true,true,Y10,"KaushalSetu synthetic generator v2, seed 20260929",2026-09-28T12:00:00+05:30,"SYNTHETIC demo data (KaushalSetu SIH prototype): fictional entities, team-assumed numbers, not real or official statistics.",true
0b585678-3dd9-5efc-b044-afb742dea86a,d190d3f3-38d0-5af0-9e62-6b7535dea131,true,WAGE,,608cbacd-5b75-535a-92f4-6a1d0aa606f5,12000,2026-02-15,true,true,true,Y10,"KaushalSetu synthetic generator v2, seed 20260929",2026-09-28T12:00:00+05:30,"SYNTHETIC demo data (KaushalSetu SIH prototype): fictional entities, team-assumed numbers, not real or official statistics.",true
34550b91-2ac0-5294-8de4-c5443e8d0d90,8724ee46-9813-59c1-a027-48703011ee3e,false,,,,,,,,false,Y10,"KaushalSetu synthetic generator v2, seed 20260929",2026-09-28T12:00:00+05:30,"SYNTHETIC demo data (KaushalSetu SIH prototype): fictional entities, team-assumed numbers, not real or official statistics.",true
b02adad7-5c93-55c6-9f6b-7e3bec9b0853,3e6cde29-c7b8-5a91-8b7c-2aa2ac42217a,false,,,,,,,,true,Y10,"KaushalSetu synthetic generator v2, seed 20260929",2026-09-28T12:00:00+05:30,"SYNTHETIC demo data (KaushalSetu SIH prototype): fictional entities, team-assumed numbers, not real or official statistics.",true
38ab1726-5545-52fe-b3b1-0173f2bdef96,dca95f69-6ee5-5378-b0bd-e34ad2f13597,true,WAGE,0ea66e99-de75-54f1-ae1c-04860fbff6f2,c7df5212-ab60-5561-aa36-9acc415e9b5b,15000,2025-08-26,true,true,true,Y10,"KaushalSetu synthetic generator v2, seed 20260929",2026-09-28T12:00:00+05:30,"SYNTHETIC demo data (KaushalSetu SIH prototype): fictional entities, team-assumed numbers, not real or official statistics.",true
36ac18cb-31b6-5cc5-b78d-74ede4aba1c2,21b449d3-7c89-54b4-af85-d9a9f57ad37c,true,WAGE,0ea66e99-de75-54f1-ae1c-04860fbff6f2,c7df5212-ab60-5561-aa36-9acc415e9b5b,17500,2025-12-07,true,true,true,Y10,"KaushalSetu synthetic generator v2, seed 20260929",2026-09-28T12:00:00+05:30,"SYNTHETIC demo data (KaushalSetu SIH prototype): fictional entities, team-assumed numbers, not real or official statistics.",true
50528759-5649-5fc0-8601-cb20ef7c2093,04eb018e-7dcc-5890-a97c-a56f06d96978,true,WAGE,0ea66e99-de75-54f1-ae1c-04860fbff6f2,c7df5212-ab60-5561-aa36-9acc415e9b5b,15000,2025-11-05,true,true,true,Y10,"KaushalSetu synthetic generator v2, seed 20260929",2026-09-28T12:00:00+05:30,"SYNTHETIC demo data (KaushalSetu SIH prototype): fictional entities, team-assumed numbers, not real or official statistics.",true
ded797aa-5bfc-5640-b6f4-7fcd317466b4,c1ab25f4-3f91-5c77-8ec5-264b78662187,true,WAGE,0ea66e99-de75-54f1-ae1c-04860fbff6f2,c7df5212-ab60-5561-aa36-9acc415e9b5b,17000,2025-07-30,true,true,true,Y10,"KaushalSetu synthetic generator v2, seed 20260929",2026-09-28T12:00:00+05:30,"SYNTHETIC demo data (KaushalSetu SIH prototype): fictional entities, team-assumed numbers, not real or official statistics.",true
bba8a04b-0d4a-56d8-a7a5-e1654cb251e2,23540b06-5916-54ec-a8be-f2627d1a2f98,false,,,,,,,,true,Y10,"KaushalSetu synthetic generator v2, seed 20260929",2026-09-28T12:00:00+05:30,"SYNTHETIC demo data (KaushalSetu SIH prototype): fictional entities, team-assumed numbers, not real or official statistics.",true
9d8a321d-0b83-5144-93f3-b8f038e5693a,f18d8998-19fb-5d08-b55a-d685b5205db7,true,SELF_EMPLOYED,,c7df5212-ab60-5561-aa36-9acc415e9b5b,,2025-09-09,true,true,true,Y10,"KaushalSetu synthetic generator v2, seed 20260929",2026-09-28T12:00:00+05:30,"SYNTHETIC demo data (KaushalSetu SIH prototype): fictional entities, team-assumed numbers, not real or official statistics.",true
1ed5f10b-09e8-5215-a354-e536a284bf6a,362b9bbb-0424-5113-998b-1e27b63133c6,false,,,,,,,,true,Y10,"KaushalSetu synthetic generator v2, seed 20260929",2026-09-28T12:00:00+05:30,"SYNTHETIC demo data (KaushalSetu SIH prototype): fictional entities, team-assumed numbers, not real or official statistics.",true
e5aa1232-da74-58dd-926f-b6186bf47833,77df770f-825f-53ee-9cae-b8553bd47c31,true,WAGE,0ea66e99-de75-54f1-ae1c-04860fbff6f2,c7df5212-ab60-5561-aa36-9acc415e9b5b,19000,2025-11-30,true,true,true,Y10,"KaushalSetu synthetic generator v2, seed 20260929",2026-09-28T12:00:00+05:30,"SYNTHETIC demo data (KaushalSetu SIH prototype): fictional entities, team-assumed numbers, not real or official statistics.",true
20c14b47-4ec9-59b9-9f18-6c1b991bb254,09333f1c-37ed-5c7b-b206-e9e9fd63ae62,false,,,,,,,,true,Y10,"KaushalSetu synthetic generator v2, seed 20260929",2026-09-28T12:00:00+05:30,"SYNTHETIC demo data (KaushalSetu SIH prototype): fictional entities, team-assumed numbers, not real or official statistics.",true
ad4b02a1-38bc-50cb-b407-6232381e84dc,2ffeeb09-fa7b-5c8a-b14a-e9cd6fe2aa30,true,WAGE,,c7df5212-ab60-5561-aa36-9acc415e9b5b,14500,2025-12-23,false,true,true,Y10,"KaushalSetu synthetic generator v2, seed 20260929",2026-09-28T12:00:00+05:30,"SYNTHETIC demo data (KaushalSetu SIH prototype): fictional entities, team-assumed numbers, not real or official statistics.",true
033287a0-a872-5b43-ba2a-4e28c2a3a77e,72a62ca1-7791-5737-9e48-0ad61c4503b1,false,,,,,,,,true,Y10,"KaushalSetu synthetic generator v2, seed 20260929",2026-09-28T12:00:00+05:30,"SYNTHETIC demo data (KaushalSetu SIH prototype): fictional entities, team-assumed numbers, not real or official statistics.",true
459ab625-61e7-5022-a6cd-9cc7896b7314,790b4be9-bfd0-5488-8db8-b62237543ac3,false,,,,,,,,true,Y10,"KaushalSetu synthetic generator v2, seed 20260929",2026-09-28T12:00:00+05:30,"SYNTHETIC demo data (KaushalSetu SIH prototype): fictional entities, team-assumed numbers, not real or official statistics.",true
9facb190-02a1-5e15-8534-fcff16e2b895,036eab67-f758-5b3d-b695-976e108c7f7a,false,,,,,,,,true,Y10,"KaushalSetu synthetic generator v2, seed 20260929",2026-09-28T12:00:00+05:30,"SYNTHETIC demo data (KaushalSetu SIH prototype): fictional entities, team-assumed numbers, not real or official statistics.",true
8a53ebec-443c-5715-aa59-637c2d57ad25,d5f4dedd-797f-518d-926b-35c13912b32f,true,WAGE,,c7df5212-ab60-5561-aa36-9acc415e9b5b,18500,2025-08-16,true,true,true,Y10,"KaushalSetu synthetic generator v2, seed 20260929",2026-09-28T12:00:00+05:30,"SYNTHETIC demo data (KaushalSetu SIH prototype): fictional entities, team-assumed numbers, not real or official statistics.",true
9abde318-d35a-5926-bd04-2fba55b4b95d,2cf2315c-5fbe-56b4-b8d9-b202503a5d2b,false,,,,,,,,true,Y10,"KaushalSetu synthetic generator v2, seed 20260929",2026-09-28T12:00:00+05:30,"SYNTHETIC demo data (KaushalSetu SIH prototype): fictional entities, team-assumed numbers, not real or official statistics.",true
391e9aa5-965b-5695-9f0c-f636d0ca808c,49941e3b-51a3-5f15-b83d-92ac58a70fc8,true,APPRENTICESHIP,0ea66e99-de75-54f1-ae1c-04860fbff6f2,c7df5212-ab60-5561-aa36-9acc415e9b5b,,2025-10-01,false,true,true,Y10,"KaushalSetu synthetic generator v2, seed 20260929",2026-09-28T12:00:00+05:30,"SYNTHETIC demo data (KaushalSetu SIH prototype): fictional entities, team-assumed numbers, not real or official statistics.",true
c4f86b7d-7be5-5a63-86ca-ff0c8041f14f,cfec6eef-530f-5f8e-bc8d-052e54c3f033,true,WAGE,,,19000,2025-10-01,false,false,true,Y10,"KaushalSetu synthetic generator v2, seed 20260929",2026-09-28T12:00:00+05:30,"SYNTHETIC demo data (KaushalSetu SIH prototype): fictional entities, team-assumed numbers, not real or official statistics.",true
291f5cfa-53f0-5d69-9c99-0ac37769dcfd,53d45f86-35e9-5473-a83c-973726a219ab,false,,,,,,,,true,Y10,"KaushalSetu synthetic generator v2, seed 20260929",2026-09-28T12:00:00+05:30,"SYNTHETIC demo data (KaushalSetu SIH prototype): fictional entities, team-assumed numbers, not real or official statistics.",true
68d45ab3-c6f6-5dee-ab25-0a58e57c68db,77b4d366-9018-5339-96cc-c4e7cf879051,false,,,,,,,,true,Y10,"KaushalSetu synthetic generator v2, seed 20260929",2026-09-28T12:00:00+05:30,"SYNTHETIC demo data (KaushalSetu SIH prototype): fictional entities, team-assumed numbers, not real or official statistics.",true
f1c78310-ac46-50b6-be0c-6cbd29f3d352,e154113e-72bd-5e2c-b352-040d17d6e956,false,,,,,,,,true,Y10,"KaushalSetu synthetic generator v2, seed 20260929",2026-09-28T12:00:00+05:30,"SYNTHETIC demo data (KaushalSetu SIH prototype): fictional entities, team-assumed numbers, not real or official statistics.",true
47b745a1-fe2c-5c75-8f24-3545cacc2cbb,d022fbca-6d75-52c3-92a5-64a46d9aaa64,true,WAGE,,c7df5212-ab60-5561-aa36-9acc415e9b5b,22000,2025-11-02,false,true,true,Y10,"KaushalSetu synthetic generator v2, seed 20260929",2026-09-28T12:00:00+05:30,"SYNTHETIC demo data (KaushalSetu SIH prototype): fictional entities, team-assumed numbers, not real or official statistics.",true
4866177a-6c5a-5e02-937a-8aaadd163ee2,f426eb81-09a1-5f94-bb91-d0fd9471cbfe,true,APPRENTICESHIP,,c7df5212-ab60-5561-aa36-9acc415e9b5b,,2025-09-26,true,true,true,Y10,"KaushalSetu synthetic generator v2, seed 20260929",2026-09-28T12:00:00+05:30,"SYNTHETIC demo data (KaushalSetu SIH prototype): fictional entities, team-assumed numbers, not real or official statistics.",true
7ef4c0ee-40fe-5006-8dff-ad6786ea2498,78283280-e328-5ccc-8447-176fea871329,true,WAGE,,c7df5212-ab60-5561-aa36-9acc415e9b5b,18500,2025-08-21,false,true,true,Y10,"KaushalSetu synthetic generator v2, seed 20260929",2026-09-28T12:00:00+05:30,"SYNTHETIC demo data (KaushalSetu SIH prototype): fictional entities, team-assumed numbers, not real or official statistics.",true
25a7c095-a491-5060-9d34-aa8f8920d762,6198e72b-73d6-5608-9e66-3dcb86f74cb7,false,,,,,,,,true,Y10,"KaushalSetu synthetic generator v2, seed 20260929",2026-09-28T12:00:00+05:30,"SYNTHETIC demo data (KaushalSetu SIH prototype): fictional entities, team-assumed numbers, not real or official statistics.",true
b4a7d180-ecf1-552e-960b-47fce166609b,bbd1b443-758a-5aa6-a9ed-2379c435815e,true,WAGE,,,19000,2025-09-14,true,false,true,Y10,"KaushalSetu synthetic generator v2, seed 20260929",2026-09-28T12:00:00+05:30,"SYNTHETIC demo data (KaushalSetu SIH prototype): fictional entities, team-assumed numbers, not real or official statistics.",true
03093cfa-625e-5a90-b879-6bdbea90cfdd,c26d8b16-64af-50c0-8231-2d169b64e45a,true,WAGE,,c7df5212-ab60-5561-aa36-9acc415e9b5b,20500,2025-10-04,false,true,true,Y10,"KaushalSetu synthetic generator v2, seed 20260929",2026-09-28T12:00:00+05:30,"SYNTHETIC demo data (KaushalSetu SIH prototype): fictional entities, team-assumed numbers, not real or official statistics.",true
7029e993-bb91-5e48-8059-744583c4b587,317a9895-60b1-5794-b322-9a171c7123f7,false,,,,,,,,true,Y10,"KaushalSetu synthetic generator v2, seed 20260929",2026-09-28T12:00:00+05:30,"SYNTHETIC demo data (KaushalSetu SIH prototype): fictional entities, team-assumed numbers, not real or official statistics.",true
e980b4fe-d091-5db8-a375-a898440bfe9b,b30652ce-2f7e-5838-b0dd-a382ff8d6ade,false,,,,,,,,true,Y10,"KaushalSetu synthetic generator v2, seed 20260929",2026-09-28T12:00:00+05:30,"SYNTHETIC demo data (KaushalSetu SIH prototype): fictional entities, team-assumed numbers, not real or official statistics.",true
93fd725a-ef84-5aa3-acd4-862ea0bc4a1d,eedfc42b-9b51-5b9b-8878-06a97fb32957,true,WAGE,,c7df5212-ab60-5561-aa36-9acc415e9b5b,15000,2025-11-20,true,true,true,Y10,"KaushalSetu synthetic generator v2, seed 20260929",2026-09-28T12:00:00+05:30,"SYNTHETIC demo data (KaushalSetu SIH prototype): fictional entities, team-assumed numbers, not real or official statistics.",true
6c71c47a-711e-5bba-9330-99c013e84c45,fbcd33c5-cd46-5d57-8736-c3234be50688,true,WAGE,,,18500,2025-08-22,true,false,true,Y10,"KaushalSetu synthetic generator v2, seed 20260929",2026-09-28T12:00:00+05:30,"SYNTHETIC demo data (KaushalSetu SIH prototype): fictional entities, team-assumed numbers, not real or official statistics.",true
4d0a3037-e4c7-5d5d-8626-b54cb7ddab81,587f7c4d-0a94-571a-bb8a-adecf21e40d5,true,APPRENTICESHIP,,,,2025-08-15,true,false,true,Y10,"KaushalSetu synthetic generator v2, seed 20260929",2026-09-28T12:00:00+05:30,"SYNTHETIC demo data (KaushalSetu SIH prototype): fictional entities, team-assumed numbers, not real or official statistics.",true
4d60038b-c45b-53bf-8431-b8e808c1af69,44e29a8e-06b6-5918-ba5d-b64da20d5d87,true,WAGE,,c7df5212-ab60-5561-aa36-9acc415e9b5b,16500,2025-10-19,false,true,true,Y10,"KaushalSetu synthetic generator v2, seed 20260929",2026-09-28T12:00:00+05:30,"SYNTHETIC demo data (KaushalSetu SIH prototype): fictional entities, team-assumed numbers, not real or official statistics.",true
a792ec91-5b0c-589f-87d7-24cb59c132eb,e6377de6-ca14-59bb-98b5-f982bfafaff4,true,WAGE,,c7df5212-ab60-5561-aa36-9acc415e9b5b,15000,2025-09-04,true,true,true,Y10,"KaushalSetu synthetic generator v2, seed 20260929",2026-09-28T12:00:00+05:30,"SYNTHETIC demo data (KaushalSetu SIH prototype): fictional entities, team-assumed numbers, not real or official statistics.",true
12bc58e0-82b9-5157-a102-26738053695e,aefd9648-7676-56cf-8ee9-f448dfde9482,true,SELF_EMPLOYED,,,,2025-10-03,true,false,true,Y10,"KaushalSetu synthetic generator v2, seed 20260929",2026-09-28T12:00:00+05:30,"SYNTHETIC demo data (KaushalSetu SIH prototype): fictional entities, team-assumed numbers, not real or official statistics.",true
c5ad907d-61d9-5cb5-8df3-664d41d60523,317228fc-5a5e-54bf-802e-8a36f5fecca6,false,,,,,,,,true,Y10,"KaushalSetu synthetic generator v2, seed 20260929",2026-09-28T12:00:00+05:30,"SYNTHETIC demo data (KaushalSetu SIH prototype): fictional entities, team-assumed numbers, not real or official statistics.",true
292d8979-5b2b-5068-80f0-41afa044d8e9,80526054-91ed-5212-8ff5-3af4f861c6fb,true,WAGE,,c7df5212-ab60-5561-aa36-9acc415e9b5b,15000,2025-09-17,true,true,true,Y10,"KaushalSetu synthetic generator v2, seed 20260929",2026-09-28T12:00:00+05:30,"SYNTHETIC demo data (KaushalSetu SIH prototype): fictional entities, team-assumed numbers, not real or official statistics.",true
ad27a86c-6224-509f-ae62-0451d72ebb78,0ae7c782-17b2-5a84-a38a-94834120d469,false,,,,,,,,true,Y10,"KaushalSetu synthetic generator v2, seed 20260929",2026-09-28T12:00:00+05:30,"SYNTHETIC demo data (KaushalSetu SIH prototype): fictional entities, team-assumed numbers, not real or official statistics.",true
d5c59cb3-d3f7-5af0-9c19-abc454330795,e45225f0-750b-5458-9620-51a57bcaf7d3,false,,,,,,,,true,Y10,"KaushalSetu synthetic generator v2, seed 20260929",2026-09-28T12:00:00+05:30,"SYNTHETIC demo data (KaushalSetu SIH prototype): fictional entities, team-assumed numbers, not real or official statistics.",true
22f41d25-9b41-55ae-ab8f-5386c3fcc048,82af09b2-0212-5d12-9e54-3f417fc6aec7,true,WAGE,,c7df5212-ab60-5561-aa36-9acc415e9b5b,15000,2025-10-23,true,true,true,Y10,"KaushalSetu synthetic generator v2, seed 20260929",2026-09-28T12:00:00+05:30,"SYNTHETIC demo data (KaushalSetu SIH prototype): fictional entities, team-assumed numbers, not real or official statistics.",true
a77809d9-9e75-5843-9a04-a432b39ff89b,cfd267c0-11fc-513f-bf7e-70a08d6e274f,true,WAGE,,c7df5212-ab60-5561-aa36-9acc415e9b5b,17000,2025-11-19,false,true,true,Y10,"KaushalSetu synthetic generator v2, seed 20260929",2026-09-28T12:00:00+05:30,"SYNTHETIC demo data (KaushalSetu SIH prototype): fictional entities, team-assumed numbers, not real or official statistics.",true
2d3cf304-6c17-5697-8092-000993d9c24a,114d50ef-3e73-50f3-91a7-155d69240b96,true,WAGE,,c7df5212-ab60-5561-aa36-9acc415e9b5b,20000,2025-11-23,true,true,true,Y10,"KaushalSetu synthetic generator v2, seed 20260929",2026-09-28T12:00:00+05:30,"SYNTHETIC demo data (KaushalSetu SIH prototype): fictional entities, team-assumed numbers, not real or official statistics.",true
a22a9670-ef6b-5cc4-a125-0516f7adbfd3,04567e44-3ee1-5a97-95fd-730f3e335bb0,true,WAGE,,c7df5212-ab60-5561-aa36-9acc415e9b5b,14500,2025-08-26,true,true,true,Y10,"KaushalSetu synthetic generator v2, seed 20260929",2026-09-28T12:00:00+05:30,"SYNTHETIC demo data (KaushalSetu SIH prototype): fictional entities, team-assumed numbers, not real or official statistics.",true
9dc0cd6e-ed73-5f9c-99be-c06b922e48ac,b840fb52-7792-5a64-bfa3-f60395736864,true,WAGE,,c7df5212-ab60-5561-aa36-9acc415e9b5b,20500,2025-09-09,true,true,true,Y10,"KaushalSetu synthetic generator v2, seed 20260929",2026-09-28T12:00:00+05:30,"SYNTHETIC demo data (KaushalSetu SIH prototype): fictional entities, team-assumed numbers, not real or official statistics.",true
1602aadd-a1da-555e-8ad6-351ddfbb2ca3,6b3ac0ea-7fbf-509d-82fe-758094760567,true,WAGE,,c7df5212-ab60-5561-aa36-9acc415e9b5b,19500,2025-09-16,true,true,true,Y10,"KaushalSetu synthetic generator v2, seed 20260929",2026-09-28T12:00:00+05:30,"SYNTHETIC demo data (KaushalSetu SIH prototype): fictional entities, team-assumed numbers, not real or official statistics.",true
badf82a3-dd4a-5172-b140-1ad734fcb5fb,e4acc4ce-ca04-569c-b00d-2537a00f8823,false,,,,,,,,true,Y10,"KaushalSetu synthetic generator v2, seed 20260929",2026-09-28T12:00:00+05:30,"SYNTHETIC demo data (KaushalSetu SIH prototype): fictional entities, team-assumed numbers, not real or official statistics.",true
fd1100a9-62a9-594e-9e7b-7088f48e0a0b,224fbdf7-25ba-58e3-b59f-d1e3ca5c43ad,false,,,,,,,,true,Y10,"KaushalSetu synthetic generator v2, seed 20260929",2026-09-28T12:00:00+05:30,"SYNTHETIC demo data (KaushalSetu SIH prototype): fictional entities, team-assumed numbers, not real or official statistics.",true
691810c0-92d2-5e90-ba14-d9a0b75b52ff,b68f0bbe-e707-5a2c-bb0b-468e43b3400e,false,,,,,,,,true,Y10,"KaushalSetu synthetic generator v2, seed 20260929",2026-09-28T12:00:00+05:30,"SYNTHETIC demo data (KaushalSetu SIH prototype): fictional entities, team-assumed numbers, not real or official statistics.",true
aebaaaa9-2434-5afc-99b1-b8ddcdf6e4a5,58eb5efd-9f03-5702-9948-39c31a36a9a1,true,WAGE,,c7df5212-ab60-5561-aa36-9acc415e9b5b,20000,2025-10-18,true,true,true,Y10,"KaushalSetu synthetic generator v2, seed 20260929",2026-09-28T12:00:00+05:30,"SYNTHETIC demo data (KaushalSetu SIH prototype): fictional entities, team-assumed numbers, not real or official statistics.",true
aea94325-18c3-55b0-bfe0-ebf33a936794,3b8510d4-e6d1-5ef9-99a3-db6162c66340,true,WAGE,,c7df5212-ab60-5561-aa36-9acc415e9b5b,18500,2025-09-08,true,true,true,Y10,"KaushalSetu synthetic generator v2, seed 20260929",2026-09-28T12:00:00+05:30,"SYNTHETIC demo data (KaushalSetu SIH prototype): fictional entities, team-assumed numbers, not real or official statistics.",true
33f78fbd-0a33-5d6c-896d-7e57b49ccce1,5bf7e83a-460b-5f64-84c3-6852c4c13442,true,SELF_EMPLOYED,,c7df5212-ab60-5561-aa36-9acc415e9b5b,,2025-11-22,true,true,true,Y10,"KaushalSetu synthetic generator v2, seed 20260929",2026-09-28T12:00:00+05:30,"SYNTHETIC demo data (KaushalSetu SIH prototype): fictional entities, team-assumed numbers, not real or official statistics.",true
e2349e25-8b1b-59cd-8246-ded1cd63d488,ba1ac70a-059b-55e4-b20e-927a10c526a1,false,,,,,,,,true,Y10,"KaushalSetu synthetic generator v2, seed 20260929",2026-09-28T12:00:00+05:30,"SYNTHETIC demo data (KaushalSetu SIH prototype): fictional entities, team-assumed numbers, not real or official statistics.",true
61f70035-b61e-58bd-ab88-028dd03e3969,677a0469-3451-53f7-a5c3-89a77996f543,true,WAGE,,c7df5212-ab60-5561-aa36-9acc415e9b5b,17000,2025-09-21,true,true,true,Y10,"KaushalSetu synthetic generator v2, seed 20260929",2026-09-28T12:00:00+05:30,"SYNTHETIC demo data (KaushalSetu SIH prototype): fictional entities, team-assumed numbers, not real or official statistics.",true
107d92fb-672f-5c3f-9b70-95cf9e747275,09dcfc3a-4204-5c07-820a-e6dafd08da26,true,WAGE,0ea66e99-de75-54f1-ae1c-04860fbff6f2,c7df5212-ab60-5561-aa36-9acc415e9b5b,17000,2026-09-17,,true,false,Y10,"KaushalSetu synthetic generator v2, seed 20260929",2026-09-28T12:00:00+05:30,"SYNTHETIC demo data (KaushalSetu SIH prototype): fictional entities, team-assumed numbers, not real or official statistics.",true
050294ed-6f16-5c2b-b2f7-a2d27f652570,be4a9f9c-b65f-5645-a390-f3b9c9c05224,false,,,,,,,,false,Y10,"KaushalSetu synthetic generator v2, seed 20260929",2026-09-28T12:00:00+05:30,"SYNTHETIC demo data (KaushalSetu SIH prototype): fictional entities, team-assumed numbers, not real or official statistics.",true
2fdb988c-fb68-5351-a8c8-55845287c0fa,797bd738-ccee-537c-86ba-300e10db7903,true,WAGE,0ea66e99-de75-54f1-ae1c-04860fbff6f2,c7df5212-ab60-5561-aa36-9acc415e9b5b,17500,2026-09-01,,true,false,Y10,"KaushalSetu synthetic generator v2, seed 20260929",2026-09-28T12:00:00+05:30,"SYNTHETIC demo data (KaushalSetu SIH prototype): fictional entities, team-assumed numbers, not real or official statistics.",true
bac6faf3-8c7b-5cd8-ae11-3a5446a5d80e,7b6cb690-399b-5c45-a54c-446068d7ced5,false,,,,,,,,false,Y10,"KaushalSetu synthetic generator v2, seed 20260929",2026-09-28T12:00:00+05:30,"SYNTHETIC demo data (KaushalSetu SIH prototype): fictional entities, team-assumed numbers, not real or official statistics.",true
602d8957-71df-53cb-840b-155c6d53bb1c,abbc31d6-c1ab-525f-906e-9eca4651f245,true,WAGE,,,20500,2026-08-28,,false,false,Y10,"KaushalSetu synthetic generator v2, seed 20260929",2026-09-28T12:00:00+05:30,"SYNTHETIC demo data (KaushalSetu SIH prototype): fictional entities, team-assumed numbers, not real or official statistics.",true
aa5848d8-b1a9-58a6-b52d-cd0261027745,48868f1b-a594-59b0-8017-b6c6352a7b78,true,WAGE,0ea66e99-de75-54f1-ae1c-04860fbff6f2,c7df5212-ab60-5561-aa36-9acc415e9b5b,19000,2026-08-16,,true,false,Y10,"KaushalSetu synthetic generator v2, seed 20260929",2026-09-28T12:00:00+05:30,"SYNTHETIC demo data (KaushalSetu SIH prototype): fictional entities, team-assumed numbers, not real or official statistics.",true
d457eb5c-7f3c-5eac-b64a-b120d44a9cf4,dbe3f670-7822-5c36-8a3a-84bd40513d34,true,APPRENTICESHIP,,,,2026-08-13,,false,false,Y10,"KaushalSetu synthetic generator v2, seed 20260929",2026-09-28T12:00:00+05:30,"SYNTHETIC demo data (KaushalSetu SIH prototype): fictional entities, team-assumed numbers, not real or official statistics.",true
c7f9109f-fcb2-5811-bad4-75efb65408d9,e2e1333f-bc1e-55d4-b1b7-69339b66a0b8,true,WAGE,,c7df5212-ab60-5561-aa36-9acc415e9b5b,14500,2026-08-24,,true,false,Y10,"KaushalSetu synthetic generator v2, seed 20260929",2026-09-28T12:00:00+05:30,"SYNTHETIC demo data (KaushalSetu SIH prototype): fictional entities, team-assumed numbers, not real or official statistics.",true
9ef82796-dc55-5670-8410-b5c02fe903b9,63bf25e3-0fab-5b41-a42f-9baf35d6de6c,false,,,,,,,,false,Y10,"KaushalSetu synthetic generator v2, seed 20260929",2026-09-28T12:00:00+05:30,"SYNTHETIC demo data (KaushalSetu SIH prototype): fictional entities, team-assumed numbers, not real or official statistics.",true
462b6a35-769c-5257-a8f9-e1ad3996832b,a99dfc32-1a51-57d5-a67d-b6a851dd5d3f,true,WAGE,0ea66e99-de75-54f1-ae1c-04860fbff6f2,c7df5212-ab60-5561-aa36-9acc415e9b5b,18000,2026-08-19,,true,false,Y10,"KaushalSetu synthetic generator v2, seed 20260929",2026-09-28T12:00:00+05:30,"SYNTHETIC demo data (KaushalSetu SIH prototype): fictional entities, team-assumed numbers, not real or official statistics.",true
c3f7ed95-eed1-5427-9513-436f60627852,a9fdd171-757d-5baa-82a3-0150ea792e9e,true,WAGE,0ea66e99-de75-54f1-ae1c-04860fbff6f2,c7df5212-ab60-5561-aa36-9acc415e9b5b,19500,2026-08-08,,true,false,Y10,"KaushalSetu synthetic generator v2, seed 20260929",2026-09-28T12:00:00+05:30,"SYNTHETIC demo data (KaushalSetu SIH prototype): fictional entities, team-assumed numbers, not real or official statistics.",true
b229ae5c-35bd-595c-a5f0-b3ebd21ce47d,3cc1895f-1a82-525f-b830-9b09c36836d5,true,WAGE,,c7df5212-ab60-5561-aa36-9acc415e9b5b,18500,2026-08-22,,true,false,Y10,"KaushalSetu synthetic generator v2, seed 20260929",2026-09-28T12:00:00+05:30,"SYNTHETIC demo data (KaushalSetu SIH prototype): fictional entities, team-assumed numbers, not real or official statistics.",true
37c7cedb-d771-5359-96d7-8232d5a55421,046e27a4-339e-59a1-b900-10c065bf0ed8,false,,,,,,,,false,Y10,"KaushalSetu synthetic generator v2, seed 20260929",2026-09-28T12:00:00+05:30,"SYNTHETIC demo data (KaushalSetu SIH prototype): fictional entities, team-assumed numbers, not real or official statistics.",true
4fbe2f2e-36af-5b76-acd0-6e806f5aed46,93bed0df-c794-50f9-883e-f52fca207cd3,true,SELF_EMPLOYED,,c7df5212-ab60-5561-aa36-9acc415e9b5b,,2026-09-28,,true,false,Y10,"KaushalSetu synthetic generator v2, seed 20260929",2026-09-28T12:00:00+05:30,"SYNTHETIC demo data (KaushalSetu SIH prototype): fictional entities, team-assumed numbers, not real or official statistics.",true
6e13f4ac-81bd-5010-896d-a326256e5eca,bd664237-2fff-507e-9572-c8ca82303b03,true,WAGE,,c7df5212-ab60-5561-aa36-9acc415e9b5b,20000,2026-08-17,,true,false,Y10,"KaushalSetu synthetic generator v2, seed 20260929",2026-09-28T12:00:00+05:30,"SYNTHETIC demo data (KaushalSetu SIH prototype): fictional entities, team-assumed numbers, not real or official statistics.",true
b2c53f65-359e-50c3-8990-935e5c492c1f,9c71d079-13d3-5dad-aada-078b317048b1,false,,,,,,,,false,Y10,"KaushalSetu synthetic generator v2, seed 20260929",2026-09-28T12:00:00+05:30,"SYNTHETIC demo data (KaushalSetu SIH prototype): fictional entities, team-assumed numbers, not real or official statistics.",true
cb84257b-6977-5822-b15c-ab2982f65089,e4a8327f-1a74-5255-b011-0604fbc71bcc,true,WAGE,,c7df5212-ab60-5561-aa36-9acc415e9b5b,17000,2026-09-18,,true,false,Y10,"KaushalSetu synthetic generator v2, seed 20260929",2026-09-28T12:00:00+05:30,"SYNTHETIC demo data (KaushalSetu SIH prototype): fictional entities, team-assumed numbers, not real or official statistics.",true
ef3b6c5a-889e-56a3-85cd-22dea15fc437,e26f3ce0-67ac-5fb0-8101-16a9a1b436a5,false,,,,,,,,false,Y10,"KaushalSetu synthetic generator v2, seed 20260929",2026-09-28T12:00:00+05:30,"SYNTHETIC demo data (KaushalSetu SIH prototype): fictional entities, team-assumed numbers, not real or official statistics.",true
cdf5c26d-0f3a-595d-99f9-674c2936517e,3a574467-0dbb-5331-85f2-be68f31c92eb,false,,,,,,,,false,Y10,"KaushalSetu synthetic generator v2, seed 20260929",2026-09-28T12:00:00+05:30,"SYNTHETIC demo data (KaushalSetu SIH prototype): fictional entities, team-assumed numbers, not real or official statistics.",true
b7ab37f1-6cd3-50d0-9a58-a1b3a24a8faf,27cc77ea-40f1-5ce7-b735-fabe4b357fa7,false,,,,,,,,false,Y10,"KaushalSetu synthetic generator v2, seed 20260929",2026-09-28T12:00:00+05:30,"SYNTHETIC demo data (KaushalSetu SIH prototype): fictional entities, team-assumed numbers, not real or official statistics.",true
64aeee0f-33cb-5118-9c34-ba0bda63bb94,80557c53-6ba8-5df5-86c3-b9e15efcfa97,true,APPRENTICESHIP,,c7df5212-ab60-5561-aa36-9acc415e9b5b,,2026-08-21,,true,false,Y10,"KaushalSetu synthetic generator v2, seed 20260929",2026-09-28T12:00:00+05:30,"SYNTHETIC demo data (KaushalSetu SIH prototype): fictional entities, team-assumed numbers, not real or official statistics.",true
e65b7ab2-3149-5918-8d57-9e1dd2e7fc7c,4f216550-7d12-5f7a-af3e-4c006908f07b,false,,,,,,,,false,Y10,"KaushalSetu synthetic generator v2, seed 20260929",2026-09-28T12:00:00+05:30,"SYNTHETIC demo data (KaushalSetu SIH prototype): fictional entities, team-assumed numbers, not real or official statistics.",true
add9e13e-b06c-59c7-8121-e69010ab2438,2f848a9c-3af1-5b9f-b99f-6501f16d2721,false,,,,,,,,false,Y10,"KaushalSetu synthetic generator v2, seed 20260929",2026-09-28T12:00:00+05:30,"SYNTHETIC demo data (KaushalSetu SIH prototype): fictional entities, team-assumed numbers, not real or official statistics.",true
0c67a5ae-7590-56ea-9063-8b7d20bea52b,dd0eb179-12d5-5e12-b238-fbff9d9051b3,true,WAGE,,c7df5212-ab60-5561-aa36-9acc415e9b5b,20000,2026-08-17,,true,false,Y10,"KaushalSetu synthetic generator v2, seed 20260929",2026-09-28T12:00:00+05:30,"SYNTHETIC demo data (KaushalSetu SIH prototype): fictional entities, team-assumed numbers, not real or official statistics.",true
2160ad40-8bcf-5ec7-aeb5-9494fd23bc77,9f96f794-a741-57a7-b545-af78aaa18543,false,,,,,,,,false,Y10,"KaushalSetu synthetic generator v2, seed 20260929",2026-09-28T12:00:00+05:30,"SYNTHETIC demo data (KaushalSetu SIH prototype): fictional entities, team-assumed numbers, not real or official statistics.",true
33f9570c-38e9-5189-98e5-9fdbddc98cf8,d6fa016d-aca1-5c65-a8c2-fa48eb12dce5,true,WAGE,,c7df5212-ab60-5561-aa36-9acc415e9b5b,14500,2026-09-22,,true,false,Y10,"KaushalSetu synthetic generator v2, seed 20260929",2026-09-28T12:00:00+05:30,"SYNTHETIC demo data (KaushalSetu SIH prototype): fictional entities, team-assumed numbers, not real or official statistics.",true
c1026e39-4534-5dcb-9d3d-f68446adfd2f,bf733614-f922-5391-8a50-802c106e1e25,true,SELF_EMPLOYED,,,,2026-08-21,,false,false,Y10,"KaushalSetu synthetic generator v2, seed 20260929",2026-09-28T12:00:00+05:30,"SYNTHETIC demo data (KaushalSetu SIH prototype): fictional entities, team-assumed numbers, not real or official statistics.",true
1037299a-c720-5974-a1ec-3f6172923402,d6da43fd-b9c0-5f60-ae85-68c20908e1e3,true,WAGE,,c7df5212-ab60-5561-aa36-9acc415e9b5b,22000,2026-08-02,,true,false,Y10,"KaushalSetu synthetic generator v2, seed 20260929",2026-09-28T12:00:00+05:30,"SYNTHETIC demo data (KaushalSetu SIH prototype): fictional entities, team-assumed numbers, not real or official statistics.",true
19685b2f-da76-5bec-82fc-5076f0508fc0,0058fa3c-450f-563b-a881-b7576befc6ee,true,WAGE,,c7df5212-ab60-5561-aa36-9acc415e9b5b,18000,2026-09-10,,true,false,Y10,"KaushalSetu synthetic generator v2, seed 20260929",2026-09-28T12:00:00+05:30,"SYNTHETIC demo data (KaushalSetu SIH prototype): fictional entities, team-assumed numbers, not real or official statistics.",true
5e2cfae1-47e6-54e1-b2ee-93db9301bbe0,9ec9c1e1-dc7f-50d9-baca-3464d9f0c212,false,,,,,,,,false,Y10,"KaushalSetu synthetic generator v2, seed 20260929",2026-09-28T12:00:00+05:30,"SYNTHETIC demo data (KaushalSetu SIH prototype): fictional entities, team-assumed numbers, not real or official statistics.",true
1c646c27-49ca-5d67-b1eb-e790daffbdbd,88d4ff40-87e5-5851-8950-6db7c436ac25,false,,,,,,,,false,Y10,"KaushalSetu synthetic generator v2, seed 20260929",2026-09-28T12:00:00+05:30,"SYNTHETIC demo data (KaushalSetu SIH prototype): fictional entities, team-assumed numbers, not real or official statistics.",true
78e192b1-e3fe-590b-9318-df016331dcc2,678719ce-3698-5c8a-8836-b9b4ea0afe73,false,,,,,,,,false,Y10,"KaushalSetu synthetic generator v2, seed 20260929",2026-09-28T12:00:00+05:30,"SYNTHETIC demo data (KaushalSetu SIH prototype): fictional entities, team-assumed numbers, not real or official statistics.",true
9e81f314-1bf3-5878-9b9d-f08c2cff57a9,482cc4f9-fec8-5101-93a5-e3a4de71e222,false,,,,,,,,false,Y10,"KaushalSetu synthetic generator v2, seed 20260929",2026-09-28T12:00:00+05:30,"SYNTHETIC demo data (KaushalSetu SIH prototype): fictional entities, team-assumed numbers, not real or official statistics.",true
d5f5eff5-1a2e-5f2c-8fd4-5827b4bdb7b4,52905e95-0b8c-57ac-95aa-1018e4ee6ebc,true,SELF_EMPLOYED,,c7df5212-ab60-5561-aa36-9acc415e9b5b,,2026-08-21,,true,false,Y10,"KaushalSetu synthetic generator v2, seed 20260929",2026-09-28T12:00:00+05:30,"SYNTHETIC demo data (KaushalSetu SIH prototype): fictional entities, team-assumed numbers, not real or official statistics.",true
21fee1e7-0e53-5776-9270-d1ff14da195a,1a2fa321-4b15-5e68-b1a4-08b388009e08,true,WAGE,,,21500,2026-09-14,,false,false,Y10,"KaushalSetu synthetic generator v2, seed 20260929",2026-09-28T12:00:00+05:30,"SYNTHETIC demo data (KaushalSetu SIH prototype): fictional entities, team-assumed numbers, not real or official statistics.",true
23460ae7-765d-596c-a292-6820d3d5a7ff,6fa0c528-3785-5098-856e-9ed3fa58e0ea,true,WAGE,,c7df5212-ab60-5561-aa36-9acc415e9b5b,22000,2026-09-18,,true,false,Y10,"KaushalSetu synthetic generator v2, seed 20260929",2026-09-28T12:00:00+05:30,"SYNTHETIC demo data (KaushalSetu SIH prototype): fictional entities, team-assumed numbers, not real or official statistics.",true
efc52fdd-7d31-5ed3-9346-0b4adfde1ef5,35cb5761-ecf9-5b96-b49f-78ef95e87f4b,false,,,,,,,,false,Y10,"KaushalSetu synthetic generator v2, seed 20260929",2026-09-28T12:00:00+05:30,"SYNTHETIC demo data (KaushalSetu SIH prototype): fictional entities, team-assumed numbers, not real or official statistics.",true
ab99661a-1b13-5810-947c-f945c3b1d57b,86ea31db-4bd8-5196-ab65-fdc4b91a3325,false,,,,,,,,false,Y10,"KaushalSetu synthetic generator v2, seed 20260929",2026-09-28T12:00:00+05:30,"SYNTHETIC demo data (KaushalSetu SIH prototype): fictional entities, team-assumed numbers, not real or official statistics.",true
f864c083-5ba3-55c2-8a4a-f3bef00b3ac3,cec360c1-1a94-53f3-885b-3eaa4a8e6aa1,false,,,,,,,,false,Y10,"KaushalSetu synthetic generator v2, seed 20260929",2026-09-28T12:00:00+05:30,"SYNTHETIC demo data (KaushalSetu SIH prototype): fictional entities, team-assumed numbers, not real or official statistics.",true
b143d562-92da-5227-9c95-669456277320,81e7de40-85ae-5af9-82e6-b5b58d553745,true,WAGE,,c7df5212-ab60-5561-aa36-9acc415e9b5b,18000,2026-09-06,,true,false,Y10,"KaushalSetu synthetic generator v2, seed 20260929",2026-09-28T12:00:00+05:30,"SYNTHETIC demo data (KaushalSetu SIH prototype): fictional entities, team-assumed numbers, not real or official statistics.",true
dbfa7632-ff76-595d-8d64-1b1524047bcc,1576c999-b1e5-59bc-b299-67e44d0ba4b8,true,WAGE,,c7df5212-ab60-5561-aa36-9acc415e9b5b,22000,2026-08-19,,true,false,Y10,"KaushalSetu synthetic generator v2, seed 20260929",2026-09-28T12:00:00+05:30,"SYNTHETIC demo data (KaushalSetu SIH prototype): fictional entities, team-assumed numbers, not real or official statistics.",true
032b6707-ff19-5216-afcd-4ec2459427f8,fa5b6f7d-1024-5041-92e2-59de86e5293b,true,WAGE,,c7df5212-ab60-5561-aa36-9acc415e9b5b,15500,2026-08-21,,true,false,Y10,"KaushalSetu synthetic generator v2, seed 20260929",2026-09-28T12:00:00+05:30,"SYNTHETIC demo data (KaushalSetu SIH prototype): fictional entities, team-assumed numbers, not real or official statistics.",true
4bc40a4e-3336-57ca-87aa-ebd661c512df,f7caf091-48b4-5c76-a870-2b5d2a075cf4,false,,,,,,,,false,Y10,"KaushalSetu synthetic generator v2, seed 20260929",2026-09-28T12:00:00+05:30,"SYNTHETIC demo data (KaushalSetu SIH prototype): fictional entities, team-assumed numbers, not real or official statistics.",true
9a364483-58f7-5f96-8b9f-dcac1a206dc4,370e8be6-68a2-5fff-a7fd-67a7172671d1,true,WAGE,,,21500,2026-09-16,,false,false,Y10,"KaushalSetu synthetic generator v2, seed 20260929",2026-09-28T12:00:00+05:30,"SYNTHETIC demo data (KaushalSetu SIH prototype): fictional entities, team-assumed numbers, not real or official statistics.",true
969afc9c-7797-56b1-96f6-4bfd30a84557,edc97021-a23e-5b44-bed4-0b1452b9111f,true,WAGE,,c7df5212-ab60-5561-aa36-9acc415e9b5b,20500,2026-09-14,,true,false,Y10,"KaushalSetu synthetic generator v2, seed 20260929",2026-09-28T12:00:00+05:30,"SYNTHETIC demo data (KaushalSetu SIH prototype): fictional entities, team-assumed numbers, not real or official statistics.",true
e528903f-cab0-579a-9b3e-170b13cc210e,9a269fb3-89df-5aa7-8f11-66346defa6bc,false,,,,,,,,false,Y10,"KaushalSetu synthetic generator v2, seed 20260929",2026-09-28T12:00:00+05:30,"SYNTHETIC demo data (KaushalSetu SIH prototype): fictional entities, team-assumed numbers, not real or official statistics.",true
0d60dd7f-d65a-5942-a5cf-5ef1c6b275f8,813540b9-a260-5d41-81ab-15030459f291,true,WAGE,,c7df5212-ab60-5561-aa36-9acc415e9b5b,19000,2026-08-04,,true,false,Y10,"KaushalSetu synthetic generator v2, seed 20260929",2026-09-28T12:00:00+05:30,"SYNTHETIC demo data (KaushalSetu SIH prototype): fictional entities, team-assumed numbers, not real or official statistics.",true
d671e913-c69d-54c1-b68a-de9f5b80896a,c4540e0d-5a6e-58cc-9309-5e6298df6256,true,WAGE,,c7df5212-ab60-5561-aa36-9acc415e9b5b,18500,2026-09-09,,true,false,Y10,"KaushalSetu synthetic generator v2, seed 20260929",2026-09-28T12:00:00+05:30,"SYNTHETIC demo data (KaushalSetu SIH prototype): fictional entities, team-assumed numbers, not real or official statistics.",true
c686795d-ae4f-578a-89b7-f00358ccf3a3,e0aa3a46-d126-5ca7-889d-3ae925ae6bd4,true,WAGE,,c7df5212-ab60-5561-aa36-9acc415e9b5b,20000,2026-09-06,,true,false,Y10,"KaushalSetu synthetic generator v2, seed 20260929",2026-09-28T12:00:00+05:30,"SYNTHETIC demo data (KaushalSetu SIH prototype): fictional entities, team-assumed numbers, not real or official statistics.",true
abbba4e5-cd70-5c6f-95ba-dfb64e954406,ea44181a-65b1-524a-9181-70c3905a45a0,true,WAGE,,c7df5212-ab60-5561-aa36-9acc415e9b5b,15500,2026-09-02,,true,false,Y10,"KaushalSetu synthetic generator v2, seed 20260929",2026-09-28T12:00:00+05:30,"SYNTHETIC demo data (KaushalSetu SIH prototype): fictional entities, team-assumed numbers, not real or official statistics.",true
1801cdad-33a3-5902-a7d2-04f48d532c76,d100701e-5802-5b7f-83d0-d97a25f48722,true,APPRENTICESHIP,0ea66e99-de75-54f1-ae1c-04860fbff6f2,c7df5212-ab60-5561-aa36-9acc415e9b5b,,2026-09-08,,true,false,Y10,"KaushalSetu synthetic generator v2, seed 20260929",2026-09-28T12:00:00+05:30,"SYNTHETIC demo data (KaushalSetu SIH prototype): fictional entities, team-assumed numbers, not real or official statistics.",true
8d65de22-fc12-5493-abff-ec824e019b4f,496866ef-ccfb-59cf-a9c0-64d243be1fc1,true,WAGE,,c7df5212-ab60-5561-aa36-9acc415e9b5b,16000,2026-08-25,,true,false,Y10,"KaushalSetu synthetic generator v2, seed 20260929",2026-09-28T12:00:00+05:30,"SYNTHETIC demo data (KaushalSetu SIH prototype): fictional entities, team-assumed numbers, not real or official statistics.",true
a166d1a0-fdbe-50d0-80b2-6eaf28c2e6e0,41d98dde-e172-5420-b6f6-82c30c5b292b,false,,,,,,,,true,Y10,"KaushalSetu synthetic generator v2, seed 20260929",2026-09-28T12:00:00+05:30,"SYNTHETIC demo data (KaushalSetu SIH prototype): fictional entities, team-assumed numbers, not real or official statistics.",true
4dacf493-93ef-5e86-91cd-3097630fb018,5004973e-a8b7-590e-8e28-bd9462f68c8f,true,WAGE,,2f571be3-597c-576f-8dbd-e8baff7c9dfe,16500,2025-11-26,true,true,true,Y10,"KaushalSetu synthetic generator v2, seed 20260929",2026-09-28T12:00:00+05:30,"SYNTHETIC demo data (KaushalSetu SIH prototype): fictional entities, team-assumed numbers, not real or official statistics.",true
d29c3201-0391-5e97-b913-3063d02f2ce2,a8735237-cb49-50d3-8cf8-df66d21aede8,true,WAGE,,2f571be3-597c-576f-8dbd-e8baff7c9dfe,17000,2025-11-05,true,true,true,Y10,"KaushalSetu synthetic generator v2, seed 20260929",2026-09-28T12:00:00+05:30,"SYNTHETIC demo data (KaushalSetu SIH prototype): fictional entities, team-assumed numbers, not real or official statistics.",true
379ee83b-cb4c-500b-9c37-d4e33fae4cc9,18ad504c-24b3-576f-bfdb-b8a53bc81fef,false,,,,,,,,true,Y10,"KaushalSetu synthetic generator v2, seed 20260929",2026-09-28T12:00:00+05:30,"SYNTHETIC demo data (KaushalSetu SIH prototype): fictional entities, team-assumed numbers, not real or official statistics.",true
8bc1eed9-99ec-51b4-b948-a6c7ca7fe2e1,04463615-40a3-564d-88f4-0e06b5cb7d4f,false,,,,,,,,true,Y10,"KaushalSetu synthetic generator v2, seed 20260929",2026-09-28T12:00:00+05:30,"SYNTHETIC demo data (KaushalSetu SIH prototype): fictional entities, team-assumed numbers, not real or official statistics.",true
6c6cacee-6398-59e2-9237-1ee85da497ed,9ad5edc8-4e5a-5d03-b1f6-eb581d6b23b1,false,,,,,,,,true,Y10,"KaushalSetu synthetic generator v2, seed 20260929",2026-09-28T12:00:00+05:30,"SYNTHETIC demo data (KaushalSetu SIH prototype): fictional entities, team-assumed numbers, not real or official statistics.",true
58a69f00-475b-5505-a1ed-5cec8a819534,0347e049-5a29-5695-b851-db92adb1cd46,true,WAGE,,2f571be3-597c-576f-8dbd-e8baff7c9dfe,14000,2025-11-06,true,true,true,Y10,"KaushalSetu synthetic generator v2, seed 20260929",2026-09-28T12:00:00+05:30,"SYNTHETIC demo data (KaushalSetu SIH prototype): fictional entities, team-assumed numbers, not real or official statistics.",true
b421adc3-217f-5764-b6fb-9b9af1b7b2df,5e5faf83-e449-5398-a529-cb7cdedc395f,true,WAGE,,2f571be3-597c-576f-8dbd-e8baff7c9dfe,13000,2025-12-16,true,true,true,Y10,"KaushalSetu synthetic generator v2, seed 20260929",2026-09-28T12:00:00+05:30,"SYNTHETIC demo data (KaushalSetu SIH prototype): fictional entities, team-assumed numbers, not real or official statistics.",true
668a9752-cd02-5ab8-aad1-339e0fd0d578,cef4dac6-9910-5c2e-8537-cd25f2fd6c6a,true,SELF_EMPLOYED,,2f571be3-597c-576f-8dbd-e8baff7c9dfe,,2025-12-05,true,true,true,Y10,"KaushalSetu synthetic generator v2, seed 20260929",2026-09-28T12:00:00+05:30,"SYNTHETIC demo data (KaushalSetu SIH prototype): fictional entities, team-assumed numbers, not real or official statistics.",true
cb00254c-ee8b-5048-8a88-3ec8da7a61f0,16dbe545-4893-52ce-ba4e-ee898faedfd4,false,,,,,,,,true,Y10,"KaushalSetu synthetic generator v2, seed 20260929",2026-09-28T12:00:00+05:30,"SYNTHETIC demo data (KaushalSetu SIH prototype): fictional entities, team-assumed numbers, not real or official statistics.",true
401f035d-f409-50cf-bf99-c415f709a33f,78e4f4c2-bffe-5043-b789-06157353a9c2,false,,,,,,,,true,Y10,"KaushalSetu synthetic generator v2, seed 20260929",2026-09-28T12:00:00+05:30,"SYNTHETIC demo data (KaushalSetu SIH prototype): fictional entities, team-assumed numbers, not real or official statistics.",true
6633269f-1fa0-59da-8cf2-a9c6b46d5e25,ac9bfe9f-686b-5543-aa47-490c26b0e0ef,false,,,,,,,,true,Y10,"KaushalSetu synthetic generator v2, seed 20260929",2026-09-28T12:00:00+05:30,"SYNTHETIC demo data (KaushalSetu SIH prototype): fictional entities, team-assumed numbers, not real or official statistics.",true
83c9b7eb-d0f8-578a-9d7a-ec26cd609326,7ba56754-197f-524b-b2f6-61679dc9f874,false,,,,,,,,true,Y10,"KaushalSetu synthetic generator v2, seed 20260929",2026-09-28T12:00:00+05:30,"SYNTHETIC demo data (KaushalSetu SIH prototype): fictional entities, team-assumed numbers, not real or official statistics.",true
cdf66d96-e82d-5824-b819-81296ff47181,b73977ea-2630-5cb1-a507-67999b8f4166,true,WAGE,,2f571be3-597c-576f-8dbd-e8baff7c9dfe,14000,2025-12-12,true,true,true,Y10,"KaushalSetu synthetic generator v2, seed 20260929",2026-09-28T12:00:00+05:30,"SYNTHETIC demo data (KaushalSetu SIH prototype): fictional entities, team-assumed numbers, not real or official statistics.",true
5352dca9-5b5a-5975-b242-c86c2d11cbb7,446ed1ed-6d12-559a-bd7f-1f0cc59ead64,false,,,,,,,,true,Y10,"KaushalSetu synthetic generator v2, seed 20260929",2026-09-28T12:00:00+05:30,"SYNTHETIC demo data (KaushalSetu SIH prototype): fictional entities, team-assumed numbers, not real or official statistics.",true
44f456e1-7ce1-58d8-986a-e16c478965e8,8679b09e-0e86-5b48-beeb-958a3847a409,true,SELF_EMPLOYED,,2f571be3-597c-576f-8dbd-e8baff7c9dfe,,2025-10-21,false,true,true,Y10,"KaushalSetu synthetic generator v2, seed 20260929",2026-09-28T12:00:00+05:30,"SYNTHETIC demo data (KaushalSetu SIH prototype): fictional entities, team-assumed numbers, not real or official statistics.",true
88cc15de-67cb-56ed-85c7-295dab7a1698,c4ae4995-60f5-56d6-b378-c8d4fe4ee5a6,false,,,,,,,,true,Y10,"KaushalSetu synthetic generator v2, seed 20260929",2026-09-28T12:00:00+05:30,"SYNTHETIC demo data (KaushalSetu SIH prototype): fictional entities, team-assumed numbers, not real or official statistics.",true
080461cd-b52a-5a1b-bece-32a02151d40c,c6b75548-d7bc-54e1-a1bd-82aed6ec6c31,false,,,,,,,,true,Y10,"KaushalSetu synthetic generator v2, seed 20260929",2026-09-28T12:00:00+05:30,"SYNTHETIC demo data (KaushalSetu SIH prototype): fictional entities, team-assumed numbers, not real or official statistics.",true
092ddee5-dd7d-5b92-95f1-2da5dfab9dca,22c880f7-0556-501b-988c-5d8552ab5770,true,WAGE,,2f571be3-597c-576f-8dbd-e8baff7c9dfe,15000,2025-10-23,true,true,true,Y10,"KaushalSetu synthetic generator v2, seed 20260929",2026-09-28T12:00:00+05:30,"SYNTHETIC demo data (KaushalSetu SIH prototype): fictional entities, team-assumed numbers, not real or official statistics.",true
5ce859c2-5397-55cd-9e8b-ab335d579585,54c2ef9e-8bba-59f8-b565-0737a43731ee,false,,,,,,,,true,Y10,"KaushalSetu synthetic generator v2, seed 20260929",2026-09-28T12:00:00+05:30,"SYNTHETIC demo data (KaushalSetu SIH prototype): fictional entities, team-assumed numbers, not real or official statistics.",true
0351ca38-2a26-5a46-a6ec-9572ccc16147,fc29051e-9183-5ebc-8f0d-a1a8acbdfd0e,true,WAGE,,2f571be3-597c-576f-8dbd-e8baff7c9dfe,13000,2025-08-12,false,true,true,Y10,"KaushalSetu synthetic generator v2, seed 20260929",2026-09-28T12:00:00+05:30,"SYNTHETIC demo data (KaushalSetu SIH prototype): fictional entities, team-assumed numbers, not real or official statistics.",true
c427fb75-2bd8-570f-ab15-59e51b9ab2b4,05a2109e-d14c-584f-8a80-6822f877e0d5,false,,,,,,,,true,Y10,"KaushalSetu synthetic generator v2, seed 20260929",2026-09-28T12:00:00+05:30,"SYNTHETIC demo data (KaushalSetu SIH prototype): fictional entities, team-assumed numbers, not real or official statistics.",true
98474168-8dc7-55d7-a7c7-34837de41698,1cf8d293-a69d-5c59-8c12-a8ea5367500d,true,SELF_EMPLOYED,,,,2025-10-21,false,false,true,Y10,"KaushalSetu synthetic generator v2, seed 20260929",2026-09-28T12:00:00+05:30,"SYNTHETIC demo data (KaushalSetu SIH prototype): fictional entities, team-assumed numbers, not real or official statistics.",true
0adcfaaf-cdf1-560b-9049-e8413f1e1c07,d6beb84a-21ea-5437-8ec6-db0bfdd62337,false,,,,,,,,true,Y10,"KaushalSetu synthetic generator v2, seed 20260929",2026-09-28T12:00:00+05:30,"SYNTHETIC demo data (KaushalSetu SIH prototype): fictional entities, team-assumed numbers, not real or official statistics.",true
9b6ad53f-a09e-552a-9e1c-ab90062b6d9f,2db0a744-c2b4-5ec1-a2f2-2ebe2611b474,true,WAGE,,2f571be3-597c-576f-8dbd-e8baff7c9dfe,17500,2025-12-11,true,true,true,Y10,"KaushalSetu synthetic generator v2, seed 20260929",2026-09-28T12:00:00+05:30,"SYNTHETIC demo data (KaushalSetu SIH prototype): fictional entities, team-assumed numbers, not real or official statistics.",true
b7dc24b8-cc3d-537e-a6f0-25e7971e1bc6,4e26f3f5-0429-56ef-851c-be8077919c40,false,,,,,,,,true,Y10,"KaushalSetu synthetic generator v2, seed 20260929",2026-09-28T12:00:00+05:30,"SYNTHETIC demo data (KaushalSetu SIH prototype): fictional entities, team-assumed numbers, not real or official statistics.",true
a0bcdbe8-79c6-5655-bd78-2e463d73a2b9,71a3cb33-0412-5eca-9a7b-54e7e571e40d,true,WAGE,,,13500,2025-09-11,true,false,true,Y10,"KaushalSetu synthetic generator v2, seed 20260929",2026-09-28T12:00:00+05:30,"SYNTHETIC demo data (KaushalSetu SIH prototype): fictional entities, team-assumed numbers, not real or official statistics.",true
5400cdd6-38ed-52e4-99e2-5d2097c1ce82,a0b8503d-321d-58d1-ac43-272576b33d2a,true,WAGE,,,12500,2025-12-23,false,false,true,Y10,"KaushalSetu synthetic generator v2, seed 20260929",2026-09-28T12:00:00+05:30,"SYNTHETIC demo data (KaushalSetu SIH prototype): fictional entities, team-assumed numbers, not real or official statistics.",true
3a856376-ab3d-5b13-8167-f4b8fdf20b95,c71ee686-8c3c-5092-9eba-5cc0371ab7f9,false,,,,,,,,true,Y10,"KaushalSetu synthetic generator v2, seed 20260929",2026-09-28T12:00:00+05:30,"SYNTHETIC demo data (KaushalSetu SIH prototype): fictional entities, team-assumed numbers, not real or official statistics.",true
460395b9-0d1c-5ff4-900b-605dd36eb921,e46f399b-c5af-5f97-b038-2adfd50b0640,true,SELF_EMPLOYED,,,,2025-09-03,false,false,true,Y10,"KaushalSetu synthetic generator v2, seed 20260929",2026-09-28T12:00:00+05:30,"SYNTHETIC demo data (KaushalSetu SIH prototype): fictional entities, team-assumed numbers, not real or official statistics.",true
1e1f960b-f862-5f2c-9075-66268b54c7eb,d086b2ad-385a-5cd6-9f94-637ca5d40d68,false,,,,,,,,true,Y10,"KaushalSetu synthetic generator v2, seed 20260929",2026-09-28T12:00:00+05:30,"SYNTHETIC demo data (KaushalSetu SIH prototype): fictional entities, team-assumed numbers, not real or official statistics.",true
d83545bf-dd12-545c-a8db-7243815904b8,5f71ce36-c290-59f0-809a-f8347687925c,true,SELF_EMPLOYED,,2f571be3-597c-576f-8dbd-e8baff7c9dfe,,2025-09-01,false,true,true,Y10,"KaushalSetu synthetic generator v2, seed 20260929",2026-09-28T12:00:00+05:30,"SYNTHETIC demo data (KaushalSetu SIH prototype): fictional entities, team-assumed numbers, not real or official statistics.",true
cf25f0f2-3298-5589-ad8d-d81864e14e2e,30acd7e7-c1bc-55a6-ba81-1f1a54d329c0,true,APPRENTICESHIP,0ea66e99-de75-54f1-ae1c-04860fbff6f2,2f571be3-597c-576f-8dbd-e8baff7c9dfe,,2025-09-07,true,true,true,Y10,"KaushalSetu synthetic generator v2, seed 20260929",2026-09-28T12:00:00+05:30,"SYNTHETIC demo data (KaushalSetu SIH prototype): fictional entities, team-assumed numbers, not real or official statistics.",true
cb74b5a7-0d1c-544c-a6b3-3097ed6cbffc,6de780df-b449-5da5-92fc-b3c2371b5f81,false,,,,,,,,true,Y10,"KaushalSetu synthetic generator v2, seed 20260929",2026-09-28T12:00:00+05:30,"SYNTHETIC demo data (KaushalSetu SIH prototype): fictional entities, team-assumed numbers, not real or official statistics.",true
8310d03f-59cc-51cd-be16-6b1bb59290e8,8734d739-1a71-5ce7-a17b-dbbc1708435d,true,WAGE,,2f571be3-597c-576f-8dbd-e8baff7c9dfe,14500,2025-12-24,true,true,true,Y10,"KaushalSetu synthetic generator v2, seed 20260929",2026-09-28T12:00:00+05:30,"SYNTHETIC demo data (KaushalSetu SIH prototype): fictional entities, team-assumed numbers, not real or official statistics.",true
1d5aa947-b8cd-5f02-a395-6912241d3fb4,18336e1f-d753-540c-829f-6f3765dfb629,true,SELF_EMPLOYED,,2f571be3-597c-576f-8dbd-e8baff7c9dfe,,2025-10-17,true,true,true,Y10,"KaushalSetu synthetic generator v2, seed 20260929",2026-09-28T12:00:00+05:30,"SYNTHETIC demo data (KaushalSetu SIH prototype): fictional entities, team-assumed numbers, not real or official statistics.",true
8c068220-e831-5fb1-84ac-020ac9e43cd4,4c02401f-25ff-50ae-817c-14e5b337fa70,false,,,,,,,,true,Y10,"KaushalSetu synthetic generator v2, seed 20260929",2026-09-28T12:00:00+05:30,"SYNTHETIC demo data (KaushalSetu SIH prototype): fictional entities, team-assumed numbers, not real or official statistics.",true
c6b4ef7a-9f97-59d1-b8da-8e753d62a4b1,685ae70d-6c18-591a-bc22-b5ebc1cfd5bc,true,WAGE,,2f571be3-597c-576f-8dbd-e8baff7c9dfe,17000,2025-08-18,true,true,true,Y10,"KaushalSetu synthetic generator v2, seed 20260929",2026-09-28T12:00:00+05:30,"SYNTHETIC demo data (KaushalSetu SIH prototype): fictional entities, team-assumed numbers, not real or official statistics.",true
424469a4-c2dd-552a-b3aa-1d571c85fe0d,0bf4ba75-41fa-5817-84db-7764ae393440,true,WAGE,,2f571be3-597c-576f-8dbd-e8baff7c9dfe,15000,2025-11-12,true,true,true,Y10,"KaushalSetu synthetic generator v2, seed 20260929",2026-09-28T12:00:00+05:30,"SYNTHETIC demo data (KaushalSetu SIH prototype): fictional entities, team-assumed numbers, not real or official statistics.",true
35c9d0d0-da3b-5eae-879e-30dcbdfd86da,0737a772-2bb5-5a8f-b5e4-546049e8c936,false,,,,,,,,true,Y10,"KaushalSetu synthetic generator v2, seed 20260929",2026-09-28T12:00:00+05:30,"SYNTHETIC demo data (KaushalSetu SIH prototype): fictional entities, team-assumed numbers, not real or official statistics.",true
39072910-c684-5384-953f-c3eed2a31a08,cf148639-1364-5bff-a0b4-6750abe81be9,true,WAGE,,2f571be3-597c-576f-8dbd-e8baff7c9dfe,13000,2025-12-25,true,true,true,Y10,"KaushalSetu synthetic generator v2, seed 20260929",2026-09-28T12:00:00+05:30,"SYNTHETIC demo data (KaushalSetu SIH prototype): fictional entities, team-assumed numbers, not real or official statistics.",true
48d90f6e-52d4-5e50-9499-7906743a25f3,34dc5ba1-9741-5e6c-9807-7b5184b8defa,false,,,,,,,,true,Y10,"KaushalSetu synthetic generator v2, seed 20260929",2026-09-28T12:00:00+05:30,"SYNTHETIC demo data (KaushalSetu SIH prototype): fictional entities, team-assumed numbers, not real or official statistics.",true
c11ccb3a-75fc-5788-a989-a42709b6ec5b,085625a3-f9fb-5906-bafc-796415e896c2,true,SELF_EMPLOYED,,2f571be3-597c-576f-8dbd-e8baff7c9dfe,,2025-10-06,true,true,true,Y10,"KaushalSetu synthetic generator v2, seed 20260929",2026-09-28T12:00:00+05:30,"SYNTHETIC demo data (KaushalSetu SIH prototype): fictional entities, team-assumed numbers, not real or official statistics.",true
4be0aa7c-e785-590d-bb10-ad8b68dd93df,e576b713-5457-59a7-8247-7fa6f62b69b7,false,,,,,,,,true,Y10,"KaushalSetu synthetic generator v2, seed 20260929",2026-09-28T12:00:00+05:30,"SYNTHETIC demo data (KaushalSetu SIH prototype): fictional entities, team-assumed numbers, not real or official statistics.",true
c2e1fc3d-d7c8-55ea-ac22-4026d424a291,2630cbb6-9c5e-5d43-ad19-fe70f53eb12b,true,WAGE,,2f571be3-597c-576f-8dbd-e8baff7c9dfe,16000,2025-10-15,true,true,true,Y10,"KaushalSetu synthetic generator v2, seed 20260929",2026-09-28T12:00:00+05:30,"SYNTHETIC demo data (KaushalSetu SIH prototype): fictional entities, team-assumed numbers, not real or official statistics.",true
852dbb8e-e015-5060-94aa-ae419c1c1d2e,afc6dfe0-c305-552f-b282-1501757ba5eb,false,,,,,,,,true,Y10,"KaushalSetu synthetic generator v2, seed 20260929",2026-09-28T12:00:00+05:30,"SYNTHETIC demo data (KaushalSetu SIH prototype): fictional entities, team-assumed numbers, not real or official statistics.",true
02181707-e4b9-5141-8214-178f0a3936c6,8845b63b-a1bf-5c0d-b733-b8f2e7b37b07,false,,,,,,,,true,Y10,"KaushalSetu synthetic generator v2, seed 20260929",2026-09-28T12:00:00+05:30,"SYNTHETIC demo data (KaushalSetu SIH prototype): fictional entities, team-assumed numbers, not real or official statistics.",true
e33aa720-d73a-542e-a490-9d1725ae3731,63060a49-276a-5982-ae95-e5f7dae9e3c0,true,APPRENTICESHIP,,2f571be3-597c-576f-8dbd-e8baff7c9dfe,,2025-12-06,true,true,true,Y10,"KaushalSetu synthetic generator v2, seed 20260929",2026-09-28T12:00:00+05:30,"SYNTHETIC demo data (KaushalSetu SIH prototype): fictional entities, team-assumed numbers, not real or official statistics.",true
d7951320-b0a3-5ac7-b995-73a0ffcdf911,972d52fc-a173-5ac8-8126-970fa783095d,true,SELF_EMPLOYED,,2f571be3-597c-576f-8dbd-e8baff7c9dfe,,2025-09-19,true,true,true,Y10,"KaushalSetu synthetic generator v2, seed 20260929",2026-09-28T12:00:00+05:30,"SYNTHETIC demo data (KaushalSetu SIH prototype): fictional entities, team-assumed numbers, not real or official statistics.",true
a61b8e1f-e1db-579b-be3b-55fff3a6a1e0,ec36e118-cf3e-5d03-aefb-c4bac662c7f0,false,,,,,,,,false,Y10,"KaushalSetu synthetic generator v2, seed 20260929",2026-09-28T12:00:00+05:30,"SYNTHETIC demo data (KaushalSetu SIH prototype): fictional entities, team-assumed numbers, not real or official statistics.",true
e762a462-9b1d-53f7-b005-a68e2c531f92,4ccf8826-91a7-5f8e-9c66-31a1ee450b07,false,,,,,,,,false,Y10,"KaushalSetu synthetic generator v2, seed 20260929",2026-09-28T12:00:00+05:30,"SYNTHETIC demo data (KaushalSetu SIH prototype): fictional entities, team-assumed numbers, not real or official statistics.",true
41da7aa9-c54c-59bd-832e-a61946b50197,1ac65d41-2f22-5355-8d68-eef6f3e4a4af,false,,,,,,,,false,Y10,"KaushalSetu synthetic generator v2, seed 20260929",2026-09-28T12:00:00+05:30,"SYNTHETIC demo data (KaushalSetu SIH prototype): fictional entities, team-assumed numbers, not real or official statistics.",true
6d76815d-790d-5122-bbc0-f9ebdfd9a598,00edbf8f-989f-5555-ac38-75e2fd11f69e,false,,,,,,,,false,Y10,"KaushalSetu synthetic generator v2, seed 20260929",2026-09-28T12:00:00+05:30,"SYNTHETIC demo data (KaushalSetu SIH prototype): fictional entities, team-assumed numbers, not real or official statistics.",true
493443c9-25d9-5131-a90d-a4f939375370,0358577c-3643-5afd-8033-2f6b8a0ebb44,true,SELF_EMPLOYED,,2f571be3-597c-576f-8dbd-e8baff7c9dfe,,2026-09-23,,true,false,Y10,"KaushalSetu synthetic generator v2, seed 20260929",2026-09-28T12:00:00+05:30,"SYNTHETIC demo data (KaushalSetu SIH prototype): fictional entities, team-assumed numbers, not real or official statistics.",true
d673c299-2bf1-5226-b46d-fc2a37598517,4a3a571c-d7a8-581d-a908-e97d52981a52,true,WAGE,,,15500,2026-08-15,,false,false,Y10,"KaushalSetu synthetic generator v2, seed 20260929",2026-09-28T12:00:00+05:30,"SYNTHETIC demo data (KaushalSetu SIH prototype): fictional entities, team-assumed numbers, not real or official statistics.",true
e91b5959-28ec-5136-98d1-1aa609406322,5ed1a60a-f24b-58a1-9ad5-df0d37ca7137,false,,,,,,,,false,Y10,"KaushalSetu synthetic generator v2, seed 20260929",2026-09-28T12:00:00+05:30,"SYNTHETIC demo data (KaushalSetu SIH prototype): fictional entities, team-assumed numbers, not real or official statistics.",true
5a0a062d-14f0-520b-aaba-f777d38d3daa,225f81f0-593c-5f8f-80fa-f386903f4aae,true,WAGE,,2f571be3-597c-576f-8dbd-e8baff7c9dfe,17500,2026-08-24,,true,false,Y10,"KaushalSetu synthetic generator v2, seed 20260929",2026-09-28T12:00:00+05:30,"SYNTHETIC demo data (KaushalSetu SIH prototype): fictional entities, team-assumed numbers, not real or official statistics.",true
9c83b525-d356-5ffc-850c-11302b59d823,75fbd6ec-b441-53c6-b3d7-24f40b3a4084,true,WAGE,,2f571be3-597c-576f-8dbd-e8baff7c9dfe,15500,2026-09-26,,true,false,Y10,"KaushalSetu synthetic generator v2, seed 20260929",2026-09-28T12:00:00+05:30,"SYNTHETIC demo data (KaushalSetu SIH prototype): fictional entities, team-assumed numbers, not real or official statistics.",true
45c618aa-1247-5737-815b-42c1580d087c,d197b2d3-0f90-5296-91dc-f7900d4a7f22,false,,,,,,,,false,Y10,"KaushalSetu synthetic generator v2, seed 20260929",2026-09-28T12:00:00+05:30,"SYNTHETIC demo data (KaushalSetu SIH prototype): fictional entities, team-assumed numbers, not real or official statistics.",true
28005fe9-5a9e-53e5-b84c-2d1316a34cf1,a9b9136f-fa5a-59fb-949a-6b0acac8db30,false,,,,,,,,false,Y10,"KaushalSetu synthetic generator v2, seed 20260929",2026-09-28T12:00:00+05:30,"SYNTHETIC demo data (KaushalSetu SIH prototype): fictional entities, team-assumed numbers, not real or official statistics.",true
8dae98eb-080c-540e-b8e6-445940437f4f,984760f9-7807-5088-9ce3-a8bb57c3863b,true,WAGE,,2f571be3-597c-576f-8dbd-e8baff7c9dfe,17000,2026-09-25,,true,false,Y10,"KaushalSetu synthetic generator v2, seed 20260929",2026-09-28T12:00:00+05:30,"SYNTHETIC demo data (KaushalSetu SIH prototype): fictional entities, team-assumed numbers, not real or official statistics.",true
b87df2cf-823e-58aa-ba95-119a5279cf3b,ea2ff93f-6986-5c1a-8c8e-c1fcd2d7c67a,false,,,,,,,,false,Y10,"KaushalSetu synthetic generator v2, seed 20260929",2026-09-28T12:00:00+05:30,"SYNTHETIC demo data (KaushalSetu SIH prototype): fictional entities, team-assumed numbers, not real or official statistics.",true
daf014c2-45bd-577b-8787-c20c8cca8a45,c6f8782b-cdd6-5900-98fb-49206787f903,true,WAGE,,2f571be3-597c-576f-8dbd-e8baff7c9dfe,16000,2026-09-04,,true,false,Y10,"KaushalSetu synthetic generator v2, seed 20260929",2026-09-28T12:00:00+05:30,"SYNTHETIC demo data (KaushalSetu SIH prototype): fictional entities, team-assumed numbers, not real or official statistics.",true
e17db9da-35eb-5141-bdde-407e24dd5b59,a2d18a1b-b769-51b5-a1eb-cf216c71e15a,true,WAGE,,2f571be3-597c-576f-8dbd-e8baff7c9dfe,16500,2026-09-24,,true,false,Y10,"KaushalSetu synthetic generator v2, seed 20260929",2026-09-28T12:00:00+05:30,"SYNTHETIC demo data (KaushalSetu SIH prototype): fictional entities, team-assumed numbers, not real or official statistics.",true
c12e8e3e-df88-5426-a5dc-eea1c0b7f94f,191e7fde-c047-54e4-9aa5-3e775e62d77c,true,WAGE,,2f571be3-597c-576f-8dbd-e8baff7c9dfe,16500,2026-08-06,,true,false,Y10,"KaushalSetu synthetic generator v2, seed 20260929",2026-09-28T12:00:00+05:30,"SYNTHETIC demo data (KaushalSetu SIH prototype): fictional entities, team-assumed numbers, not real or official statistics.",true
6055f888-7512-5b09-a4d5-1fe2a007892e,83c24b09-974b-5259-9098-0f47c224977e,true,APPRENTICESHIP,,2f571be3-597c-576f-8dbd-e8baff7c9dfe,,2026-09-03,,true,false,Y10,"KaushalSetu synthetic generator v2, seed 20260929",2026-09-28T12:00:00+05:30,"SYNTHETIC demo data (KaushalSetu SIH prototype): fictional entities, team-assumed numbers, not real or official statistics.",true
11c608e2-78be-5b96-be99-caee24207f2e,4340f1ee-c7c4-590c-807a-e5b8e71f67b2,false,,,,,,,,false,Y10,"KaushalSetu synthetic generator v2, seed 20260929",2026-09-28T12:00:00+05:30,"SYNTHETIC demo data (KaushalSetu SIH prototype): fictional entities, team-assumed numbers, not real or official statistics.",true
1012249b-29f1-58f6-be49-db80fa972564,a4d15ed5-4b67-5d5b-955c-5f008938f46f,false,,,,,,,,false,Y10,"KaushalSetu synthetic generator v2, seed 20260929",2026-09-28T12:00:00+05:30,"SYNTHETIC demo data (KaushalSetu SIH prototype): fictional entities, team-assumed numbers, not real or official statistics.",true
c51b6eaf-54d4-5916-8ac7-a6857f1c3f27,6d3d6e40-d102-52ae-a211-0d4fcff4b11b,true,SELF_EMPLOYED,,,,2026-08-23,,false,false,Y10,"KaushalSetu synthetic generator v2, seed 20260929",2026-09-28T12:00:00+05:30,"SYNTHETIC demo data (KaushalSetu SIH prototype): fictional entities, team-assumed numbers, not real or official statistics.",true
214190d3-b3cd-5864-adaf-6fec1c847747,6ee3d1b1-961b-58ba-b7d2-4a86186a6eed,true,WAGE,,2f571be3-597c-576f-8dbd-e8baff7c9dfe,13000,2026-08-21,,true,false,Y10,"KaushalSetu synthetic generator v2, seed 20260929",2026-09-28T12:00:00+05:30,"SYNTHETIC demo data (KaushalSetu SIH prototype): fictional entities, team-assumed numbers, not real or official statistics.",true
b357bab1-65ed-5a7a-8f17-ef059e5ef552,7f2d4ed8-724f-57eb-bcac-1193b612b947,true,APPRENTICESHIP,,2f571be3-597c-576f-8dbd-e8baff7c9dfe,,2026-08-27,,true,false,Y10,"KaushalSetu synthetic generator v2, seed 20260929",2026-09-28T12:00:00+05:30,"SYNTHETIC demo data (KaushalSetu SIH prototype): fictional entities, team-assumed numbers, not real or official statistics.",true
8849cab8-3ba2-5dc8-b913-b00e69206a51,50407257-a73e-51fe-a619-67b8166be454,true,WAGE,,,16000,2026-08-19,,false,false,Y10,"KaushalSetu synthetic generator v2, seed 20260929",2026-09-28T12:00:00+05:30,"SYNTHETIC demo data (KaushalSetu SIH prototype): fictional entities, team-assumed numbers, not real or official statistics.",true
dac462ab-4553-57d9-bb63-fd3b76a72704,d21845a5-85fb-5995-be90-b64f9915d793,false,,,,,,,,false,Y10,"KaushalSetu synthetic generator v2, seed 20260929",2026-09-28T12:00:00+05:30,"SYNTHETIC demo data (KaushalSetu SIH prototype): fictional entities, team-assumed numbers, not real or official statistics.",true
bb86da82-bca6-5db4-a40f-7c9e743f3b60,52020825-d127-57c6-82bc-9b099fdc99ca,false,,,,,,,,false,Y10,"KaushalSetu synthetic generator v2, seed 20260929",2026-09-28T12:00:00+05:30,"SYNTHETIC demo data (KaushalSetu SIH prototype): fictional entities, team-assumed numbers, not real or official statistics.",true
98eac856-a675-5e43-a14c-6d6976174c13,4185de36-0e17-5f5e-ad13-9e3e349ee065,true,WAGE,,2f571be3-597c-576f-8dbd-e8baff7c9dfe,13500,2026-09-06,,true,false,Y10,"KaushalSetu synthetic generator v2, seed 20260929",2026-09-28T12:00:00+05:30,"SYNTHETIC demo data (KaushalSetu SIH prototype): fictional entities, team-assumed numbers, not real or official statistics.",true
a4098583-67d8-552e-94d0-da8c23d0afa4,42a2e55b-84ae-5f3c-bb8d-424b96f4613a,false,,,,,,,,false,Y10,"KaushalSetu synthetic generator v2, seed 20260929",2026-09-28T12:00:00+05:30,"SYNTHETIC demo data (KaushalSetu SIH prototype): fictional entities, team-assumed numbers, not real or official statistics.",true
f11263bc-2534-5d28-86c2-bd1fadc1f224,66f77145-94ce-55b4-8628-71e277ec55c4,false,,,,,,,,false,Y10,"KaushalSetu synthetic generator v2, seed 20260929",2026-09-28T12:00:00+05:30,"SYNTHETIC demo data (KaushalSetu SIH prototype): fictional entities, team-assumed numbers, not real or official statistics.",true
ac046a12-7d6a-5c0f-9aef-b6d7bf6738a1,228ec4b8-0715-5056-8d12-df660bdc10bc,false,,,,,,,,false,Y10,"KaushalSetu synthetic generator v2, seed 20260929",2026-09-28T12:00:00+05:30,"SYNTHETIC demo data (KaushalSetu SIH prototype): fictional entities, team-assumed numbers, not real or official statistics.",true
d45d2b51-0746-5d77-84ac-0883eebfa597,06cc8db1-7ade-580e-917b-7724065873f0,true,WAGE,,2f571be3-597c-576f-8dbd-e8baff7c9dfe,12500,2026-08-09,,true,false,Y10,"KaushalSetu synthetic generator v2, seed 20260929",2026-09-28T12:00:00+05:30,"SYNTHETIC demo data (KaushalSetu SIH prototype): fictional entities, team-assumed numbers, not real or official statistics.",true
942622b2-2e92-5123-ae70-053acfa0df6c,7b2dd6dc-98b8-5ba8-8095-34a720ffb7a9,false,,,,,,,,false,Y10,"KaushalSetu synthetic generator v2, seed 20260929",2026-09-28T12:00:00+05:30,"SYNTHETIC demo data (KaushalSetu SIH prototype): fictional entities, team-assumed numbers, not real or official statistics.",true
43b86d38-a7a0-53e8-8d06-7409a30d412d,48c20160-1c15-599e-b116-c820beb51edf,false,,,,,,,,false,Y10,"KaushalSetu synthetic generator v2, seed 20260929",2026-09-28T12:00:00+05:30,"SYNTHETIC demo data (KaushalSetu SIH prototype): fictional entities, team-assumed numbers, not real or official statistics.",true
0f2ac4aa-ac5d-5079-abf5-c1b84a487a1e,b137840f-c42c-591d-bcb7-18e9301cb07b,true,WAGE,,2f571be3-597c-576f-8dbd-e8baff7c9dfe,17000,2026-08-17,,true,false,Y10,"KaushalSetu synthetic generator v2, seed 20260929",2026-09-28T12:00:00+05:30,"SYNTHETIC demo data (KaushalSetu SIH prototype): fictional entities, team-assumed numbers, not real or official statistics.",true
654765af-cec4-5e4c-b844-4d1629f1a688,8d594f1d-1d9c-538d-8c59-651ed7ed5d0f,true,SELF_EMPLOYED,,2f571be3-597c-576f-8dbd-e8baff7c9dfe,,2026-08-20,,true,false,Y10,"KaushalSetu synthetic generator v2, seed 20260929",2026-09-28T12:00:00+05:30,"SYNTHETIC demo data (KaushalSetu SIH prototype): fictional entities, team-assumed numbers, not real or official statistics.",true
ee2e6686-1422-5ce8-a096-4247f31bfdaf,60da91d1-018a-56a9-9694-70aebc3cf02e,true,SELF_EMPLOYED,,2f571be3-597c-576f-8dbd-e8baff7c9dfe,,2026-08-16,,true,false,Y10,"KaushalSetu synthetic generator v2, seed 20260929",2026-09-28T12:00:00+05:30,"SYNTHETIC demo data (KaushalSetu SIH prototype): fictional entities, team-assumed numbers, not real or official statistics.",true
01fb08ed-aba4-599c-ae42-09c781afc37b,906ddb3a-6e84-5100-8c57-9e0bdc21fb68,true,SELF_EMPLOYED,,2f571be3-597c-576f-8dbd-e8baff7c9dfe,,2026-08-15,,true,false,Y10,"KaushalSetu synthetic generator v2, seed 20260929",2026-09-28T12:00:00+05:30,"SYNTHETIC demo data (KaushalSetu SIH prototype): fictional entities, team-assumed numbers, not real or official statistics.",true
0268ac46-1be9-5b20-ab3c-4dd6a1553d6b,a4e13d74-4110-51b6-b3f9-6581f66a87e6,true,WAGE,,2f571be3-597c-576f-8dbd-e8baff7c9dfe,13500,2026-09-11,,true,false,Y10,"KaushalSetu synthetic generator v2, seed 20260929",2026-09-28T12:00:00+05:30,"SYNTHETIC demo data (KaushalSetu SIH prototype): fictional entities, team-assumed numbers, not real or official statistics.",true
47a426ae-79ac-5f32-9e10-7fcfb5789807,d817f0b3-3278-5eb0-b8d0-1e80a552a4a9,false,,,,,,,,false,Y10,"KaushalSetu synthetic generator v2, seed 20260929",2026-09-28T12:00:00+05:30,"SYNTHETIC demo data (KaushalSetu SIH prototype): fictional entities, team-assumed numbers, not real or official statistics.",true
ef98665f-39fd-5a05-a055-cf039dd872fb,d521c906-3ccc-545f-a565-af3ff0bf421b,false,,,,,,,,false,Y10,"KaushalSetu synthetic generator v2, seed 20260929",2026-09-28T12:00:00+05:30,"SYNTHETIC demo data (KaushalSetu SIH prototype): fictional entities, team-assumed numbers, not real or official statistics.",true
ad3ac8d3-a2fb-5f88-b945-83881fde7204,39aefd95-3e72-5625-8907-03bcb57a9d64,false,,,,,,,,false,Y10,"KaushalSetu synthetic generator v2, seed 20260929",2026-09-28T12:00:00+05:30,"SYNTHETIC demo data (KaushalSetu SIH prototype): fictional entities, team-assumed numbers, not real or official statistics.",true
ca7fc454-67b5-5e89-be6f-56cf11697a4a,fd62ff47-8bd4-5e76-932e-14f692b4a0d4,true,WAGE,,2f571be3-597c-576f-8dbd-e8baff7c9dfe,14000,2026-09-26,,true,false,Y10,"KaushalSetu synthetic generator v2, seed 20260929",2026-09-28T12:00:00+05:30,"SYNTHETIC demo data (KaushalSetu SIH prototype): fictional entities, team-assumed numbers, not real or official statistics.",true
1f7783a5-3ef0-5812-af38-54700a71995b,e9a19f41-544f-54cb-9efe-bc123cac0c3b,false,,,,,,,,false,Y10,"KaushalSetu synthetic generator v2, seed 20260929",2026-09-28T12:00:00+05:30,"SYNTHETIC demo data (KaushalSetu SIH prototype): fictional entities, team-assumed numbers, not real or official statistics.",true
61315bdf-552e-5da2-9289-fca2af5120a5,5495a038-c760-54d1-898c-d5e4e2388b02,true,SELF_EMPLOYED,,2f571be3-597c-576f-8dbd-e8baff7c9dfe,,2026-09-27,,true,false,Y10,"KaushalSetu synthetic generator v2, seed 20260929",2026-09-28T12:00:00+05:30,"SYNTHETIC demo data (KaushalSetu SIH prototype): fictional entities, team-assumed numbers, not real or official statistics.",true
0640c9cb-a805-5d80-87f9-fb81f049e857,41cbdb2e-5264-544c-b5f2-a643dd4c5812,false,,,,,,,,false,Y10,"KaushalSetu synthetic generator v2, seed 20260929",2026-09-28T12:00:00+05:30,"SYNTHETIC demo data (KaushalSetu SIH prototype): fictional entities, team-assumed numbers, not real or official statistics.",true
9f1ca353-606d-5033-b22f-c056a4971491,b547d8e1-33b1-5be3-993f-e27c4ac1ec55,false,,,,,,,,false,Y10,"KaushalSetu synthetic generator v2, seed 20260929",2026-09-28T12:00:00+05:30,"SYNTHETIC demo data (KaushalSetu SIH prototype): fictional entities, team-assumed numbers, not real or official statistics.",true
9745d4c6-fbaa-56cf-911f-ab802fc3dbfc,6237aeea-db37-5400-8b3b-3e6191019a50,true,SELF_EMPLOYED,,2f571be3-597c-576f-8dbd-e8baff7c9dfe,,2026-08-15,,true,false,Y10,"KaushalSetu synthetic generator v2, seed 20260929",2026-09-28T12:00:00+05:30,"SYNTHETIC demo data (KaushalSetu SIH prototype): fictional entities, team-assumed numbers, not real or official statistics.",true
69740203-10e3-59e9-bd42-4208229f496e,c9a717d9-2f68-54fb-93e7-9d72e58e96af,true,WAGE,,,15500,2026-08-21,,false,false,Y10,"KaushalSetu synthetic generator v2, seed 20260929",2026-09-28T12:00:00+05:30,"SYNTHETIC demo data (KaushalSetu SIH prototype): fictional entities, team-assumed numbers, not real or official statistics.",true
9f7f63e2-58e3-546f-863e-f0122fb4f5c3,59eef617-c629-56c8-a543-ff8687edf669,true,WAGE,,45a4b4a2-7e42-55f6-933d-be42ed3a5b81,21500,2025-06-07,true,true,true,Y10,"KaushalSetu synthetic generator v2, seed 20260929",2026-09-28T12:00:00+05:30,"SYNTHETIC demo data (KaushalSetu SIH prototype): fictional entities, team-assumed numbers, not real or official statistics.",true
6b39a1e5-c7cf-5262-9376-f2601f14ac50,08ea02ab-3c1b-54b8-ada5-0037ce8c6545,true,WAGE,,45a4b4a2-7e42-55f6-933d-be42ed3a5b81,23500,2025-09-19,true,true,true,Y10,"KaushalSetu synthetic generator v2, seed 20260929",2026-09-28T12:00:00+05:30,"SYNTHETIC demo data (KaushalSetu SIH prototype): fictional entities, team-assumed numbers, not real or official statistics.",true
451e30a7-0c73-520f-93ee-3832f35527f8,24e8e77e-f85d-5bd7-b7b7-f1eae6d7e002,true,WAGE,,45a4b4a2-7e42-55f6-933d-be42ed3a5b81,21500,2025-08-16,true,true,true,Y10,"KaushalSetu synthetic generator v2, seed 20260929",2026-09-28T12:00:00+05:30,"SYNTHETIC demo data (KaushalSetu SIH prototype): fictional entities, team-assumed numbers, not real or official statistics.",true
c6d87906-6090-5ca9-b931-a4d841cbe05c,ca8c40a0-06ae-5cbd-8c44-0151f3460c84,true,WAGE,,45a4b4a2-7e42-55f6-933d-be42ed3a5b81,23000,2025-06-01,true,true,true,Y10,"KaushalSetu synthetic generator v2, seed 20260929",2026-09-28T12:00:00+05:30,"SYNTHETIC demo data (KaushalSetu SIH prototype): fictional entities, team-assumed numbers, not real or official statistics.",true
81fdad61-7cb0-56dc-a1a2-f1fd4ba0624e,8ad531ea-aac2-50d3-a814-a600cd1cab62,true,WAGE,,45a4b4a2-7e42-55f6-933d-be42ed3a5b81,17000,2025-08-15,true,true,true,Y10,"KaushalSetu synthetic generator v2, seed 20260929",2026-09-28T12:00:00+05:30,"SYNTHETIC demo data (KaushalSetu SIH prototype): fictional entities, team-assumed numbers, not real or official statistics.",true
f56fd28d-7e04-50e9-a89f-a21f330dba93,fd866681-cb6e-51ff-a397-a242167a026b,true,WAGE,,45a4b4a2-7e42-55f6-933d-be42ed3a5b81,24000,2025-02-27,true,true,true,Y10,"KaushalSetu synthetic generator v2, seed 20260929",2026-09-28T12:00:00+05:30,"SYNTHETIC demo data (KaushalSetu SIH prototype): fictional entities, team-assumed numbers, not real or official statistics.",true
3801581a-811b-5488-8510-0e960fe39e34,a02e7db4-d110-5752-9cc0-a13a2113edd9,false,,,,,,,,true,Y10,"KaushalSetu synthetic generator v2, seed 20260929",2026-09-28T12:00:00+05:30,"SYNTHETIC demo data (KaushalSetu SIH prototype): fictional entities, team-assumed numbers, not real or official statistics.",true
7b3b0294-c0a0-55d6-a6e5-f17e07c97728,4f5798f6-5837-5c9d-be86-7ef2e4129af5,false,,,,,,,,true,Y10,"KaushalSetu synthetic generator v2, seed 20260929",2026-09-28T12:00:00+05:30,"SYNTHETIC demo data (KaushalSetu SIH prototype): fictional entities, team-assumed numbers, not real or official statistics.",true
af076174-9295-5eae-997d-7803b335d461,789c5ce5-0ca6-507d-8f63-2fcbf16ffa2b,false,,,,,,,,true,Y10,"KaushalSetu synthetic generator v2, seed 20260929",2026-09-28T12:00:00+05:30,"SYNTHETIC demo data (KaushalSetu SIH prototype): fictional entities, team-assumed numbers, not real or official statistics.",true
f08e33b4-482c-5836-87d8-30e6d134f161,fd20611d-cb4e-5298-be72-2c6e55010789,true,WAGE,,,26500,2025-04-28,true,false,true,Y10,"KaushalSetu synthetic generator v2, seed 20260929",2026-09-28T12:00:00+05:30,"SYNTHETIC demo data (KaushalSetu SIH prototype): fictional entities, team-assumed numbers, not real or official statistics.",true
af48815d-db90-5373-a156-982dffe0a6ff,c6861797-4a36-5255-b37a-f2679ce96372,true,WAGE,,45a4b4a2-7e42-55f6-933d-be42ed3a5b81,24000,2025-09-01,true,true,true,Y10,"KaushalSetu synthetic generator v2, seed 20260929",2026-09-28T12:00:00+05:30,"SYNTHETIC demo data (KaushalSetu SIH prototype): fictional entities, team-assumed numbers, not real or official statistics.",true
ee22f2d0-78ac-5869-ac71-cae09fb020c2,e1dde8b4-e9b1-584f-946b-c9fcdd50c35c,true,WAGE,,45a4b4a2-7e42-55f6-933d-be42ed3a5b81,19500,2025-04-30,true,true,true,Y10,"KaushalSetu synthetic generator v2, seed 20260929",2026-09-28T12:00:00+05:30,"SYNTHETIC demo data (KaushalSetu SIH prototype): fictional entities, team-assumed numbers, not real or official statistics.",true
00a14453-acf4-56b5-b117-f9fd7a9717ce,359db167-1ce1-55a0-bc3b-afdb5f141755,true,APPRENTICESHIP,3279c38b-cd9b-5a66-b557-a1694588e03b,45a4b4a2-7e42-55f6-933d-be42ed3a5b81,,2025-08-20,true,true,true,Y10,"KaushalSetu synthetic generator v2, seed 20260929",2026-09-28T12:00:00+05:30,"SYNTHETIC demo data (KaushalSetu SIH prototype): fictional entities, team-assumed numbers, not real or official statistics.",true
479ca628-515b-51c8-b02a-2ec455fb08c4,c43d39be-868c-5031-a9d8-0c8f45051fe8,false,,,,,,,,true,Y10,"KaushalSetu synthetic generator v2, seed 20260929",2026-09-28T12:00:00+05:30,"SYNTHETIC demo data (KaushalSetu SIH prototype): fictional entities, team-assumed numbers, not real or official statistics.",true
bf03ebef-181e-5840-bff5-53cac0cabd11,dbbc9b24-540d-55ca-8bb2-d4a305acb042,true,WAGE,,45a4b4a2-7e42-55f6-933d-be42ed3a5b81,20500,2025-08-20,true,true,true,Y10,"KaushalSetu synthetic generator v2, seed 20260929",2026-09-28T12:00:00+05:30,"SYNTHETIC demo data (KaushalSetu SIH prototype): fictional entities, team-assumed numbers, not real or official statistics.",true
b45836a7-9183-5d4f-94c8-d0d6a78109d6,e1bbeadd-685f-52b2-ae18-d6319fb31fc0,false,,,,,,,,true,Y10,"KaushalSetu synthetic generator v2, seed 20260929",2026-09-28T12:00:00+05:30,"SYNTHETIC demo data (KaushalSetu SIH prototype): fictional entities, team-assumed numbers, not real or official statistics.",true
4fa3cecb-62be-5c0c-a9f6-d6c9e3a4d1f5,6b77c965-b00f-5dee-b029-76f7ab69d56f,true,WAGE,,45a4b4a2-7e42-55f6-933d-be42ed3a5b81,18000,2025-01-24,true,true,true,Y10,"KaushalSetu synthetic generator v2, seed 20260929",2026-09-28T12:00:00+05:30,"SYNTHETIC demo data (KaushalSetu SIH prototype): fictional entities, team-assumed numbers, not real or official statistics.",true
61cda1a5-d98c-57fc-83aa-a860a2fa506f,a9be476a-a237-51fc-a604-ff05edb62989,true,WAGE,,45a4b4a2-7e42-55f6-933d-be42ed3a5b81,25000,2025-01-18,true,true,true,Y10,"KaushalSetu synthetic generator v2, seed 20260929",2026-09-28T12:00:00+05:30,"SYNTHETIC demo data (KaushalSetu SIH prototype): fictional entities, team-assumed numbers, not real or official statistics.",true
523bf777-e6cb-594d-be4c-d86cad414ab9,360a67ea-712c-53f3-b6cb-2a3f3aa80095,false,,,,,,,,true,Y10,"KaushalSetu synthetic generator v2, seed 20260929",2026-09-28T12:00:00+05:30,"SYNTHETIC demo data (KaushalSetu SIH prototype): fictional entities, team-assumed numbers, not real or official statistics.",true
cee88cde-c970-533f-9546-b2c0c3090828,fe3ea0fa-822a-5394-b3a8-94d2c168f5e2,true,WAGE,,45a4b4a2-7e42-55f6-933d-be42ed3a5b81,23000,2025-06-20,false,true,true,Y10,"KaushalSetu synthetic generator v2, seed 20260929",2026-09-28T12:00:00+05:30,"SYNTHETIC demo data (KaushalSetu SIH prototype): fictional entities, team-assumed numbers, not real or official statistics.",true
6851f608-a98f-548b-b024-1c03ff69c76d,61d69c58-a296-5bc1-815a-0407806b152a,true,WAGE,,45a4b4a2-7e42-55f6-933d-be42ed3a5b81,25000,2025-08-20,true,true,true,Y10,"KaushalSetu synthetic generator v2, seed 20260929",2026-09-28T12:00:00+05:30,"SYNTHETIC demo data (KaushalSetu SIH prototype): fictional entities, team-assumed numbers, not real or official statistics.",true
e7baf2f8-1c48-567a-ba87-be8c2685bfb4,ef55848f-bf12-5e4a-8a43-1f7156f01672,true,APPRENTICESHIP,,45a4b4a2-7e42-55f6-933d-be42ed3a5b81,,2025-05-24,true,true,true,Y10,"KaushalSetu synthetic generator v2, seed 20260929",2026-09-28T12:00:00+05:30,"SYNTHETIC demo data (KaushalSetu SIH prototype): fictional entities, team-assumed numbers, not real or official statistics.",true
181ca24a-e8d5-50bd-997e-4cc3a47d16c8,b0a210e9-8116-5aad-b4bf-4011efd1455d,true,APPRENTICESHIP,,,,2025-07-17,true,false,true,Y10,"KaushalSetu synthetic generator v2, seed 20260929",2026-09-28T12:00:00+05:30,"SYNTHETIC demo data (KaushalSetu SIH prototype): fictional entities, team-assumed numbers, not real or official statistics.",true
33047033-0931-5c67-b154-b44909ede7db,6f620e98-d065-525d-8c56-bf775e25a422,true,WAGE,,,21000,2025-07-10,true,false,true,Y10,"KaushalSetu synthetic generator v2, seed 20260929",2026-09-28T12:00:00+05:30,"SYNTHETIC demo data (KaushalSetu SIH prototype): fictional entities, team-assumed numbers, not real or official statistics.",true
1f0bb642-cfc3-5e10-a7d7-63672d82aaff,1394727d-fd7f-5c44-ae2e-1b6e29700a1c,true,WAGE,3279c38b-cd9b-5a66-b557-a1694588e03b,45a4b4a2-7e42-55f6-933d-be42ed3a5b81,17500,2025-02-08,true,true,true,Y10,"KaushalSetu synthetic generator v2, seed 20260929",2026-09-28T12:00:00+05:30,"SYNTHETIC demo data (KaushalSetu SIH prototype): fictional entities, team-assumed numbers, not real or official statistics.",true
60459cd5-f184-57dc-8be8-d8cd7eb7d046,a39674fb-8756-5558-8d77-0ea84a42eb0f,true,WAGE,,45a4b4a2-7e42-55f6-933d-be42ed3a5b81,19500,2025-07-29,false,true,true,Y10,"KaushalSetu synthetic generator v2, seed 20260929",2026-09-28T12:00:00+05:30,"SYNTHETIC demo data (KaushalSetu SIH prototype): fictional entities, team-assumed numbers, not real or official statistics.",true
cc8bde79-a904-5dbd-9706-9a1ead92c539,d208f006-435f-50ca-a068-7fa49ccceea8,true,WAGE,3279c38b-cd9b-5a66-b557-a1694588e03b,45a4b4a2-7e42-55f6-933d-be42ed3a5b81,25000,2025-01-11,true,true,true,Y10,"KaushalSetu synthetic generator v2, seed 20260929",2026-09-28T12:00:00+05:30,"SYNTHETIC demo data (KaushalSetu SIH prototype): fictional entities, team-assumed numbers, not real or official statistics.",true
6872ca75-54af-578a-a486-d6cfb3488b29,59f8c0d4-b575-53aa-b236-c50d4604b968,true,WAGE,,,16500,2025-07-16,true,false,true,Y10,"KaushalSetu synthetic generator v2, seed 20260929",2026-09-28T12:00:00+05:30,"SYNTHETIC demo data (KaushalSetu SIH prototype): fictional entities, team-assumed numbers, not real or official statistics.",true
c50368e7-22b9-57c7-b95c-d4bfeba028da,b2edc2f2-3a27-50ea-b8d7-a5facb1473b0,true,WAGE,,45a4b4a2-7e42-55f6-933d-be42ed3a5b81,17500,2025-08-06,false,true,true,Y10,"KaushalSetu synthetic generator v2, seed 20260929",2026-09-28T12:00:00+05:30,"SYNTHETIC demo data (KaushalSetu SIH prototype): fictional entities, team-assumed numbers, not real or official statistics.",true
92c8c67e-9901-5354-84bf-a954968ea007,1052aff1-7f70-5c61-8dbe-97122243ab2b,true,WAGE,,45a4b4a2-7e42-55f6-933d-be42ed3a5b81,19000,2025-08-31,true,true,true,Y10,"KaushalSetu synthetic generator v2, seed 20260929",2026-09-28T12:00:00+05:30,"SYNTHETIC demo data (KaushalSetu SIH prototype): fictional entities, team-assumed numbers, not real or official statistics.",true
d693c512-3668-5ef5-9c8b-2a9f7b206a3b,28aec505-e267-5a3f-ae38-b4c696a81f29,true,WAGE,,45a4b4a2-7e42-55f6-933d-be42ed3a5b81,25500,2025-08-16,true,true,true,Y10,"KaushalSetu synthetic generator v2, seed 20260929",2026-09-28T12:00:00+05:30,"SYNTHETIC demo data (KaushalSetu SIH prototype): fictional entities, team-assumed numbers, not real or official statistics.",true
00080dd6-ba48-51f7-9f06-c64a6c202077,57275c18-1625-5c83-a627-6f50585329c6,true,APPRENTICESHIP,,45a4b4a2-7e42-55f6-933d-be42ed3a5b81,,2025-05-10,true,true,true,Y10,"KaushalSetu synthetic generator v2, seed 20260929",2026-09-28T12:00:00+05:30,"SYNTHETIC demo data (KaushalSetu SIH prototype): fictional entities, team-assumed numbers, not real or official statistics.",true
96238c7e-4ec3-5848-aa02-fd0b4766d7a9,68717128-19ed-57e8-bfee-ef3435d17e49,true,WAGE,,45a4b4a2-7e42-55f6-933d-be42ed3a5b81,18500,2025-07-28,false,true,true,Y10,"KaushalSetu synthetic generator v2, seed 20260929",2026-09-28T12:00:00+05:30,"SYNTHETIC demo data (KaushalSetu SIH prototype): fictional entities, team-assumed numbers, not real or official statistics.",true
3de4e9e4-35ef-599d-8404-3bdcbc3346fe,bf1f5506-3969-56e5-a9d8-3cb05f9493a8,true,WAGE,3279c38b-cd9b-5a66-b557-a1694588e03b,45a4b4a2-7e42-55f6-933d-be42ed3a5b81,17500,2025-06-20,true,true,true,Y10,"KaushalSetu synthetic generator v2, seed 20260929",2026-09-28T12:00:00+05:30,"SYNTHETIC demo data (KaushalSetu SIH prototype): fictional entities, team-assumed numbers, not real or official statistics.",true
0ee66252-dfaf-5b76-828e-bd24b0f25140,4ae2eb4e-f37f-5cc3-a4d3-919561f509dd,true,WAGE,,45a4b4a2-7e42-55f6-933d-be42ed3a5b81,25000,2025-08-30,true,true,true,Y10,"KaushalSetu synthetic generator v2, seed 20260929",2026-09-28T12:00:00+05:30,"SYNTHETIC demo data (KaushalSetu SIH prototype): fictional entities, team-assumed numbers, not real or official statistics.",true
8217c4ef-8ec2-58be-87b4-5497e15158be,46ebedcf-56ed-5860-b8ae-c599390cefd5,true,WAGE,,45a4b4a2-7e42-55f6-933d-be42ed3a5b81,19500,2026-06-17,,true,true,Y10,"KaushalSetu synthetic generator v2, seed 20260929",2026-09-28T12:00:00+05:30,"SYNTHETIC demo data (KaushalSetu SIH prototype): fictional entities, team-assumed numbers, not real or official statistics.",true
33b17c19-0d1c-560a-bcb9-44e61c2520a3,869c7156-11cb-566a-9d66-56085de1a846,true,WAGE,3279c38b-cd9b-5a66-b557-a1694588e03b,45a4b4a2-7e42-55f6-933d-be42ed3a5b81,18000,2026-04-19,,true,true,Y10,"KaushalSetu synthetic generator v2, seed 20260929",2026-09-28T12:00:00+05:30,"SYNTHETIC demo data (KaushalSetu SIH prototype): fictional entities, team-assumed numbers, not real or official statistics.",true
d85d5cc0-3fe6-5b8c-bf81-6715f16ebb75,0fe3de55-2305-55d4-a66e-bd5d8fe6b489,false,,,,,,,,true,Y10,"KaushalSetu synthetic generator v2, seed 20260929",2026-09-28T12:00:00+05:30,"SYNTHETIC demo data (KaushalSetu SIH prototype): fictional entities, team-assumed numbers, not real or official statistics.",true
5868640f-4f5a-5cd0-b829-6d42e5d03f8e,0627bbe1-5c6a-596a-8c98-ca6e63508a3d,true,APPRENTICESHIP,3279c38b-cd9b-5a66-b557-a1694588e03b,45a4b4a2-7e42-55f6-933d-be42ed3a5b81,,2026-06-29,,true,false,Y10,"KaushalSetu synthetic generator v2, seed 20260929",2026-09-28T12:00:00+05:30,"SYNTHETIC demo data (KaushalSetu SIH prototype): fictional entities, team-assumed numbers, not real or official statistics.",true
022ee5f5-ac1a-5b58-abce-bd3c0a097fac,ea33bb68-c4a6-50a3-b555-e003524fdf59,true,WAGE,3279c38b-cd9b-5a66-b557-a1694588e03b,45a4b4a2-7e42-55f6-933d-be42ed3a5b81,19000,2026-01-02,false,true,true,Y10,"KaushalSetu synthetic generator v2, seed 20260929",2026-09-28T12:00:00+05:30,"SYNTHETIC demo data (KaushalSetu SIH prototype): fictional entities, team-assumed numbers, not real or official statistics.",true
f5449948-60d5-598c-acb2-ad1682de0630,671fc65a-9d6d-5e19-84af-3ce345d76cd4,true,WAGE,,,20500,2026-08-18,,false,true,Y10,"KaushalSetu synthetic generator v2, seed 20260929",2026-09-28T12:00:00+05:30,"SYNTHETIC demo data (KaushalSetu SIH prototype): fictional entities, team-assumed numbers, not real or official statistics.",true
f1149b05-d34d-59e0-ae18-d536dc3ff4e9,fafecad0-053c-5f69-9cab-acb91ea1fc77,false,,,,,,,,true,Y10,"KaushalSetu synthetic generator v2, seed 20260929",2026-09-28T12:00:00+05:30,"SYNTHETIC demo data (KaushalSetu SIH prototype): fictional entities, team-assumed numbers, not real or official statistics.",true
2e267da3-3852-5cc3-8028-d31131cd8470,a844e7e7-358a-50ae-9022-ecc1487fc95c,false,,,,,,,,false,Y10,"KaushalSetu synthetic generator v2, seed 20260929",2026-09-28T12:00:00+05:30,"SYNTHETIC demo data (KaushalSetu SIH prototype): fictional entities, team-assumed numbers, not real or official statistics.",true
9e2a5473-140a-5be7-90c2-c0540a7e76c1,25c14136-a713-5765-a078-e1a0d829a5a2,true,WAGE,,,25000,2026-07-16,,false,false,Y10,"KaushalSetu synthetic generator v2, seed 20260929",2026-09-28T12:00:00+05:30,"SYNTHETIC demo data (KaushalSetu SIH prototype): fictional entities, team-assumed numbers, not real or official statistics.",true
25cd2135-be9c-586f-9080-a1714e9741db,4d200928-8930-5a4d-82a4-c186197e4763,true,WAGE,,,23500,2026-09-04,,false,false,Y10,"KaushalSetu synthetic generator v2, seed 20260929",2026-09-28T12:00:00+05:30,"SYNTHETIC demo data (KaushalSetu SIH prototype): fictional entities, team-assumed numbers, not real or official statistics.",true
a0985ac9-8b52-5fd9-af1a-519ade198123,5420c2d6-fe77-55e5-8f60-c408bc95798d,true,WAGE,3279c38b-cd9b-5a66-b557-a1694588e03b,45a4b4a2-7e42-55f6-933d-be42ed3a5b81,18500,2026-07-06,,true,true,Y10,"KaushalSetu synthetic generator v2, seed 20260929",2026-09-28T12:00:00+05:30,"SYNTHETIC demo data (KaushalSetu SIH prototype): fictional entities, team-assumed numbers, not real or official statistics.",true
a69126c8-ffcd-5be5-becd-dfce79618d31,c1aa0c0a-5fd3-5c83-9c8a-c4dd0c94373c,true,WAGE,3279c38b-cd9b-5a66-b557-a1694588e03b,45a4b4a2-7e42-55f6-933d-be42ed3a5b81,17500,2026-05-13,,true,true,Y10,"KaushalSetu synthetic generator v2, seed 20260929",2026-09-28T12:00:00+05:30,"SYNTHETIC demo data (KaushalSetu SIH prototype): fictional entities, team-assumed numbers, not real or official statistics.",true
1f808721-9b70-5621-a666-e60331bc3733,28271505-0032-5a5c-ab36-ec45f94d280f,true,WAGE,,,25500,2026-06-21,,false,true,Y10,"KaushalSetu synthetic generator v2, seed 20260929",2026-09-28T12:00:00+05:30,"SYNTHETIC demo data (KaushalSetu SIH prototype): fictional entities, team-assumed numbers, not real or official statistics.",true
9b449fef-7421-5a22-bc03-b3a1dfe49828,149fa7d6-5d25-5986-9bd4-e2cf265c0a7b,true,WAGE,3279c38b-cd9b-5a66-b557-a1694588e03b,45a4b4a2-7e42-55f6-933d-be42ed3a5b81,26000,2026-01-08,true,true,true,Y10,"KaushalSetu synthetic generator v2, seed 20260929",2026-09-28T12:00:00+05:30,"SYNTHETIC demo data (KaushalSetu SIH prototype): fictional entities, team-assumed numbers, not real or official statistics.",true
66e467bc-c1b8-5bb3-8987-668ce252605b,5b01bf27-997d-5320-a8e1-f7e515a0bb1d,true,WAGE,3279c38b-cd9b-5a66-b557-a1694588e03b,45a4b4a2-7e42-55f6-933d-be42ed3a5b81,26000,2026-04-07,,true,true,Y10,"KaushalSetu synthetic generator v2, seed 20260929",2026-09-28T12:00:00+05:30,"SYNTHETIC demo data (KaushalSetu SIH prototype): fictional entities, team-assumed numbers, not real or official statistics.",true
f6b1119a-e25f-52a1-a201-c7b7df921f41,d2f3bbe7-3d9c-5873-a4b1-c828d4ed12c0,true,WAGE,3279c38b-cd9b-5a66-b557-a1694588e03b,45a4b4a2-7e42-55f6-933d-be42ed3a5b81,19500,2025-12-06,true,true,true,Y10,"KaushalSetu synthetic generator v2, seed 20260929",2026-09-28T12:00:00+05:30,"SYNTHETIC demo data (KaushalSetu SIH prototype): fictional entities, team-assumed numbers, not real or official statistics.",true
e11dae12-814e-5433-b4b8-d44d4af5cc17,e1f815ad-e860-5842-89f7-b536e2a11b65,true,WAGE,,45a4b4a2-7e42-55f6-933d-be42ed3a5b81,23500,2026-09-23,,true,false,Y10,"KaushalSetu synthetic generator v2, seed 20260929",2026-09-28T12:00:00+05:30,"SYNTHETIC demo data (KaushalSetu SIH prototype): fictional entities, team-assumed numbers, not real or official statistics.",true
0d37ba25-a9e9-5fa4-a970-d4cbb0a7c65c,6f0f9281-16c5-5316-953f-cbea25c50862,true,WAGE,,45a4b4a2-7e42-55f6-933d-be42ed3a5b81,19500,2026-05-08,,true,true,Y10,"KaushalSetu synthetic generator v2, seed 20260929",2026-09-28T12:00:00+05:30,"SYNTHETIC demo data (KaushalSetu SIH prototype): fictional entities, team-assumed numbers, not real or official statistics.",true
b85a1dbc-97a1-5c7e-8347-6e287b164c8d,df09181f-cdf3-5519-84e0-7541a2daab49,true,WAGE,,45a4b4a2-7e42-55f6-933d-be42ed3a5b81,22500,2026-07-09,,true,true,Y10,"KaushalSetu synthetic generator v2, seed 20260929",2026-09-28T12:00:00+05:30,"SYNTHETIC demo data (KaushalSetu SIH prototype): fictional entities, team-assumed numbers, not real or official statistics.",true
71b200d8-99ca-5e3a-9012-20bfda3f8822,41598cc2-00c3-5e0a-87d6-ca1588400631,false,,,,,,,,false,Y10,"KaushalSetu synthetic generator v2, seed 20260929",2026-09-28T12:00:00+05:30,"SYNTHETIC demo data (KaushalSetu SIH prototype): fictional entities, team-assumed numbers, not real or official statistics.",true
b2c6b72a-4151-54ac-81a6-17cea118e6b7,689a65af-59a4-51e0-9a21-7d2b2f2687df,true,WAGE,,45a4b4a2-7e42-55f6-933d-be42ed3a5b81,23500,2026-01-22,true,true,true,Y10,"KaushalSetu synthetic generator v2, seed 20260929",2026-09-28T12:00:00+05:30,"SYNTHETIC demo data (KaushalSetu SIH prototype): fictional entities, team-assumed numbers, not real or official statistics.",true
ab5b6ee4-0855-5255-99f5-070dec9a99bf,274208e1-290d-53c6-94d4-14b98f42b73f,true,WAGE,,45a4b4a2-7e42-55f6-933d-be42ed3a5b81,20000,2026-03-20,true,true,true,Y10,"KaushalSetu synthetic generator v2, seed 20260929",2026-09-28T12:00:00+05:30,"SYNTHETIC demo data (KaushalSetu SIH prototype): fictional entities, team-assumed numbers, not real or official statistics.",true
3fea50e8-e251-56a1-8833-a2f832a9cb89,43239a79-4d18-5650-9292-2734a82a9317,true,WAGE,,45a4b4a2-7e42-55f6-933d-be42ed3a5b81,20500,2026-03-31,,true,true,Y10,"KaushalSetu synthetic generator v2, seed 20260929",2026-09-28T12:00:00+05:30,"SYNTHETIC demo data (KaushalSetu SIH prototype): fictional entities, team-assumed numbers, not real or official statistics.",true
5381ae4b-1b56-5a4e-be07-ab0d0b0cc9f8,e1833bdc-7aac-5cd4-802a-627bcbe3fb36,true,WAGE,,45a4b4a2-7e42-55f6-933d-be42ed3a5b81,24000,2026-03-26,true,true,true,Y10,"KaushalSetu synthetic generator v2, seed 20260929",2026-09-28T12:00:00+05:30,"SYNTHETIC demo data (KaushalSetu SIH prototype): fictional entities, team-assumed numbers, not real or official statistics.",true
5647c671-cce9-5748-ab82-f8c6758f5264,955f28fc-e4bb-5fa4-932a-aa773e8cf409,true,APPRENTICESHIP,,45a4b4a2-7e42-55f6-933d-be42ed3a5b81,,2026-01-04,true,true,true,Y10,"KaushalSetu synthetic generator v2, seed 20260929",2026-09-28T12:00:00+05:30,"SYNTHETIC demo data (KaushalSetu SIH prototype): fictional entities, team-assumed numbers, not real or official statistics.",true
1a8b326e-7b0b-56fb-9fc0-1a1cf6744a75,b56572cc-87dd-5bf2-bcc4-3f71ab1a462b,true,WAGE,,45a4b4a2-7e42-55f6-933d-be42ed3a5b81,23500,2026-07-23,,true,false,Y10,"KaushalSetu synthetic generator v2, seed 20260929",2026-09-28T12:00:00+05:30,"SYNTHETIC demo data (KaushalSetu SIH prototype): fictional entities, team-assumed numbers, not real or official statistics.",true
82d8744c-37a5-53d7-a815-3ae6c03ef87b,ebaf40d5-73e8-560f-a0a5-14c5cf1e37b0,true,APPRENTICESHIP,,45a4b4a2-7e42-55f6-933d-be42ed3a5b81,,2026-03-27,true,true,true,Y10,"KaushalSetu synthetic generator v2, seed 20260929",2026-09-28T12:00:00+05:30,"SYNTHETIC demo data (KaushalSetu SIH prototype): fictional entities, team-assumed numbers, not real or official statistics.",true
e35e2a27-251a-5ad9-a785-da00af28bdb5,421a2abd-34a4-5e56-8ac2-9a8dc4c951b6,true,WAGE,3279c38b-cd9b-5a66-b557-a1694588e03b,45a4b4a2-7e42-55f6-933d-be42ed3a5b81,22500,2026-07-23,,true,false,Y10,"KaushalSetu synthetic generator v2, seed 20260929",2026-09-28T12:00:00+05:30,"SYNTHETIC demo data (KaushalSetu SIH prototype): fictional entities, team-assumed numbers, not real or official statistics.",true
07a629c1-588f-52e1-bd0f-194d0958560b,08434b29-6b78-55cb-a449-6a9b9285372b,true,WAGE,,45a4b4a2-7e42-55f6-933d-be42ed3a5b81,22500,2026-05-18,,true,true,Y10,"KaushalSetu synthetic generator v2, seed 20260929",2026-09-28T12:00:00+05:30,"SYNTHETIC demo data (KaushalSetu SIH prototype): fictional entities, team-assumed numbers, not real or official statistics.",true
81298e68-df59-5314-81c1-c1539744a53a,cd6e022c-22ec-53b7-b34d-415f2c0162c1,false,,,,,,,,true,Y10,"KaushalSetu synthetic generator v2, seed 20260929",2026-09-28T12:00:00+05:30,"SYNTHETIC demo data (KaushalSetu SIH prototype): fictional entities, team-assumed numbers, not real or official statistics.",true
5aa9ba01-a294-573a-b379-856440bb6ddd,ea414de9-f8f4-5267-89ab-1b902ad64661,true,WAGE,3279c38b-cd9b-5a66-b557-a1694588e03b,45a4b4a2-7e42-55f6-933d-be42ed3a5b81,19000,2026-03-23,true,true,true,Y10,"KaushalSetu synthetic generator v2, seed 20260929",2026-09-28T12:00:00+05:30,"SYNTHETIC demo data (KaushalSetu SIH prototype): fictional entities, team-assumed numbers, not real or official statistics.",true
7a5d504f-7a2e-5da9-b382-f4eb168a18a5,490d5a17-31f6-51cd-bc03-aac1c4f01e85,true,APPRENTICESHIP,,,,2026-04-08,,false,true,Y10,"KaushalSetu synthetic generator v2, seed 20260929",2026-09-28T12:00:00+05:30,"SYNTHETIC demo data (KaushalSetu SIH prototype): fictional entities, team-assumed numbers, not real or official statistics.",true
3a0afac4-afd5-56df-9c32-320246fdcc8e,f0ab072f-3d90-597a-986d-c5b4ea6f28a6,true,WAGE,3279c38b-cd9b-5a66-b557-a1694588e03b,45a4b4a2-7e42-55f6-933d-be42ed3a5b81,20500,2026-08-17,,true,false,Y10,"KaushalSetu synthetic generator v2, seed 20260929",2026-09-28T12:00:00+05:30,"SYNTHETIC demo data (KaushalSetu SIH prototype): fictional entities, team-assumed numbers, not real or official statistics.",true
fb059f0e-63fc-5e68-a11b-4a09fde63095,b2b6ea59-6424-5c1e-abc4-8f2cb0eba75f,true,WAGE,,45a4b4a2-7e42-55f6-933d-be42ed3a5b81,22500,2026-07-22,,true,false,Y10,"KaushalSetu synthetic generator v2, seed 20260929",2026-09-28T12:00:00+05:30,"SYNTHETIC demo data (KaushalSetu SIH prototype): fictional entities, team-assumed numbers, not real or official statistics.",true
821acde6-0ab5-51fa-82b6-b96a8207133d,24499a6f-f613-5d2b-af83-3bcb83c05a07,true,APPRENTICESHIP,,45a4b4a2-7e42-55f6-933d-be42ed3a5b81,,2026-08-23,,true,false,Y10,"KaushalSetu synthetic generator v2, seed 20260929",2026-09-28T12:00:00+05:30,"SYNTHETIC demo data (KaushalSetu SIH prototype): fictional entities, team-assumed numbers, not real or official statistics.",true
e7999fdd-24a3-56ed-9470-9c0ae9dab0c1,38387f2d-890c-5321-a0ca-9389255bb892,true,WAGE,,45a4b4a2-7e42-55f6-933d-be42ed3a5b81,23500,2026-06-07,,true,true,Y10,"KaushalSetu synthetic generator v2, seed 20260929",2026-09-28T12:00:00+05:30,"SYNTHETIC demo data (KaushalSetu SIH prototype): fictional entities, team-assumed numbers, not real or official statistics.",true
ea5ceb23-51aa-5bab-931a-044e8a328e72,7ec21b36-1bb9-5e3d-bd40-3cfb0be51083,false,,,,,,,,false,Y10,"KaushalSetu synthetic generator v2, seed 20260929",2026-09-28T12:00:00+05:30,"SYNTHETIC demo data (KaushalSetu SIH prototype): fictional entities, team-assumed numbers, not real or official statistics.",true
f2f4c9df-d151-5ba6-9b9a-a01297ab9db4,fc5f1ed2-58c0-5255-b2df-9908d2ce4f7d,false,,,,,,,,true,Y10,"KaushalSetu synthetic generator v2, seed 20260929",2026-09-28T12:00:00+05:30,"SYNTHETIC demo data (KaushalSetu SIH prototype): fictional entities, team-assumed numbers, not real or official statistics.",true
a8651263-60ce-5c20-b32f-7513a5a83db5,767932ae-1c73-5a55-9b7d-7c56687f88c2,true,WAGE,eeaa9e8e-169f-5cf5-9a5a-062372622489,19cab99e-6d9d-55f2-8e67-70f21663603e,21000,2025-06-23,false,true,true,Y10,"KaushalSetu synthetic generator v2, seed 20260929",2026-09-28T12:00:00+05:30,"SYNTHETIC demo data (KaushalSetu SIH prototype): fictional entities, team-assumed numbers, not real or official statistics.",true
a1bfd3a3-3d49-59e5-91c4-be268e93eb7a,423bd9df-bd39-56dd-97c7-9bc3e08fd1d0,true,APPRENTICESHIP,3279c38b-cd9b-5a66-b557-a1694588e03b,19cab99e-6d9d-55f2-8e67-70f21663603e,,2024-12-09,true,true,true,Y10,"KaushalSetu synthetic generator v2, seed 20260929",2026-09-28T12:00:00+05:30,"SYNTHETIC demo data (KaushalSetu SIH prototype): fictional entities, team-assumed numbers, not real or official statistics.",true
10c8bb92-830f-5bf7-8bea-718a814cf643,a147ffc2-3f12-54a0-8e99-64672a8e5815,true,WAGE,eeaa9e8e-169f-5cf5-9a5a-062372622489,19cab99e-6d9d-55f2-8e67-70f21663603e,15500,2025-03-21,true,true,true,Y10,"KaushalSetu synthetic generator v2, seed 20260929",2026-09-28T12:00:00+05:30,"SYNTHETIC demo data (KaushalSetu SIH prototype): fictional entities, team-assumed numbers, not real or official statistics.",true
50921e43-fdd8-5fdf-9a3c-45a5611d1e5f,1f0894cd-0f76-532d-bc8e-1f21b6e4ee47,true,WAGE,,19cab99e-6d9d-55f2-8e67-70f21663603e,19500,2025-04-19,true,true,true,Y10,"KaushalSetu synthetic generator v2, seed 20260929",2026-09-28T12:00:00+05:30,"SYNTHETIC demo data (KaushalSetu SIH prototype): fictional entities, team-assumed numbers, not real or official statistics.",true
704a51ea-ed3f-5bc3-8adb-1322e1191213,ab68621f-3206-5e4c-b147-907517e55220,true,WAGE,,,19000,2025-08-12,false,false,true,Y10,"KaushalSetu synthetic generator v2, seed 20260929",2026-09-28T12:00:00+05:30,"SYNTHETIC demo data (KaushalSetu SIH prototype): fictional entities, team-assumed numbers, not real or official statistics.",true
e8adc93f-5577-51f3-b7f4-befc5b1a38ba,1bf07d87-9837-536e-bf14-4bb5fb0991bc,true,APPRENTICESHIP,,19cab99e-6d9d-55f2-8e67-70f21663603e,,2025-10-06,true,true,true,Y10,"KaushalSetu synthetic generator v2, seed 20260929",2026-09-28T12:00:00+05:30,"SYNTHETIC demo data (KaushalSetu SIH prototype): fictional entities, team-assumed numbers, not real or official statistics.",true
61f732eb-6f96-5304-84a6-a06fe9649768,e077c7f5-6748-539b-a00d-7f1796c74ddf,true,APPRENTICESHIP,,19cab99e-6d9d-55f2-8e67-70f21663603e,,2025-09-13,true,true,true,Y10,"KaushalSetu synthetic generator v2, seed 20260929",2026-09-28T12:00:00+05:30,"SYNTHETIC demo data (KaushalSetu SIH prototype): fictional entities, team-assumed numbers, not real or official statistics.",true
f7496b71-d44f-53ab-b02a-d61c2d8ab4d0,10dc3f44-565b-5be8-83e2-8841ceaed0bd,true,WAGE,,19cab99e-6d9d-55f2-8e67-70f21663603e,18500,2025-04-30,true,true,true,Y10,"KaushalSetu synthetic generator v2, seed 20260929",2026-09-28T12:00:00+05:30,"SYNTHETIC demo data (KaushalSetu SIH prototype): fictional entities, team-assumed numbers, not real or official statistics.",true
e539cca4-049f-56d2-b374-24da6c410a83,775015d9-e303-5492-b465-c0a8520784aa,false,,,,,,,,true,Y10,"KaushalSetu synthetic generator v2, seed 20260929",2026-09-28T12:00:00+05:30,"SYNTHETIC demo data (KaushalSetu SIH prototype): fictional entities, team-assumed numbers, not real or official statistics.",true
c51f3fc8-6639-5877-a463-202d64d8b8c2,fcb6f6b1-9b3a-5840-a2f5-7e489d381d0f,true,WAGE,eeaa9e8e-169f-5cf5-9a5a-062372622489,19cab99e-6d9d-55f2-8e67-70f21663603e,21000,2025-04-27,true,true,true,Y10,"KaushalSetu synthetic generator v2, seed 20260929",2026-09-28T12:00:00+05:30,"SYNTHETIC demo data (KaushalSetu SIH prototype): fictional entities, team-assumed numbers, not real or official statistics.",true
d01d859f-049b-559f-8681-e179bcc45ec1,f0db4c2f-43ae-54b6-9c0b-d71111e9b4b0,true,WAGE,eeaa9e8e-169f-5cf5-9a5a-062372622489,19cab99e-6d9d-55f2-8e67-70f21663603e,20000,2025-01-20,false,true,true,Y10,"KaushalSetu synthetic generator v2, seed 20260929",2026-09-28T12:00:00+05:30,"SYNTHETIC demo data (KaushalSetu SIH prototype): fictional entities, team-assumed numbers, not real or official statistics.",true
2e29cd5c-8107-5a0b-a37c-c3c887fcb411,78f1044d-a646-5eda-84ad-a1dd694ab6a1,true,WAGE,,19cab99e-6d9d-55f2-8e67-70f21663603e,19000,2025-01-15,true,true,true,Y10,"KaushalSetu synthetic generator v2, seed 20260929",2026-09-28T12:00:00+05:30,"SYNTHETIC demo data (KaushalSetu SIH prototype): fictional entities, team-assumed numbers, not real or official statistics.",true
ddc98c05-b793-52e9-ae37-abf7b1960ff6,2fa1185e-538f-565e-a20e-8404882030fe,false,,,,,,,,true,Y10,"KaushalSetu synthetic generator v2, seed 20260929",2026-09-28T12:00:00+05:30,"SYNTHETIC demo data (KaushalSetu SIH prototype): fictional entities, team-assumed numbers, not real or official statistics.",true
74943d47-4df6-544b-a6ce-2697ffc352c1,7d754f7d-02fd-5b2f-9b4d-3f29f1647c2e,true,SELF_EMPLOYED,,19cab99e-6d9d-55f2-8e67-70f21663603e,,2025-05-25,true,true,true,Y10,"KaushalSetu synthetic generator v2, seed 20260929",2026-09-28T12:00:00+05:30,"SYNTHETIC demo data (KaushalSetu SIH prototype): fictional entities, team-assumed numbers, not real or official statistics.",true
c7fcc5f2-b1c8-5748-8b71-bbfeade162bb,a04a7967-110d-5c8a-824d-a7c987bad107,true,WAGE,,,21000,2025-11-08,true,false,true,Y10,"KaushalSetu synthetic generator v2, seed 20260929",2026-09-28T12:00:00+05:30,"SYNTHETIC demo data (KaushalSetu SIH prototype): fictional entities, team-assumed numbers, not real or official statistics.",true
a50b3cbf-9776-5683-a120-9c6f03cda621,61efb256-d1ea-58da-b433-f31640c9d820,true,WAGE,eeaa9e8e-169f-5cf5-9a5a-062372622489,19cab99e-6d9d-55f2-8e67-70f21663603e,19000,2025-04-17,true,true,true,Y10,"KaushalSetu synthetic generator v2, seed 20260929",2026-09-28T12:00:00+05:30,"SYNTHETIC demo data (KaushalSetu SIH prototype): fictional entities, team-assumed numbers, not real or official statistics.",true
0e091bf9-65f3-5cb8-8a0d-cc0166877531,dca03ed2-b1be-5e1b-ab81-5f96760168b1,true,WAGE,eeaa9e8e-169f-5cf5-9a5a-062372622489,19cab99e-6d9d-55f2-8e67-70f21663603e,21500,2025-04-09,true,true,true,Y10,"KaushalSetu synthetic generator v2, seed 20260929",2026-09-28T12:00:00+05:30,"SYNTHETIC demo data (KaushalSetu SIH prototype): fictional entities, team-assumed numbers, not real or official statistics.",true
2e9e8d2c-a1e2-5d5c-af5f-940abb019830,0d3a203e-8e87-5c1a-a416-c3b051995355,true,WAGE,,19cab99e-6d9d-55f2-8e67-70f21663603e,21000,2025-09-26,true,true,true,Y10,"KaushalSetu synthetic generator v2, seed 20260929",2026-09-28T12:00:00+05:30,"SYNTHETIC demo data (KaushalSetu SIH prototype): fictional entities, team-assumed numbers, not real or official statistics.",true
d121914f-91f1-578f-99ab-733fb876a6c1,be099a1b-d67c-57f0-bb93-ed99b9eb90a5,false,,,,,,,,true,Y10,"KaushalSetu synthetic generator v2, seed 20260929",2026-09-28T12:00:00+05:30,"SYNTHETIC demo data (KaushalSetu SIH prototype): fictional entities, team-assumed numbers, not real or official statistics.",true
79dc6b12-cdaa-5518-9af3-2defb8aadcaa,460eb7d7-5fa1-580b-9a06-c1f90fbfd617,true,WAGE,,19cab99e-6d9d-55f2-8e67-70f21663603e,20500,2025-04-20,true,true,true,Y10,"KaushalSetu synthetic generator v2, seed 20260929",2026-09-28T12:00:00+05:30,"SYNTHETIC demo data (KaushalSetu SIH prototype): fictional entities, team-assumed numbers, not real or official statistics.",true
6e58ed4d-d2ac-5b0f-a369-c1ef07ad8d34,69b23a45-6241-50ac-a144-2f58a86c9a5e,true,WAGE,,,16000,2025-04-11,true,false,true,Y10,"KaushalSetu synthetic generator v2, seed 20260929",2026-09-28T12:00:00+05:30,"SYNTHETIC demo data (KaushalSetu SIH prototype): fictional entities, team-assumed numbers, not real or official statistics.",true
ec59027b-7585-5f4b-a8a3-3e801cd3a407,6a7e98d2-f94e-545f-90b9-28afc8683428,true,WAGE,eeaa9e8e-169f-5cf5-9a5a-062372622489,19cab99e-6d9d-55f2-8e67-70f21663603e,16000,2025-06-20,true,true,true,Y10,"KaushalSetu synthetic generator v2, seed 20260929",2026-09-28T12:00:00+05:30,"SYNTHETIC demo data (KaushalSetu SIH prototype): fictional entities, team-assumed numbers, not real or official statistics.",true
ee3d6499-99ba-5958-bc85-9e21bcdcd4f3,6f834d5d-08a8-55e0-a939-f0479de019cd,true,WAGE,eeaa9e8e-169f-5cf5-9a5a-062372622489,19cab99e-6d9d-55f2-8e67-70f21663603e,18000,2025-08-06,true,true,true,Y10,"KaushalSetu synthetic generator v2, seed 20260929",2026-09-28T12:00:00+05:30,"SYNTHETIC demo data (KaushalSetu SIH prototype): fictional entities, team-assumed numbers, not real or official statistics.",true
ba3973f4-1fdc-511c-824c-dc1a069760f0,a0eba109-30cd-5907-9009-5701af35a517,false,,,,,,,,true,Y10,"KaushalSetu synthetic generator v2, seed 20260929",2026-09-28T12:00:00+05:30,"SYNTHETIC demo data (KaushalSetu SIH prototype): fictional entities, team-assumed numbers, not real or official statistics.",true
b665f8ed-f7fc-58a9-992d-81d2f2585cdb,84a43fa7-bd09-5575-8123-512c24db5e75,true,WAGE,,19cab99e-6d9d-55f2-8e67-70f21663603e,21500,2024-11-05,true,true,true,Y10,"KaushalSetu synthetic generator v2, seed 20260929",2026-09-28T12:00:00+05:30,"SYNTHETIC demo data (KaushalSetu SIH prototype): fictional entities, team-assumed numbers, not real or official statistics.",true
82050dc8-0725-54c0-a78c-a6baa71932e4,cc1397aa-f642-554a-8e1c-aafeb25f713a,true,SELF_EMPLOYED,,,,2026-09-17,,false,false,Y10,"KaushalSetu synthetic generator v2, seed 20260929",2026-09-28T12:00:00+05:30,"SYNTHETIC demo data (KaushalSetu SIH prototype): fictional entities, team-assumed numbers, not real or official statistics.",true
d4553aba-183d-5483-a998-285ef577a83a,a0be7359-61a3-52f7-9034-0e644f1d4601,true,WAGE,,,22000,2026-05-07,,false,false,Y10,"KaushalSetu synthetic generator v2, seed 20260929",2026-09-28T12:00:00+05:30,"SYNTHETIC demo data (KaushalSetu SIH prototype): fictional entities, team-assumed numbers, not real or official statistics.",true
73ec796f-6395-5905-9edf-6bfad5c41f33,a4a5b5a9-59ea-5741-9407-0eb40e3dee38,true,WAGE,eeaa9e8e-169f-5cf5-9a5a-062372622489,19cab99e-6d9d-55f2-8e67-70f21663603e,18500,2026-03-04,true,true,true,Y10,"KaushalSetu synthetic generator v2, seed 20260929",2026-09-28T12:00:00+05:30,"SYNTHETIC demo data (KaushalSetu SIH prototype): fictional entities, team-assumed numbers, not real or official statistics.",true
a9d452e4-33de-5fe8-8a5c-3997f37b1bb4,d0c3cb73-7c2d-5e5e-a2b9-2e6cee16def3,true,WAGE,,19cab99e-6d9d-55f2-8e67-70f21663603e,22500,2026-06-21,,true,true,Y10,"KaushalSetu synthetic generator v2, seed 20260929",2026-09-28T12:00:00+05:30,"SYNTHETIC demo data (KaushalSetu SIH prototype): fictional entities, team-assumed numbers, not real or official statistics.",true
67e4d15e-f320-592d-a89f-36f1aae2b775,ff4a0f9c-8f2a-5f5f-961f-76aa6a360558,true,WAGE,eeaa9e8e-169f-5cf5-9a5a-062372622489,19cab99e-6d9d-55f2-8e67-70f21663603e,18000,2026-08-18,,true,false,Y10,"KaushalSetu synthetic generator v2, seed 20260929",2026-09-28T12:00:00+05:30,"SYNTHETIC demo data (KaushalSetu SIH prototype): fictional entities, team-assumed numbers, not real or official statistics.",true
88895711-2657-5d03-bda0-b8ef531cb5b7,070003bf-5c3e-5602-aa6d-f80201344fdb,true,APPRENTICESHIP,3279c38b-cd9b-5a66-b557-a1694588e03b,19cab99e-6d9d-55f2-8e67-70f21663603e,,2026-01-04,true,true,true,Y10,"KaushalSetu synthetic generator v2, seed 20260929",2026-09-28T12:00:00+05:30,"SYNTHETIC demo data (KaushalSetu SIH prototype): fictional entities, team-assumed numbers, not real or official statistics.",true
26a09821-eea9-51a8-93e0-6f9e41514cdb,e8332a5d-e7cd-5820-af84-22fb32039fc2,true,WAGE,,19cab99e-6d9d-55f2-8e67-70f21663603e,21000,2026-03-31,,true,true,Y10,"KaushalSetu synthetic generator v2, seed 20260929",2026-09-28T12:00:00+05:30,"SYNTHETIC demo data (KaushalSetu SIH prototype): fictional entities, team-assumed numbers, not real or official statistics.",true
a08564db-84f6-5c22-878c-ef04ac8a33b6,97c587d9-558a-5295-bd32-587a20711d8f,false,,,,,,,,true,Y10,"KaushalSetu synthetic generator v2, seed 20260929",2026-09-28T12:00:00+05:30,"SYNTHETIC demo data (KaushalSetu SIH prototype): fictional entities, team-assumed numbers, not real or official statistics.",true
7d2657fe-63d9-5284-b58b-aff3f47902fc,1362a581-3b27-59a9-a00e-8def649136ad,true,WAGE,,19cab99e-6d9d-55f2-8e67-70f21663603e,15500,2026-08-04,,true,false,Y10,"KaushalSetu synthetic generator v2, seed 20260929",2026-09-28T12:00:00+05:30,"SYNTHETIC demo data (KaushalSetu SIH prototype): fictional entities, team-assumed numbers, not real or official statistics.",true
647a3c14-06e7-53c7-83d4-7071fbb4b214,1b082059-7dc1-518b-a071-c5b326d2b905,true,WAGE,,19cab99e-6d9d-55f2-8e67-70f21663603e,19500,2026-09-01,,true,false,Y10,"KaushalSetu synthetic generator v2, seed 20260929",2026-09-28T12:00:00+05:30,"SYNTHETIC demo data (KaushalSetu SIH prototype): fictional entities, team-assumed numbers, not real or official statistics.",true
89994723-bc9d-5a3e-82ed-f5f3f72b9b3c,20965d15-36a3-5043-b7ee-a54304ac7eae,true,WAGE,,,21000,2026-05-05,,false,true,Y10,"KaushalSetu synthetic generator v2, seed 20260929",2026-09-28T12:00:00+05:30,"SYNTHETIC demo data (KaushalSetu SIH prototype): fictional entities, team-assumed numbers, not real or official statistics.",true
f7144ba9-9ce2-5747-8d15-3dcc02a78c9d,f8351ec2-8b18-5af5-9d59-d9ebed311de4,true,APPRENTICESHIP,,19cab99e-6d9d-55f2-8e67-70f21663603e,,2025-11-21,true,true,true,Y10,"KaushalSetu synthetic generator v2, seed 20260929",2026-09-28T12:00:00+05:30,"SYNTHETIC demo data (KaushalSetu SIH prototype): fictional entities, team-assumed numbers, not real or official statistics.",true
2e18a887-cc49-5d90-a731-c407caa453cc,d8522806-f092-5207-b03c-64f06dc03654,false,,,,,,,,true,Y10,"KaushalSetu synthetic generator v2, seed 20260929",2026-09-28T12:00:00+05:30,"SYNTHETIC demo data (KaushalSetu SIH prototype): fictional entities, team-assumed numbers, not real or official statistics.",true
2381c4d3-9ab7-59b8-a3c5-710a685c579f,72eae98f-8dd3-5441-9469-e0fbe16dd60e,true,WAGE,eeaa9e8e-169f-5cf5-9a5a-062372622489,19cab99e-6d9d-55f2-8e67-70f21663603e,23500,2026-08-26,,true,false,Y10,"KaushalSetu synthetic generator v2, seed 20260929",2026-09-28T12:00:00+05:30,"SYNTHETIC demo data (KaushalSetu SIH prototype): fictional entities, team-assumed numbers, not real or official statistics.",true
de07f532-8b96-518d-83bf-c6f0233eee1e,aaf04c7f-b395-5fa2-912f-d487e583ade8,false,,,,,,,,true,Y10,"KaushalSetu synthetic generator v2, seed 20260929",2026-09-28T12:00:00+05:30,"SYNTHETIC demo data (KaushalSetu SIH prototype): fictional entities, team-assumed numbers, not real or official statistics.",true
076cec7b-6b8a-52f3-be23-f5b63a9ff225,3a4b78b6-caf5-53dc-9a90-7a35ad51b3f8,true,WAGE,eeaa9e8e-169f-5cf5-9a5a-062372622489,19cab99e-6d9d-55f2-8e67-70f21663603e,19000,2026-08-02,,true,false,Y10,"KaushalSetu synthetic generator v2, seed 20260929",2026-09-28T12:00:00+05:30,"SYNTHETIC demo data (KaushalSetu SIH prototype): fictional entities, team-assumed numbers, not real or official statistics.",true
5f1952b9-7cbc-5800-a5fa-a1119351b6d9,c9bbdde2-a104-5cf0-9065-33a9226391f4,true,WAGE,eeaa9e8e-169f-5cf5-9a5a-062372622489,19cab99e-6d9d-55f2-8e67-70f21663603e,19500,2026-02-09,true,true,true,Y10,"KaushalSetu synthetic generator v2, seed 20260929",2026-09-28T12:00:00+05:30,"SYNTHETIC demo data (KaushalSetu SIH prototype): fictional entities, team-assumed numbers, not real or official statistics.",true
33abe77a-7aa1-58fb-b23d-d71adefe22f4,2e2d7edb-889b-5984-99c1-33e495dfbf3f,true,WAGE,eeaa9e8e-169f-5cf5-9a5a-062372622489,19cab99e-6d9d-55f2-8e67-70f21663603e,20000,2026-07-09,,true,false,Y10,"KaushalSetu synthetic generator v2, seed 20260929",2026-09-28T12:00:00+05:30,"SYNTHETIC demo data (KaushalSetu SIH prototype): fictional entities, team-assumed numbers, not real or official statistics.",true
18eec6ab-59e4-5d14-888d-0ee430aa48a6,c2bd22dc-6000-54bc-ab5b-6e8c8409eb9c,true,WAGE,eeaa9e8e-169f-5cf5-9a5a-062372622489,19cab99e-6d9d-55f2-8e67-70f21663603e,21500,2026-05-06,,true,true,Y10,"KaushalSetu synthetic generator v2, seed 20260929",2026-09-28T12:00:00+05:30,"SYNTHETIC demo data (KaushalSetu SIH prototype): fictional entities, team-assumed numbers, not real or official statistics.",true
ce3dca2c-e881-55b3-86d4-53376d87d6e9,da1a5a49-69c7-53a2-8f05-ad465d8195e1,false,,,,,,,,false,Y10,"KaushalSetu synthetic generator v2, seed 20260929",2026-09-28T12:00:00+05:30,"SYNTHETIC demo data (KaushalSetu SIH prototype): fictional entities, team-assumed numbers, not real or official statistics.",true
f56fd160-bc0f-5745-8286-95b266a8c68d,01a146f4-6c7a-5967-98fe-f8d81340b7eb,false,,,,,,,,false,Y10,"KaushalSetu synthetic generator v2, seed 20260929",2026-09-28T12:00:00+05:30,"SYNTHETIC demo data (KaushalSetu SIH prototype): fictional entities, team-assumed numbers, not real or official statistics.",true
b7f2367d-be1a-5126-8227-c63c4a0ee198,93ca9d9c-f494-578e-b07f-12409c0679eb,true,WAGE,,19cab99e-6d9d-55f2-8e67-70f21663603e,17000,2026-02-12,true,true,true,Y10,"KaushalSetu synthetic generator v2, seed 20260929",2026-09-28T12:00:00+05:30,"SYNTHETIC demo data (KaushalSetu SIH prototype): fictional entities, team-assumed numbers, not real or official statistics.",true
c95f1348-9828-58e6-aecc-62a3e7b756e7,b14238d9-21b9-5850-b0d8-cc99c9318846,true,WAGE,,19cab99e-6d9d-55f2-8e67-70f21663603e,18000,2026-03-18,false,true,true,Y10,"KaushalSetu synthetic generator v2, seed 20260929",2026-09-28T12:00:00+05:30,"SYNTHETIC demo data (KaushalSetu SIH prototype): fictional entities, team-assumed numbers, not real or official statistics.",true
b5caed43-30ad-513e-8fa8-43ebc8c4e8be,e7ec1f42-383d-5c8f-9681-5164fb8b3c1b,true,WAGE,eeaa9e8e-169f-5cf5-9a5a-062372622489,19cab99e-6d9d-55f2-8e67-70f21663603e,18000,2026-06-21,,true,false,Y10,"KaushalSetu synthetic generator v2, seed 20260929",2026-09-28T12:00:00+05:30,"SYNTHETIC demo data (KaushalSetu SIH prototype): fictional entities, team-assumed numbers, not real or official statistics.",true
87aedcc2-4bcc-5eba-a447-e838ee8fec40,2bdd5f36-90b9-52bf-9f00-a2e74b8a1ea1,true,APPRENTICESHIP,,19cab99e-6d9d-55f2-8e67-70f21663603e,,2026-03-07,true,true,true,Y10,"KaushalSetu synthetic generator v2, seed 20260929",2026-09-28T12:00:00+05:30,"SYNTHETIC demo data (KaushalSetu SIH prototype): fictional entities, team-assumed numbers, not real or official statistics.",true
24253057-a833-5398-9f49-9dfdefb941fb,4728d476-a298-5388-93cb-3ac03c266161,true,WAGE,eeaa9e8e-169f-5cf5-9a5a-062372622489,19cab99e-6d9d-55f2-8e67-70f21663603e,24000,2026-04-03,,true,true,Y10,"KaushalSetu synthetic generator v2, seed 20260929",2026-09-28T12:00:00+05:30,"SYNTHETIC demo data (KaushalSetu SIH prototype): fictional entities, team-assumed numbers, not real or official statistics.",true
d9719416-97a8-59c3-afd5-43d7239752b9,f2f76db3-fc2b-53ea-b97a-7b0e33695686,false,,,,,,,,true,Y10,"KaushalSetu synthetic generator v2, seed 20260929",2026-09-28T12:00:00+05:30,"SYNTHETIC demo data (KaushalSetu SIH prototype): fictional entities, team-assumed numbers, not real or official statistics.",true
16e04fb0-868d-5d0c-9849-a0723557f06d,8bb7afd3-20c8-59b8-ae17-0c5f4e039ab3,true,WAGE,,19cab99e-6d9d-55f2-8e67-70f21663603e,20500,2026-01-14,true,true,true,Y10,"KaushalSetu synthetic generator v2, seed 20260929",2026-09-28T12:00:00+05:30,"SYNTHETIC demo data (KaushalSetu SIH prototype): fictional entities, team-assumed numbers, not real or official statistics.",true
896e1535-abf1-5e5f-8fda-5d9162f9540f,a3392182-0de2-5a99-a885-edca95257209,true,WAGE,,c7df5212-ab60-5561-aa36-9acc415e9b5b,20500,2025-11-16,true,true,true,Y10,"KaushalSetu synthetic generator v2, seed 20260929",2026-09-28T12:00:00+05:30,"SYNTHETIC demo data (KaushalSetu SIH prototype): fictional entities, team-assumed numbers, not real or official statistics.",true
5e13d7e0-1c3c-5613-b5a1-96ae99df5507,15c99780-51f7-595c-9215-7e743320639d,true,WAGE,,,21500,2025-12-01,true,false,true,Y10,"KaushalSetu synthetic generator v2, seed 20260929",2026-09-28T12:00:00+05:30,"SYNTHETIC demo data (KaushalSetu SIH prototype): fictional entities, team-assumed numbers, not real or official statistics.",true
a2691fb9-8893-572c-879c-7791a1da05c8,af3d5c2a-eea9-5884-a10a-48d7a75cfbd6,true,WAGE,,,19500,2025-12-17,true,false,true,Y10,"KaushalSetu synthetic generator v2, seed 20260929",2026-09-28T12:00:00+05:30,"SYNTHETIC demo data (KaushalSetu SIH prototype): fictional entities, team-assumed numbers, not real or official statistics.",true
06eb0280-a989-52e7-84b4-876aa12520d2,9b487481-966a-56db-b190-4fc7422b68ef,true,WAGE,,c7df5212-ab60-5561-aa36-9acc415e9b5b,15000,2025-11-16,true,true,true,Y10,"KaushalSetu synthetic generator v2, seed 20260929",2026-09-28T12:00:00+05:30,"SYNTHETIC demo data (KaushalSetu SIH prototype): fictional entities, team-assumed numbers, not real or official statistics.",true
b55249f6-40f3-5fa5-b4f5-9c5f6f68e796,db4ff3ff-44cb-5af9-976e-ca915f44c6bd,true,WAGE,,,16000,2025-10-08,false,false,true,Y10,"KaushalSetu synthetic generator v2, seed 20260929",2026-09-28T12:00:00+05:30,"SYNTHETIC demo data (KaushalSetu SIH prototype): fictional entities, team-assumed numbers, not real or official statistics.",true
bdc3490d-a499-5f79-95f7-d5fc5ae71fa2,dd364b36-ac78-5eff-8934-7d7a69dd72f8,false,,,,,,,,true,Y10,"KaushalSetu synthetic generator v2, seed 20260929",2026-09-28T12:00:00+05:30,"SYNTHETIC demo data (KaushalSetu SIH prototype): fictional entities, team-assumed numbers, not real or official statistics.",true
e95603ec-7d38-5424-a008-4e15d84b4283,61f30a8f-963a-553b-ace1-db8c563e30e2,true,SELF_EMPLOYED,,c7df5212-ab60-5561-aa36-9acc415e9b5b,,2025-12-04,true,true,true,Y10,"KaushalSetu synthetic generator v2, seed 20260929",2026-09-28T12:00:00+05:30,"SYNTHETIC demo data (KaushalSetu SIH prototype): fictional entities, team-assumed numbers, not real or official statistics.",true
2b948fc1-97b5-53f7-a36b-9ce1f4a91984,0f4c11c8-b60f-53aa-a56f-dead6c017ad8,false,,,,,,,,true,Y10,"KaushalSetu synthetic generator v2, seed 20260929",2026-09-28T12:00:00+05:30,"SYNTHETIC demo data (KaushalSetu SIH prototype): fictional entities, team-assumed numbers, not real or official statistics.",true
e397ade8-139d-530f-8790-0db032fa629c,5abea055-5825-59dd-a5ae-4e472030fa16,false,,,,,,,,true,Y10,"KaushalSetu synthetic generator v2, seed 20260929",2026-09-28T12:00:00+05:30,"SYNTHETIC demo data (KaushalSetu SIH prototype): fictional entities, team-assumed numbers, not real or official statistics.",true
78811971-ce71-5318-b0f6-26e80135c0fb,d9681ec2-d3c1-5330-ba5c-b3f9c7b3ec04,true,WAGE,,c7df5212-ab60-5561-aa36-9acc415e9b5b,17000,2025-08-05,true,true,true,Y10,"KaushalSetu synthetic generator v2, seed 20260929",2026-09-28T12:00:00+05:30,"SYNTHETIC demo data (KaushalSetu SIH prototype): fictional entities, team-assumed numbers, not real or official statistics.",true
ba800b7d-8a42-50fd-921f-d00f46f05563,a27082a3-11bb-5c36-a017-2e7394e9cb92,true,APPRENTICESHIP,,c7df5212-ab60-5561-aa36-9acc415e9b5b,,2025-12-08,false,true,true,Y10,"KaushalSetu synthetic generator v2, seed 20260929",2026-09-28T12:00:00+05:30,"SYNTHETIC demo data (KaushalSetu SIH prototype): fictional entities, team-assumed numbers, not real or official statistics.",true
e3e4ba14-4ea1-501d-afbb-62a3038abb5b,d14a68b6-3486-5229-b8a8-f45be950a93f,true,WAGE,,c7df5212-ab60-5561-aa36-9acc415e9b5b,17500,2025-08-04,true,true,true,Y10,"KaushalSetu synthetic generator v2, seed 20260929",2026-09-28T12:00:00+05:30,"SYNTHETIC demo data (KaushalSetu SIH prototype): fictional entities, team-assumed numbers, not real or official statistics.",true
00550869-9e52-5c56-bd35-26532ec2126a,984b11cd-3953-5eb6-8ed5-f9c21af30595,false,,,,,,,,true,Y10,"KaushalSetu synthetic generator v2, seed 20260929",2026-09-28T12:00:00+05:30,"SYNTHETIC demo data (KaushalSetu SIH prototype): fictional entities, team-assumed numbers, not real or official statistics.",true
b1526a5c-99ec-565f-8f03-353b399d7ddb,9569d814-7590-5ccc-b154-f46264bf44cb,false,,,,,,,,true,Y10,"KaushalSetu synthetic generator v2, seed 20260929",2026-09-28T12:00:00+05:30,"SYNTHETIC demo data (KaushalSetu SIH prototype): fictional entities, team-assumed numbers, not real or official statistics.",true
2bcde793-3eb1-5dac-a2db-c2268a66e330,53460c65-278c-5ce1-8312-d7dd2d7b8498,false,,,,,,,,true,Y10,"KaushalSetu synthetic generator v2, seed 20260929",2026-09-28T12:00:00+05:30,"SYNTHETIC demo data (KaushalSetu SIH prototype): fictional entities, team-assumed numbers, not real or official statistics.",true
4f8dcc67-4552-5755-825a-9dad02180576,221b1b5a-c0e7-5407-a598-e10a0627f391,true,WAGE,,c7df5212-ab60-5561-aa36-9acc415e9b5b,16500,2025-11-10,false,true,true,Y10,"KaushalSetu synthetic generator v2, seed 20260929",2026-09-28T12:00:00+05:30,"SYNTHETIC demo data (KaushalSetu SIH prototype): fictional entities, team-assumed numbers, not real or official statistics.",true
1d02d947-feb3-58e5-9226-f0582ebe6d61,6dc67778-fc94-5e50-8bd9-962065527368,true,APPRENTICESHIP,,c7df5212-ab60-5561-aa36-9acc415e9b5b,,2025-10-17,true,true,true,Y10,"KaushalSetu synthetic generator v2, seed 20260929",2026-09-28T12:00:00+05:30,"SYNTHETIC demo data (KaushalSetu SIH prototype): fictional entities, team-assumed numbers, not real or official statistics.",true
5ef3ccef-3a7f-5b30-8934-a517fd03f59f,a2ad21cd-1dcf-58a5-b84c-29ac256651f2,false,,,,,,,,true,Y10,"KaushalSetu synthetic generator v2, seed 20260929",2026-09-28T12:00:00+05:30,"SYNTHETIC demo data (KaushalSetu SIH prototype): fictional entities, team-assumed numbers, not real or official statistics.",true
1339a580-6939-5358-8751-0941d0cdb5e9,6a4d5658-73c3-5935-8825-6b5ba37d67c9,false,,,,,,,,true,Y10,"KaushalSetu synthetic generator v2, seed 20260929",2026-09-28T12:00:00+05:30,"SYNTHETIC demo data (KaushalSetu SIH prototype): fictional entities, team-assumed numbers, not real or official statistics.",true
b74ecd56-fccb-59f4-b782-6236c68edaaf,2a4d677b-9ad3-5c90-a568-dc014be82725,false,,,,,,,,true,Y10,"KaushalSetu synthetic generator v2, seed 20260929",2026-09-28T12:00:00+05:30,"SYNTHETIC demo data (KaushalSetu SIH prototype): fictional entities, team-assumed numbers, not real or official statistics.",true
263b638e-9d73-5ed4-aadd-052837968c30,2cae429a-ac7b-586a-a8f3-29830bb822f8,false,,,,,,,,true,Y10,"KaushalSetu synthetic generator v2, seed 20260929",2026-09-28T12:00:00+05:30,"SYNTHETIC demo data (KaushalSetu SIH prototype): fictional entities, team-assumed numbers, not real or official statistics.",true
efbc82ac-f070-5fd6-8891-6b2e47703a5e,3b825bc3-9858-5ede-ad6b-4646de4ee5cb,true,WAGE,,c7df5212-ab60-5561-aa36-9acc415e9b5b,15000,2025-10-28,true,true,true,Y10,"KaushalSetu synthetic generator v2, seed 20260929",2026-09-28T12:00:00+05:30,"SYNTHETIC demo data (KaushalSetu SIH prototype): fictional entities, team-assumed numbers, not real or official statistics.",true
3f7b61a7-bebe-55fc-b649-8b62e4967096,2f2372ab-9be4-5f24-ad5f-77da43624192,false,,,,,,,,true,Y10,"KaushalSetu synthetic generator v2, seed 20260929",2026-09-28T12:00:00+05:30,"SYNTHETIC demo data (KaushalSetu SIH prototype): fictional entities, team-assumed numbers, not real or official statistics.",true
83b59563-c3de-5931-8bc3-405f1811028d,f8fa105d-e2b2-557b-b3ee-186afa1c3d8e,false,,,,,,,,true,Y10,"KaushalSetu synthetic generator v2, seed 20260929",2026-09-28T12:00:00+05:30,"SYNTHETIC demo data (KaushalSetu SIH prototype): fictional entities, team-assumed numbers, not real or official statistics.",true
f484f0d5-cd5d-5ea0-920d-f3943a7450a5,691cc58b-9510-5854-9055-d4a15604149c,true,WAGE,,c7df5212-ab60-5561-aa36-9acc415e9b5b,15500,2025-09-03,true,true,true,Y10,"KaushalSetu synthetic generator v2, seed 20260929",2026-09-28T12:00:00+05:30,"SYNTHETIC demo data (KaushalSetu SIH prototype): fictional entities, team-assumed numbers, not real or official statistics.",true
14eb990e-25b4-5be2-ac4a-e29af6b6c638,a3b1d336-fdb6-5b94-9001-6772840de33a,true,WAGE,,c7df5212-ab60-5561-aa36-9acc415e9b5b,21000,2025-12-04,false,true,true,Y10,"KaushalSetu synthetic generator v2, seed 20260929",2026-09-28T12:00:00+05:30,"SYNTHETIC demo data (KaushalSetu SIH prototype): fictional entities, team-assumed numbers, not real or official statistics.",true
53ee22cb-da04-5854-a79a-0808fb50faa3,984a064a-e97a-5c68-9be3-9f5a309b8e41,true,WAGE,,c7df5212-ab60-5561-aa36-9acc415e9b5b,21000,2025-08-21,true,true,true,Y10,"KaushalSetu synthetic generator v2, seed 20260929",2026-09-28T12:00:00+05:30,"SYNTHETIC demo data (KaushalSetu SIH prototype): fictional entities, team-assumed numbers, not real or official statistics.",true
f9a8cee6-ed1e-5ed4-8790-78e779c6414b,1400bee6-7e4e-5b6c-af2c-61b974ef3ea5,true,WAGE,,c7df5212-ab60-5561-aa36-9acc415e9b5b,18500,2025-12-11,true,true,true,Y10,"KaushalSetu synthetic generator v2, seed 20260929",2026-09-28T12:00:00+05:30,"SYNTHETIC demo data (KaushalSetu SIH prototype): fictional entities, team-assumed numbers, not real or official statistics.",true
f1d1bbb7-41fa-5975-a970-77f5c0566be3,178a17b7-bdce-564a-a960-b6f42c030a77,true,WAGE,,c7df5212-ab60-5561-aa36-9acc415e9b5b,16500,2025-09-14,true,true,true,Y10,"KaushalSetu synthetic generator v2, seed 20260929",2026-09-28T12:00:00+05:30,"SYNTHETIC demo data (KaushalSetu SIH prototype): fictional entities, team-assumed numbers, not real or official statistics.",true
c2ccf17f-52fa-5919-a844-4b9d34b77919,171aef25-aad8-5662-a3f8-eb8e91c1218a,true,SELF_EMPLOYED,,c7df5212-ab60-5561-aa36-9acc415e9b5b,,2025-08-03,true,true,true,Y10,"KaushalSetu synthetic generator v2, seed 20260929",2026-09-28T12:00:00+05:30,"SYNTHETIC demo data (KaushalSetu SIH prototype): fictional entities, team-assumed numbers, not real or official statistics.",true
4e636958-23eb-5b9b-aa1f-53d6bab07430,32e3d2fd-1c42-5c28-ab74-8a96ce204461,true,WAGE,,c7df5212-ab60-5561-aa36-9acc415e9b5b,19500,2025-11-25,false,true,true,Y10,"KaushalSetu synthetic generator v2, seed 20260929",2026-09-28T12:00:00+05:30,"SYNTHETIC demo data (KaushalSetu SIH prototype): fictional entities, team-assumed numbers, not real or official statistics.",true
edf94df4-350c-5fb3-a947-048dd3482a51,083e1e24-bdd0-5c68-8a28-791b1dbe12a2,false,,,,,,,,true,Y10,"KaushalSetu synthetic generator v2, seed 20260929",2026-09-28T12:00:00+05:30,"SYNTHETIC demo data (KaushalSetu SIH prototype): fictional entities, team-assumed numbers, not real or official statistics.",true
e50b59ab-d21a-51f6-840e-5a9667090265,95274a34-8104-595d-b467-2d67c3cbb5c7,false,,,,,,,,false,Y10,"KaushalSetu synthetic generator v2, seed 20260929",2026-09-28T12:00:00+05:30,"SYNTHETIC demo data (KaushalSetu SIH prototype): fictional entities, team-assumed numbers, not real or official statistics.",true
d8fc7c2a-7e6c-5a2b-b6eb-d365a8ac074c,617eb9f3-704d-5aff-a76f-292c07a22f4f,true,APPRENTICESHIP,,c7df5212-ab60-5561-aa36-9acc415e9b5b,,2026-09-24,,true,false,Y10,"KaushalSetu synthetic generator v2, seed 20260929",2026-09-28T12:00:00+05:30,"SYNTHETIC demo data (KaushalSetu SIH prototype): fictional entities, team-assumed numbers, not real or official statistics.",true
604bd27f-5101-5f93-827d-0ffb0c1d180c,7aedece8-97fe-5dd3-bd30-deab00221b02,true,WAGE,,c7df5212-ab60-5561-aa36-9acc415e9b5b,21500,2026-09-26,,true,false,Y10,"KaushalSetu synthetic generator v2, seed 20260929",2026-09-28T12:00:00+05:30,"SYNTHETIC demo data (KaushalSetu SIH prototype): fictional entities, team-assumed numbers, not real or official statistics.",true
b98983ef-f92b-52d9-a96e-01885a0854c8,4f79c012-75cf-527d-9082-6732911180d5,false,,,,,,,,false,Y10,"KaushalSetu synthetic generator v2, seed 20260929",2026-09-28T12:00:00+05:30,"SYNTHETIC demo data (KaushalSetu SIH prototype): fictional entities, team-assumed numbers, not real or official statistics.",true
30642f84-82ed-5064-b23b-40f3553e237b,9530a154-64a5-5b15-b587-e7a8e53e154c,false,,,,,,,,false,Y10,"KaushalSetu synthetic generator v2, seed 20260929",2026-09-28T12:00:00+05:30,"SYNTHETIC demo data (KaushalSetu SIH prototype): fictional entities, team-assumed numbers, not real or official statistics.",true
b35e5220-a637-56ce-87f1-82484d0727f4,b39ff708-68af-5ce4-8789-a662cebd730d,true,WAGE,,c7df5212-ab60-5561-aa36-9acc415e9b5b,21000,2026-08-23,,true,false,Y10,"KaushalSetu synthetic generator v2, seed 20260929",2026-09-28T12:00:00+05:30,"SYNTHETIC demo data (KaushalSetu SIH prototype): fictional entities, team-assumed numbers, not real or official statistics.",true
1587d145-fdac-581e-a2c5-d76fee8c4df3,7786060f-d637-5a3d-8192-480433d76834,false,,,,,,,,false,Y10,"KaushalSetu synthetic generator v2, seed 20260929",2026-09-28T12:00:00+05:30,"SYNTHETIC demo data (KaushalSetu SIH prototype): fictional entities, team-assumed numbers, not real or official statistics.",true
9c4b9d7b-e4bc-5bc4-a278-f0537b35a53b,acd05e41-d28a-5afb-b81d-d5ee659de727,false,,,,,,,,false,Y10,"KaushalSetu synthetic generator v2, seed 20260929",2026-09-28T12:00:00+05:30,"SYNTHETIC demo data (KaushalSetu SIH prototype): fictional entities, team-assumed numbers, not real or official statistics.",true
86a06da5-5393-513f-b017-0bc64c18d5f8,cad1b6fa-3ed8-5120-84a0-d2fa081b8445,true,WAGE,,c7df5212-ab60-5561-aa36-9acc415e9b5b,20500,2026-09-08,,true,false,Y10,"KaushalSetu synthetic generator v2, seed 20260929",2026-09-28T12:00:00+05:30,"SYNTHETIC demo data (KaushalSetu SIH prototype): fictional entities, team-assumed numbers, not real or official statistics.",true
434f9985-894a-529a-a0d5-549126a1b296,4a27cae3-8439-54f1-a610-0bbd2b713181,true,WAGE,,c7df5212-ab60-5561-aa36-9acc415e9b5b,18500,2026-08-24,,true,false,Y10,"KaushalSetu synthetic generator v2, seed 20260929",2026-09-28T12:00:00+05:30,"SYNTHETIC demo data (KaushalSetu SIH prototype): fictional entities, team-assumed numbers, not real or official statistics.",true
9faaf467-39b9-5d83-b2ad-5d007a9c157a,516bf7e2-44b3-5569-b48f-e44d93700087,true,WAGE,,c7df5212-ab60-5561-aa36-9acc415e9b5b,19000,2026-09-27,,true,false,Y10,"KaushalSetu synthetic generator v2, seed 20260929",2026-09-28T12:00:00+05:30,"SYNTHETIC demo data (KaushalSetu SIH prototype): fictional entities, team-assumed numbers, not real or official statistics.",true
098a045b-27b7-5418-81d0-e2662a46944d,4a0a73d4-1c9b-524d-bfac-a46622fd3e4a,true,WAGE,,c7df5212-ab60-5561-aa36-9acc415e9b5b,21000,2026-08-24,,true,false,Y10,"KaushalSetu synthetic generator v2, seed 20260929",2026-09-28T12:00:00+05:30,"SYNTHETIC demo data (KaushalSetu SIH prototype): fictional entities, team-assumed numbers, not real or official statistics.",true
a6b9e7bb-4600-5d31-af09-a212844b3fe6,7f42a973-1305-541c-b779-76337921da94,false,,,,,,,,false,Y10,"KaushalSetu synthetic generator v2, seed 20260929",2026-09-28T12:00:00+05:30,"SYNTHETIC demo data (KaushalSetu SIH prototype): fictional entities, team-assumed numbers, not real or official statistics.",true
7a61c2c6-e4eb-5138-92b6-1df03f702561,9f39656d-66a5-5da6-a221-b8157a8f91c8,true,WAGE,,c7df5212-ab60-5561-aa36-9acc415e9b5b,19500,2026-09-07,,true,false,Y10,"KaushalSetu synthetic generator v2, seed 20260929",2026-09-28T12:00:00+05:30,"SYNTHETIC demo data (KaushalSetu SIH prototype): fictional entities, team-assumed numbers, not real or official statistics.",true
48113c71-c42a-514e-98a2-c134e3147847,c9c1644c-254c-5dfa-a025-ddbcae619939,false,,,,,,,,false,Y10,"KaushalSetu synthetic generator v2, seed 20260929",2026-09-28T12:00:00+05:30,"SYNTHETIC demo data (KaushalSetu SIH prototype): fictional entities, team-assumed numbers, not real or official statistics.",true
7622d331-f337-5e1b-9a7b-37b5836d675e,11ea2f33-05fc-5d3a-8359-a522ff7c5f16,true,WAGE,,,15000,2026-09-11,,false,false,Y10,"KaushalSetu synthetic generator v2, seed 20260929",2026-09-28T12:00:00+05:30,"SYNTHETIC demo data (KaushalSetu SIH prototype): fictional entities, team-assumed numbers, not real or official statistics.",true
3a02ec47-07cc-5dbe-9ec0-38eaf5d7b767,93212084-a4e6-56f9-8553-0fcf9900ed2f,true,WAGE,,,18000,2026-08-28,,false,false,Y10,"KaushalSetu synthetic generator v2, seed 20260929",2026-09-28T12:00:00+05:30,"SYNTHETIC demo data (KaushalSetu SIH prototype): fictional entities, team-assumed numbers, not real or official statistics.",true
a3e04248-2fb9-55d1-a24e-c6a717822505,e8bec9da-798c-552b-bb09-27f31a12ba2d,true,SELF_EMPLOYED,,c7df5212-ab60-5561-aa36-9acc415e9b5b,,2026-09-08,,true,false,Y10,"KaushalSetu synthetic generator v2, seed 20260929",2026-09-28T12:00:00+05:30,"SYNTHETIC demo data (KaushalSetu SIH prototype): fictional entities, team-assumed numbers, not real or official statistics.",true
70b3321f-7996-53c7-9e37-4b86242244e2,dda10e15-cacb-5ac5-9d43-9fd5163c9e0b,true,WAGE,,c7df5212-ab60-5561-aa36-9acc415e9b5b,15000,2026-08-22,,true,false,Y10,"KaushalSetu synthetic generator v2, seed 20260929",2026-09-28T12:00:00+05:30,"SYNTHETIC demo data (KaushalSetu SIH prototype): fictional entities, team-assumed numbers, not real or official statistics.",true
b55d43ea-a8b2-5cbc-9b5b-627b39c60d5c,66c34216-98a1-588c-8738-dcfa079447a3,false,,,,,,,,false,Y10,"KaushalSetu synthetic generator v2, seed 20260929",2026-09-28T12:00:00+05:30,"SYNTHETIC demo data (KaushalSetu SIH prototype): fictional entities, team-assumed numbers, not real or official statistics.",true
021bc215-f573-5115-981a-c82351dad36a,a1fb4bee-7e35-5692-ae4b-d9782374bc16,true,WAGE,,c7df5212-ab60-5561-aa36-9acc415e9b5b,21500,2026-08-17,,true,false,Y10,"KaushalSetu synthetic generator v2, seed 20260929",2026-09-28T12:00:00+05:30,"SYNTHETIC demo data (KaushalSetu SIH prototype): fictional entities, team-assumed numbers, not real or official statistics.",true
d8e49bee-9514-547e-a4c3-db20c0d44e92,5a94c5dc-f76f-52cc-ab5f-a2645b0610a1,false,,,,,,,,false,Y10,"KaushalSetu synthetic generator v2, seed 20260929",2026-09-28T12:00:00+05:30,"SYNTHETIC demo data (KaushalSetu SIH prototype): fictional entities, team-assumed numbers, not real or official statistics.",true
d668f930-2019-5a6d-8d01-801e3ff5d603,0087053c-e7ad-5350-b46e-ce9dc3e7cf30,true,WAGE,,c7df5212-ab60-5561-aa36-9acc415e9b5b,19500,2026-09-04,,true,false,Y10,"KaushalSetu synthetic generator v2, seed 20260929",2026-09-28T12:00:00+05:30,"SYNTHETIC demo data (KaushalSetu SIH prototype): fictional entities, team-assumed numbers, not real or official statistics.",true
056b3547-a53a-503e-be5b-8f006ab4c18d,e12c676a-4963-5a9a-96fc-ea3711a7370f,true,WAGE,,c7df5212-ab60-5561-aa36-9acc415e9b5b,15000,2026-09-05,,true,false,Y10,"KaushalSetu synthetic generator v2, seed 20260929",2026-09-28T12:00:00+05:30,"SYNTHETIC demo data (KaushalSetu SIH prototype): fictional entities, team-assumed numbers, not real or official statistics.",true
64073f04-b5d9-56d3-adee-071b15126f0b,beac575a-e68f-5478-a815-8ff7f69baf6e,true,WAGE,,,19000,2026-09-17,,false,false,Y10,"KaushalSetu synthetic generator v2, seed 20260929",2026-09-28T12:00:00+05:30,"SYNTHETIC demo data (KaushalSetu SIH prototype): fictional entities, team-assumed numbers, not real or official statistics.",true
590f7301-4494-57b7-944c-e4f3a0ca7412,7f02adc4-ed93-5080-a19d-21ac111c314a,true,SELF_EMPLOYED,,c7df5212-ab60-5561-aa36-9acc415e9b5b,,2026-08-30,,true,false,Y10,"KaushalSetu synthetic generator v2, seed 20260929",2026-09-28T12:00:00+05:30,"SYNTHETIC demo data (KaushalSetu SIH prototype): fictional entities, team-assumed numbers, not real or official statistics.",true
10d37ee0-e967-5c6a-8dd0-9af41c89223d,08bf84e6-9aea-5e0b-a5a2-94eddfd27759,false,,,,,,,,false,Y10,"KaushalSetu synthetic generator v2, seed 20260929",2026-09-28T12:00:00+05:30,"SYNTHETIC demo data (KaushalSetu SIH prototype): fictional entities, team-assumed numbers, not real or official statistics.",true
627c0f59-d296-5522-a222-8474ae368d67,7174597c-4c83-5c17-91bc-01f9ce8bd308,true,WAGE,,c7df5212-ab60-5561-aa36-9acc415e9b5b,17000,2026-09-10,,true,false,Y10,"KaushalSetu synthetic generator v2, seed 20260929",2026-09-28T12:00:00+05:30,"SYNTHETIC demo data (KaushalSetu SIH prototype): fictional entities, team-assumed numbers, not real or official statistics.",true
96a501ca-2b99-5800-a480-5cc9c173aa00,c0a112c4-a58f-55d0-be01-07c4526cb630,false,,,,,,,,false,Y10,"KaushalSetu synthetic generator v2, seed 20260929",2026-09-28T12:00:00+05:30,"SYNTHETIC demo data (KaushalSetu SIH prototype): fictional entities, team-assumed numbers, not real or official statistics.",true
fc2ae00c-e348-5c16-9986-64637d157b30,c3c1f9a6-641b-593e-b45f-4e58aa0a387d,true,APPRENTICESHIP,,c7df5212-ab60-5561-aa36-9acc415e9b5b,,2026-09-05,,true,false,Y10,"KaushalSetu synthetic generator v2, seed 20260929",2026-09-28T12:00:00+05:30,"SYNTHETIC demo data (KaushalSetu SIH prototype): fictional entities, team-assumed numbers, not real or official statistics.",true
30f7593e-d816-5a2f-b93e-8e9d2eb9806b,eeb2fbc5-da13-5f96-a0ad-00139592dfcc,false,,,,,,,,false,Y10,"KaushalSetu synthetic generator v2, seed 20260929",2026-09-28T12:00:00+05:30,"SYNTHETIC demo data (KaushalSetu SIH prototype): fictional entities, team-assumed numbers, not real or official statistics.",true
388016a1-716f-529b-a317-c7a6d5f47347,c951039c-6722-54f8-96a2-2003a7e9f5db,false,,,,,,,,false,Y10,"KaushalSetu synthetic generator v2, seed 20260929",2026-09-28T12:00:00+05:30,"SYNTHETIC demo data (KaushalSetu SIH prototype): fictional entities, team-assumed numbers, not real or official statistics.",true
6a959180-e487-552f-bc38-3bfd686eb014,5e3f89b8-55e9-5aa0-b25b-f4d9918f1bfc,true,WAGE,,c7df5212-ab60-5561-aa36-9acc415e9b5b,21500,2026-09-10,,true,false,Y10,"KaushalSetu synthetic generator v2, seed 20260929",2026-09-28T12:00:00+05:30,"SYNTHETIC demo data (KaushalSetu SIH prototype): fictional entities, team-assumed numbers, not real or official statistics.",true
90b5db2c-8c40-5855-af5f-ce73ecb0d511,c7d2e687-370c-5241-a339-ec58bdf576f8,true,SELF_EMPLOYED,,608cbacd-5b75-535a-92f4-6a1d0aa606f5,,2025-08-03,true,true,true,Y10,"KaushalSetu synthetic generator v2, seed 20260929",2026-09-28T12:00:00+05:30,"SYNTHETIC demo data (KaushalSetu SIH prototype): fictional entities, team-assumed numbers, not real or official statistics.",true
e241a34b-097b-5522-b764-21b7005d3592,dda88875-c86e-58c1-876a-c5bed2b11e03,true,SELF_EMPLOYED,,608cbacd-5b75-535a-92f4-6a1d0aa606f5,,2025-06-26,true,true,true,Y10,"KaushalSetu synthetic generator v2, seed 20260929",2026-09-28T12:00:00+05:30,"SYNTHETIC demo data (KaushalSetu SIH prototype): fictional entities, team-assumed numbers, not real or official statistics.",true
1b2b3d4a-418a-51ec-886e-9cc01db7575b,748ddd84-4fc3-52ca-ac82-4abe36f7d0d3,false,,,,,,,,true,Y10,"KaushalSetu synthetic generator v2, seed 20260929",2026-09-28T12:00:00+05:30,"SYNTHETIC demo data (KaushalSetu SIH prototype): fictional entities, team-assumed numbers, not real or official statistics.",true
48078839-7ced-5b90-a633-b4545495a409,d04d6aaa-4ba2-5f8f-96f4-a0312a4f5b28,true,WAGE,,,16500,2025-09-01,false,false,true,Y10,"KaushalSetu synthetic generator v2, seed 20260929",2026-09-28T12:00:00+05:30,"SYNTHETIC demo data (KaushalSetu SIH prototype): fictional entities, team-assumed numbers, not real or official statistics.",true
364b6c9b-d63a-570a-bc2a-2e787fc1c086,3d4db33d-3994-52d7-9354-244fe1b83240,true,WAGE,779cbcc5-b042-595e-98de-03c1ff54ac17,608cbacd-5b75-535a-92f4-6a1d0aa606f5,19000,2025-09-29,true,true,true,Y10,"KaushalSetu synthetic generator v2, seed 20260929",2026-09-28T12:00:00+05:30,"SYNTHETIC demo data (KaushalSetu SIH prototype): fictional entities, team-assumed numbers, not real or official statistics.",true
8db67ccf-8def-5c3d-90d2-b1f68ba46417,85a4b312-6c25-5562-a8c1-2ebe145bee59,false,,,,,,,,true,Y10,"KaushalSetu synthetic generator v2, seed 20260929",2026-09-28T12:00:00+05:30,"SYNTHETIC demo data (KaushalSetu SIH prototype): fictional entities, team-assumed numbers, not real or official statistics.",true
f8586a01-67d0-5088-8554-d918a3ac38ed,501bf5cc-c22b-52c4-a3bd-152c3a6a9b5f,true,WAGE,,608cbacd-5b75-535a-92f4-6a1d0aa606f5,13500,2025-03-23,true,true,true,Y10,"KaushalSetu synthetic generator v2, seed 20260929",2026-09-28T12:00:00+05:30,"SYNTHETIC demo data (KaushalSetu SIH prototype): fictional entities, team-assumed numbers, not real or official statistics.",true
84f211fd-0769-5ede-a0e1-85a80feede4d,fb644af7-2f39-5795-83e2-8a2be3f95f2b,true,WAGE,779cbcc5-b042-595e-98de-03c1ff54ac17,608cbacd-5b75-535a-92f4-6a1d0aa606f5,18000,2025-05-16,true,true,true,Y10,"KaushalSetu synthetic generator v2, seed 20260929",2026-09-28T12:00:00+05:30,"SYNTHETIC demo data (KaushalSetu SIH prototype): fictional entities, team-assumed numbers, not real or official statistics.",true
f1668041-0b64-5ff7-bf2a-d4b8d7fef14b,ae272aac-a3ea-5daf-825f-0133e7ee7f8b,false,,,,,,,,true,Y10,"KaushalSetu synthetic generator v2, seed 20260929",2026-09-28T12:00:00+05:30,"SYNTHETIC demo data (KaushalSetu SIH prototype): fictional entities, team-assumed numbers, not real or official statistics.",true
09878167-728e-5483-9659-dcae60a0a269,de1d9910-cb47-5744-a8a1-b46b0112facf,true,WAGE,,,16500,2025-04-08,false,false,true,Y10,"KaushalSetu synthetic generator v2, seed 20260929",2026-09-28T12:00:00+05:30,"SYNTHETIC demo data (KaushalSetu SIH prototype): fictional entities, team-assumed numbers, not real or official statistics.",true
e46de6cf-69ef-5cc8-b83e-35002c83dd87,0092347f-d404-58e8-aed2-bed2eea2614f,true,APPRENTICESHIP,779cbcc5-b042-595e-98de-03c1ff54ac17,608cbacd-5b75-535a-92f4-6a1d0aa606f5,,2025-01-29,true,true,true,Y10,"KaushalSetu synthetic generator v2, seed 20260929",2026-09-28T12:00:00+05:30,"SYNTHETIC demo data (KaushalSetu SIH prototype): fictional entities, team-assumed numbers, not real or official statistics.",true
584d9a3d-e692-5ae3-9714-1e63fafa83c9,fba21ec9-db78-570b-b67e-cf9653cd3030,true,WAGE,,,15000,2025-06-04,true,false,true,Y10,"KaushalSetu synthetic generator v2, seed 20260929",2026-09-28T12:00:00+05:30,"SYNTHETIC demo data (KaushalSetu SIH prototype): fictional entities, team-assumed numbers, not real or official statistics.",true
8a1d2435-6a5a-56c3-b4c8-8d4caaf02822,5543a9af-d06f-5fa4-afdf-b58c023a37a6,false,,,,,,,,true,Y10,"KaushalSetu synthetic generator v2, seed 20260929",2026-09-28T12:00:00+05:30,"SYNTHETIC demo data (KaushalSetu SIH prototype): fictional entities, team-assumed numbers, not real or official statistics.",true
54989284-63c1-5c37-9173-1fd2ca434321,19ad1180-3ed6-52af-ab56-6c297cb1ca44,true,APPRENTICESHIP,779cbcc5-b042-595e-98de-03c1ff54ac17,608cbacd-5b75-535a-92f4-6a1d0aa606f5,,2025-10-10,true,true,true,Y10,"KaushalSetu synthetic generator v2, seed 20260929",2026-09-28T12:00:00+05:30,"SYNTHETIC demo data (KaushalSetu SIH prototype): fictional entities, team-assumed numbers, not real or official statistics.",true
a2145846-46dd-5096-b23b-9a4115e7891a,f5c8c11c-b056-56c8-a7aa-860c5081b33c,true,WAGE,779cbcc5-b042-595e-98de-03c1ff54ac17,608cbacd-5b75-535a-92f4-6a1d0aa606f5,19000,2025-07-22,true,true,true,Y10,"KaushalSetu synthetic generator v2, seed 20260929",2026-09-28T12:00:00+05:30,"SYNTHETIC demo data (KaushalSetu SIH prototype): fictional entities, team-assumed numbers, not real or official statistics.",true
585fad26-c665-59ae-ae79-d350c795f398,03d8c22d-ff42-5085-af95-81a6c149319f,false,,,,,,,,true,Y10,"KaushalSetu synthetic generator v2, seed 20260929",2026-09-28T12:00:00+05:30,"SYNTHETIC demo data (KaushalSetu SIH prototype): fictional entities, team-assumed numbers, not real or official statistics.",true
7a215fde-d2e8-57de-88b1-f2e8df143a4d,a919a0a9-0462-5892-a57e-9e89a1c54edf,false,,,,,,,,true,Y10,"KaushalSetu synthetic generator v2, seed 20260929",2026-09-28T12:00:00+05:30,"SYNTHETIC demo data (KaushalSetu SIH prototype): fictional entities, team-assumed numbers, not real or official statistics.",true
8ea7390a-df73-5123-888b-8208ae54e6b7,f952e785-9b3b-5c91-8baf-143b3758304d,true,WAGE,,608cbacd-5b75-535a-92f4-6a1d0aa606f5,16000,2025-11-03,true,true,true,Y10,"KaushalSetu synthetic generator v2, seed 20260929",2026-09-28T12:00:00+05:30,"SYNTHETIC demo data (KaushalSetu SIH prototype): fictional entities, team-assumed numbers, not real or official statistics.",true
4c41989b-b2cf-5659-bc9b-5ec711fd120a,e3667c7a-b6de-5ab1-b175-09b7bb0c2da0,true,WAGE,,608cbacd-5b75-535a-92f4-6a1d0aa606f5,16500,2025-07-29,false,true,true,Y10,"KaushalSetu synthetic generator v2, seed 20260929",2026-09-28T12:00:00+05:30,"SYNTHETIC demo data (KaushalSetu SIH prototype): fictional entities, team-assumed numbers, not real or official statistics.",true
c41adb97-40b8-5e23-8a04-089bba2ed005,48eacb3c-39c5-5e9b-aedd-97f3754af8c4,true,WAGE,779cbcc5-b042-595e-98de-03c1ff54ac17,608cbacd-5b75-535a-92f4-6a1d0aa606f5,13500,2025-10-25,true,true,true,Y10,"KaushalSetu synthetic generator v2, seed 20260929",2026-09-28T12:00:00+05:30,"SYNTHETIC demo data (KaushalSetu SIH prototype): fictional entities, team-assumed numbers, not real or official statistics.",true
52121eb2-c3cf-5690-8609-c423257d7bf4,6f1e5e17-83b6-5fee-a92f-febac11394d0,true,WAGE,779cbcc5-b042-595e-98de-03c1ff54ac17,608cbacd-5b75-535a-92f4-6a1d0aa606f5,18000,2025-09-06,false,true,true,Y10,"KaushalSetu synthetic generator v2, seed 20260929",2026-09-28T12:00:00+05:30,"SYNTHETIC demo data (KaushalSetu SIH prototype): fictional entities, team-assumed numbers, not real or official statistics.",true
af5d8344-cefa-5f0b-a4da-e48c4b19a210,539bd838-4873-51bc-bce4-39e576c0cccf,true,WAGE,779cbcc5-b042-595e-98de-03c1ff54ac17,608cbacd-5b75-535a-92f4-6a1d0aa606f5,14500,2025-02-04,false,true,true,Y10,"KaushalSetu synthetic generator v2, seed 20260929",2026-09-28T12:00:00+05:30,"SYNTHETIC demo data (KaushalSetu SIH prototype): fictional entities, team-assumed numbers, not real or official statistics.",true
723f9872-b8ef-597a-9db4-b8d2a562fce9,2b5e5ec8-23d0-5d19-b447-a38a6201f901,true,WAGE,,608cbacd-5b75-535a-92f4-6a1d0aa606f5,18000,2025-03-14,true,true,true,Y10,"KaushalSetu synthetic generator v2, seed 20260929",2026-09-28T12:00:00+05:30,"SYNTHETIC demo data (KaushalSetu SIH prototype): fictional entities, team-assumed numbers, not real or official statistics.",true
d3c8b0f6-1c7c-5a1f-9fc8-88a33621ff39,3f387fa8-bf95-5a66-b73c-0e94768173ed,true,WAGE,,608cbacd-5b75-535a-92f4-6a1d0aa606f5,16000,2025-07-15,true,true,true,Y10,"KaushalSetu synthetic generator v2, seed 20260929",2026-09-28T12:00:00+05:30,"SYNTHETIC demo data (KaushalSetu SIH prototype): fictional entities, team-assumed numbers, not real or official statistics.",true
779d722d-9590-544c-89b7-de3dfe95b9b0,2fe2cda1-2a4c-51f8-ac0b-b558b12e2b62,true,WAGE,,608cbacd-5b75-535a-92f4-6a1d0aa606f5,17000,2025-01-22,true,true,true,Y10,"KaushalSetu synthetic generator v2, seed 20260929",2026-09-28T12:00:00+05:30,"SYNTHETIC demo data (KaushalSetu SIH prototype): fictional entities, team-assumed numbers, not real or official statistics.",true
c13ea5ac-b2cb-5672-b58d-c08403638f7e,f44b3987-2d34-5122-8b12-280b96833ec7,true,SELF_EMPLOYED,,608cbacd-5b75-535a-92f4-6a1d0aa606f5,,2025-07-29,false,true,true,Y10,"KaushalSetu synthetic generator v2, seed 20260929",2026-09-28T12:00:00+05:30,"SYNTHETIC demo data (KaushalSetu SIH prototype): fictional entities, team-assumed numbers, not real or official statistics.",true
7ed97152-5f37-5cd9-93a1-b7e271734f47,3182da73-21f2-5269-972d-cdbac920a30b,true,WAGE,,608cbacd-5b75-535a-92f4-6a1d0aa606f5,14000,2025-07-18,false,true,true,Y10,"KaushalSetu synthetic generator v2, seed 20260929",2026-09-28T12:00:00+05:30,"SYNTHETIC demo data (KaushalSetu SIH prototype): fictional entities, team-assumed numbers, not real or official statistics.",true
6307b6bc-f8c6-57d7-a54e-b7e82e2576f3,495e21e8-a8ff-5cf9-a000-9eb572526a83,false,,,,,,,,true,Y10,"KaushalSetu synthetic generator v2, seed 20260929",2026-09-28T12:00:00+05:30,"SYNTHETIC demo data (KaushalSetu SIH prototype): fictional entities, team-assumed numbers, not real or official statistics.",true
5ddc1471-c94a-5da2-bd10-081388f74d90,b4bdeeec-8b53-55f4-8cd6-4e5209edf1a7,true,WAGE,779cbcc5-b042-595e-98de-03c1ff54ac17,608cbacd-5b75-535a-92f4-6a1d0aa606f5,19000,2025-03-17,true,true,true,Y10,"KaushalSetu synthetic generator v2, seed 20260929",2026-09-28T12:00:00+05:30,"SYNTHETIC demo data (KaushalSetu SIH prototype): fictional entities, team-assumed numbers, not real or official statistics.",true
b94a9ca2-a41b-5ab5-89cf-1ec9acfc5a16,95946c8c-19c0-5907-a109-297ffca3cf3f,true,WAGE,,608cbacd-5b75-535a-92f4-6a1d0aa606f5,19500,2025-01-23,true,true,true,Y10,"KaushalSetu synthetic generator v2, seed 20260929",2026-09-28T12:00:00+05:30,"SYNTHETIC demo data (KaushalSetu SIH prototype): fictional entities, team-assumed numbers, not real or official statistics.",true
b5b1715e-2cfb-5c8a-a2c7-5c389cb59c0f,6b8a4c49-f027-5dba-918e-0250eca4fa33,false,,,,,,,,true,Y10,"KaushalSetu synthetic generator v2, seed 20260929",2026-09-28T12:00:00+05:30,"SYNTHETIC demo data (KaushalSetu SIH prototype): fictional entities, team-assumed numbers, not real or official statistics.",true
a3da80aa-0f13-5f75-9862-b02f9f3facbf,70bc7ea3-6ca9-5ddd-80d1-49eaa46180da,false,,,,,,,,true,Y10,"KaushalSetu synthetic generator v2, seed 20260929",2026-09-28T12:00:00+05:30,"SYNTHETIC demo data (KaushalSetu SIH prototype): fictional entities, team-assumed numbers, not real or official statistics.",true
94933701-1e17-5993-a000-853683f2ee42,8234d9d0-e6bf-574f-a0d1-b36e9cf6a59c,false,,,,,,,,true,Y10,"KaushalSetu synthetic generator v2, seed 20260929",2026-09-28T12:00:00+05:30,"SYNTHETIC demo data (KaushalSetu SIH prototype): fictional entities, team-assumed numbers, not real or official statistics.",true
9b2f0db3-8c6f-532e-a138-0b8e33a99cba,f83e900d-3006-5b57-9fbd-f3fe8bc839f9,false,,,,,,,,true,Y10,"KaushalSetu synthetic generator v2, seed 20260929",2026-09-28T12:00:00+05:30,"SYNTHETIC demo data (KaushalSetu SIH prototype): fictional entities, team-assumed numbers, not real or official statistics.",true
00bb661e-055f-5b88-88c7-202a3c3324e9,e7717c00-0c44-5b29-9850-dc32b49931e1,true,WAGE,,608cbacd-5b75-535a-92f4-6a1d0aa606f5,17500,2025-09-04,true,true,true,Y10,"KaushalSetu synthetic generator v2, seed 20260929",2026-09-28T12:00:00+05:30,"SYNTHETIC demo data (KaushalSetu SIH prototype): fictional entities, team-assumed numbers, not real or official statistics.",true
2ba70bc1-e5ff-520a-bfd4-cf67cfd9d585,f4001dba-2eec-5f17-8029-27768d3937b5,false,,,,,,,,true,Y10,"KaushalSetu synthetic generator v2, seed 20260929",2026-09-28T12:00:00+05:30,"SYNTHETIC demo data (KaushalSetu SIH prototype): fictional entities, team-assumed numbers, not real or official statistics.",true
a47436d7-365e-5fb3-b9e3-669d55235d1d,59bd91f5-8d1d-5385-af23-34d76e32166d,true,APPRENTICESHIP,779cbcc5-b042-595e-98de-03c1ff54ac17,608cbacd-5b75-535a-92f4-6a1d0aa606f5,,2025-08-27,true,true,true,Y10,"KaushalSetu synthetic generator v2, seed 20260929",2026-09-28T12:00:00+05:30,"SYNTHETIC demo data (KaushalSetu SIH prototype): fictional entities, team-assumed numbers, not real or official statistics.",true
2570f8c3-3e35-53f2-8593-cc9a256f958e,e1717789-0e04-57fb-9ae6-df8722167f8b,false,,,,,,,,true,Y10,"KaushalSetu synthetic generator v2, seed 20260929",2026-09-28T12:00:00+05:30,"SYNTHETIC demo data (KaushalSetu SIH prototype): fictional entities, team-assumed numbers, not real or official statistics.",true
aa573e67-c8aa-50e3-b189-0bd0c37cf5c2,a53a48da-b263-5a76-9b31-55d8beac4377,true,WAGE,,608cbacd-5b75-535a-92f4-6a1d0aa606f5,16000,2025-07-09,true,true,true,Y10,"KaushalSetu synthetic generator v2, seed 20260929",2026-09-28T12:00:00+05:30,"SYNTHETIC demo data (KaushalSetu SIH prototype): fictional entities, team-assumed numbers, not real or official statistics.",true
c672064b-8057-5192-bee6-0277a74b1da3,82ca07e5-e752-5ac6-910c-cd1bf41edba1,true,WAGE,,,20000,2025-05-03,true,false,true,Y10,"KaushalSetu synthetic generator v2, seed 20260929",2026-09-28T12:00:00+05:30,"SYNTHETIC demo data (KaushalSetu SIH prototype): fictional entities, team-assumed numbers, not real or official statistics.",true
3cb1c43c-2c4f-5be5-9044-0d3d8ce4bffb,82d60e06-28ca-5418-8587-799fe2b0f0dd,true,WAGE,,608cbacd-5b75-535a-92f4-6a1d0aa606f5,17000,2025-05-15,true,true,true,Y10,"KaushalSetu synthetic generator v2, seed 20260929",2026-09-28T12:00:00+05:30,"SYNTHETIC demo data (KaushalSetu SIH prototype): fictional entities, team-assumed numbers, not real or official statistics.",true
cc4ead59-8ecd-519c-9f72-fc35908f38fa,fd6b959c-f717-5926-91b2-ba9cb98449a8,false,,,,,,,,true,Y10,"KaushalSetu synthetic generator v2, seed 20260929",2026-09-28T12:00:00+05:30,"SYNTHETIC demo data (KaushalSetu SIH prototype): fictional entities, team-assumed numbers, not real or official statistics.",true
95bdcfe7-e926-550b-a5c1-6a51312acd17,5ff5285e-07b8-5860-8f35-d5fa63c2a0ed,true,WAGE,,608cbacd-5b75-535a-92f4-6a1d0aa606f5,18500,2025-09-29,true,true,true,Y10,"KaushalSetu synthetic generator v2, seed 20260929",2026-09-28T12:00:00+05:30,"SYNTHETIC demo data (KaushalSetu SIH prototype): fictional entities, team-assumed numbers, not real or official statistics.",true
ea1ed62e-6064-5f29-8330-fc16bad3c2b5,d982cfa4-1bb0-5c6a-9d2f-662d7dd240b8,true,WAGE,,608cbacd-5b75-535a-92f4-6a1d0aa606f5,19500,2025-08-27,true,true,true,Y10,"KaushalSetu synthetic generator v2, seed 20260929",2026-09-28T12:00:00+05:30,"SYNTHETIC demo data (KaushalSetu SIH prototype): fictional entities, team-assumed numbers, not real or official statistics.",true
b5ca93cd-6e79-5701-b8dc-4bf762dc1368,9f069af1-c43d-5800-ac47-e745400b8526,false,,,,,,,,true,Y10,"KaushalSetu synthetic generator v2, seed 20260929",2026-09-28T12:00:00+05:30,"SYNTHETIC demo data (KaushalSetu SIH prototype): fictional entities, team-assumed numbers, not real or official statistics.",true
20c9c9d1-c52a-5d9e-8e10-33ea50ee63ab,b1b871fe-19f7-527b-92e7-137d4a5268e2,false,,,,,,,,true,Y10,"KaushalSetu synthetic generator v2, seed 20260929",2026-09-28T12:00:00+05:30,"SYNTHETIC demo data (KaushalSetu SIH prototype): fictional entities, team-assumed numbers, not real or official statistics.",true
f6dda7be-70ed-571e-b580-e2914329bc0b,a732c935-e799-5048-994b-861370687b3e,true,WAGE,779cbcc5-b042-595e-98de-03c1ff54ac17,608cbacd-5b75-535a-92f4-6a1d0aa606f5,14000,2026-08-05,,true,false,Y10,"KaushalSetu synthetic generator v2, seed 20260929",2026-09-28T12:00:00+05:30,"SYNTHETIC demo data (KaushalSetu SIH prototype): fictional entities, team-assumed numbers, not real or official statistics.",true
918bf181-ce02-5f2c-9dad-6ad994ef9a69,fe7654cb-007e-51b1-b10a-ed1eba1156a8,false,,,,,,,,true,Y10,"KaushalSetu synthetic generator v2, seed 20260929",2026-09-28T12:00:00+05:30,"SYNTHETIC demo data (KaushalSetu SIH prototype): fictional entities, team-assumed numbers, not real or official statistics.",true
80fd010d-c8c6-5cd3-9eba-1fa3f02be5de,a5ea8659-1022-5c96-b360-c87e1f5cd857,false,,,,,,,,true,Y10,"KaushalSetu synthetic generator v2, seed 20260929",2026-09-28T12:00:00+05:30,"SYNTHETIC demo data (KaushalSetu SIH prototype): fictional entities, team-assumed numbers, not real or official statistics.",true
530819eb-ae2f-5e49-bb58-6e3e8f574b08,acc36a71-d34c-5ba6-b547-40fe12003efe,true,WAGE,779cbcc5-b042-595e-98de-03c1ff54ac17,608cbacd-5b75-535a-92f4-6a1d0aa606f5,14500,2026-03-11,true,true,true,Y10,"KaushalSetu synthetic generator v2, seed 20260929",2026-09-28T12:00:00+05:30,"SYNTHETIC demo data (KaushalSetu SIH prototype): fictional entities, team-assumed numbers, not real or official statistics.",true
1c918df5-87e2-5852-9535-3b29554367a4,2bc389e5-b46b-568d-af92-6ec120592282,true,WAGE,779cbcc5-b042-595e-98de-03c1ff54ac17,608cbacd-5b75-535a-92f4-6a1d0aa606f5,15500,2026-07-21,,true,false,Y10,"KaushalSetu synthetic generator v2, seed 20260929",2026-09-28T12:00:00+05:30,"SYNTHETIC demo data (KaushalSetu SIH prototype): fictional entities, team-assumed numbers, not real or official statistics.",true
07a4a40a-de66-537f-a308-e5a4e66d10fa,6f1800f0-1dc3-5ff6-910d-d46fd17e149d,true,WAGE,,608cbacd-5b75-535a-92f4-6a1d0aa606f5,17000,2026-09-06,,true,false,Y10,"KaushalSetu synthetic generator v2, seed 20260929",2026-09-28T12:00:00+05:30,"SYNTHETIC demo data (KaushalSetu SIH prototype): fictional entities, team-assumed numbers, not real or official statistics.",true
8b01b628-914b-5891-abe0-3d0025c674d0,7bae9d99-9cc2-58da-adf1-a5a37889333f,true,WAGE,,608cbacd-5b75-535a-92f4-6a1d0aa606f5,16500,2026-08-21,,true,false,Y10,"KaushalSetu synthetic generator v2, seed 20260929",2026-09-28T12:00:00+05:30,"SYNTHETIC demo data (KaushalSetu SIH prototype): fictional entities, team-assumed numbers, not real or official statistics.",true
28a54356-659e-53f4-993f-3664545561a3,a4c002cb-fc73-5826-881d-981f78dc53c0,false,,,,,,,,true,Y10,"KaushalSetu synthetic generator v2, seed 20260929",2026-09-28T12:00:00+05:30,"SYNTHETIC demo data (KaushalSetu SIH prototype): fictional entities, team-assumed numbers, not real or official statistics.",true
323f1397-9969-57ae-bbb7-498527eccf79,9021ba90-6f76-5e44-a99b-c8f6d7311229,true,SELF_EMPLOYED,,608cbacd-5b75-535a-92f4-6a1d0aa606f5,,2026-03-30,false,true,true,Y10,"KaushalSetu synthetic generator v2, seed 20260929",2026-09-28T12:00:00+05:30,"SYNTHETIC demo data (KaushalSetu SIH prototype): fictional entities, team-assumed numbers, not real or official statistics.",true
91fa6055-9ca3-58e9-a479-24abb16e1c18,3f8f9866-4cb5-5d4d-b6b1-5ccaaef545a1,false,,,,,,,,false,Y10,"KaushalSetu synthetic generator v2, seed 20260929",2026-09-28T12:00:00+05:30,"SYNTHETIC demo data (KaushalSetu SIH prototype): fictional entities, team-assumed numbers, not real or official statistics.",true
68677487-2169-5bb4-aaab-59fedecfeeb8,a9889932-a4f3-5fc9-9659-8eb6afa0d997,true,WAGE,779cbcc5-b042-595e-98de-03c1ff54ac17,608cbacd-5b75-535a-92f4-6a1d0aa606f5,19000,2026-07-07,,true,true,Y10,"KaushalSetu synthetic generator v2, seed 20260929",2026-09-28T12:00:00+05:30,"SYNTHETIC demo data (KaushalSetu SIH prototype): fictional entities, team-assumed numbers, not real or official statistics.",true
26ce6c98-7395-5466-9b75-23fe802620de,d73b7f54-599c-56b8-a166-c9e9941b9120,true,WAGE,,608cbacd-5b75-535a-92f4-6a1d0aa606f5,18500,2026-03-12,true,true,true,Y10,"KaushalSetu synthetic generator v2, seed 20260929",2026-09-28T12:00:00+05:30,"SYNTHETIC demo data (KaushalSetu SIH prototype): fictional entities, team-assumed numbers, not real or official statistics.",true
2ade6859-c417-5099-bcf9-414f3b6ecdf1,f21b473a-789d-52d6-864c-132f23a0fdb7,true,WAGE,,608cbacd-5b75-535a-92f4-6a1d0aa606f5,14500,2026-07-04,,true,false,Y10,"KaushalSetu synthetic generator v2, seed 20260929",2026-09-28T12:00:00+05:30,"SYNTHETIC demo data (KaushalSetu SIH prototype): fictional entities, team-assumed numbers, not real or official statistics.",true
6a17789e-48ce-598e-a67d-be5b4656f0a5,adf4a10e-3c0d-554e-9c5d-2d75b4b8d295,true,WAGE,779cbcc5-b042-595e-98de-03c1ff54ac17,608cbacd-5b75-535a-92f4-6a1d0aa606f5,19500,2026-06-25,,true,true,Y10,"KaushalSetu synthetic generator v2, seed 20260929",2026-09-28T12:00:00+05:30,"SYNTHETIC demo data (KaushalSetu SIH prototype): fictional entities, team-assumed numbers, not real or official statistics.",true
f26bebe4-78d9-57f6-9d66-240d06aaab6b,aa6ad680-925a-508a-8425-1e689e0cf96d,true,APPRENTICESHIP,,,,2026-06-04,,false,true,Y10,"KaushalSetu synthetic generator v2, seed 20260929",2026-09-28T12:00:00+05:30,"SYNTHETIC demo data (KaushalSetu SIH prototype): fictional entities, team-assumed numbers, not real or official statistics.",true
63a403a9-05ac-56df-8533-c92812ab4603,413ca878-76e3-5fbe-afe2-401d21aa046a,true,SELF_EMPLOYED,,608cbacd-5b75-535a-92f4-6a1d0aa606f5,,2026-06-16,,true,false,Y10,"KaushalSetu synthetic generator v2, seed 20260929",2026-09-28T12:00:00+05:30,"SYNTHETIC demo data (KaushalSetu SIH prototype): fictional entities, team-assumed numbers, not real or official statistics.",true
1c7dd7e2-121f-5698-b9cf-fbc12e36024c,795b70fd-40af-50bf-a10a-17d6a82b8632,true,WAGE,,608cbacd-5b75-535a-92f4-6a1d0aa606f5,14000,2026-04-20,,true,true,Y10,"KaushalSetu synthetic generator v2, seed 20260929",2026-09-28T12:00:00+05:30,"SYNTHETIC demo data (KaushalSetu SIH prototype): fictional entities, team-assumed numbers, not real or official statistics.",true
8b5a8545-d090-5bb5-94be-f16e6178a0d8,5da8697f-7cd9-5f42-bd82-ccd9e7b8c1b0,false,,,,,,,,false,Y10,"KaushalSetu synthetic generator v2, seed 20260929",2026-09-28T12:00:00+05:30,"SYNTHETIC demo data (KaushalSetu SIH prototype): fictional entities, team-assumed numbers, not real or official statistics.",true
98bcdcaf-73a3-571e-8b0b-176cda2b1c16,1903370c-958d-594e-aba0-79dc5b13cea7,false,,,,,,,,true,Y10,"KaushalSetu synthetic generator v2, seed 20260929",2026-09-28T12:00:00+05:30,"SYNTHETIC demo data (KaushalSetu SIH prototype): fictional entities, team-assumed numbers, not real or official statistics.",true
a6a0f317-cf9c-5415-a173-4898b9c441ad,a83ddf2d-5e29-557a-88a0-d7c70785c333,true,WAGE,779cbcc5-b042-595e-98de-03c1ff54ac17,608cbacd-5b75-535a-92f4-6a1d0aa606f5,18500,2026-07-04,,true,false,Y10,"KaushalSetu synthetic generator v2, seed 20260929",2026-09-28T12:00:00+05:30,"SYNTHETIC demo data (KaushalSetu SIH prototype): fictional entities, team-assumed numbers, not real or official statistics.",true
41b80d4d-1511-5848-a1b0-3c0bbafe3cb3,cf4a457e-3d95-575d-8d90-d69ecf5bc660,true,WAGE,779cbcc5-b042-595e-98de-03c1ff54ac17,608cbacd-5b75-535a-92f4-6a1d0aa606f5,17500,2026-06-09,,true,false,Y10,"KaushalSetu synthetic generator v2, seed 20260929",2026-09-28T12:00:00+05:30,"SYNTHETIC demo data (KaushalSetu SIH prototype): fictional entities, team-assumed numbers, not real or official statistics.",true
ea3a7e54-c272-56df-8e8e-60d4cd7105d2,03cd270a-c644-598c-9497-2d3c35f65d0b,true,WAGE,,608cbacd-5b75-535a-92f4-6a1d0aa606f5,17500,2026-08-24,,true,false,Y10,"KaushalSetu synthetic generator v2, seed 20260929",2026-09-28T12:00:00+05:30,"SYNTHETIC demo data (KaushalSetu SIH prototype): fictional entities, team-assumed numbers, not real or official statistics.",true
efee63f4-2d9d-59cd-841b-19c4e5291b61,cf70f403-2af5-5a45-a142-26c32043b681,true,WAGE,,608cbacd-5b75-535a-92f4-6a1d0aa606f5,15500,2026-06-21,,true,false,Y10,"KaushalSetu synthetic generator v2, seed 20260929",2026-09-28T12:00:00+05:30,"SYNTHETIC demo data (KaushalSetu SIH prototype): fictional entities, team-assumed numbers, not real or official statistics.",true
7741c4fe-dc62-5f8d-a86c-db17bce66787,3ecd6ffb-5a34-58ad-ad49-4b88b3d5d4af,true,WAGE,,,14500,2026-06-03,,false,true,Y10,"KaushalSetu synthetic generator v2, seed 20260929",2026-09-28T12:00:00+05:30,"SYNTHETIC demo data (KaushalSetu SIH prototype): fictional entities, team-assumed numbers, not real or official statistics.",true
274d5999-16ba-5a2f-ab5c-472cdc7ff7a1,2e6638bf-870e-50d2-aeb2-f0bfb05463cb,true,APPRENTICESHIP,,608cbacd-5b75-535a-92f4-6a1d0aa606f5,,2026-02-22,false,true,true,Y10,"KaushalSetu synthetic generator v2, seed 20260929",2026-09-28T12:00:00+05:30,"SYNTHETIC demo data (KaushalSetu SIH prototype): fictional entities, team-assumed numbers, not real or official statistics.",true
320fd514-ce15-5f6e-8ec7-38ee97f6892b,4c148a23-bfc7-5913-a2b2-6be5ebb57aec,false,,,,,,,,true,Y10,"KaushalSetu synthetic generator v2, seed 20260929",2026-09-28T12:00:00+05:30,"SYNTHETIC demo data (KaushalSetu SIH prototype): fictional entities, team-assumed numbers, not real or official statistics.",true
d6625280-92a1-5db0-8397-f6c4147de979,2dd34060-3201-5577-ba9f-afdb26535e54,false,,,,,,,,true,Y10,"KaushalSetu synthetic generator v2, seed 20260929",2026-09-28T12:00:00+05:30,"SYNTHETIC demo data (KaushalSetu SIH prototype): fictional entities, team-assumed numbers, not real or official statistics.",true
ab59fc8c-0714-56c0-b6bd-bd96c24db342,973ea23e-94d9-5527-a3bf-82edd4515060,true,WAGE,,608cbacd-5b75-535a-92f4-6a1d0aa606f5,17000,2026-07-30,,true,true,Y10,"KaushalSetu synthetic generator v2, seed 20260929",2026-09-28T12:00:00+05:30,"SYNTHETIC demo data (KaushalSetu SIH prototype): fictional entities, team-assumed numbers, not real or official statistics.",true
98ee4afb-2f7d-575b-a34c-c6c212c079e1,6539afe2-bb5e-5988-a409-1a32326c3c71,false,,,,,,,,true,Y10,"KaushalSetu synthetic generator v2, seed 20260929",2026-09-28T12:00:00+05:30,"SYNTHETIC demo data (KaushalSetu SIH prototype): fictional entities, team-assumed numbers, not real or official statistics.",true
5df0265a-2b71-52b9-b504-463be04ded43,ec34e2dc-1b56-5bfe-8bdd-d85fd3d3e4b9,false,,,,,,,,true,Y10,"KaushalSetu synthetic generator v2, seed 20260929",2026-09-28T12:00:00+05:30,"SYNTHETIC demo data (KaushalSetu SIH prototype): fictional entities, team-assumed numbers, not real or official statistics.",true
cf78aeeb-f59e-5d18-918f-2ffe5a693687,883bb5f5-41f3-562f-b49b-fdea9fc38da0,true,WAGE,,,15000,2026-09-05,,false,false,Y10,"KaushalSetu synthetic generator v2, seed 20260929",2026-09-28T12:00:00+05:30,"SYNTHETIC demo data (KaushalSetu SIH prototype): fictional entities, team-assumed numbers, not real or official statistics.",true
5b1b2646-c644-575c-a89d-cf2c0103e01d,5313e64b-7c7b-5b4e-883f-26864dfe1585,true,WAGE,,608cbacd-5b75-535a-92f4-6a1d0aa606f5,14000,2026-02-23,true,true,true,Y10,"KaushalSetu synthetic generator v2, seed 20260929",2026-09-28T12:00:00+05:30,"SYNTHETIC demo data (KaushalSetu SIH prototype): fictional entities, team-assumed numbers, not real or official statistics.",true
98dfbb93-e769-5917-bbc6-f607067923a8,474fa58a-7288-5b2c-b11e-842ed6d517c4,true,WAGE,,,16500,2026-07-18,,false,false,Y10,"KaushalSetu synthetic generator v2, seed 20260929",2026-09-28T12:00:00+05:30,"SYNTHETIC demo data (KaushalSetu SIH prototype): fictional entities, team-assumed numbers, not real or official statistics.",true
e21d90bc-ab9e-5328-b875-51dd1369484c,aa4c6821-98c6-53d6-8bfa-0733aeffbcbb,false,,,,,,,,false,Y10,"KaushalSetu synthetic generator v2, seed 20260929",2026-09-28T12:00:00+05:30,"SYNTHETIC demo data (KaushalSetu SIH prototype): fictional entities, team-assumed numbers, not real or official statistics.",true
3370e362-912f-5586-a690-711b626874b7,90d9e6af-f9ca-5704-b20e-2ffa1300e372,true,SELF_EMPLOYED,,608cbacd-5b75-535a-92f4-6a1d0aa606f5,,2026-07-18,,true,false,Y10,"KaushalSetu synthetic generator v2, seed 20260929",2026-09-28T12:00:00+05:30,"SYNTHETIC demo data (KaushalSetu SIH prototype): fictional entities, team-assumed numbers, not real or official statistics.",true
555860ee-d63d-5f69-bcb6-6e252d73a2a1,600869c2-08bf-5fdb-8210-a63a62d77fea,false,,,,,,,,true,Y10,"KaushalSetu synthetic generator v2, seed 20260929",2026-09-28T12:00:00+05:30,"SYNTHETIC demo data (KaushalSetu SIH prototype): fictional entities, team-assumed numbers, not real or official statistics.",true
9550b3b6-0fc8-586e-9333-50e435157abd,e3bd7ad6-85d5-5161-90aa-138f68d148d0,true,WAGE,,608cbacd-5b75-535a-92f4-6a1d0aa606f5,15500,2026-05-29,,true,true,Y10,"KaushalSetu synthetic generator v2, seed 20260929",2026-09-28T12:00:00+05:30,"SYNTHETIC demo data (KaushalSetu SIH prototype): fictional entities, team-assumed numbers, not real or official statistics.",true
df71941e-037c-5e2d-a0c5-71edc8916e07,886fb3a7-1c35-5233-aa1f-efd792adf057,true,WAGE,,608cbacd-5b75-535a-92f4-6a1d0aa606f5,13500,2025-12-30,true,true,true,Y10,"KaushalSetu synthetic generator v2, seed 20260929",2026-09-28T12:00:00+05:30,"SYNTHETIC demo data (KaushalSetu SIH prototype): fictional entities, team-assumed numbers, not real or official statistics.",true
b97b9447-d5f6-50fa-9b2c-166c74660aa4,8426b1af-872b-5cfa-993c-3eaa68f1f2ed,true,WAGE,,608cbacd-5b75-535a-92f4-6a1d0aa606f5,13500,2026-08-24,,true,false,Y10,"KaushalSetu synthetic generator v2, seed 20260929",2026-09-28T12:00:00+05:30,"SYNTHETIC demo data (KaushalSetu SIH prototype): fictional entities, team-assumed numbers, not real or official statistics.",true
2419d67a-b3ce-5c23-aa8d-067d3733dd37,88fe1ca4-f7fa-5c81-a4e8-53225a78e7e2,true,WAGE,,,17000,2026-08-26,,false,false,Y10,"KaushalSetu synthetic generator v2, seed 20260929",2026-09-28T12:00:00+05:30,"SYNTHETIC demo data (KaushalSetu SIH prototype): fictional entities, team-assumed numbers, not real or official statistics.",true
5d6889b2-6d0c-5444-984d-6cfca8dd2f8e,46c7adc4-84e4-50b2-b6c6-6ce053579471,true,WAGE,,608cbacd-5b75-535a-92f4-6a1d0aa606f5,19500,2026-04-13,,true,true,Y10,"KaushalSetu synthetic generator v2, seed 20260929",2026-09-28T12:00:00+05:30,"SYNTHETIC demo data (KaushalSetu SIH prototype): fictional entities, team-assumed numbers, not real or official statistics.",true
152b6b43-08d9-5518-83d5-1bbbb29c4c4c,dbf36681-7aa6-5bd1-8e0b-63743e69e8fe,true,WAGE,,608cbacd-5b75-535a-92f4-6a1d0aa606f5,16000,2026-03-23,true,true,true,Y10,"KaushalSetu synthetic generator v2, seed 20260929",2026-09-28T12:00:00+05:30,"SYNTHETIC demo data (KaushalSetu SIH prototype): fictional entities, team-assumed numbers, not real or official statistics.",true
dd336d87-538c-5631-bd64-e23aaad89fae,c1955600-8d53-5e45-b224-70d167076bc4,true,WAGE,,608cbacd-5b75-535a-92f4-6a1d0aa606f5,15000,2026-07-27,,true,false,Y10,"KaushalSetu synthetic generator v2, seed 20260929",2026-09-28T12:00:00+05:30,"SYNTHETIC demo data (KaushalSetu SIH prototype): fictional entities, team-assumed numbers, not real or official statistics.",true
d671fb55-9042-568e-af8b-75a53ca17de5,c0137ed2-0c85-5d32-9faa-1aa7f28b37ef,false,,,,,,,,false,Y10,"KaushalSetu synthetic generator v2, seed 20260929",2026-09-28T12:00:00+05:30,"SYNTHETIC demo data (KaushalSetu SIH prototype): fictional entities, team-assumed numbers, not real or official statistics.",true
b3fcc80e-8978-5536-8140-6a013a4568d9,d68c9d80-53e7-58aa-b433-303a6a5b0000,false,,,,,,,,true,Y10,"KaushalSetu synthetic generator v2, seed 20260929",2026-09-28T12:00:00+05:30,"SYNTHETIC demo data (KaushalSetu SIH prototype): fictional entities, team-assumed numbers, not real or official statistics.",true
c6f9d57f-0ae8-5a89-a5f4-17eb4c2ef893,1d76568f-a296-50e4-a741-b8e3eb9ee5f7,true,WAGE,,608cbacd-5b75-535a-92f4-6a1d0aa606f5,13500,2026-03-18,true,true,true,Y10,"KaushalSetu synthetic generator v2, seed 20260929",2026-09-28T12:00:00+05:30,"SYNTHETIC demo data (KaushalSetu SIH prototype): fictional entities, team-assumed numbers, not real or official statistics.",true
e4bf8486-581e-5288-acb6-7a5ec88166e6,a21e1dff-0698-50f1-8688-00a13969e405,true,APPRENTICESHIP,,608cbacd-5b75-535a-92f4-6a1d0aa606f5,,2026-08-06,,true,false,Y10,"KaushalSetu synthetic generator v2, seed 20260929",2026-09-28T12:00:00+05:30,"SYNTHETIC demo data (KaushalSetu SIH prototype): fictional entities, team-assumed numbers, not real or official statistics.",true
9e34e44e-7fc8-5ede-a6c5-94d3f8de3cf2,a0ed2df8-3d0b-5fd6-8fce-4675ec266d59,false,,,,,,,,true,Y10,"KaushalSetu synthetic generator v2, seed 20260929",2026-09-28T12:00:00+05:30,"SYNTHETIC demo data (KaushalSetu SIH prototype): fictional entities, team-assumed numbers, not real or official statistics.",true
4932996e-8f30-5d4b-9815-014463173cf4,017b7c67-def1-5bb5-9539-2e78c87569bb,false,,,,,,,,true,Y10,"KaushalSetu synthetic generator v2, seed 20260929",2026-09-28T12:00:00+05:30,"SYNTHETIC demo data (KaushalSetu SIH prototype): fictional entities, team-assumed numbers, not real or official statistics.",true
ede4f1d0-b8ec-5017-a81b-1403c8c260cc,76b51bce-58ae-59a2-a399-252d09aaa607,false,,,,,,,,true,Y10,"KaushalSetu synthetic generator v2, seed 20260929",2026-09-28T12:00:00+05:30,"SYNTHETIC demo data (KaushalSetu SIH prototype): fictional entities, team-assumed numbers, not real or official statistics.",true
76a33f13-20f1-5b51-90c7-b2ae6148d430,683a2669-283c-5d22-aa05-20e12f1d5707,false,,,,,,,,true,Y10,"KaushalSetu synthetic generator v2, seed 20260929",2026-09-28T12:00:00+05:30,"SYNTHETIC demo data (KaushalSetu SIH prototype): fictional entities, team-assumed numbers, not real or official statistics.",true
a2cb60c0-3463-5dea-bf1c-2837f8329723,dcaf2e6a-c3ed-538d-9c68-edf21a9b07f6,true,WAGE,01013bf4-3540-5578-ae29-98db727de7bb,c7df5212-ab60-5561-aa36-9acc415e9b5b,18000,2025-12-12,true,true,true,Y10,"KaushalSetu synthetic generator v2, seed 20260929",2026-09-28T12:00:00+05:30,"SYNTHETIC demo data (KaushalSetu SIH prototype): fictional entities, team-assumed numbers, not real or official statistics.",true
2560544a-f84c-541a-a281-c55efed8c7a1,f774a8df-8f10-54ea-a4bb-4d9e14fc7b07,false,,,,,,,,true,Y10,"KaushalSetu synthetic generator v2, seed 20260929",2026-09-28T12:00:00+05:30,"SYNTHETIC demo data (KaushalSetu SIH prototype): fictional entities, team-assumed numbers, not real or official statistics.",true
b35b816e-5756-53fb-ac34-bb1c0f7373b1,920728df-e4cc-5b5d-8641-932adb61e8db,true,WAGE,,c7df5212-ab60-5561-aa36-9acc415e9b5b,19000,2025-10-04,true,true,true,Y10,"KaushalSetu synthetic generator v2, seed 20260929",2026-09-28T12:00:00+05:30,"SYNTHETIC demo data (KaushalSetu SIH prototype): fictional entities, team-assumed numbers, not real or official statistics.",true
c9bb2d8e-a8c5-543c-94c6-bd57af95b343,86e898ae-171f-5713-9eab-d0568d432017,true,APPRENTICESHIP,01013bf4-3540-5578-ae29-98db727de7bb,c7df5212-ab60-5561-aa36-9acc415e9b5b,,2025-10-22,true,true,true,Y10,"KaushalSetu synthetic generator v2, seed 20260929",2026-09-28T12:00:00+05:30,"SYNTHETIC demo data (KaushalSetu SIH prototype): fictional entities, team-assumed numbers, not real or official statistics.",true
62387725-38ea-5067-818b-4eb6f67e0914,8d202199-9431-5d42-a462-f8d74ba11f0d,true,WAGE,,,18000,2025-09-07,true,false,true,Y10,"KaushalSetu synthetic generator v2, seed 20260929",2026-09-28T12:00:00+05:30,"SYNTHETIC demo data (KaushalSetu SIH prototype): fictional entities, team-assumed numbers, not real or official statistics.",true
5ff17daa-c37d-592d-a80b-5a66f373d434,e2a48915-4bf5-5004-9e62-6f9ec6cd010f,true,WAGE,01013bf4-3540-5578-ae29-98db727de7bb,c7df5212-ab60-5561-aa36-9acc415e9b5b,14500,2025-08-02,true,true,true,Y10,"KaushalSetu synthetic generator v2, seed 20260929",2026-09-28T12:00:00+05:30,"SYNTHETIC demo data (KaushalSetu SIH prototype): fictional entities, team-assumed numbers, not real or official statistics.",true
8b4ea811-fafb-5be5-a987-7df5e93eed13,68a1dfa3-34bf-5201-b7e5-0d15fa3b11b2,false,,,,,,,,true,Y10,"KaushalSetu synthetic generator v2, seed 20260929",2026-09-28T12:00:00+05:30,"SYNTHETIC demo data (KaushalSetu SIH prototype): fictional entities, team-assumed numbers, not real or official statistics.",true
c1a73223-a879-562a-bf60-eea72f3dc8ce,c8feaf1f-2e3a-55d1-86d2-beb82975d387,true,SELF_EMPLOYED,,c7df5212-ab60-5561-aa36-9acc415e9b5b,,2025-08-31,false,true,true,Y10,"KaushalSetu synthetic generator v2, seed 20260929",2026-09-28T12:00:00+05:30,"SYNTHETIC demo data (KaushalSetu SIH prototype): fictional entities, team-assumed numbers, not real or official statistics.",true
bfb9f87d-9f88-581f-a082-83f021afca42,d429dbd6-8070-566b-97d6-b4196c031b45,false,,,,,,,,true,Y10,"KaushalSetu synthetic generator v2, seed 20260929",2026-09-28T12:00:00+05:30,"SYNTHETIC demo data (KaushalSetu SIH prototype): fictional entities, team-assumed numbers, not real or official statistics.",true
92d7220c-c101-5d85-82ae-1cda5f395a5a,8463c551-5578-55cf-b49a-14d0d19b6e04,false,,,,,,,,true,Y10,"KaushalSetu synthetic generator v2, seed 20260929",2026-09-28T12:00:00+05:30,"SYNTHETIC demo data (KaushalSetu SIH prototype): fictional entities, team-assumed numbers, not real or official statistics.",true
d14caba1-bdf2-5631-96a0-45e7d0620ec2,fa91be8c-22fe-5758-a6c9-26ee2dce6029,false,,,,,,,,true,Y10,"KaushalSetu synthetic generator v2, seed 20260929",2026-09-28T12:00:00+05:30,"SYNTHETIC demo data (KaushalSetu SIH prototype): fictional entities, team-assumed numbers, not real or official statistics.",true
2c276be0-936b-5647-8f3c-2619641e7a57,35cebcc8-a3ea-533c-8449-0e7161279440,false,,,,,,,,true,Y10,"KaushalSetu synthetic generator v2, seed 20260929",2026-09-28T12:00:00+05:30,"SYNTHETIC demo data (KaushalSetu SIH prototype): fictional entities, team-assumed numbers, not real or official statistics.",true
618fff8c-8b20-5f8d-8d66-b2cc1303cfad,2435e163-a98c-5ae1-bc61-e425abdefcee,true,WAGE,01013bf4-3540-5578-ae29-98db727de7bb,c7df5212-ab60-5561-aa36-9acc415e9b5b,15500,2025-11-06,false,true,true,Y10,"KaushalSetu synthetic generator v2, seed 20260929",2026-09-28T12:00:00+05:30,"SYNTHETIC demo data (KaushalSetu SIH prototype): fictional entities, team-assumed numbers, not real or official statistics.",true
9365e0df-b12b-5278-a0a9-6b3b91dcec03,abc1bcda-2ff3-5e49-a96e-ae1e2424df5b,true,WAGE,01013bf4-3540-5578-ae29-98db727de7bb,c7df5212-ab60-5561-aa36-9acc415e9b5b,17500,2025-09-08,true,true,true,Y10,"KaushalSetu synthetic generator v2, seed 20260929",2026-09-28T12:00:00+05:30,"SYNTHETIC demo data (KaushalSetu SIH prototype): fictional entities, team-assumed numbers, not real or official statistics.",true
ffa1eaa2-a104-5286-9c3b-cab894e0a6f6,c1219ae6-6c7f-546b-87df-882618fad75e,true,WAGE,01013bf4-3540-5578-ae29-98db727de7bb,c7df5212-ab60-5561-aa36-9acc415e9b5b,13000,2025-12-13,true,true,true,Y10,"KaushalSetu synthetic generator v2, seed 20260929",2026-09-28T12:00:00+05:30,"SYNTHETIC demo data (KaushalSetu SIH prototype): fictional entities, team-assumed numbers, not real or official statistics.",true
cc3ecafa-dc07-5942-899d-67a0a38039bf,ba746a23-108f-5c4e-8942-c1c31c533874,false,,,,,,,,true,Y10,"KaushalSetu synthetic generator v2, seed 20260929",2026-09-28T12:00:00+05:30,"SYNTHETIC demo data (KaushalSetu SIH prototype): fictional entities, team-assumed numbers, not real or official statistics.",true
221d40e4-1c12-5658-a78e-aabf389d26ba,71efaf41-617d-56f1-814a-3b1a76052304,true,WAGE,,c7df5212-ab60-5561-aa36-9acc415e9b5b,17000,2025-10-28,true,true,true,Y10,"KaushalSetu synthetic generator v2, seed 20260929",2026-09-28T12:00:00+05:30,"SYNTHETIC demo data (KaushalSetu SIH prototype): fictional entities, team-assumed numbers, not real or official statistics.",true
e3621baf-898f-51ce-a7e3-540b666bbfe9,ed8fa045-f48f-5f77-86b7-88945f9f60cb,true,WAGE,,c7df5212-ab60-5561-aa36-9acc415e9b5b,16500,2025-08-23,true,true,true,Y10,"KaushalSetu synthetic generator v2, seed 20260929",2026-09-28T12:00:00+05:30,"SYNTHETIC demo data (KaushalSetu SIH prototype): fictional entities, team-assumed numbers, not real or official statistics.",true
f5ecf492-818c-5c9b-9f21-555409446d97,1356aa95-c773-559f-a32e-2b0bc5effa44,true,SELF_EMPLOYED,,c7df5212-ab60-5561-aa36-9acc415e9b5b,,2025-08-21,true,true,true,Y10,"KaushalSetu synthetic generator v2, seed 20260929",2026-09-28T12:00:00+05:30,"SYNTHETIC demo data (KaushalSetu SIH prototype): fictional entities, team-assumed numbers, not real or official statistics.",true
046b3840-3daa-5574-b7e5-9556a5e6169e,001d4811-5f4d-549a-8428-5ec293804c03,false,,,,,,,,true,Y10,"KaushalSetu synthetic generator v2, seed 20260929",2026-09-28T12:00:00+05:30,"SYNTHETIC demo data (KaushalSetu SIH prototype): fictional entities, team-assumed numbers, not real or official statistics.",true
e036fcf6-28b6-5dde-9b33-ff33e0f76849,ebd2fba6-196f-5a40-8353-39cb338950ab,true,WAGE,,c7df5212-ab60-5561-aa36-9acc415e9b5b,16000,2025-08-20,false,true,true,Y10,"KaushalSetu synthetic generator v2, seed 20260929",2026-09-28T12:00:00+05:30,"SYNTHETIC demo data (KaushalSetu SIH prototype): fictional entities, team-assumed numbers, not real or official statistics.",true
0e4488e9-060e-5476-a094-346c42cd4d11,dd2c2c98-7e93-5c11-a037-eb204968c75e,false,,,,,,,,true,Y10,"KaushalSetu synthetic generator v2, seed 20260929",2026-09-28T12:00:00+05:30,"SYNTHETIC demo data (KaushalSetu SIH prototype): fictional entities, team-assumed numbers, not real or official statistics.",true
3cfdf472-a4d8-59a5-85ed-c2ee1fa075f0,20ef17a1-ebf4-57c3-bdba-ad4661e97254,false,,,,,,,,true,Y10,"KaushalSetu synthetic generator v2, seed 20260929",2026-09-28T12:00:00+05:30,"SYNTHETIC demo data (KaushalSetu SIH prototype): fictional entities, team-assumed numbers, not real or official statistics.",true
3b5dda14-d351-5cf0-bcbe-0d8d9fe84a2c,889a0fa5-2f86-5b28-8899-b19de96a67cf,false,,,,,,,,true,Y10,"KaushalSetu synthetic generator v2, seed 20260929",2026-09-28T12:00:00+05:30,"SYNTHETIC demo data (KaushalSetu SIH prototype): fictional entities, team-assumed numbers, not real or official statistics.",true
3a02056f-4d29-5aaa-b8cb-627249ebbe54,cdb76fe7-ec71-5afa-a06e-b35df22910d0,false,,,,,,,,true,Y10,"KaushalSetu synthetic generator v2, seed 20260929",2026-09-28T12:00:00+05:30,"SYNTHETIC demo data (KaushalSetu SIH prototype): fictional entities, team-assumed numbers, not real or official statistics.",true
3d9395dd-d710-5615-a399-12bb06f1ceaa,c93cc09e-10fe-5353-9124-0b984d126aa2,false,,,,,,,,true,Y10,"KaushalSetu synthetic generator v2, seed 20260929",2026-09-28T12:00:00+05:30,"SYNTHETIC demo data (KaushalSetu SIH prototype): fictional entities, team-assumed numbers, not real or official statistics.",true
fdb791e6-6e1b-5e1a-a0c5-1706d92b393f,1e05edf8-da4b-5b35-a9d8-35d561fd6068,true,WAGE,,,16000,2025-08-16,true,false,true,Y10,"KaushalSetu synthetic generator v2, seed 20260929",2026-09-28T12:00:00+05:30,"SYNTHETIC demo data (KaushalSetu SIH prototype): fictional entities, team-assumed numbers, not real or official statistics.",true
2512936e-7977-5d62-8c01-61c3a2d53edf,af254927-274b-55c0-b42c-33cee8c527fd,false,,,,,,,,true,Y10,"KaushalSetu synthetic generator v2, seed 20260929",2026-09-28T12:00:00+05:30,"SYNTHETIC demo data (KaushalSetu SIH prototype): fictional entities, team-assumed numbers, not real or official statistics.",true
54c7fa98-fb4e-55f4-ad74-cec42d811f7b,cc2f17be-7582-544b-8ba0-c43a7bbee7c6,false,,,,,,,,true,Y10,"KaushalSetu synthetic generator v2, seed 20260929",2026-09-28T12:00:00+05:30,"SYNTHETIC demo data (KaushalSetu SIH prototype): fictional entities, team-assumed numbers, not real or official statistics.",true
0e63c776-ca5a-59e6-be64-7f355c0f1d6b,7d00a294-52f9-5eb5-8083-31560b73d334,true,WAGE,,,16000,2025-12-18,true,false,true,Y10,"KaushalSetu synthetic generator v2, seed 20260929",2026-09-28T12:00:00+05:30,"SYNTHETIC demo data (KaushalSetu SIH prototype): fictional entities, team-assumed numbers, not real or official statistics.",true
d05343a6-22e3-51bb-954d-d427b1180b85,aabe262b-fd5f-5fb1-bf73-6868da3850a9,false,,,,,,,,true,Y10,"KaushalSetu synthetic generator v2, seed 20260929",2026-09-28T12:00:00+05:30,"SYNTHETIC demo data (KaushalSetu SIH prototype): fictional entities, team-assumed numbers, not real or official statistics.",true
fa57b9ee-a46a-5c01-9961-4354677eba19,b7b45c65-cf32-5824-977b-d5fff4ed0f18,true,SELF_EMPLOYED,,c7df5212-ab60-5561-aa36-9acc415e9b5b,,2025-11-20,true,true,true,Y10,"KaushalSetu synthetic generator v2, seed 20260929",2026-09-28T12:00:00+05:30,"SYNTHETIC demo data (KaushalSetu SIH prototype): fictional entities, team-assumed numbers, not real or official statistics.",true
4369fe36-c94b-5825-8718-0c0f258ba659,30387060-6a88-5bd6-86f8-fb3b999c8943,true,WAGE,,c7df5212-ab60-5561-aa36-9acc415e9b5b,14500,2025-12-21,true,true,true,Y10,"KaushalSetu synthetic generator v2, seed 20260929",2026-09-28T12:00:00+05:30,"SYNTHETIC demo data (KaushalSetu SIH prototype): fictional entities, team-assumed numbers, not real or official statistics.",true
d396bb4c-4892-5bac-8a1e-5d84e7fb307b,8b295153-7b3b-5f0a-ad2a-a1f3beeb82b2,true,WAGE,,c7df5212-ab60-5561-aa36-9acc415e9b5b,17000,2025-10-24,false,true,true,Y10,"KaushalSetu synthetic generator v2, seed 20260929",2026-09-28T12:00:00+05:30,"SYNTHETIC demo data (KaushalSetu SIH prototype): fictional entities, team-assumed numbers, not real or official statistics.",true
20fbeb7a-1307-507e-afd5-7c5339762dc4,db36a1a0-fb61-5ab5-98b8-fd77bcf2a915,true,WAGE,,c7df5212-ab60-5561-aa36-9acc415e9b5b,18000,2025-10-27,true,true,true,Y10,"KaushalSetu synthetic generator v2, seed 20260929",2026-09-28T12:00:00+05:30,"SYNTHETIC demo data (KaushalSetu SIH prototype): fictional entities, team-assumed numbers, not real or official statistics.",true
5e68755b-d2d2-5f8c-908d-71036767797c,7fbdc656-a72e-58a4-8fd6-d42403397608,false,,,,,,,,true,Y10,"KaushalSetu synthetic generator v2, seed 20260929",2026-09-28T12:00:00+05:30,"SYNTHETIC demo data (KaushalSetu SIH prototype): fictional entities, team-assumed numbers, not real or official statistics.",true
bfa47aa2-6af2-5954-bf47-94c491a80898,8f56a318-e7cc-5fee-8aec-a4aa6d388338,true,WAGE,,c7df5212-ab60-5561-aa36-9acc415e9b5b,14000,2025-10-25,true,true,true,Y10,"KaushalSetu synthetic generator v2, seed 20260929",2026-09-28T12:00:00+05:30,"SYNTHETIC demo data (KaushalSetu SIH prototype): fictional entities, team-assumed numbers, not real or official statistics.",true
c032436c-69c5-5801-9d44-e4c6ec0ae25d,3dfd06f7-f3aa-59e4-974c-e9a7beb2384e,true,WAGE,,c7df5212-ab60-5561-aa36-9acc415e9b5b,17000,2025-11-28,true,true,true,Y10,"KaushalSetu synthetic generator v2, seed 20260929",2026-09-28T12:00:00+05:30,"SYNTHETIC demo data (KaushalSetu SIH prototype): fictional entities, team-assumed numbers, not real or official statistics.",true
cf0c8a75-993f-5f30-9d5b-0a1dc20e5439,1e5b09da-5019-5991-ab8e-621cebd41bf9,true,WAGE,,,18500,2025-12-27,true,false,true,Y10,"KaushalSetu synthetic generator v2, seed 20260929",2026-09-28T12:00:00+05:30,"SYNTHETIC demo data (KaushalSetu SIH prototype): fictional entities, team-assumed numbers, not real or official statistics.",true
da671fd5-a59f-512c-b58e-b4201a9772f9,3f774e65-e2af-5a1e-853c-6a773b61930c,true,WAGE,,c7df5212-ab60-5561-aa36-9acc415e9b5b,16000,2025-11-13,true,true,true,Y10,"KaushalSetu synthetic generator v2, seed 20260929",2026-09-28T12:00:00+05:30,"SYNTHETIC demo data (KaushalSetu SIH prototype): fictional entities, team-assumed numbers, not real or official statistics.",true
afeb0aff-3e2e-58d1-8816-de58c39a74d4,2a22b2e6-590c-56c5-9b4e-5eebfd210016,false,,,,,,,,true,Y10,"KaushalSetu synthetic generator v2, seed 20260929",2026-09-28T12:00:00+05:30,"SYNTHETIC demo data (KaushalSetu SIH prototype): fictional entities, team-assumed numbers, not real or official statistics.",true
887b3600-8931-548d-8dda-acfc93a6c85b,ea8896a5-a5fd-587a-9fdb-b243dfb9f182,false,,,,,,,,true,Y10,"KaushalSetu synthetic generator v2, seed 20260929",2026-09-28T12:00:00+05:30,"SYNTHETIC demo data (KaushalSetu SIH prototype): fictional entities, team-assumed numbers, not real or official statistics.",true
fa8948f8-3e35-5609-bd10-cf8ab932c402,0c3c8138-84d5-5af6-b956-dda9d6c2edf7,true,APPRENTICESHIP,,c7df5212-ab60-5561-aa36-9acc415e9b5b,,2025-11-26,false,true,true,Y10,"KaushalSetu synthetic generator v2, seed 20260929",2026-09-28T12:00:00+05:30,"SYNTHETIC demo data (KaushalSetu SIH prototype): fictional entities, team-assumed numbers, not real or official statistics.",true
97d3aee9-e724-5a53-838b-5176842d33ff,4ad8b640-ceec-5381-9b6a-43ecd5b70f75,true,WAGE,,c7df5212-ab60-5561-aa36-9acc415e9b5b,16000,2025-11-22,true,true,true,Y10,"KaushalSetu synthetic generator v2, seed 20260929",2026-09-28T12:00:00+05:30,"SYNTHETIC demo data (KaushalSetu SIH prototype): fictional entities, team-assumed numbers, not real or official statistics.",true
ff8d806f-5fc0-51a7-87d7-70c4f3ce7d36,b13ce7c9-5c24-5bf5-90dd-ecf32ba157b6,true,WAGE,,c7df5212-ab60-5561-aa36-9acc415e9b5b,14500,2025-09-26,false,true,true,Y10,"KaushalSetu synthetic generator v2, seed 20260929",2026-09-28T12:00:00+05:30,"SYNTHETIC demo data (KaushalSetu SIH prototype): fictional entities, team-assumed numbers, not real or official statistics.",true
6107e086-5d71-52a0-a052-df2befc97fa0,ab9f698f-a30d-530a-9c08-e65125bb64ae,true,APPRENTICESHIP,,,,2026-09-27,,false,false,Y10,"KaushalSetu synthetic generator v2, seed 20260929",2026-09-28T12:00:00+05:30,"SYNTHETIC demo data (KaushalSetu SIH prototype): fictional entities, team-assumed numbers, not real or official statistics.",true
95bbdd01-05f9-5283-976d-6ba616a688b8,38522aa9-903a-5823-94b0-dafebd0ea4ba,true,WAGE,01013bf4-3540-5578-ae29-98db727de7bb,c7df5212-ab60-5561-aa36-9acc415e9b5b,12500,2026-08-12,,true,false,Y10,"KaushalSetu synthetic generator v2, seed 20260929",2026-09-28T12:00:00+05:30,"SYNTHETIC demo data (KaushalSetu SIH prototype): fictional entities, team-assumed numbers, not real or official statistics.",true
e9c4e7c7-0a90-5373-ab7f-783b7507865f,01b864ec-6b77-560e-a7b8-d0f7c1c3cca3,true,APPRENTICESHIP,01013bf4-3540-5578-ae29-98db727de7bb,c7df5212-ab60-5561-aa36-9acc415e9b5b,,2026-09-07,,true,false,Y10,"KaushalSetu synthetic generator v2, seed 20260929",2026-09-28T12:00:00+05:30,"SYNTHETIC demo data (KaushalSetu SIH prototype): fictional entities, team-assumed numbers, not real or official statistics.",true
eb1f7d95-d189-5434-961a-458c9ce23e3f,799e6e1b-38f1-5c6d-a741-2c22f2f3cbd2,true,WAGE,,c7df5212-ab60-5561-aa36-9acc415e9b5b,13500,2026-08-12,,true,false,Y10,"KaushalSetu synthetic generator v2, seed 20260929",2026-09-28T12:00:00+05:30,"SYNTHETIC demo data (KaushalSetu SIH prototype): fictional entities, team-assumed numbers, not real or official statistics.",true
4a7a5a6d-58f2-587b-bca3-46fd726050b3,be82a92c-fcd4-5a29-93b1-e2523c5ad8e6,true,WAGE,,c7df5212-ab60-5561-aa36-9acc415e9b5b,17000,2026-08-24,,true,false,Y10,"KaushalSetu synthetic generator v2, seed 20260929",2026-09-28T12:00:00+05:30,"SYNTHETIC demo data (KaushalSetu SIH prototype): fictional entities, team-assumed numbers, not real or official statistics.",true
5edc6af7-6c85-56f3-8683-da714290ab30,4bc82159-063f-5377-a6ec-e9d33f8742f0,true,WAGE,01013bf4-3540-5578-ae29-98db727de7bb,c7df5212-ab60-5561-aa36-9acc415e9b5b,18500,2026-09-03,,true,false,Y10,"KaushalSetu synthetic generator v2, seed 20260929",2026-09-28T12:00:00+05:30,"SYNTHETIC demo data (KaushalSetu SIH prototype): fictional entities, team-assumed numbers, not real or official statistics.",true
0569d237-a6cd-5904-a363-a51782eb94f0,cc9e56d0-e860-5e3d-ad4f-6fb389fe45d2,true,WAGE,,c7df5212-ab60-5561-aa36-9acc415e9b5b,14500,2026-09-16,,true,false,Y10,"KaushalSetu synthetic generator v2, seed 20260929",2026-09-28T12:00:00+05:30,"SYNTHETIC demo data (KaushalSetu SIH prototype): fictional entities, team-assumed numbers, not real or official statistics.",true
de05a226-b5c7-5c81-b865-6a2996983649,110358cb-c401-5618-abc3-0cbec26a1856,false,,,,,,,,false,Y10,"KaushalSetu synthetic generator v2, seed 20260929",2026-09-28T12:00:00+05:30,"SYNTHETIC demo data (KaushalSetu SIH prototype): fictional entities, team-assumed numbers, not real or official statistics.",true
5cbe3452-89aa-5cca-a17f-f13fab1cd5f4,268422d9-a3a4-5cb2-9dab-57fb6051fb8f,true,APPRENTICESHIP,,,,2026-09-24,,false,false,Y10,"KaushalSetu synthetic generator v2, seed 20260929",2026-09-28T12:00:00+05:30,"SYNTHETIC demo data (KaushalSetu SIH prototype): fictional entities, team-assumed numbers, not real or official statistics.",true
67b5e369-37e6-54de-9612-b7b75d990591,790485da-68ad-5dc7-a2b2-52382f9a6fc2,true,WAGE,01013bf4-3540-5578-ae29-98db727de7bb,c7df5212-ab60-5561-aa36-9acc415e9b5b,17500,2026-09-05,,true,false,Y10,"KaushalSetu synthetic generator v2, seed 20260929",2026-09-28T12:00:00+05:30,"SYNTHETIC demo data (KaushalSetu SIH prototype): fictional entities, team-assumed numbers, not real or official statistics.",true
1a5701ed-c3ce-51a2-a2a3-020cc6385305,8dcbbb47-acdc-508a-b54d-dd7fb396b88e,false,,,,,,,,false,Y10,"KaushalSetu synthetic generator v2, seed 20260929",2026-09-28T12:00:00+05:30,"SYNTHETIC demo data (KaushalSetu SIH prototype): fictional entities, team-assumed numbers, not real or official statistics.",true
50d6aab3-ab21-5cb5-8978-ac590e44fe91,27652008-5a4c-5035-926e-2f03c48ac6b0,false,,,,,,,,false,Y10,"KaushalSetu synthetic generator v2, seed 20260929",2026-09-28T12:00:00+05:30,"SYNTHETIC demo data (KaushalSetu SIH prototype): fictional entities, team-assumed numbers, not real or official statistics.",true
5395e5ca-f1c5-59d1-86b7-e25f3c69f351,c61610a2-fe1b-5446-bbbc-ea763c771b46,false,,,,,,,,false,Y10,"KaushalSetu synthetic generator v2, seed 20260929",2026-09-28T12:00:00+05:30,"SYNTHETIC demo data (KaushalSetu SIH prototype): fictional entities, team-assumed numbers, not real or official statistics.",true
499e67ec-cb11-52a6-a9e1-24d68eec38ec,37510180-4cdd-523b-8a0f-63226db3ce1d,true,WAGE,01013bf4-3540-5578-ae29-98db727de7bb,c7df5212-ab60-5561-aa36-9acc415e9b5b,14500,2026-08-14,,true,false,Y10,"KaushalSetu synthetic generator v2, seed 20260929",2026-09-28T12:00:00+05:30,"SYNTHETIC demo data (KaushalSetu SIH prototype): fictional entities, team-assumed numbers, not real or official statistics.",true
3d9c1ea7-ff1c-578e-9bed-f40b207d0e98,2907d495-06d7-5129-be6e-4e7066ebb551,false,,,,,,,,false,Y10,"KaushalSetu synthetic generator v2, seed 20260929",2026-09-28T12:00:00+05:30,"SYNTHETIC demo data (KaushalSetu SIH prototype): fictional entities, team-assumed numbers, not real or official statistics.",true
4a82b8ac-93aa-56a7-b0d9-de8dfde7581d,caedb610-4458-50e9-9e05-cba78048cf30,true,SELF_EMPLOYED,,c7df5212-ab60-5561-aa36-9acc415e9b5b,,2026-08-26,,true,false,Y10,"KaushalSetu synthetic generator v2, seed 20260929",2026-09-28T12:00:00+05:30,"SYNTHETIC demo data (KaushalSetu SIH prototype): fictional entities, team-assumed numbers, not real or official statistics.",true
7dfe5c56-43ca-5acb-8ebc-6bd908e0a2ff,ed6dd646-3271-5b0d-8fc0-9089477dbb16,true,WAGE,01013bf4-3540-5578-ae29-98db727de7bb,c7df5212-ab60-5561-aa36-9acc415e9b5b,18500,2026-09-09,,true,false,Y10,"KaushalSetu synthetic generator v2, seed 20260929",2026-09-28T12:00:00+05:30,"SYNTHETIC demo data (KaushalSetu SIH prototype): fictional entities, team-assumed numbers, not real or official statistics.",true
69c70bb7-cb8f-55f2-9df1-d7cf126ec984,264feaf2-3785-5227-a6fd-780940088a29,true,WAGE,,c7df5212-ab60-5561-aa36-9acc415e9b5b,15000,2026-08-25,,true,false,Y10,"KaushalSetu synthetic generator v2, seed 20260929",2026-09-28T12:00:00+05:30,"SYNTHETIC demo data (KaushalSetu SIH prototype): fictional entities, team-assumed numbers, not real or official statistics.",true
1e4667c6-f788-54f8-8621-c040fbb3fa71,d01e447e-1a24-5a9b-a77f-03f20bf622ec,false,,,,,,,,false,Y10,"KaushalSetu synthetic generator v2, seed 20260929",2026-09-28T12:00:00+05:30,"SYNTHETIC demo data (KaushalSetu SIH prototype): fictional entities, team-assumed numbers, not real or official statistics.",true
34754ae5-ee2d-55e6-925a-338449d8099e,b9fa39aa-8b4e-5430-9a83-d38169e704f1,false,,,,,,,,false,Y10,"KaushalSetu synthetic generator v2, seed 20260929",2026-09-28T12:00:00+05:30,"SYNTHETIC demo data (KaushalSetu SIH prototype): fictional entities, team-assumed numbers, not real or official statistics.",true
81d121b5-55b3-5114-bfb9-c82c6bb76a6b,b0b2c260-0084-533b-be05-dc1e3783c543,false,,,,,,,,false,Y10,"KaushalSetu synthetic generator v2, seed 20260929",2026-09-28T12:00:00+05:30,"SYNTHETIC demo data (KaushalSetu SIH prototype): fictional entities, team-assumed numbers, not real or official statistics.",true
69480f07-5df5-5fa9-abe8-892b36fce430,828f81e3-f5b2-5f78-989d-473b8d4f3ddb,true,WAGE,,c7df5212-ab60-5561-aa36-9acc415e9b5b,15000,2026-09-10,,true,false,Y10,"KaushalSetu synthetic generator v2, seed 20260929",2026-09-28T12:00:00+05:30,"SYNTHETIC demo data (KaushalSetu SIH prototype): fictional entities, team-assumed numbers, not real or official statistics.",true
1ff39d61-a173-53fc-a172-b46fd63195d3,f626f20c-2cc1-5715-9ca7-4a30e028ba0b,false,,,,,,,,false,Y10,"KaushalSetu synthetic generator v2, seed 20260929",2026-09-28T12:00:00+05:30,"SYNTHETIC demo data (KaushalSetu SIH prototype): fictional entities, team-assumed numbers, not real or official statistics.",true
99e222ac-41c5-5a1a-aef2-9e0ea24c39e1,eb4f43ad-e2f6-5223-8ab3-170539b7e5a8,true,SELF_EMPLOYED,,c7df5212-ab60-5561-aa36-9acc415e9b5b,,2026-09-27,,true,false,Y10,"KaushalSetu synthetic generator v2, seed 20260929",2026-09-28T12:00:00+05:30,"SYNTHETIC demo data (KaushalSetu SIH prototype): fictional entities, team-assumed numbers, not real or official statistics.",true
a8877fa5-03e4-51dc-8dea-eb2e984556e5,d941a461-7440-5b18-b1f9-aa829e019551,false,,,,,,,,false,Y10,"KaushalSetu synthetic generator v2, seed 20260929",2026-09-28T12:00:00+05:30,"SYNTHETIC demo data (KaushalSetu SIH prototype): fictional entities, team-assumed numbers, not real or official statistics.",true
29c2c11f-ad10-58c0-bf1d-1190fe8f7c6c,3910dc4f-7b1a-599a-9c54-4e5c86796d55,false,,,,,,,,false,Y10,"KaushalSetu synthetic generator v2, seed 20260929",2026-09-28T12:00:00+05:30,"SYNTHETIC demo data (KaushalSetu SIH prototype): fictional entities, team-assumed numbers, not real or official statistics.",true
c3f43979-c0bb-5afa-9533-cce8966f4e87,46feb6d5-a720-5159-9de7-d300723e2401,false,,,,,,,,false,Y10,"KaushalSetu synthetic generator v2, seed 20260929",2026-09-28T12:00:00+05:30,"SYNTHETIC demo data (KaushalSetu SIH prototype): fictional entities, team-assumed numbers, not real or official statistics.",true
4f25cc4f-a02b-57a0-918f-4df56b5f0542,c4456b05-3f30-5e6e-bbd9-72769198769f,false,,,,,,,,false,Y10,"KaushalSetu synthetic generator v2, seed 20260929",2026-09-28T12:00:00+05:30,"SYNTHETIC demo data (KaushalSetu SIH prototype): fictional entities, team-assumed numbers, not real or official statistics.",true
457393a1-0278-5ac0-9381-e2395c99c505,7a96dc8f-2afa-59d3-8ca4-fbaad95435c7,false,,,,,,,,false,Y10,"KaushalSetu synthetic generator v2, seed 20260929",2026-09-28T12:00:00+05:30,"SYNTHETIC demo data (KaushalSetu SIH prototype): fictional entities, team-assumed numbers, not real or official statistics.",true
28eccd49-e05e-53c8-9c9f-00b5e40b8916,f9a6ef2e-06ae-5a69-985c-1df26a870d08,true,WAGE,,c7df5212-ab60-5561-aa36-9acc415e9b5b,15500,2026-08-29,,true,false,Y10,"KaushalSetu synthetic generator v2, seed 20260929",2026-09-28T12:00:00+05:30,"SYNTHETIC demo data (KaushalSetu SIH prototype): fictional entities, team-assumed numbers, not real or official statistics.",true
02799884-8b36-5fd5-8a1f-a2e34c67b074,607bc6f6-12ee-577b-9fbd-3e1eaec3dcff,true,WAGE,,c7df5212-ab60-5561-aa36-9acc415e9b5b,14500,2026-08-15,,true,false,Y10,"KaushalSetu synthetic generator v2, seed 20260929",2026-09-28T12:00:00+05:30,"SYNTHETIC demo data (KaushalSetu SIH prototype): fictional entities, team-assumed numbers, not real or official statistics.",true
4c829dcb-b8f9-51df-af82-e7e0ff107b1f,7cac1bce-3f19-529f-bf68-68aa6fcfd193,true,WAGE,,c7df5212-ab60-5561-aa36-9acc415e9b5b,17000,2026-08-20,,true,false,Y10,"KaushalSetu synthetic generator v2, seed 20260929",2026-09-28T12:00:00+05:30,"SYNTHETIC demo data (KaushalSetu SIH prototype): fictional entities, team-assumed numbers, not real or official statistics.",true
a6df2d41-2a7b-53ef-ba6d-f375ab01e3ca,4bfc3e99-16db-5c52-8e17-8c39540c56b5,false,,,,,,,,false,Y10,"KaushalSetu synthetic generator v2, seed 20260929",2026-09-28T12:00:00+05:30,"SYNTHETIC demo data (KaushalSetu SIH prototype): fictional entities, team-assumed numbers, not real or official statistics.",true
7356f65a-a648-5b5e-8610-e18da2796713,40d9645e-77cb-581b-aedd-1d8fc92bfc22,false,,,,,,,,false,Y10,"KaushalSetu synthetic generator v2, seed 20260929",2026-09-28T12:00:00+05:30,"SYNTHETIC demo data (KaushalSetu SIH prototype): fictional entities, team-assumed numbers, not real or official statistics.",true
56721880-61ac-5580-8274-98685041a527,f2db7d69-ce5f-56b3-b975-ec5943784961,true,WAGE,,c7df5212-ab60-5561-aa36-9acc415e9b5b,14500,2026-08-12,,true,false,Y10,"KaushalSetu synthetic generator v2, seed 20260929",2026-09-28T12:00:00+05:30,"SYNTHETIC demo data (KaushalSetu SIH prototype): fictional entities, team-assumed numbers, not real or official statistics.",true
c6791d3f-8ea3-5269-97d9-c46f4755abbd,6eab1938-d705-5b1e-be9b-d166bfead657,true,WAGE,,c7df5212-ab60-5561-aa36-9acc415e9b5b,16000,2026-09-20,,true,false,Y10,"KaushalSetu synthetic generator v2, seed 20260929",2026-09-28T12:00:00+05:30,"SYNTHETIC demo data (KaushalSetu SIH prototype): fictional entities, team-assumed numbers, not real or official statistics.",true
5e85ae4e-3adf-50f6-9d38-91700467a3ed,2fb2ec8d-0237-57a5-a199-44ec18c2de3f,true,WAGE,,c7df5212-ab60-5561-aa36-9acc415e9b5b,13000,2026-09-05,,true,false,Y10,"KaushalSetu synthetic generator v2, seed 20260929",2026-09-28T12:00:00+05:30,"SYNTHETIC demo data (KaushalSetu SIH prototype): fictional entities, team-assumed numbers, not real or official statistics.",true
98a95023-22fd-5039-99de-f1142c95ec23,21930436-f9af-5547-a464-4070f5a951bc,true,WAGE,,c7df5212-ab60-5561-aa36-9acc415e9b5b,13500,2026-08-30,,true,false,Y10,"KaushalSetu synthetic generator v2, seed 20260929",2026-09-28T12:00:00+05:30,"SYNTHETIC demo data (KaushalSetu SIH prototype): fictional entities, team-assumed numbers, not real or official statistics.",true
76f8035a-9e68-5687-8da3-b6bac9718124,7b767e42-123c-563c-bd15-cbaf27efa2da,true,WAGE,,c7df5212-ab60-5561-aa36-9acc415e9b5b,15500,2026-08-26,,true,false,Y10,"KaushalSetu synthetic generator v2, seed 20260929",2026-09-28T12:00:00+05:30,"SYNTHETIC demo data (KaushalSetu SIH prototype): fictional entities, team-assumed numbers, not real or official statistics.",true
9445a973-82b1-5a51-942b-a4fab271b2a1,bbed2ddc-06e0-5248-a6c5-2d9bf292b065,false,,,,,,,,false,Y10,"KaushalSetu synthetic generator v2, seed 20260929",2026-09-28T12:00:00+05:30,"SYNTHETIC demo data (KaushalSetu SIH prototype): fictional entities, team-assumed numbers, not real or official statistics.",true
1dd3b461-9cb6-52af-900b-5a63d2a7ee99,e263f231-4a2e-5d77-b216-0d8446fd1be9,false,,,,,,,,false,Y10,"KaushalSetu synthetic generator v2, seed 20260929",2026-09-28T12:00:00+05:30,"SYNTHETIC demo data (KaushalSetu SIH prototype): fictional entities, team-assumed numbers, not real or official statistics.",true
134ba704-9498-592c-8d4e-bfe9fe03954a,1acdb5d2-2a2c-53ba-97a9-2ed3cf10717d,true,WAGE,,c7df5212-ab60-5561-aa36-9acc415e9b5b,18000,2026-09-14,,true,false,Y10,"KaushalSetu synthetic generator v2, seed 20260929",2026-09-28T12:00:00+05:30,"SYNTHETIC demo data (KaushalSetu SIH prototype): fictional entities, team-assumed numbers, not real or official statistics.",true
be8fea13-39c6-5d45-a299-763ea028f594,0ab1928f-966b-53c8-9448-174b877d9a62,true,WAGE,,,19000,2026-09-01,,false,false,Y10,"KaushalSetu synthetic generator v2, seed 20260929",2026-09-28T12:00:00+05:30,"SYNTHETIC demo data (KaushalSetu SIH prototype): fictional entities, team-assumed numbers, not real or official statistics.",true
452f2733-8066-58b8-9ea1-d82591d06581,ee82c7b5-7293-53e6-a45c-32fe7e1af5ae,false,,,,,,,,false,Y10,"KaushalSetu synthetic generator v2, seed 20260929",2026-09-28T12:00:00+05:30,"SYNTHETIC demo data (KaushalSetu SIH prototype): fictional entities, team-assumed numbers, not real or official statistics.",true
e7ccf545-c618-56a7-8927-e00c6d010d30,b85feb55-3a51-516c-975f-d3fdbb830283,false,,,,,,,,false,Y10,"KaushalSetu synthetic generator v2, seed 20260929",2026-09-28T12:00:00+05:30,"SYNTHETIC demo data (KaushalSetu SIH prototype): fictional entities, team-assumed numbers, not real or official statistics.",true
d3b9fb0b-b5be-5f0a-bb8e-432bd72900b3,db12889d-db39-5b4c-9a29-831d1cf19777,false,,,,,,,,false,Y10,"KaushalSetu synthetic generator v2, seed 20260929",2026-09-28T12:00:00+05:30,"SYNTHETIC demo data (KaushalSetu SIH prototype): fictional entities, team-assumed numbers, not real or official statistics.",true
0fd7fff3-4d48-59a9-a6ab-c5ab4a7840d9,22f096fe-5c92-52af-88cf-4bbaba4bb9df,true,SELF_EMPLOYED,,c7df5212-ab60-5561-aa36-9acc415e9b5b,,2026-09-16,,true,false,Y10,"KaushalSetu synthetic generator v2, seed 20260929",2026-09-28T12:00:00+05:30,"SYNTHETIC demo data (KaushalSetu SIH prototype): fictional entities, team-assumed numbers, not real or official statistics.",true
b7d09b22-ff7a-5d01-837b-14c3bccd7ada,096e664e-a6a8-55f8-8c83-75acbd35d773,false,,,,,,,,false,Y10,"KaushalSetu synthetic generator v2, seed 20260929",2026-09-28T12:00:00+05:30,"SYNTHETIC demo data (KaushalSetu SIH prototype): fictional entities, team-assumed numbers, not real or official statistics.",true
b0e6e2cd-abff-517a-8320-0642bbffb314,7c5d0ef7-3631-56b2-a43c-2743b2e02841,true,WAGE,,,16000,2026-09-22,,false,false,Y10,"KaushalSetu synthetic generator v2, seed 20260929",2026-09-28T12:00:00+05:30,"SYNTHETIC demo data (KaushalSetu SIH prototype): fictional entities, team-assumed numbers, not real or official statistics.",true
7b082fbf-af60-504d-9992-bc8b369971e1,e6b6243d-2321-5828-a05c-57846324f915,true,WAGE,,2f571be3-597c-576f-8dbd-e8baff7c9dfe,12500,2025-11-19,true,true,true,Y10,"KaushalSetu synthetic generator v2, seed 20260929",2026-09-28T12:00:00+05:30,"SYNTHETIC demo data (KaushalSetu SIH prototype): fictional entities, team-assumed numbers, not real or official statistics.",true
6e58bdb3-bfba-57b7-aeb7-f228a5ad48fb,822c0189-7d90-526d-861c-1f9cbb963b2d,true,WAGE,,2f571be3-597c-576f-8dbd-e8baff7c9dfe,14500,2025-11-10,true,true,true,Y10,"KaushalSetu synthetic generator v2, seed 20260929",2026-09-28T12:00:00+05:30,"SYNTHETIC demo data (KaushalSetu SIH prototype): fictional entities, team-assumed numbers, not real or official statistics.",true
3bce4541-aa1d-5523-a56e-3d9478152a74,48230467-b524-57ae-b82a-3f17d4a33b34,true,WAGE,,2f571be3-597c-576f-8dbd-e8baff7c9dfe,11500,2025-12-22,true,true,true,Y10,"KaushalSetu synthetic generator v2, seed 20260929",2026-09-28T12:00:00+05:30,"SYNTHETIC demo data (KaushalSetu SIH prototype): fictional entities, team-assumed numbers, not real or official statistics.",true
9e9135c2-b196-5438-b3b3-e926b112c6bd,10fa87e5-e82a-59f3-bfb7-9a4ee53631ba,true,SELF_EMPLOYED,,2f571be3-597c-576f-8dbd-e8baff7c9dfe,,2025-09-16,true,true,true,Y10,"KaushalSetu synthetic generator v2, seed 20260929",2026-09-28T12:00:00+05:30,"SYNTHETIC demo data (KaushalSetu SIH prototype): fictional entities, team-assumed numbers, not real or official statistics.",true
3ae78eeb-f87a-5490-99d3-8fdbff431f10,d9d3f495-6971-5c36-bda3-d7087d57ae79,false,,,,,,,,true,Y10,"KaushalSetu synthetic generator v2, seed 20260929",2026-09-28T12:00:00+05:30,"SYNTHETIC demo data (KaushalSetu SIH prototype): fictional entities, team-assumed numbers, not real or official statistics.",true
3cbbf0d5-8948-576a-a65e-293311c833ac,470892dc-f988-54d9-931c-7820a740c7d0,false,,,,,,,,true,Y10,"KaushalSetu synthetic generator v2, seed 20260929",2026-09-28T12:00:00+05:30,"SYNTHETIC demo data (KaushalSetu SIH prototype): fictional entities, team-assumed numbers, not real or official statistics.",true
366dead6-ae92-5d82-994e-b376e8fcb3c4,d7baa4dc-6f41-5830-8abb-39d796ff4ba5,true,WAGE,,2f571be3-597c-576f-8dbd-e8baff7c9dfe,14500,2025-11-25,false,true,true,Y10,"KaushalSetu synthetic generator v2, seed 20260929",2026-09-28T12:00:00+05:30,"SYNTHETIC demo data (KaushalSetu SIH prototype): fictional entities, team-assumed numbers, not real or official statistics.",true
1dd691f5-e04d-5dce-93a6-0b10b641e854,7a62bdc0-1a18-5b4c-889c-05eb5bc9fdb7,false,,,,,,,,true,Y10,"KaushalSetu synthetic generator v2, seed 20260929",2026-09-28T12:00:00+05:30,"SYNTHETIC demo data (KaushalSetu SIH prototype): fictional entities, team-assumed numbers, not real or official statistics.",true
78856bd2-abce-56e1-a242-a96ebbf3cff3,f3a53acc-b43e-5990-a2ad-74f6d4077f8a,false,,,,,,,,true,Y10,"KaushalSetu synthetic generator v2, seed 20260929",2026-09-28T12:00:00+05:30,"SYNTHETIC demo data (KaushalSetu SIH prototype): fictional entities, team-assumed numbers, not real or official statistics.",true
e048451c-23e6-5bda-9364-e43031eb99c9,79e65f65-99e3-5878-9c58-5b165a290c35,false,,,,,,,,true,Y10,"KaushalSetu synthetic generator v2, seed 20260929",2026-09-28T12:00:00+05:30,"SYNTHETIC demo data (KaushalSetu SIH prototype): fictional entities, team-assumed numbers, not real or official statistics.",true
ba91508b-8fe3-52a0-96d1-7f1579673cd1,f3eb9cff-10b2-5f68-876f-637d0b30f2c7,false,,,,,,,,true,Y10,"KaushalSetu synthetic generator v2, seed 20260929",2026-09-28T12:00:00+05:30,"SYNTHETIC demo data (KaushalSetu SIH prototype): fictional entities, team-assumed numbers, not real or official statistics.",true
74be7d44-d303-5751-829b-4a969e8960be,4fe47ee8-58e4-54d9-b953-3fcd8bceca82,true,SELF_EMPLOYED,,2f571be3-597c-576f-8dbd-e8baff7c9dfe,,2025-08-09,true,true,true,Y10,"KaushalSetu synthetic generator v2, seed 20260929",2026-09-28T12:00:00+05:30,"SYNTHETIC demo data (KaushalSetu SIH prototype): fictional entities, team-assumed numbers, not real or official statistics.",true
70ff28b1-c0ff-5a78-ac0d-86308a590b6f,79555752-32b9-5a67-b5aa-dad12f194f4d,true,WAGE,,,15000,2025-10-27,true,false,true,Y10,"KaushalSetu synthetic generator v2, seed 20260929",2026-09-28T12:00:00+05:30,"SYNTHETIC demo data (KaushalSetu SIH prototype): fictional entities, team-assumed numbers, not real or official statistics.",true
e5ac733a-b41d-5ad6-8c4f-27e11905fe8a,85f5834a-3e76-5306-becb-308dabad0aeb,false,,,,,,,,true,Y10,"KaushalSetu synthetic generator v2, seed 20260929",2026-09-28T12:00:00+05:30,"SYNTHETIC demo data (KaushalSetu SIH prototype): fictional entities, team-assumed numbers, not real or official statistics.",true
f0fb0493-c7dd-5674-a976-14daa99f975b,0f93b5cf-cb20-54be-b667-8f93534c0691,false,,,,,,,,true,Y10,"KaushalSetu synthetic generator v2, seed 20260929",2026-09-28T12:00:00+05:30,"SYNTHETIC demo data (KaushalSetu SIH prototype): fictional entities, team-assumed numbers, not real or official statistics.",true
1aa57c3c-6fc9-557d-b917-2d49534850b6,3fd98945-2ce0-5af6-a488-e6ab4dcde0eb,false,,,,,,,,true,Y10,"KaushalSetu synthetic generator v2, seed 20260929",2026-09-28T12:00:00+05:30,"SYNTHETIC demo data (KaushalSetu SIH prototype): fictional entities, team-assumed numbers, not real or official statistics.",true
52bebc9b-4d17-5700-ba8e-6ea12db68336,bd2f9640-c473-5d69-bd2c-6f0f69550c97,false,,,,,,,,true,Y10,"KaushalSetu synthetic generator v2, seed 20260929",2026-09-28T12:00:00+05:30,"SYNTHETIC demo data (KaushalSetu SIH prototype): fictional entities, team-assumed numbers, not real or official statistics.",true
4b69db00-34e1-553f-9cdb-8946fd5f978b,9c6d17f5-2d64-5344-bc8d-71a5c34d9e5e,true,WAGE,,2f571be3-597c-576f-8dbd-e8baff7c9dfe,12500,2025-08-19,true,true,true,Y10,"KaushalSetu synthetic generator v2, seed 20260929",2026-09-28T12:00:00+05:30,"SYNTHETIC demo data (KaushalSetu SIH prototype): fictional entities, team-assumed numbers, not real or official statistics.",true
400fbbbb-b292-5cbd-bd8d-370321b9b2ad,72d5a029-dd13-5f58-a314-d682dc0c0e8f,true,WAGE,,2f571be3-597c-576f-8dbd-e8baff7c9dfe,11500,2025-09-05,true,true,true,Y10,"KaushalSetu synthetic generator v2, seed 20260929",2026-09-28T12:00:00+05:30,"SYNTHETIC demo data (KaushalSetu SIH prototype): fictional entities, team-assumed numbers, not real or official statistics.",true
f3cd1f99-a169-551d-90ff-0445783b1792,4ff77a3f-8b7a-58b1-9434-1de85f0b9b4c,false,,,,,,,,true,Y10,"KaushalSetu synthetic generator v2, seed 20260929",2026-09-28T12:00:00+05:30,"SYNTHETIC demo data (KaushalSetu SIH prototype): fictional entities, team-assumed numbers, not real or official statistics.",true
851dc0c0-f857-598e-8a8d-8a620382a211,f96157b6-e592-5ab7-9fda-9ba4eb090c48,false,,,,,,,,true,Y10,"KaushalSetu synthetic generator v2, seed 20260929",2026-09-28T12:00:00+05:30,"SYNTHETIC demo data (KaushalSetu SIH prototype): fictional entities, team-assumed numbers, not real or official statistics.",true
c9cc2068-4ff2-5eb2-bba5-772890647418,d438ea05-0b79-5004-9e44-e4cbb3972223,true,APPRENTICESHIP,,2f571be3-597c-576f-8dbd-e8baff7c9dfe,,2025-11-25,true,true,true,Y10,"KaushalSetu synthetic generator v2, seed 20260929",2026-09-28T12:00:00+05:30,"SYNTHETIC demo data (KaushalSetu SIH prototype): fictional entities, team-assumed numbers, not real or official statistics.",true
1c7173f5-d6b5-5266-bec5-420be98f9b85,76b810b9-156b-5273-a57a-bda1febeaf19,false,,,,,,,,true,Y10,"KaushalSetu synthetic generator v2, seed 20260929",2026-09-28T12:00:00+05:30,"SYNTHETIC demo data (KaushalSetu SIH prototype): fictional entities, team-assumed numbers, not real or official statistics.",true
b61f88ef-0efd-5a80-8a80-55846f091c0a,14d79052-6f34-55db-bac1-6d8e4b0843b6,false,,,,,,,,true,Y10,"KaushalSetu synthetic generator v2, seed 20260929",2026-09-28T12:00:00+05:30,"SYNTHETIC demo data (KaushalSetu SIH prototype): fictional entities, team-assumed numbers, not real or official statistics.",true
509143c3-ec44-5641-b81a-da1ae895ec93,a5019506-2606-50c7-938a-164f559d7763,true,WAGE,,2f571be3-597c-576f-8dbd-e8baff7c9dfe,13500,2025-09-18,false,true,true,Y10,"KaushalSetu synthetic generator v2, seed 20260929",2026-09-28T12:00:00+05:30,"SYNTHETIC demo data (KaushalSetu SIH prototype): fictional entities, team-assumed numbers, not real or official statistics.",true
2e4d968e-aa45-593e-bb2f-315cac8d558c,503ad4c1-744e-5e92-bfca-8fef34bdb9f5,false,,,,,,,,true,Y10,"KaushalSetu synthetic generator v2, seed 20260929",2026-09-28T12:00:00+05:30,"SYNTHETIC demo data (KaushalSetu SIH prototype): fictional entities, team-assumed numbers, not real or official statistics.",true
c5eb150d-7699-56b7-9daa-0dc9bed73833,76682f9a-9512-521c-b156-743583643c67,true,WAGE,,2f571be3-597c-576f-8dbd-e8baff7c9dfe,12000,2025-08-21,true,true,true,Y10,"KaushalSetu synthetic generator v2, seed 20260929",2026-09-28T12:00:00+05:30,"SYNTHETIC demo data (KaushalSetu SIH prototype): fictional entities, team-assumed numbers, not real or official statistics.",true
c5cceaad-f83c-5b30-8374-6db1d484f732,fd860dfe-d907-5c39-9dc2-81c62cf69a67,true,WAGE,,2f571be3-597c-576f-8dbd-e8baff7c9dfe,11000,2025-11-04,false,true,true,Y10,"KaushalSetu synthetic generator v2, seed 20260929",2026-09-28T12:00:00+05:30,"SYNTHETIC demo data (KaushalSetu SIH prototype): fictional entities, team-assumed numbers, not real or official statistics.",true
accf89e2-eb77-592c-a036-a0414330bd94,1df8c9cc-7396-5cc7-84d9-6f4576bc201a,true,APPRENTICESHIP,,2f571be3-597c-576f-8dbd-e8baff7c9dfe,,2025-08-03,false,true,true,Y10,"KaushalSetu synthetic generator v2, seed 20260929",2026-09-28T12:00:00+05:30,"SYNTHETIC demo data (KaushalSetu SIH prototype): fictional entities, team-assumed numbers, not real or official statistics.",true
71188226-0fd7-5fc2-b8b3-0b33bc667bee,9fece1a2-ea17-5748-9b06-ac701b1ec39e,false,,,,,,,,true,Y10,"KaushalSetu synthetic generator v2, seed 20260929",2026-09-28T12:00:00+05:30,"SYNTHETIC demo data (KaushalSetu SIH prototype): fictional entities, team-assumed numbers, not real or official statistics.",true
37e42e4e-cc8a-5bf5-a50f-7a2d30960786,7a9842fa-db8f-5e56-804d-3db81f4260fc,true,SELF_EMPLOYED,,,,2025-10-26,true,false,true,Y10,"KaushalSetu synthetic generator v2, seed 20260929",2026-09-28T12:00:00+05:30,"SYNTHETIC demo data (KaushalSetu SIH prototype): fictional entities, team-assumed numbers, not real or official statistics.",true
768e55ef-9797-5196-b054-f04bc9a42817,d0755071-e9b3-504c-971f-d910baf2e25b,true,SELF_EMPLOYED,,2f571be3-597c-576f-8dbd-e8baff7c9dfe,,2025-10-20,true,true,true,Y10,"KaushalSetu synthetic generator v2, seed 20260929",2026-09-28T12:00:00+05:30,"SYNTHETIC demo data (KaushalSetu SIH prototype): fictional entities, team-assumed numbers, not real or official statistics.",true
d9e70186-1271-5684-a4da-e581452d062d,8b38bf10-1beb-5aaa-b86a-af510f69e25e,true,SELF_EMPLOYED,,2f571be3-597c-576f-8dbd-e8baff7c9dfe,,2025-08-10,true,true,true,Y10,"KaushalSetu synthetic generator v2, seed 20260929",2026-09-28T12:00:00+05:30,"SYNTHETIC demo data (KaushalSetu SIH prototype): fictional entities, team-assumed numbers, not real or official statistics.",true
f17f5ad1-ff67-5b7b-a852-aeed8605c762,85a25e5e-9594-5ef3-8cb9-43bd8e883a1e,false,,,,,,,,true,Y10,"KaushalSetu synthetic generator v2, seed 20260929",2026-09-28T12:00:00+05:30,"SYNTHETIC demo data (KaushalSetu SIH prototype): fictional entities, team-assumed numbers, not real or official statistics.",true
863bc3b9-8d95-5ecd-b1c8-4d25fae4c6f7,6687db56-9a5b-5f00-bc1e-fa1ffcd16992,true,SELF_EMPLOYED,,2f571be3-597c-576f-8dbd-e8baff7c9dfe,,2025-08-22,true,true,true,Y10,"KaushalSetu synthetic generator v2, seed 20260929",2026-09-28T12:00:00+05:30,"SYNTHETIC demo data (KaushalSetu SIH prototype): fictional entities, team-assumed numbers, not real or official statistics.",true
36e74ac6-b744-5953-b071-0c3ca54bb8a1,f51d3d38-7c13-5ec3-8c7f-3e15539b4611,false,,,,,,,,true,Y10,"KaushalSetu synthetic generator v2, seed 20260929",2026-09-28T12:00:00+05:30,"SYNTHETIC demo data (KaushalSetu SIH prototype): fictional entities, team-assumed numbers, not real or official statistics.",true
f0b8feda-58d8-5281-a7a1-df0e8ef3c7e9,582d918c-3139-523d-a8bb-bd46e24b173c,false,,,,,,,,true,Y10,"KaushalSetu synthetic generator v2, seed 20260929",2026-09-28T12:00:00+05:30,"SYNTHETIC demo data (KaushalSetu SIH prototype): fictional entities, team-assumed numbers, not real or official statistics.",true
d35eefbc-59dd-5763-8fd0-d53a2e246ac4,5c243381-d6fe-5bff-9a77-d290a6c978d1,true,WAGE,,2f571be3-597c-576f-8dbd-e8baff7c9dfe,14500,2025-12-13,false,true,true,Y10,"KaushalSetu synthetic generator v2, seed 20260929",2026-09-28T12:00:00+05:30,"SYNTHETIC demo data (KaushalSetu SIH prototype): fictional entities, team-assumed numbers, not real or official statistics.",true
d4c2fa4b-cfa2-50dd-a2b5-5cb61ddd613a,c43044ef-d0da-5af8-93e7-70410f75e44f,false,,,,,,,,true,Y10,"KaushalSetu synthetic generator v2, seed 20260929",2026-09-28T12:00:00+05:30,"SYNTHETIC demo data (KaushalSetu SIH prototype): fictional entities, team-assumed numbers, not real or official statistics.",true
46d84c64-5a5f-5999-954c-ed2f015a2e36,3585e75c-008e-5fa1-972f-84d8fc526c65,true,WAGE,,2f571be3-597c-576f-8dbd-e8baff7c9dfe,14000,2025-11-07,true,true,true,Y10,"KaushalSetu synthetic generator v2, seed 20260929",2026-09-28T12:00:00+05:30,"SYNTHETIC demo data (KaushalSetu SIH prototype): fictional entities, team-assumed numbers, not real or official statistics.",true
872ed63e-ba43-5c8d-a994-5b30e08d4733,14eabac3-1efa-5db7-a401-bbc60955a3b5,false,,,,,,,,true,Y10,"KaushalSetu synthetic generator v2, seed 20260929",2026-09-28T12:00:00+05:30,"SYNTHETIC demo data (KaushalSetu SIH prototype): fictional entities, team-assumed numbers, not real or official statistics.",true
44e62071-24a8-579d-aa42-dcad600dc0a2,c65fbcee-a2ee-5215-9932-da9832c899d3,false,,,,,,,,true,Y10,"KaushalSetu synthetic generator v2, seed 20260929",2026-09-28T12:00:00+05:30,"SYNTHETIC demo data (KaushalSetu SIH prototype): fictional entities, team-assumed numbers, not real or official statistics.",true
80ddbc7a-5106-506d-9664-fc55c4773246,69812b76-9030-5472-83c2-aff2619f4606,true,SELF_EMPLOYED,,2f571be3-597c-576f-8dbd-e8baff7c9dfe,,2025-09-06,true,true,true,Y10,"KaushalSetu synthetic generator v2, seed 20260929",2026-09-28T12:00:00+05:30,"SYNTHETIC demo data (KaushalSetu SIH prototype): fictional entities, team-assumed numbers, not real or official statistics.",true
57349994-2769-5693-942d-9f4a9a6f99e2,f2650d5b-8e1b-53a1-8f1a-55531e548349,false,,,,,,,,true,Y10,"KaushalSetu synthetic generator v2, seed 20260929",2026-09-28T12:00:00+05:30,"SYNTHETIC demo data (KaushalSetu SIH prototype): fictional entities, team-assumed numbers, not real or official statistics.",true
b160caea-37a3-54f2-83f9-06c5df1add8d,7831950a-5be3-52b7-82c9-17b38c9f3700,false,,,,,,,,true,Y10,"KaushalSetu synthetic generator v2, seed 20260929",2026-09-28T12:00:00+05:30,"SYNTHETIC demo data (KaushalSetu SIH prototype): fictional entities, team-assumed numbers, not real or official statistics.",true
93ccd5ff-3bcf-5771-898a-cf89ef396e88,142928c9-3c48-522f-ac1f-f3885b3b5220,true,WAGE,,2f571be3-597c-576f-8dbd-e8baff7c9dfe,15000,2025-09-04,true,true,true,Y10,"KaushalSetu synthetic generator v2, seed 20260929",2026-09-28T12:00:00+05:30,"SYNTHETIC demo data (KaushalSetu SIH prototype): fictional entities, team-assumed numbers, not real or official statistics.",true
cd068f3f-45dc-5b8e-a792-3edf95de8c20,d756e1ff-89d8-54b9-9abb-c81be750bd0d,true,WAGE,,,12000,2025-10-03,false,false,true,Y10,"KaushalSetu synthetic generator v2, seed 20260929",2026-09-28T12:00:00+05:30,"SYNTHETIC demo data (KaushalSetu SIH prototype): fictional entities, team-assumed numbers, not real or official statistics.",true
14e36b46-0b2e-5193-b410-6a88f562ea75,04d7282b-1fb8-5ac7-bf05-2eda97eb1e8e,false,,,,,,,,false,Y10,"KaushalSetu synthetic generator v2, seed 20260929",2026-09-28T12:00:00+05:30,"SYNTHETIC demo data (KaushalSetu SIH prototype): fictional entities, team-assumed numbers, not real or official statistics.",true
ee1ece91-3ab8-507c-98e0-80815b16a7f5,f12c436d-3867-564f-9bf4-1868eb14994d,false,,,,,,,,false,Y10,"KaushalSetu synthetic generator v2, seed 20260929",2026-09-28T12:00:00+05:30,"SYNTHETIC demo data (KaushalSetu SIH prototype): fictional entities, team-assumed numbers, not real or official statistics.",true
c99ac875-17bf-570a-ba6c-bb0dfd9ad875,c623f0e8-0375-5cac-b931-3e5633100af9,false,,,,,,,,false,Y10,"KaushalSetu synthetic generator v2, seed 20260929",2026-09-28T12:00:00+05:30,"SYNTHETIC demo data (KaushalSetu SIH prototype): fictional entities, team-assumed numbers, not real or official statistics.",true
bdc30f16-0fe0-57f3-b259-39d3d9d38705,15826dbc-cf2f-5db8-aac8-1654ff4f30d7,true,APPRENTICESHIP,,,,2026-09-09,,false,false,Y10,"KaushalSetu synthetic generator v2, seed 20260929",2026-09-28T12:00:00+05:30,"SYNTHETIC demo data (KaushalSetu SIH prototype): fictional entities, team-assumed numbers, not real or official statistics.",true
37dbdeb6-028f-5133-a1d4-6dafcb969812,43d2ce19-231b-589e-a3c4-7de7d86bf8c1,true,WAGE,,2f571be3-597c-576f-8dbd-e8baff7c9dfe,12500,2026-08-30,,true,false,Y10,"KaushalSetu synthetic generator v2, seed 20260929",2026-09-28T12:00:00+05:30,"SYNTHETIC demo data (KaushalSetu SIH prototype): fictional entities, team-assumed numbers, not real or official statistics.",true
bc9507f4-16e1-5412-ba33-5861cb62b85b,34d42cae-edbe-5269-b87f-47db768fe0d7,false,,,,,,,,false,Y10,"KaushalSetu synthetic generator v2, seed 20260929",2026-09-28T12:00:00+05:30,"SYNTHETIC demo data (KaushalSetu SIH prototype): fictional entities, team-assumed numbers, not real or official statistics.",true
3394fe17-3bec-5502-911b-e5ae44ac3a82,7af919d1-dcef-539b-937c-074840ccb9ca,false,,,,,,,,false,Y10,"KaushalSetu synthetic generator v2, seed 20260929",2026-09-28T12:00:00+05:30,"SYNTHETIC demo data (KaushalSetu SIH prototype): fictional entities, team-assumed numbers, not real or official statistics.",true
3c5cd252-3747-5dad-99ed-de42b58d06e1,93bce39d-aa90-53dd-8b9e-7c2e5eb0bf15,true,APPRENTICESHIP,,2f571be3-597c-576f-8dbd-e8baff7c9dfe,,2026-09-24,,true,false,Y10,"KaushalSetu synthetic generator v2, seed 20260929",2026-09-28T12:00:00+05:30,"SYNTHETIC demo data (KaushalSetu SIH prototype): fictional entities, team-assumed numbers, not real or official statistics.",true
d510edb5-f258-5756-8b8d-1cb9b97f7151,d9c27766-a167-5cd0-b8e9-3d94371415f3,false,,,,,,,,false,Y10,"KaushalSetu synthetic generator v2, seed 20260929",2026-09-28T12:00:00+05:30,"SYNTHETIC demo data (KaushalSetu SIH prototype): fictional entities, team-assumed numbers, not real or official statistics.",true
e1643a0d-8eb3-5591-b04c-4d82700a3a79,305cff32-e877-5e25-a328-4a78ac0552c2,true,WAGE,,2f571be3-597c-576f-8dbd-e8baff7c9dfe,15000,2026-09-25,,true,false,Y10,"KaushalSetu synthetic generator v2, seed 20260929",2026-09-28T12:00:00+05:30,"SYNTHETIC demo data (KaushalSetu SIH prototype): fictional entities, team-assumed numbers, not real or official statistics.",true
0aa19e46-ca5d-5808-ac3f-0d31e8bfde5a,69cb498b-5eef-59e8-a675-4b9858fc0358,true,WAGE,,2f571be3-597c-576f-8dbd-e8baff7c9dfe,12500,2026-09-17,,true,false,Y10,"KaushalSetu synthetic generator v2, seed 20260929",2026-09-28T12:00:00+05:30,"SYNTHETIC demo data (KaushalSetu SIH prototype): fictional entities, team-assumed numbers, not real or official statistics.",true
9fbbbd2d-0986-5bbc-8886-b1c691b630ad,56b2373d-4892-5df6-a6f2-18aa89264d85,true,SELF_EMPLOYED,,2f571be3-597c-576f-8dbd-e8baff7c9dfe,,2026-08-22,,true,false,Y10,"KaushalSetu synthetic generator v2, seed 20260929",2026-09-28T12:00:00+05:30,"SYNTHETIC demo data (KaushalSetu SIH prototype): fictional entities, team-assumed numbers, not real or official statistics.",true
a968e305-517c-5df2-b51b-4dc32a0dfc7e,0492cfa2-a73d-5981-82d1-2c981885ebba,false,,,,,,,,false,Y10,"KaushalSetu synthetic generator v2, seed 20260929",2026-09-28T12:00:00+05:30,"SYNTHETIC demo data (KaushalSetu SIH prototype): fictional entities, team-assumed numbers, not real or official statistics.",true
5b9b1ec1-a905-569e-9a53-cd41b71ba443,73d71d30-a017-5ac9-a1d0-eef7001a5953,true,WAGE,,2f571be3-597c-576f-8dbd-e8baff7c9dfe,13000,2026-08-11,,true,false,Y10,"KaushalSetu synthetic generator v2, seed 20260929",2026-09-28T12:00:00+05:30,"SYNTHETIC demo data (KaushalSetu SIH prototype): fictional entities, team-assumed numbers, not real or official statistics.",true
972b31c8-aea2-5dc3-9bb1-9969a4aa70d0,853da93e-82d4-52ed-b812-15516e4b4e96,false,,,,,,,,false,Y10,"KaushalSetu synthetic generator v2, seed 20260929",2026-09-28T12:00:00+05:30,"SYNTHETIC demo data (KaushalSetu SIH prototype): fictional entities, team-assumed numbers, not real or official statistics.",true
3d3d45ae-4189-5514-ad12-6728d38a1b79,ddb7f09e-1340-5cce-bf35-c6e5d97b42d5,false,,,,,,,,false,Y10,"KaushalSetu synthetic generator v2, seed 20260929",2026-09-28T12:00:00+05:30,"SYNTHETIC demo data (KaushalSetu SIH prototype): fictional entities, team-assumed numbers, not real or official statistics.",true
fe332487-268d-55bb-9869-bec73442dcd6,046a7fab-d8e9-5604-98d2-996d0b1117e5,false,,,,,,,,false,Y10,"KaushalSetu synthetic generator v2, seed 20260929",2026-09-28T12:00:00+05:30,"SYNTHETIC demo data (KaushalSetu SIH prototype): fictional entities, team-assumed numbers, not real or official statistics.",true
622391ff-1a7f-50b4-9045-1baf8d4b514b,69610289-5429-58c6-82f9-251aad14083a,false,,,,,,,,false,Y10,"KaushalSetu synthetic generator v2, seed 20260929",2026-09-28T12:00:00+05:30,"SYNTHETIC demo data (KaushalSetu SIH prototype): fictional entities, team-assumed numbers, not real or official statistics.",true
1a0b5870-10aa-5b10-b182-62990eb47d24,2f295c5d-c788-5f6b-8577-e60e7dc53375,true,SELF_EMPLOYED,,2f571be3-597c-576f-8dbd-e8baff7c9dfe,,2026-09-21,,true,false,Y10,"KaushalSetu synthetic generator v2, seed 20260929",2026-09-28T12:00:00+05:30,"SYNTHETIC demo data (KaushalSetu SIH prototype): fictional entities, team-assumed numbers, not real or official statistics.",true
0bf6caf3-5de9-5712-bd40-2c9048af96f0,c3d67c48-ff7e-5bd1-838f-bf2e6ff0d071,false,,,,,,,,false,Y10,"KaushalSetu synthetic generator v2, seed 20260929",2026-09-28T12:00:00+05:30,"SYNTHETIC demo data (KaushalSetu SIH prototype): fictional entities, team-assumed numbers, not real or official statistics.",true
75ee56f3-676e-5e3e-9b07-790d46bd83fe,4e3e2311-3831-5d8c-b543-f38310286f2a,true,SELF_EMPLOYED,,2f571be3-597c-576f-8dbd-e8baff7c9dfe,,2026-08-07,,true,false,Y10,"KaushalSetu synthetic generator v2, seed 20260929",2026-09-28T12:00:00+05:30,"SYNTHETIC demo data (KaushalSetu SIH prototype): fictional entities, team-assumed numbers, not real or official statistics.",true
dfdb1baf-57d3-58a5-af4e-f50a1eda3be3,a88c5042-52eb-58ad-b331-36c21655d040,true,WAGE,,2f571be3-597c-576f-8dbd-e8baff7c9dfe,11000,2026-09-15,,true,false,Y10,"KaushalSetu synthetic generator v2, seed 20260929",2026-09-28T12:00:00+05:30,"SYNTHETIC demo data (KaushalSetu SIH prototype): fictional entities, team-assumed numbers, not real or official statistics.",true
95e156dd-c8e6-54f3-853a-d40f594c48a6,f4273648-ee67-5517-978f-46b5eec2dc20,false,,,,,,,,false,Y10,"KaushalSetu synthetic generator v2, seed 20260929",2026-09-28T12:00:00+05:30,"SYNTHETIC demo data (KaushalSetu SIH prototype): fictional entities, team-assumed numbers, not real or official statistics.",true
ab270fd0-09bf-5091-ae4d-cc933e53e39f,c5086c81-583e-5a16-bf8f-ad49474fbbf9,false,,,,,,,,false,Y10,"KaushalSetu synthetic generator v2, seed 20260929",2026-09-28T12:00:00+05:30,"SYNTHETIC demo data (KaushalSetu SIH prototype): fictional entities, team-assumed numbers, not real or official statistics.",true
77320e42-3c80-577c-9585-bdbd54dee25a,e9295e43-18dc-5966-858d-db613cc2387d,false,,,,,,,,false,Y10,"KaushalSetu synthetic generator v2, seed 20260929",2026-09-28T12:00:00+05:30,"SYNTHETIC demo data (KaushalSetu SIH prototype): fictional entities, team-assumed numbers, not real or official statistics.",true
333ee641-38a2-56db-a771-5015d28ec506,4e637fe5-0fd3-5bee-9587-b3266bc02f19,false,,,,,,,,false,Y10,"KaushalSetu synthetic generator v2, seed 20260929",2026-09-28T12:00:00+05:30,"SYNTHETIC demo data (KaushalSetu SIH prototype): fictional entities, team-assumed numbers, not real or official statistics.",true
66a35c04-bdff-5a8c-83b0-c4d488bbd19b,0a19c3d1-bf71-51e0-a98e-63766cfc76f7,false,,,,,,,,false,Y10,"KaushalSetu synthetic generator v2, seed 20260929",2026-09-28T12:00:00+05:30,"SYNTHETIC demo data (KaushalSetu SIH prototype): fictional entities, team-assumed numbers, not real or official statistics.",true
0cc012f7-dc2e-57b0-9cc0-fb7405032512,db9ce4a7-e4f7-58be-8211-eb152fae4a4a,true,SELF_EMPLOYED,,2f571be3-597c-576f-8dbd-e8baff7c9dfe,,2026-09-01,,true,false,Y10,"KaushalSetu synthetic generator v2, seed 20260929",2026-09-28T12:00:00+05:30,"SYNTHETIC demo data (KaushalSetu SIH prototype): fictional entities, team-assumed numbers, not real or official statistics.",true
260d2ec0-fb78-5160-91ff-14518a8e7334,ceaa1b2e-2bba-5b20-b063-c7e51c6a145d,true,SELF_EMPLOYED,,2f571be3-597c-576f-8dbd-e8baff7c9dfe,,2026-08-03,,true,false,Y10,"KaushalSetu synthetic generator v2, seed 20260929",2026-09-28T12:00:00+05:30,"SYNTHETIC demo data (KaushalSetu SIH prototype): fictional entities, team-assumed numbers, not real or official statistics.",true
fd83c4e2-a3dc-5346-81e4-54528eddcefb,9f094119-5419-54cb-81f7-1debc73cad7e,true,WAGE,,2f571be3-597c-576f-8dbd-e8baff7c9dfe,12500,2026-09-05,,true,false,Y10,"KaushalSetu synthetic generator v2, seed 20260929",2026-09-28T12:00:00+05:30,"SYNTHETIC demo data (KaushalSetu SIH prototype): fictional entities, team-assumed numbers, not real or official statistics.",true
be36813d-4087-527e-87ef-c1705bf5865f,828251f5-ef52-5f87-828e-6bf0e51e2e19,true,WAGE,,2f571be3-597c-576f-8dbd-e8baff7c9dfe,14500,2026-09-17,,true,false,Y10,"KaushalSetu synthetic generator v2, seed 20260929",2026-09-28T12:00:00+05:30,"SYNTHETIC demo data (KaushalSetu SIH prototype): fictional entities, team-assumed numbers, not real or official statistics.",true
58cc2178-b47b-5df8-810b-fd6a3cd8a9e7,5e210b38-fe00-515d-87ae-43acfb1c5419,false,,,,,,,,false,Y10,"KaushalSetu synthetic generator v2, seed 20260929",2026-09-28T12:00:00+05:30,"SYNTHETIC demo data (KaushalSetu SIH prototype): fictional entities, team-assumed numbers, not real or official statistics.",true
242fcfa1-a014-5845-b323-b256099abbe9,28ed69dd-977e-5d58-840a-c17198ad7eb4,true,WAGE,,2f571be3-597c-576f-8dbd-e8baff7c9dfe,13500,2026-08-20,,true,false,Y10,"KaushalSetu synthetic generator v2, seed 20260929",2026-09-28T12:00:00+05:30,"SYNTHETIC demo data (KaushalSetu SIH prototype): fictional entities, team-assumed numbers, not real or official statistics.",true
9a902704-3076-557b-8677-4bbb2203060d,e23f35e9-4fa8-5ad2-840f-f0b77b6f5dc8,true,SELF_EMPLOYED,,2f571be3-597c-576f-8dbd-e8baff7c9dfe,,2026-09-17,,true,false,Y10,"KaushalSetu synthetic generator v2, seed 20260929",2026-09-28T12:00:00+05:30,"SYNTHETIC demo data (KaushalSetu SIH prototype): fictional entities, team-assumed numbers, not real or official statistics.",true
9d3990ae-cf81-566c-8804-f14807f6c162,f5e97634-8586-50c3-b807-afa48afb2522,true,WAGE,,,13500,2026-09-03,,false,false,Y10,"KaushalSetu synthetic generator v2, seed 20260929",2026-09-28T12:00:00+05:30,"SYNTHETIC demo data (KaushalSetu SIH prototype): fictional entities, team-assumed numbers, not real or official statistics.",true
24999fdb-e400-5cfd-ac99-9bee17779257,25102923-611c-52a5-a1c6-1ceabebc2e1a,true,WAGE,,2f571be3-597c-576f-8dbd-e8baff7c9dfe,14500,2026-09-12,,true,false,Y10,"KaushalSetu synthetic generator v2, seed 20260929",2026-09-28T12:00:00+05:30,"SYNTHETIC demo data (KaushalSetu SIH prototype): fictional entities, team-assumed numbers, not real or official statistics.",true
a9f1999b-0466-5288-b60b-e99774c1ec2c,d6aa6605-9d77-5683-bd7d-dfade3e1842d,false,,,,,,,,false,Y10,"KaushalSetu synthetic generator v2, seed 20260929",2026-09-28T12:00:00+05:30,"SYNTHETIC demo data (KaushalSetu SIH prototype): fictional entities, team-assumed numbers, not real or official statistics.",true
c896abe0-7a42-5b98-8bca-c0aa4c7a3dd9,1dcf8cc7-a4c0-5ff0-bae6-f59af9808aaf,true,SELF_EMPLOYED,,,,2026-09-22,,false,false,Y10,"KaushalSetu synthetic generator v2, seed 20260929",2026-09-28T12:00:00+05:30,"SYNTHETIC demo data (KaushalSetu SIH prototype): fictional entities, team-assumed numbers, not real or official statistics.",true
fb53a1f5-3f6b-5a7b-8995-ad41fd0c0342,c07b6570-212a-539c-b2f0-cbcdd3e09533,true,WAGE,,2f571be3-597c-576f-8dbd-e8baff7c9dfe,13500,2026-09-18,,true,false,Y10,"KaushalSetu synthetic generator v2, seed 20260929",2026-09-28T12:00:00+05:30,"SYNTHETIC demo data (KaushalSetu SIH prototype): fictional entities, team-assumed numbers, not real or official statistics.",true
78284419-b326-5252-a3c4-ed3189b49a1b,34523d6a-e964-5412-873a-0b7c5be432c4,false,,,,,,,,false,Y10,"KaushalSetu synthetic generator v2, seed 20260929",2026-09-28T12:00:00+05:30,"SYNTHETIC demo data (KaushalSetu SIH prototype): fictional entities, team-assumed numbers, not real or official statistics.",true
8509cf11-e2a8-5da9-aad5-38cf5e2ddaaa,b948c3b4-0820-53de-95dc-fdbb6cc4a556,false,,,,,,,,false,Y10,"KaushalSetu synthetic generator v2, seed 20260929",2026-09-28T12:00:00+05:30,"SYNTHETIC demo data (KaushalSetu SIH prototype): fictional entities, team-assumed numbers, not real or official statistics.",true
72f6123d-8c57-5d76-b83d-141f75ae8326,8b947d27-d1db-5e70-8af3-396492d0e99f,false,,,,,,,,false,Y10,"KaushalSetu synthetic generator v2, seed 20260929",2026-09-28T12:00:00+05:30,"SYNTHETIC demo data (KaushalSetu SIH prototype): fictional entities, team-assumed numbers, not real or official statistics.",true
b4a566ee-ec52-5aae-ba41-cc56de5b7593,9e135010-6398-5332-9ea7-0bc9e4d56ec0,true,WAGE,,2f571be3-597c-576f-8dbd-e8baff7c9dfe,14500,2026-09-18,,true,false,Y10,"KaushalSetu synthetic generator v2, seed 20260929",2026-09-28T12:00:00+05:30,"SYNTHETIC demo data (KaushalSetu SIH prototype): fictional entities, team-assumed numbers, not real or official statistics.",true
8165f735-6fa5-5286-8939-b82208c4c8bf,ae5df6a5-996a-5a39-96de-125fd85f5b4e,false,,,,,,,,false,Y10,"KaushalSetu synthetic generator v2, seed 20260929",2026-09-28T12:00:00+05:30,"SYNTHETIC demo data (KaushalSetu SIH prototype): fictional entities, team-assumed numbers, not real or official statistics.",true
c9ae994c-e999-5f3f-8fd1-0e8cea031d9a,21319042-3809-5503-8858-289b117dcb16,true,WAGE,,2f571be3-597c-576f-8dbd-e8baff7c9dfe,15000,2026-09-22,,true,false,Y10,"KaushalSetu synthetic generator v2, seed 20260929",2026-09-28T12:00:00+05:30,"SYNTHETIC demo data (KaushalSetu SIH prototype): fictional entities, team-assumed numbers, not real or official statistics.",true
a0da7d9f-b8d0-5a47-a133-f0e1398b5aec,ba16764d-c227-590a-ba3e-dd36c01c65bf,false,,,,,,,,false,Y10,"KaushalSetu synthetic generator v2, seed 20260929",2026-09-28T12:00:00+05:30,"SYNTHETIC demo data (KaushalSetu SIH prototype): fictional entities, team-assumed numbers, not real or official statistics.",true
efd5e388-48d8-5daa-8d6b-6eeb93eb95cf,27857108-95dd-5d99-ab08-006ca69f66d7,true,APPRENTICESHIP,,608cbacd-5b75-535a-92f4-6a1d0aa606f5,,2025-04-17,true,true,true,Y10,"KaushalSetu synthetic generator v2, seed 20260929",2026-09-28T12:00:00+05:30,"SYNTHETIC demo data (KaushalSetu SIH prototype): fictional entities, team-assumed numbers, not real or official statistics.",true
e7f449d3-b23a-5d58-bbd0-9cf7b02397cf,239790b8-6b75-51e0-aa81-cda76ac88272,false,,,,,,,,true,Y10,"KaushalSetu synthetic generator v2, seed 20260929",2026-09-28T12:00:00+05:30,"SYNTHETIC demo data (KaushalSetu SIH prototype): fictional entities, team-assumed numbers, not real or official statistics.",true
db4dab4a-d862-5bd2-a20b-e90c971d94c4,9fe18b57-bbba-5898-9034-1d87a8580aed,true,APPRENTICESHIP,57e05900-a755-5fc2-a213-b12302cf9ed2,608cbacd-5b75-535a-92f4-6a1d0aa606f5,,2025-03-14,true,true,true,Y10,"KaushalSetu synthetic generator v2, seed 20260929",2026-09-28T12:00:00+05:30,"SYNTHETIC demo data (KaushalSetu SIH prototype): fictional entities, team-assumed numbers, not real or official statistics.",true
f82a2641-3aee-53b4-a20a-7362792e5450,6b093c03-286f-50d0-8f74-dedc04018f69,false,,,,,,,,true,Y10,"KaushalSetu synthetic generator v2, seed 20260929",2026-09-28T12:00:00+05:30,"SYNTHETIC demo data (KaushalSetu SIH prototype): fictional entities, team-assumed numbers, not real or official statistics.",true
f9c73a93-c386-584e-9c0a-82b6b26e44c6,a45d6bd5-af48-563e-a287-bd1ac204442e,true,WAGE,57e05900-a755-5fc2-a213-b12302cf9ed2,608cbacd-5b75-535a-92f4-6a1d0aa606f5,13000,2025-02-13,true,true,true,Y10,"KaushalSetu synthetic generator v2, seed 20260929",2026-09-28T12:00:00+05:30,"SYNTHETIC demo data (KaushalSetu SIH prototype): fictional entities, team-assumed numbers, not real or official statistics.",true
77bf4de2-f632-5239-915a-b3e04d195efc,34727c70-bafb-5ba8-b1b3-ef095547871b,true,WAGE,,,14500,2025-06-06,false,false,true,Y10,"KaushalSetu synthetic generator v2, seed 20260929",2026-09-28T12:00:00+05:30,"SYNTHETIC demo data (KaushalSetu SIH prototype): fictional entities, team-assumed numbers, not real or official statistics.",true
dbe53186-0f29-5f1b-b2f6-9f9a9c4cece1,7ba5338c-1045-5a9b-9193-b5c965a78974,true,WAGE,57e05900-a755-5fc2-a213-b12302cf9ed2,608cbacd-5b75-535a-92f4-6a1d0aa606f5,16500,2025-05-04,true,true,true,Y10,"KaushalSetu synthetic generator v2, seed 20260929",2026-09-28T12:00:00+05:30,"SYNTHETIC demo data (KaushalSetu SIH prototype): fictional entities, team-assumed numbers, not real or official statistics.",true
210a3e84-11ab-55ff-89a2-37c4e64ab19a,b6e70c16-3fc7-5db0-b1a2-a595517faa8d,true,WAGE,57e05900-a755-5fc2-a213-b12302cf9ed2,608cbacd-5b75-535a-92f4-6a1d0aa606f5,17000,2025-06-27,false,true,true,Y10,"KaushalSetu synthetic generator v2, seed 20260929",2026-09-28T12:00:00+05:30,"SYNTHETIC demo data (KaushalSetu SIH prototype): fictional entities, team-assumed numbers, not real or official statistics.",true
9d154bec-5bf3-5cf8-a620-21d646ab0ee3,3c6dc68b-d340-5587-8e95-ac04a51abb51,true,WAGE,,608cbacd-5b75-535a-92f4-6a1d0aa606f5,14000,2025-06-06,true,true,true,Y10,"KaushalSetu synthetic generator v2, seed 20260929",2026-09-28T12:00:00+05:30,"SYNTHETIC demo data (KaushalSetu SIH prototype): fictional entities, team-assumed numbers, not real or official statistics.",true
caa8cac9-081b-52ac-b48b-72cd50264cab,d084f1a0-7083-5efa-b988-c92bb0a74983,true,WAGE,57e05900-a755-5fc2-a213-b12302cf9ed2,608cbacd-5b75-535a-92f4-6a1d0aa606f5,12500,2025-11-06,true,true,true,Y10,"KaushalSetu synthetic generator v2, seed 20260929",2026-09-28T12:00:00+05:30,"SYNTHETIC demo data (KaushalSetu SIH prototype): fictional entities, team-assumed numbers, not real or official statistics.",true
2a64a61b-0269-560c-aa83-c58b3553c120,2497e444-e4a5-510f-aa23-5a0c7b178c7a,true,WAGE,,608cbacd-5b75-535a-92f4-6a1d0aa606f5,14500,2025-03-21,true,true,true,Y10,"KaushalSetu synthetic generator v2, seed 20260929",2026-09-28T12:00:00+05:30,"SYNTHETIC demo data (KaushalSetu SIH prototype): fictional entities, team-assumed numbers, not real or official statistics.",true
04a7bc81-6b49-5301-bfe2-390eca5b4885,ed577b34-f8c0-503b-ba54-61fb7eb5b716,true,WAGE,,,12000,2025-02-08,false,false,true,Y10,"KaushalSetu synthetic generator v2, seed 20260929",2026-09-28T12:00:00+05:30,"SYNTHETIC demo data (KaushalSetu SIH prototype): fictional entities, team-assumed numbers, not real or official statistics.",true
29c07736-08a8-581c-8f65-d09d2ef79fc6,73ba35be-2244-5041-a200-0fe779462a09,true,WAGE,,608cbacd-5b75-535a-92f4-6a1d0aa606f5,14000,2025-03-15,true,true,true,Y10,"KaushalSetu synthetic generator v2, seed 20260929",2026-09-28T12:00:00+05:30,"SYNTHETIC demo data (KaushalSetu SIH prototype): fictional entities, team-assumed numbers, not real or official statistics.",true
81b3480b-0d58-50f0-9f3a-bfadb41adf9e,33365387-c665-5526-895d-a21cf1d9be25,true,WAGE,,608cbacd-5b75-535a-92f4-6a1d0aa606f5,16000,2025-02-19,false,true,true,Y10,"KaushalSetu synthetic generator v2, seed 20260929",2026-09-28T12:00:00+05:30,"SYNTHETIC demo data (KaushalSetu SIH prototype): fictional entities, team-assumed numbers, not real or official statistics.",true
eeda7929-d0c6-5d92-9abb-6146d912abe3,df61ea7b-7a4d-55ca-8db4-6a6a3cc3713c,true,SELF_EMPLOYED,,608cbacd-5b75-535a-92f4-6a1d0aa606f5,,2025-07-14,true,true,true,Y10,"KaushalSetu synthetic generator v2, seed 20260929",2026-09-28T12:00:00+05:30,"SYNTHETIC demo data (KaushalSetu SIH prototype): fictional entities, team-assumed numbers, not real or official statistics.",true
67baff93-86c7-5ac2-bd1c-f52469579517,6b609f53-811f-5bf8-ac6d-624fe1fea0aa,true,WAGE,,608cbacd-5b75-535a-92f4-6a1d0aa606f5,13000,2025-05-30,true,true,true,Y10,"KaushalSetu synthetic generator v2, seed 20260929",2026-09-28T12:00:00+05:30,"SYNTHETIC demo data (KaushalSetu SIH prototype): fictional entities, team-assumed numbers, not real or official statistics.",true
46df8b17-bec0-5465-a66b-2d5cfd7db759,3804c369-20c6-58f1-bd9a-985c72fb0c63,true,WAGE,,608cbacd-5b75-535a-92f4-6a1d0aa606f5,15500,2025-08-26,true,true,true,Y10,"KaushalSetu synthetic generator v2, seed 20260929",2026-09-28T12:00:00+05:30,"SYNTHETIC demo data (KaushalSetu SIH prototype): fictional entities, team-assumed numbers, not real or official statistics.",true
66c8f7b3-1fbb-5816-ba87-7ebb76175a86,dd00879a-0db7-5f2c-af9a-afa48d995a87,true,SELF_EMPLOYED,,608cbacd-5b75-535a-92f4-6a1d0aa606f5,,2025-08-20,true,true,true,Y10,"KaushalSetu synthetic generator v2, seed 20260929",2026-09-28T12:00:00+05:30,"SYNTHETIC demo data (KaushalSetu SIH prototype): fictional entities, team-assumed numbers, not real or official statistics.",true
bcdf3806-76fb-5f49-9715-d7c5f8ba8d4f,746d6437-6e2e-59ed-89b1-c327079036c7,true,WAGE,,608cbacd-5b75-535a-92f4-6a1d0aa606f5,13000,2025-04-09,true,true,true,Y10,"KaushalSetu synthetic generator v2, seed 20260929",2026-09-28T12:00:00+05:30,"SYNTHETIC demo data (KaushalSetu SIH prototype): fictional entities, team-assumed numbers, not real or official statistics.",true
d39fcc93-166e-5ffc-b977-5483e66bd1d5,c375021b-9e53-5249-b1b5-6286c1aba530,false,,,,,,,,true,Y10,"KaushalSetu synthetic generator v2, seed 20260929",2026-09-28T12:00:00+05:30,"SYNTHETIC demo data (KaushalSetu SIH prototype): fictional entities, team-assumed numbers, not real or official statistics.",true
355d5a7c-2d9c-5d55-bf12-ee9802ddbbd8,7b649a68-b874-5019-97e5-acb1ac3d8643,false,,,,,,,,true,Y10,"KaushalSetu synthetic generator v2, seed 20260929",2026-09-28T12:00:00+05:30,"SYNTHETIC demo data (KaushalSetu SIH prototype): fictional entities, team-assumed numbers, not real or official statistics.",true
1ccb9c8b-1f9b-5027-9373-4a5fd170a12d,3bc2e8bc-211c-52ed-afa4-de48b0014beb,true,WAGE,,608cbacd-5b75-535a-92f4-6a1d0aa606f5,14000,2025-08-26,true,true,true,Y10,"KaushalSetu synthetic generator v2, seed 20260929",2026-09-28T12:00:00+05:30,"SYNTHETIC demo data (KaushalSetu SIH prototype): fictional entities, team-assumed numbers, not real or official statistics.",true
d7ce96f9-4929-56a5-ae3d-f6dc722e3ff0,571f9428-ec8e-5ab8-8179-1e2f3e2065de,false,,,,,,,,true,Y10,"KaushalSetu synthetic generator v2, seed 20260929",2026-09-28T12:00:00+05:30,"SYNTHETIC demo data (KaushalSetu SIH prototype): fictional entities, team-assumed numbers, not real or official statistics.",true
d6c13f1e-af41-5014-b718-572d73a19ccc,6412259e-6128-5f0d-8456-50c72137941e,false,,,,,,,,true,Y10,"KaushalSetu synthetic generator v2, seed 20260929",2026-09-28T12:00:00+05:30,"SYNTHETIC demo data (KaushalSetu SIH prototype): fictional entities, team-assumed numbers, not real or official statistics.",true
5e915968-4716-5778-a2fe-c921799e4769,ab05f7b4-d7e8-54f5-81f5-da6863a5c538,true,SELF_EMPLOYED,,608cbacd-5b75-535a-92f4-6a1d0aa606f5,,2025-03-28,false,true,true,Y10,"KaushalSetu synthetic generator v2, seed 20260929",2026-09-28T12:00:00+05:30,"SYNTHETIC demo data (KaushalSetu SIH prototype): fictional entities, team-assumed numbers, not real or official statistics.",true
09118769-0ef3-5c93-bfe8-6b4b4ad8ec34,7ed9297f-9d6f-5e89-9733-4de0b877c687,false,,,,,,,,true,Y10,"KaushalSetu synthetic generator v2, seed 20260929",2026-09-28T12:00:00+05:30,"SYNTHETIC demo data (KaushalSetu SIH prototype): fictional entities, team-assumed numbers, not real or official statistics.",true
74dd4217-078a-52e9-a8e4-5d30bd526b20,5db458c3-8233-549b-93b2-8467a38e6fe2,true,WAGE,,608cbacd-5b75-535a-92f4-6a1d0aa606f5,12000,2025-06-24,true,true,true,Y10,"KaushalSetu synthetic generator v2, seed 20260929",2026-09-28T12:00:00+05:30,"SYNTHETIC demo data (KaushalSetu SIH prototype): fictional entities, team-assumed numbers, not real or official statistics.",true
e87fd2ad-1417-5be5-966c-887d346a3e2b,5786e47d-efb1-57a2-a416-94a1c9fdbadc,false,,,,,,,,true,Y10,"KaushalSetu synthetic generator v2, seed 20260929",2026-09-28T12:00:00+05:30,"SYNTHETIC demo data (KaushalSetu SIH prototype): fictional entities, team-assumed numbers, not real or official statistics.",true
a3ec5bac-32c6-5c7c-a59e-4633adc4d425,35c23ab7-3d57-57d9-b7f4-bf2a50b69e27,false,,,,,,,,true,Y10,"KaushalSetu synthetic generator v2, seed 20260929",2026-09-28T12:00:00+05:30,"SYNTHETIC demo data (KaushalSetu SIH prototype): fictional entities, team-assumed numbers, not real or official statistics.",true
5746b266-f400-5115-941b-b2e402bd4100,04fd9302-1c64-5d85-8a7e-fa19080a937f,false,,,,,,,,true,Y10,"KaushalSetu synthetic generator v2, seed 20260929",2026-09-28T12:00:00+05:30,"SYNTHETIC demo data (KaushalSetu SIH prototype): fictional entities, team-assumed numbers, not real or official statistics.",true
13a7c11f-b67f-585f-a2ad-c06770d50627,82e3d4e2-3905-5884-a474-1cc5e128de3c,false,,,,,,,,true,Y10,"KaushalSetu synthetic generator v2, seed 20260929",2026-09-28T12:00:00+05:30,"SYNTHETIC demo data (KaushalSetu SIH prototype): fictional entities, team-assumed numbers, not real or official statistics.",true
d2c11eec-dbd8-5ff8-8811-ffd2409c9755,01c2afad-7d47-5fab-b4de-2c8882728c07,true,WAGE,,608cbacd-5b75-535a-92f4-6a1d0aa606f5,14500,2025-04-07,true,true,true,Y10,"KaushalSetu synthetic generator v2, seed 20260929",2026-09-28T12:00:00+05:30,"SYNTHETIC demo data (KaushalSetu SIH prototype): fictional entities, team-assumed numbers, not real or official statistics.",true
e7ef2e61-e387-5409-a84d-3b8093db8893,8ee7100a-c98b-5578-9cd2-c3b614f638a5,true,WAGE,,,15500,2025-10-22,false,false,true,Y10,"KaushalSetu synthetic generator v2, seed 20260929",2026-09-28T12:00:00+05:30,"SYNTHETIC demo data (KaushalSetu SIH prototype): fictional entities, team-assumed numbers, not real or official statistics.",true
54f00c98-6511-5a94-ad65-4d6d268309c8,3f110718-b244-5b24-93e9-c66818114a78,false,,,,,,,,true,Y10,"KaushalSetu synthetic generator v2, seed 20260929",2026-09-28T12:00:00+05:30,"SYNTHETIC demo data (KaushalSetu SIH prototype): fictional entities, team-assumed numbers, not real or official statistics.",true
2e1d5490-ce16-5d3d-b14e-922c5baf6902,91031add-8b33-52d0-a2c7-882aadeaf914,false,,,,,,,,true,Y10,"KaushalSetu synthetic generator v2, seed 20260929",2026-09-28T12:00:00+05:30,"SYNTHETIC demo data (KaushalSetu SIH prototype): fictional entities, team-assumed numbers, not real or official statistics.",true
04657520-7545-5562-9851-51306ba6686b,f69e57ba-3ebf-56eb-9c78-34c25011725f,true,WAGE,,608cbacd-5b75-535a-92f4-6a1d0aa606f5,16000,2024-12-24,false,true,true,Y10,"KaushalSetu synthetic generator v2, seed 20260929",2026-09-28T12:00:00+05:30,"SYNTHETIC demo data (KaushalSetu SIH prototype): fictional entities, team-assumed numbers, not real or official statistics.",true
5d78002b-47bd-5e00-b2d2-735c3ce43717,1c27be83-7729-5be2-b4b6-859c4c8337b5,false,,,,,,,,true,Y10,"KaushalSetu synthetic generator v2, seed 20260929",2026-09-28T12:00:00+05:30,"SYNTHETIC demo data (KaushalSetu SIH prototype): fictional entities, team-assumed numbers, not real or official statistics.",true
0acee3f2-f969-59ef-8680-58d9fea1d468,7a81a179-c7f4-59b3-8071-d5bd8c034b69,false,,,,,,,,true,Y10,"KaushalSetu synthetic generator v2, seed 20260929",2026-09-28T12:00:00+05:30,"SYNTHETIC demo data (KaushalSetu SIH prototype): fictional entities, team-assumed numbers, not real or official statistics.",true
dbbde159-d0a9-510f-a787-529b90b06f6a,36c8dc5a-8ee8-57a6-bcb0-4bb06cbc8101,false,,,,,,,,true,Y10,"KaushalSetu synthetic generator v2, seed 20260929",2026-09-28T12:00:00+05:30,"SYNTHETIC demo data (KaushalSetu SIH prototype): fictional entities, team-assumed numbers, not real or official statistics.",true
02a85912-2061-5526-ab29-738fe7894b68,744fe0fb-8bd9-5dba-94ee-ec6bd51a7d4e,false,,,,,,,,true,Y10,"KaushalSetu synthetic generator v2, seed 20260929",2026-09-28T12:00:00+05:30,"SYNTHETIC demo data (KaushalSetu SIH prototype): fictional entities, team-assumed numbers, not real or official statistics.",true
a886a56b-e078-589f-8e8a-c4d5de7bf606,99dcfc1d-41cc-5571-a623-47a80296474b,true,WAGE,,608cbacd-5b75-535a-92f4-6a1d0aa606f5,16000,2025-08-08,true,true,true,Y10,"KaushalSetu synthetic generator v2, seed 20260929",2026-09-28T12:00:00+05:30,"SYNTHETIC demo data (KaushalSetu SIH prototype): fictional entities, team-assumed numbers, not real or official statistics.",true
4c8571ad-e2c2-5b07-9ec5-c0a773241470,447c050e-880a-58c2-a52c-0619502bf31a,true,WAGE,,,17000,2025-01-16,true,false,true,Y10,"KaushalSetu synthetic generator v2, seed 20260929",2026-09-28T12:00:00+05:30,"SYNTHETIC demo data (KaushalSetu SIH prototype): fictional entities, team-assumed numbers, not real or official statistics.",true
ebc89bbb-193d-50e1-a469-2d6dec0e71e3,f28072b4-279d-53fa-9ba4-ee6875e7737c,true,WAGE,,608cbacd-5b75-535a-92f4-6a1d0aa606f5,16000,2025-08-12,true,true,true,Y10,"KaushalSetu synthetic generator v2, seed 20260929",2026-09-28T12:00:00+05:30,"SYNTHETIC demo data (KaushalSetu SIH prototype): fictional entities, team-assumed numbers, not real or official statistics.",true
6350a780-e6e8-5d44-a271-995eaf89267f,1063f99a-d088-5810-abac-e08bb0a2c6c2,true,WAGE,,,15000,2025-02-18,true,false,true,Y10,"KaushalSetu synthetic generator v2, seed 20260929",2026-09-28T12:00:00+05:30,"SYNTHETIC demo data (KaushalSetu SIH prototype): fictional entities, team-assumed numbers, not real or official statistics.",true
e1c1339c-8403-597c-9e0c-e2fbf23dab2b,2bf9ae22-a6fb-5ce4-8b33-ef754059953a,true,WAGE,,608cbacd-5b75-535a-92f4-6a1d0aa606f5,13000,2025-06-16,false,true,true,Y10,"KaushalSetu synthetic generator v2, seed 20260929",2026-09-28T12:00:00+05:30,"SYNTHETIC demo data (KaushalSetu SIH prototype): fictional entities, team-assumed numbers, not real or official statistics.",true
10105cc8-8001-5bcd-acb8-b55613d8a3a4,481d8846-33be-505a-b7ac-da2a49bccc7d,true,APPRENTICESHIP,,608cbacd-5b75-535a-92f4-6a1d0aa606f5,,2025-08-09,true,true,true,Y10,"KaushalSetu synthetic generator v2, seed 20260929",2026-09-28T12:00:00+05:30,"SYNTHETIC demo data (KaushalSetu SIH prototype): fictional entities, team-assumed numbers, not real or official statistics.",true
5ee0ed68-a918-5f96-8ae3-f5815227a196,9a7017d6-30ff-5d04-8274-fe98549251ab,true,WAGE,,608cbacd-5b75-535a-92f4-6a1d0aa606f5,14500,2025-02-26,true,true,true,Y10,"KaushalSetu synthetic generator v2, seed 20260929",2026-09-28T12:00:00+05:30,"SYNTHETIC demo data (KaushalSetu SIH prototype): fictional entities, team-assumed numbers, not real or official statistics.",true
48738eb2-dc10-52aa-87f2-a3a6ba1270b1,eb3705cc-841e-5ff1-890e-3800364feaa9,false,,,,,,,,true,Y10,"KaushalSetu synthetic generator v2, seed 20260929",2026-09-28T12:00:00+05:30,"SYNTHETIC demo data (KaushalSetu SIH prototype): fictional entities, team-assumed numbers, not real or official statistics.",true
ddafc168-99ef-511f-b0fb-86ff63ed85b6,ad5a45b7-e27a-5f5f-a545-3d8eaae20676,true,WAGE,,608cbacd-5b75-535a-92f4-6a1d0aa606f5,14500,2025-03-08,true,true,true,Y10,"KaushalSetu synthetic generator v2, seed 20260929",2026-09-28T12:00:00+05:30,"SYNTHETIC demo data (KaushalSetu SIH prototype): fictional entities, team-assumed numbers, not real or official statistics.",true
91b917b9-0c93-5144-b1d5-178bb36f7110,cdd006a8-1e22-5599-acb3-1aec0b2314fa,true,SELF_EMPLOYED,,608cbacd-5b75-535a-92f4-6a1d0aa606f5,,2026-09-22,,true,false,Y10,"KaushalSetu synthetic generator v2, seed 20260929",2026-09-28T12:00:00+05:30,"SYNTHETIC demo data (KaushalSetu SIH prototype): fictional entities, team-assumed numbers, not real or official statistics.",true
63dc05ef-fbf4-5492-9419-14c60a3cc083,da0b787e-5da0-5823-a3c9-0e543849b166,false,,,,,,,,false,Y10,"KaushalSetu synthetic generator v2, seed 20260929",2026-09-28T12:00:00+05:30,"SYNTHETIC demo data (KaushalSetu SIH prototype): fictional entities, team-assumed numbers, not real or official statistics.",true
122a3cdb-1d41-5bab-aede-c9a74d48161a,be137871-5626-5f02-8bbe-37907d97ce1b,false,,,,,,,,true,Y10,"KaushalSetu synthetic generator v2, seed 20260929",2026-09-28T12:00:00+05:30,"SYNTHETIC demo data (KaushalSetu SIH prototype): fictional entities, team-assumed numbers, not real or official statistics.",true
b3f90758-9bde-516f-b4e9-12323d5a44a9,1386673d-e90f-5e18-8888-b525514e90e7,false,,,,,,,,true,Y10,"KaushalSetu synthetic generator v2, seed 20260929",2026-09-28T12:00:00+05:30,"SYNTHETIC demo data (KaushalSetu SIH prototype): fictional entities, team-assumed numbers, not real or official statistics.",true
eaaabe72-8117-5417-9eab-c505169b2acc,a480bbb3-0a6f-5605-998b-38140ae59fec,true,SELF_EMPLOYED,,608cbacd-5b75-535a-92f4-6a1d0aa606f5,,2026-01-21,true,true,true,Y10,"KaushalSetu synthetic generator v2, seed 20260929",2026-09-28T12:00:00+05:30,"SYNTHETIC demo data (KaushalSetu SIH prototype): fictional entities, team-assumed numbers, not real or official statistics.",true
43d2610f-cc0e-5aa7-90b6-94356d1d257b,57a99047-2c3e-52a3-887e-50ac7ac4a05b,true,WAGE,57e05900-a755-5fc2-a213-b12302cf9ed2,608cbacd-5b75-535a-92f4-6a1d0aa606f5,16500,2026-05-30,,true,false,Y10,"KaushalSetu synthetic generator v2, seed 20260929",2026-09-28T12:00:00+05:30,"SYNTHETIC demo data (KaushalSetu SIH prototype): fictional entities, team-assumed numbers, not real or official statistics.",true
0261ff6e-8c49-5034-a5e4-487d4475bdc4,2eb41495-3a8d-516c-b94c-bc938063f8f2,true,WAGE,57e05900-a755-5fc2-a213-b12302cf9ed2,608cbacd-5b75-535a-92f4-6a1d0aa606f5,11500,2026-09-19,,true,false,Y10,"KaushalSetu synthetic generator v2, seed 20260929",2026-09-28T12:00:00+05:30,"SYNTHETIC demo data (KaushalSetu SIH prototype): fictional entities, team-assumed numbers, not real or official statistics.",true
374bbf25-7638-5f0a-ba09-24d9287711ab,a96a66a8-f3b0-5b64-9918-753f3d67cf20,true,WAGE,57e05900-a755-5fc2-a213-b12302cf9ed2,608cbacd-5b75-535a-92f4-6a1d0aa606f5,13000,2026-09-12,,true,false,Y10,"KaushalSetu synthetic generator v2, seed 20260929",2026-09-28T12:00:00+05:30,"SYNTHETIC demo data (KaushalSetu SIH prototype): fictional entities, team-assumed numbers, not real or official statistics.",true
8288009f-09fa-5061-a046-70ddd5614231,f34a2f8e-3cd3-551f-8c9b-cfe96afd6bb0,true,WAGE,,608cbacd-5b75-535a-92f4-6a1d0aa606f5,15500,2026-02-22,false,true,true,Y10,"KaushalSetu synthetic generator v2, seed 20260929",2026-09-28T12:00:00+05:30,"SYNTHETIC demo data (KaushalSetu SIH prototype): fictional entities, team-assumed numbers, not real or official statistics.",true
4a6df841-5be9-5a71-a525-c7759a3e50a4,1817ae21-4e11-5aa4-8c14-894d08cee142,true,WAGE,,608cbacd-5b75-535a-92f4-6a1d0aa606f5,12000,2026-02-27,true,true,true,Y10,"KaushalSetu synthetic generator v2, seed 20260929",2026-09-28T12:00:00+05:30,"SYNTHETIC demo data (KaushalSetu SIH prototype): fictional entities, team-assumed numbers, not real or official statistics.",true
3be78156-65c9-55da-bcfe-78df60edbacb,01828716-a157-5156-87bc-02812c5d28f9,false,,,,,,,,false,Y10,"KaushalSetu synthetic generator v2, seed 20260929",2026-09-28T12:00:00+05:30,"SYNTHETIC demo data (KaushalSetu SIH prototype): fictional entities, team-assumed numbers, not real or official statistics.",true
97ff9bdf-3c36-59a1-b4ed-da0ab38527f7,066cf09a-684a-5900-945a-e5c7ec724acf,true,WAGE,,608cbacd-5b75-535a-92f4-6a1d0aa606f5,14500,2026-06-22,,true,false,Y10,"KaushalSetu synthetic generator v2, seed 20260929",2026-09-28T12:00:00+05:30,"SYNTHETIC demo data (KaushalSetu SIH prototype): fictional entities, team-assumed numbers, not real or official statistics.",true
34e6a20d-1be9-5048-91a1-3338ee9f7301,2a69b568-970c-5953-98d4-6e95413c8c00,true,WAGE,,608cbacd-5b75-535a-92f4-6a1d0aa606f5,13000,2026-05-22,,true,true,Y10,"KaushalSetu synthetic generator v2, seed 20260929",2026-09-28T12:00:00+05:30,"SYNTHETIC demo data (KaushalSetu SIH prototype): fictional entities, team-assumed numbers, not real or official statistics.",true
56ba217c-50e5-51b9-b390-da91ddaf3c2b,d7b43ba3-d322-53b3-953f-07617b2d511e,true,WAGE,,608cbacd-5b75-535a-92f4-6a1d0aa606f5,14000,2026-03-31,,true,true,Y10,"KaushalSetu synthetic generator v2, seed 20260929",2026-09-28T12:00:00+05:30,"SYNTHETIC demo data (KaushalSetu SIH prototype): fictional entities, team-assumed numbers, not real or official statistics.",true
922e8965-6fa9-5571-a98b-3f7581fc7a59,f618e094-d7e3-5e8a-8715-1e3a80560099,true,WAGE,,608cbacd-5b75-535a-92f4-6a1d0aa606f5,15500,2026-04-26,,true,true,Y10,"KaushalSetu synthetic generator v2, seed 20260929",2026-09-28T12:00:00+05:30,"SYNTHETIC demo data (KaushalSetu SIH prototype): fictional entities, team-assumed numbers, not real or official statistics.",true
08f6897f-3f61-56e8-bad5-ec128b2b6dea,5b36b368-ebcb-5021-8945-0cedc53cfddc,true,WAGE,,608cbacd-5b75-535a-92f4-6a1d0aa606f5,13500,2026-01-19,true,true,true,Y10,"KaushalSetu synthetic generator v2, seed 20260929",2026-09-28T12:00:00+05:30,"SYNTHETIC demo data (KaushalSetu SIH prototype): fictional entities, team-assumed numbers, not real or official statistics.",true
4f8c7905-6e59-543d-9bb2-9f66b2880d99,3b63662f-23e0-597d-8464-954c2cd40ce6,true,APPRENTICESHIP,,,,2026-02-20,true,false,true,Y10,"KaushalSetu synthetic generator v2, seed 20260929",2026-09-28T12:00:00+05:30,"SYNTHETIC demo data (KaushalSetu SIH prototype): fictional entities, team-assumed numbers, not real or official statistics.",true
c15caaae-547f-5512-9f74-8f5619fd7342,cf7c7bb9-09ca-59e1-bcb9-9f71f51a5506,false,,,,,,,,true,Y10,"KaushalSetu synthetic generator v2, seed 20260929",2026-09-28T12:00:00+05:30,"SYNTHETIC demo data (KaushalSetu SIH prototype): fictional entities, team-assumed numbers, not real or official statistics.",true
594df95d-80cc-5263-98a0-ec54af7f35f4,3aa3d308-e30f-5496-8b47-1a88ea307a26,true,WAGE,57e05900-a755-5fc2-a213-b12302cf9ed2,608cbacd-5b75-535a-92f4-6a1d0aa606f5,12500,2026-07-07,,true,false,Y10,"KaushalSetu synthetic generator v2, seed 20260929",2026-09-28T12:00:00+05:30,"SYNTHETIC demo data (KaushalSetu SIH prototype): fictional entities, team-assumed numbers, not real or official statistics.",true
ccde96ac-e0fb-52d2-8a34-24f280b3c292,247e2dde-a4ae-5c6a-ae90-4941dea72403,true,WAGE,,608cbacd-5b75-535a-92f4-6a1d0aa606f5,15000,2026-08-03,,true,false,Y10,"KaushalSetu synthetic generator v2, seed 20260929",2026-09-28T12:00:00+05:30,"SYNTHETIC demo data (KaushalSetu SIH prototype): fictional entities, team-assumed numbers, not real or official statistics.",true
94c85ba9-d345-5d16-b3bb-fdcd1a0f21e2,2d3bf3b4-ad64-5936-9fcd-978a8f4a40e0,true,WAGE,,608cbacd-5b75-535a-92f4-6a1d0aa606f5,16000,2026-06-20,,true,true,Y10,"KaushalSetu synthetic generator v2, seed 20260929",2026-09-28T12:00:00+05:30,"SYNTHETIC demo data (KaushalSetu SIH prototype): fictional entities, team-assumed numbers, not real or official statistics.",true
c672efcf-d486-51dd-839d-db247ddfb240,16f9e2a7-0dc3-59a6-9862-008ee39dc4b4,false,,,,,,,,true,Y10,"KaushalSetu synthetic generator v2, seed 20260929",2026-09-28T12:00:00+05:30,"SYNTHETIC demo data (KaushalSetu SIH prototype): fictional entities, team-assumed numbers, not real or official statistics.",true
c58539c4-71e5-575f-9e2b-cb1ee59381d5,813c45f3-80d7-572e-8d4c-33d8adfb8428,false,,,,,,,,false,Y10,"KaushalSetu synthetic generator v2, seed 20260929",2026-09-28T12:00:00+05:30,"SYNTHETIC demo data (KaushalSetu SIH prototype): fictional entities, team-assumed numbers, not real or official statistics.",true
6c3d0178-819d-51f5-947c-a8606dbff02e,89fad66e-f982-5f3f-8196-08412984ef11,false,,,,,,,,true,Y10,"KaushalSetu synthetic generator v2, seed 20260929",2026-09-28T12:00:00+05:30,"SYNTHETIC demo data (KaushalSetu SIH prototype): fictional entities, team-assumed numbers, not real or official statistics.",true
a11c2fa3-2e7f-5c03-9aa3-5ccb0149b8b7,4b9a67b8-42db-54f1-8680-5d0864bffd4c,true,WAGE,,608cbacd-5b75-535a-92f4-6a1d0aa606f5,13000,2025-11-27,true,true,true,Y10,"KaushalSetu synthetic generator v2, seed 20260929",2026-09-28T12:00:00+05:30,"SYNTHETIC demo data (KaushalSetu SIH prototype): fictional entities, team-assumed numbers, not real or official statistics.",true
58bb3a5b-2383-5781-a4bd-09de66c1f34f,bb113572-caf4-5ed2-9af4-9acd8974665a,true,WAGE,,608cbacd-5b75-535a-92f4-6a1d0aa606f5,12000,2026-06-08,,true,false,Y10,"KaushalSetu synthetic generator v2, seed 20260929",2026-09-28T12:00:00+05:30,"SYNTHETIC demo data (KaushalSetu SIH prototype): fictional entities, team-assumed numbers, not real or official statistics.",true
8121bd7f-e38d-57bc-8a49-5eb7e5ffe191,d87c92f6-0759-5c36-a2af-08a951f15d2f,true,WAGE,,608cbacd-5b75-535a-92f4-6a1d0aa606f5,15500,2026-07-12,,true,false,Y10,"KaushalSetu synthetic generator v2, seed 20260929",2026-09-28T12:00:00+05:30,"SYNTHETIC demo data (KaushalSetu SIH prototype): fictional entities, team-assumed numbers, not real or official statistics.",true
1d52394d-2a6b-5821-bc3d-f46174ba1647,f4337d1d-0ccc-592a-bdd3-6bdf4ccac096,true,SELF_EMPLOYED,,608cbacd-5b75-535a-92f4-6a1d0aa606f5,,2026-06-15,,true,true,Y10,"KaushalSetu synthetic generator v2, seed 20260929",2026-09-28T12:00:00+05:30,"SYNTHETIC demo data (KaushalSetu SIH prototype): fictional entities, team-assumed numbers, not real or official statistics.",true
5d492a9e-9965-5ab4-871e-da18de00dff1,04a43a58-8f15-57a5-bae7-73aee5526947,true,WAGE,,608cbacd-5b75-535a-92f4-6a1d0aa606f5,13000,2025-12-29,true,true,true,Y10,"KaushalSetu synthetic generator v2, seed 20260929",2026-09-28T12:00:00+05:30,"SYNTHETIC demo data (KaushalSetu SIH prototype): fictional entities, team-assumed numbers, not real or official statistics.",true
4294592d-c678-543a-aa2c-8a823a5dcfe5,33298ca2-401b-5f47-87cb-f0cbbf700783,true,WAGE,,608cbacd-5b75-535a-92f4-6a1d0aa606f5,13500,2026-03-20,true,true,true,Y10,"KaushalSetu synthetic generator v2, seed 20260929",2026-09-28T12:00:00+05:30,"SYNTHETIC demo data (KaushalSetu SIH prototype): fictional entities, team-assumed numbers, not real or official statistics.",true
f3817d4d-ee58-5afa-8139-7ee8dea0cfd1,554d752e-676a-567e-8f2e-f296e660de6b,true,WAGE,,,13500,2026-03-20,true,false,true,Y10,"KaushalSetu synthetic generator v2, seed 20260929",2026-09-28T12:00:00+05:30,"SYNTHETIC demo data (KaushalSetu SIH prototype): fictional entities, team-assumed numbers, not real or official statistics.",true
25e58496-01e6-53ab-96b3-64d1e4a4b986,4133f49b-8b43-51ce-9660-1013a6af0555,true,WAGE,,,16500,2026-06-26,,false,false,Y10,"KaushalSetu synthetic generator v2, seed 20260929",2026-09-28T12:00:00+05:30,"SYNTHETIC demo data (KaushalSetu SIH prototype): fictional entities, team-assumed numbers, not real or official statistics.",true
2b3bbd94-80a0-51d0-a5db-5e3495c9e4f3,255ffae7-1b13-5e5f-8750-c06db546eee7,true,WAGE,,608cbacd-5b75-535a-92f4-6a1d0aa606f5,16000,2026-08-10,,true,false,Y10,"KaushalSetu synthetic generator v2, seed 20260929",2026-09-28T12:00:00+05:30,"SYNTHETIC demo data (KaushalSetu SIH prototype): fictional entities, team-assumed numbers, not real or official statistics.",true
3798e02d-b9a9-5684-b150-dcc39c0b9b8b,ae69d95a-60d2-5ff3-960f-854c6b2d85ab,false,,,,,,,,false,Y10,"KaushalSetu synthetic generator v2, seed 20260929",2026-09-28T12:00:00+05:30,"SYNTHETIC demo data (KaushalSetu SIH prototype): fictional entities, team-assumed numbers, not real or official statistics.",true
31eaaec0-f28f-5631-b8fa-e30caf7c925c,2e30d1de-3163-5197-a23d-83caf1f53312,true,WAGE,,608cbacd-5b75-535a-92f4-6a1d0aa606f5,15000,2026-05-02,,true,true,Y10,"KaushalSetu synthetic generator v2, seed 20260929",2026-09-28T12:00:00+05:30,"SYNTHETIC demo data (KaushalSetu SIH prototype): fictional entities, team-assumed numbers, not real or official statistics.",true
0e638007-d3b4-5313-b401-cd4aa07a6783,c514cd30-07c8-59a3-94a9-2a1fc2eb76ff,false,,,,,,,,false,Y10,"KaushalSetu synthetic generator v2, seed 20260929",2026-09-28T12:00:00+05:30,"SYNTHETIC demo data (KaushalSetu SIH prototype): fictional entities, team-assumed numbers, not real or official statistics.",true
75d1dff3-8998-5300-9940-a4a3b7c2ed14,052ccba0-235e-5b70-9157-019af9090bac,true,WAGE,,608cbacd-5b75-535a-92f4-6a1d0aa606f5,15500,2026-05-23,,true,true,Y10,"KaushalSetu synthetic generator v2, seed 20260929",2026-09-28T12:00:00+05:30,"SYNTHETIC demo data (KaushalSetu SIH prototype): fictional entities, team-assumed numbers, not real or official statistics.",true
e11eb436-e66c-5982-8043-0062f15be787,fe86aeb2-411b-5698-b6e4-5def0cef9a59,true,APPRENTICESHIP,,,,2026-05-18,,false,false,Y10,"KaushalSetu synthetic generator v2, seed 20260929",2026-09-28T12:00:00+05:30,"SYNTHETIC demo data (KaushalSetu SIH prototype): fictional entities, team-assumed numbers, not real or official statistics.",true
e26c2fd3-1612-5d4c-83bb-2ab43e731ced,917648bd-c4e9-5b27-bbbb-7d29de556d63,true,WAGE,,608cbacd-5b75-535a-92f4-6a1d0aa606f5,14000,2026-01-19,false,true,true,Y10,"KaushalSetu synthetic generator v2, seed 20260929",2026-09-28T12:00:00+05:30,"SYNTHETIC demo data (KaushalSetu SIH prototype): fictional entities, team-assumed numbers, not real or official statistics.",true
4ecb990b-d8ab-5b27-b97d-f40ce51a27e1,98121471-b935-5c1a-aa88-de0e5b2f7092,false,,,,,,,,true,Y10,"KaushalSetu synthetic generator v2, seed 20260929",2026-09-28T12:00:00+05:30,"SYNTHETIC demo data (KaushalSetu SIH prototype): fictional entities, team-assumed numbers, not real or official statistics.",true
953fcd5b-44c0-5433-9fe8-659ca0b45f99,bf1b14f4-eaea-5ca2-9944-debd272cfe05,true,WAGE,,608cbacd-5b75-535a-92f4-6a1d0aa606f5,12500,2026-05-17,,true,true,Y10,"KaushalSetu synthetic generator v2, seed 20260929",2026-09-28T12:00:00+05:30,"SYNTHETIC demo data (KaushalSetu SIH prototype): fictional entities, team-assumed numbers, not real or official statistics.",true
a648681e-c21d-5bb4-9f1f-f4e3e080fa42,de95149a-4eca-58f0-8dcb-49374619f87e,false,,,,,,,,true,Y10,"KaushalSetu synthetic generator v2, seed 20260929",2026-09-28T12:00:00+05:30,"SYNTHETIC demo data (KaushalSetu SIH prototype): fictional entities, team-assumed numbers, not real or official statistics.",true
a00a2623-15ee-5ce4-bca0-df6e14eea27d,bf80debe-6271-5fba-a823-6311ce8815fa,false,,,,,,,,false,Y10,"KaushalSetu synthetic generator v2, seed 20260929",2026-09-28T12:00:00+05:30,"SYNTHETIC demo data (KaushalSetu SIH prototype): fictional entities, team-assumed numbers, not real or official statistics.",true
ad506d5b-09f6-5e3f-90a3-b5b6cea18bf2,16956488-6ff9-5ffa-ace1-cf0cfd553a8c,true,APPRENTICESHIP,57e05900-a755-5fc2-a213-b12302cf9ed2,608cbacd-5b75-535a-92f4-6a1d0aa606f5,,2026-06-02,,true,false,Y10,"KaushalSetu synthetic generator v2, seed 20260929",2026-09-28T12:00:00+05:30,"SYNTHETIC demo data (KaushalSetu SIH prototype): fictional entities, team-assumed numbers, not real or official statistics.",true
0bc5cef3-cf0e-55ef-ad69-adac7685248a,a01d8e0e-8282-5a70-9d8f-fba4e7b226c5,true,WAGE,,,17000,2026-08-18,,false,false,Y10,"KaushalSetu synthetic generator v2, seed 20260929",2026-09-28T12:00:00+05:30,"SYNTHETIC demo data (KaushalSetu SIH prototype): fictional entities, team-assumed numbers, not real or official statistics.",true
709bb3f1-df24-5fad-9582-58a34df091fc,ad0c458d-a765-566e-b31f-434427f100b0,false,,,,,,,,true,Y10,"KaushalSetu synthetic generator v2, seed 20260929",2026-09-28T12:00:00+05:30,"SYNTHETIC demo data (KaushalSetu SIH prototype): fictional entities, team-assumed numbers, not real or official statistics.",true
869cea95-6d63-59c5-b9d1-b2d1b7a423ad,895f3aac-9334-57c9-96c9-f7da76a9d6f1,false,,,,,,,,true,Y10,"KaushalSetu synthetic generator v2, seed 20260929",2026-09-28T12:00:00+05:30,"SYNTHETIC demo data (KaushalSetu SIH prototype): fictional entities, team-assumed numbers, not real or official statistics.",true
f3667217-0e5b-53b0-82c0-4bbcea259905,541a6355-f0bc-5950-8ff0-d22c32966826,true,WAGE,,608cbacd-5b75-535a-92f4-6a1d0aa606f5,15500,2026-06-07,,true,true,Y10,"KaushalSetu synthetic generator v2, seed 20260929",2026-09-28T12:00:00+05:30,"SYNTHETIC demo data (KaushalSetu SIH prototype): fictional entities, team-assumed numbers, not real or official statistics.",true
0ad501a9-f320-507e-a732-078f535ea774,7575a28b-b962-5b06-93b5-152dbce7120f,false,,,,,,,,true,Y10,"KaushalSetu synthetic generator v2, seed 20260929",2026-09-28T12:00:00+05:30,"SYNTHETIC demo data (KaushalSetu SIH prototype): fictional entities, team-assumed numbers, not real or official statistics.",true
d7529a98-1b89-5415-86ce-750ca355cabe,6c41e361-1eab-5386-91ce-7fa5fa9c4b4c,false,,,,,,,,false,Y10,"KaushalSetu synthetic generator v2, seed 20260929",2026-09-28T12:00:00+05:30,"SYNTHETIC demo data (KaushalSetu SIH prototype): fictional entities, team-assumed numbers, not real or official statistics.",true
9d527929-7ea7-5770-89ca-5b857a41c4f1,238ebb16-9f07-5705-8f44-61d8e9ca7d25,true,WAGE,,19cab99e-6d9d-55f2-8e67-70f21663603e,18500,2025-03-23,false,true,true,Y10,"KaushalSetu synthetic generator v2, seed 20260929",2026-09-28T12:00:00+05:30,"SYNTHETIC demo data (KaushalSetu SIH prototype): fictional entities, team-assumed numbers, not real or official statistics.",true
393560bc-8483-532c-b47b-233bf56f2c51,55f451a1-c7d0-5f7e-aaa7-f93c602e26b1,false,,,,,,,,true,Y10,"KaushalSetu synthetic generator v2, seed 20260929",2026-09-28T12:00:00+05:30,"SYNTHETIC demo data (KaushalSetu SIH prototype): fictional entities, team-assumed numbers, not real or official statistics.",true
edbd6da9-69b7-580a-9811-9398a333b3e8,3a452feb-c6f2-5005-86a1-fa661aa20a75,false,,,,,,,,true,Y10,"KaushalSetu synthetic generator v2, seed 20260929",2026-09-28T12:00:00+05:30,"SYNTHETIC demo data (KaushalSetu SIH prototype): fictional entities, team-assumed numbers, not real or official statistics.",true
e6d8a6f4-3d8e-5d18-b3ef-425992dfc023,10aff408-972d-5927-9133-f7f63219b999,true,WAGE,,,19500,2025-04-22,true,false,true,Y10,"KaushalSetu synthetic generator v2, seed 20260929",2026-09-28T12:00:00+05:30,"SYNTHETIC demo data (KaushalSetu SIH prototype): fictional entities, team-assumed numbers, not real or official statistics.",true
2bbde14a-127e-5c02-89ab-2b94fd74f733,92083694-8ee5-5761-9768-bc00cd539b6c,false,,,,,,,,true,Y10,"KaushalSetu synthetic generator v2, seed 20260929",2026-09-28T12:00:00+05:30,"SYNTHETIC demo data (KaushalSetu SIH prototype): fictional entities, team-assumed numbers, not real or official statistics.",true
ad21bac7-7356-5a39-b52f-582d4ffe800a,ce2e6b99-a9b8-5b85-8c93-9f7b3532ad09,false,,,,,,,,true,Y10,"KaushalSetu synthetic generator v2, seed 20260929",2026-09-28T12:00:00+05:30,"SYNTHETIC demo data (KaushalSetu SIH prototype): fictional entities, team-assumed numbers, not real or official statistics.",true
a130bf0e-6fba-5468-9c5b-bd467e3f2d32,e4d6038c-8d9c-5945-9072-ff6556709f77,true,WAGE,,19cab99e-6d9d-55f2-8e67-70f21663603e,18000,2025-09-26,true,true,true,Y10,"KaushalSetu synthetic generator v2, seed 20260929",2026-09-28T12:00:00+05:30,"SYNTHETIC demo data (KaushalSetu SIH prototype): fictional entities, team-assumed numbers, not real or official statistics.",true
62cde303-7583-519c-9ac3-179708584fa7,b5dabcae-c045-56b9-bb2a-65fccc96ed3a,true,WAGE,,19cab99e-6d9d-55f2-8e67-70f21663603e,20000,2025-03-08,true,true,true,Y10,"KaushalSetu synthetic generator v2, seed 20260929",2026-09-28T12:00:00+05:30,"SYNTHETIC demo data (KaushalSetu SIH prototype): fictional entities, team-assumed numbers, not real or official statistics.",true
a895de7a-e09a-53f1-8eb4-542957c34bd6,eb1044d3-c052-54d9-a19f-3558e49a07cb,true,WAGE,,19cab99e-6d9d-55f2-8e67-70f21663603e,15000,2025-03-31,false,true,true,Y10,"KaushalSetu synthetic generator v2, seed 20260929",2026-09-28T12:00:00+05:30,"SYNTHETIC demo data (KaushalSetu SIH prototype): fictional entities, team-assumed numbers, not real or official statistics.",true
14bc533e-eee4-5202-87eb-8cfffbb26e6c,e6c1f4bd-d40b-5a68-9000-4449964121a0,true,WAGE,,19cab99e-6d9d-55f2-8e67-70f21663603e,15000,2025-06-15,true,true,true,Y10,"KaushalSetu synthetic generator v2, seed 20260929",2026-09-28T12:00:00+05:30,"SYNTHETIC demo data (KaushalSetu SIH prototype): fictional entities, team-assumed numbers, not real or official statistics.",true
1f65c3b9-8424-59fa-8e2b-45d746921fbd,00a84dd1-5a18-52c8-89f9-64789faa89bf,true,WAGE,,19cab99e-6d9d-55f2-8e67-70f21663603e,15000,2025-12-10,true,true,true,Y10,"KaushalSetu synthetic generator v2, seed 20260929",2026-09-28T12:00:00+05:30,"SYNTHETIC demo data (KaushalSetu SIH prototype): fictional entities, team-assumed numbers, not real or official statistics.",true
5886cb8e-89e9-5e76-b96c-9d68f64bbfb9,cc159e31-9da6-5f45-afe4-e32eddca37a6,true,WAGE,,19cab99e-6d9d-55f2-8e67-70f21663603e,19000,2025-07-14,false,true,true,Y10,"KaushalSetu synthetic generator v2, seed 20260929",2026-09-28T12:00:00+05:30,"SYNTHETIC demo data (KaushalSetu SIH prototype): fictional entities, team-assumed numbers, not real or official statistics.",true
4f9dc7d3-f91d-5339-bcf2-dd42a9f0c145,72eed418-1210-5fee-8572-0a3f50541317,true,WAGE,,19cab99e-6d9d-55f2-8e67-70f21663603e,17500,2025-08-30,true,true,true,Y10,"KaushalSetu synthetic generator v2, seed 20260929",2026-09-28T12:00:00+05:30,"SYNTHETIC demo data (KaushalSetu SIH prototype): fictional entities, team-assumed numbers, not real or official statistics.",true
f6314b74-933f-56a8-8a22-8fa1315851b5,c15757f9-d780-58e1-ba54-9a0f94b25da1,false,,,,,,,,true,Y10,"KaushalSetu synthetic generator v2, seed 20260929",2026-09-28T12:00:00+05:30,"SYNTHETIC demo data (KaushalSetu SIH prototype): fictional entities, team-assumed numbers, not real or official statistics.",true
63c96d3c-931a-5367-adb3-4a51a4bd2a3b,6a3afdfa-4a48-5529-a673-5ee1576422b3,true,APPRENTICESHIP,,,,2025-05-12,true,false,true,Y10,"KaushalSetu synthetic generator v2, seed 20260929",2026-09-28T12:00:00+05:30,"SYNTHETIC demo data (KaushalSetu SIH prototype): fictional entities, team-assumed numbers, not real or official statistics.",true
da60d748-d511-5669-9d73-11a3f539bcaf,c5d29c9d-e9c4-5d78-ba34-ef2ba097b2e6,true,WAGE,,19cab99e-6d9d-55f2-8e67-70f21663603e,13500,2025-07-24,false,true,true,Y10,"KaushalSetu synthetic generator v2, seed 20260929",2026-09-28T12:00:00+05:30,"SYNTHETIC demo data (KaushalSetu SIH prototype): fictional entities, team-assumed numbers, not real or official statistics.",true
db19a1e7-1af8-5233-b434-f9c8628bab56,f112d73d-6071-5f25-b761-a86f74169b93,true,APPRENTICESHIP,,19cab99e-6d9d-55f2-8e67-70f21663603e,,2025-02-15,true,true,true,Y10,"KaushalSetu synthetic generator v2, seed 20260929",2026-09-28T12:00:00+05:30,"SYNTHETIC demo data (KaushalSetu SIH prototype): fictional entities, team-assumed numbers, not real or official statistics.",true
5d5a1406-8468-56eb-a293-c94687db20d5,eedaa945-56f8-5d8a-a876-4f7fac5e5665,true,SELF_EMPLOYED,,19cab99e-6d9d-55f2-8e67-70f21663603e,,2025-11-27,true,true,true,Y10,"KaushalSetu synthetic generator v2, seed 20260929",2026-09-28T12:00:00+05:30,"SYNTHETIC demo data (KaushalSetu SIH prototype): fictional entities, team-assumed numbers, not real or official statistics.",true
60b83009-38cb-5981-bf26-4cd48f4a79b3,284a22b8-5b9d-557f-b370-75ea8fd89cde,false,,,,,,,,true,Y10,"KaushalSetu synthetic generator v2, seed 20260929",2026-09-28T12:00:00+05:30,"SYNTHETIC demo data (KaushalSetu SIH prototype): fictional entities, team-assumed numbers, not real or official statistics.",true
9b9ecabb-228c-5ff8-b6b7-6f52b65d659a,4e56ef81-cdd5-5946-8e33-3ac17af573b3,true,WAGE,,19cab99e-6d9d-55f2-8e67-70f21663603e,17000,2025-08-07,true,true,true,Y10,"KaushalSetu synthetic generator v2, seed 20260929",2026-09-28T12:00:00+05:30,"SYNTHETIC demo data (KaushalSetu SIH prototype): fictional entities, team-assumed numbers, not real or official statistics.",true
1eb78b3c-d392-52d1-907d-f5a8ffb9e751,9fb0e441-e6a6-579c-9a65-c9604e25b0e7,false,,,,,,,,true,Y10,"KaushalSetu synthetic generator v2, seed 20260929",2026-09-28T12:00:00+05:30,"SYNTHETIC demo data (KaushalSetu SIH prototype): fictional entities, team-assumed numbers, not real or official statistics.",true
06d28c58-5e39-5265-988f-ee5e67aa3a9e,29e1c4b9-b605-5529-aa17-e8ac9be25bb7,true,WAGE,,19cab99e-6d9d-55f2-8e67-70f21663603e,16000,2025-10-01,true,true,true,Y10,"KaushalSetu synthetic generator v2, seed 20260929",2026-09-28T12:00:00+05:30,"SYNTHETIC demo data (KaushalSetu SIH prototype): fictional entities, team-assumed numbers, not real or official statistics.",true
fc1c260d-d66b-5c29-9eaf-6190360b545b,00bbd446-6c1b-51ad-95ee-6e521fb0da91,true,WAGE,,19cab99e-6d9d-55f2-8e67-70f21663603e,14000,2026-01-19,true,true,true,Y10,"KaushalSetu synthetic generator v2, seed 20260929",2026-09-28T12:00:00+05:30,"SYNTHETIC demo data (KaushalSetu SIH prototype): fictional entities, team-assumed numbers, not real or official statistics.",true
24441562-d8b7-5c1d-9ba7-a1b2ea6c0e9e,f80a672f-d6e8-58b0-9798-d6843a5e01eb,true,WAGE,,19cab99e-6d9d-55f2-8e67-70f21663603e,20500,2026-01-30,false,true,true,Y10,"KaushalSetu synthetic generator v2, seed 20260929",2026-09-28T12:00:00+05:30,"SYNTHETIC demo data (KaushalSetu SIH prototype): fictional entities, team-assumed numbers, not real or official statistics.",true
b752e179-7e91-5b91-a473-ad91d9811739,221048a6-951d-5ab4-a2ec-a9a304aecffa,true,SELF_EMPLOYED,,19cab99e-6d9d-55f2-8e67-70f21663603e,,2026-01-10,true,true,true,Y10,"KaushalSetu synthetic generator v2, seed 20260929",2026-09-28T12:00:00+05:30,"SYNTHETIC demo data (KaushalSetu SIH prototype): fictional entities, team-assumed numbers, not real or official statistics.",true
a84a38f6-72a5-5ece-ae39-aef631f5508f,8c01e7b5-21c2-5cb8-ad65-2d74aa02ed36,false,,,,,,,,false,Y10,"KaushalSetu synthetic generator v2, seed 20260929",2026-09-28T12:00:00+05:30,"SYNTHETIC demo data (KaushalSetu SIH prototype): fictional entities, team-assumed numbers, not real or official statistics.",true
4769b35a-e3a5-5c13-96eb-617f1c8baaac,b53df212-ed50-5cda-ad71-f0f768102aa6,false,,,,,,,,true,Y10,"KaushalSetu synthetic generator v2, seed 20260929",2026-09-28T12:00:00+05:30,"SYNTHETIC demo data (KaushalSetu SIH prototype): fictional entities, team-assumed numbers, not real or official statistics.",true
98cfa4ca-25ba-59f9-b76c-4494f6f053c5,7f7865c4-65fc-5979-9c11-80ac9c9363c6,true,WAGE,,19cab99e-6d9d-55f2-8e67-70f21663603e,19000,2026-09-02,,true,false,Y10,"KaushalSetu synthetic generator v2, seed 20260929",2026-09-28T12:00:00+05:30,"SYNTHETIC demo data (KaushalSetu SIH prototype): fictional entities, team-assumed numbers, not real or official statistics.",true
3ce7cb26-ca8e-5c63-9246-ef1ad66f8e18,d461a13f-385c-51d0-9b7c-ae6d3553f008,true,WAGE,,19cab99e-6d9d-55f2-8e67-70f21663603e,16500,2025-10-31,false,true,true,Y10,"KaushalSetu synthetic generator v2, seed 20260929",2026-09-28T12:00:00+05:30,"SYNTHETIC demo data (KaushalSetu SIH prototype): fictional entities, team-assumed numbers, not real or official statistics.",true
ce5c273d-24d4-5538-88ac-a01d2e30841e,bba58272-e24b-5107-af33-d871dace1656,true,WAGE,,19cab99e-6d9d-55f2-8e67-70f21663603e,18500,2026-03-13,true,true,true,Y10,"KaushalSetu synthetic generator v2, seed 20260929",2026-09-28T12:00:00+05:30,"SYNTHETIC demo data (KaushalSetu SIH prototype): fictional entities, team-assumed numbers, not real or official statistics.",true
2121efca-1326-52cb-8c44-0dca406c9766,b80010cc-e5e2-548d-a8d2-345f4439b0b0,true,WAGE,,19cab99e-6d9d-55f2-8e67-70f21663603e,21000,2026-08-12,,true,true,Y10,"KaushalSetu synthetic generator v2, seed 20260929",2026-09-28T12:00:00+05:30,"SYNTHETIC demo data (KaushalSetu SIH prototype): fictional entities, team-assumed numbers, not real or official statistics.",true
7da52491-bb30-53f1-916e-896b340fb81e,1dd0cb24-2029-523a-85ed-aa46d0f33f15,true,WAGE,,,17000,2026-08-07,,false,false,Y10,"KaushalSetu synthetic generator v2, seed 20260929",2026-09-28T12:00:00+05:30,"SYNTHETIC demo data (KaushalSetu SIH prototype): fictional entities, team-assumed numbers, not real or official statistics.",true
7bb6932b-5a98-5e62-9850-129c2ab03c14,970efb4e-e1fd-5ead-9a37-a081f703ef95,false,,,,,,,,true,Y10,"KaushalSetu synthetic generator v2, seed 20260929",2026-09-28T12:00:00+05:30,"SYNTHETIC demo data (KaushalSetu SIH prototype): fictional entities, team-assumed numbers, not real or official statistics.",true
f24ba325-6528-5d4f-8cdf-4c7afe4559ea,8f6f28a9-6ab0-5e06-af90-3d75428536aa,false,,,,,,,,false,Y10,"KaushalSetu synthetic generator v2, seed 20260929",2026-09-28T12:00:00+05:30,"SYNTHETIC demo data (KaushalSetu SIH prototype): fictional entities, team-assumed numbers, not real or official statistics.",true
f3e26cbc-22f0-578e-b94f-2f1de5b3b1d5,122aa124-935c-595c-9d8a-b95dffbe56a6,true,WAGE,,19cab99e-6d9d-55f2-8e67-70f21663603e,20000,2026-09-03,,true,false,Y10,"KaushalSetu synthetic generator v2, seed 20260929",2026-09-28T12:00:00+05:30,"SYNTHETIC demo data (KaushalSetu SIH prototype): fictional entities, team-assumed numbers, not real or official statistics.",true
6c205c4e-ca80-5e10-b429-4b3cf97652c4,e77d175c-3226-5f4d-8de8-9b4717059145,true,WAGE,,19cab99e-6d9d-55f2-8e67-70f21663603e,20500,2026-08-31,,true,false,Y10,"KaushalSetu synthetic generator v2, seed 20260929",2026-09-28T12:00:00+05:30,"SYNTHETIC demo data (KaushalSetu SIH prototype): fictional entities, team-assumed numbers, not real or official statistics.",true
1173fc28-e1d0-5a28-b9d8-8e1c2d64f0e8,3c09dc1d-f4ed-5b48-be1b-d67b657eaa1e,false,,,,,,,,true,Y10,"KaushalSetu synthetic generator v2, seed 20260929",2026-09-28T12:00:00+05:30,"SYNTHETIC demo data (KaushalSetu SIH prototype): fictional entities, team-assumed numbers, not real or official statistics.",true
3eaebae3-a4e0-5d0c-9a66-e25c9c316e1c,104ddc01-7462-5885-aab3-3ac4d48c12d4,true,WAGE,,19cab99e-6d9d-55f2-8e67-70f21663603e,17000,2026-03-15,true,true,true,Y10,"KaushalSetu synthetic generator v2, seed 20260929",2026-09-28T12:00:00+05:30,"SYNTHETIC demo data (KaushalSetu SIH prototype): fictional entities, team-assumed numbers, not real or official statistics.",true
f08140fd-e97c-5827-a1e1-374851f09b03,7768c1ff-5470-549f-b8dd-2a0b45fdcf6d,true,WAGE,,19cab99e-6d9d-55f2-8e67-70f21663603e,14000,2026-09-12,,true,false,Y10,"KaushalSetu synthetic generator v2, seed 20260929",2026-09-28T12:00:00+05:30,"SYNTHETIC demo data (KaushalSetu SIH prototype): fictional entities, team-assumed numbers, not real or official statistics.",true
b4e69718-4213-5622-bb43-28307ed10e41,67332434-eb20-5b8c-83f9-d28cf27fb1b5,true,WAGE,,19cab99e-6d9d-55f2-8e67-70f21663603e,15500,2026-02-27,true,true,true,Y10,"KaushalSetu synthetic generator v2, seed 20260929",2026-09-28T12:00:00+05:30,"SYNTHETIC demo data (KaushalSetu SIH prototype): fictional entities, team-assumed numbers, not real or official statistics.",true
ea6f893d-62db-540f-af4c-921eda1c16c6,0fcd7926-775f-51b3-9614-01ac04a31e61,false,,,,,,,,false,Y10,"KaushalSetu synthetic generator v2, seed 20260929",2026-09-28T12:00:00+05:30,"SYNTHETIC demo data (KaushalSetu SIH prototype): fictional entities, team-assumed numbers, not real or official statistics.",true
1c73bd32-a74c-5585-90aa-69352191a4ad,2dc6f6c8-0dd9-5d64-91fa-133fa771f091,true,WAGE,,19cab99e-6d9d-55f2-8e67-70f21663603e,16000,2026-07-29,,true,true,Y10,"KaushalSetu synthetic generator v2, seed 20260929",2026-09-28T12:00:00+05:30,"SYNTHETIC demo data (KaushalSetu SIH prototype): fictional entities, team-assumed numbers, not real or official statistics.",true
9fc01fcf-ecd1-57b8-8571-3548b7dc16dd,e3931c50-a1ea-5266-96b9-8852fe9f588e,true,APPRENTICESHIP,,19cab99e-6d9d-55f2-8e67-70f21663603e,,2026-05-09,,true,true,Y10,"KaushalSetu synthetic generator v2, seed 20260929",2026-09-28T12:00:00+05:30,"SYNTHETIC demo data (KaushalSetu SIH prototype): fictional entities, team-assumed numbers, not real or official statistics.",true
09d8eb2f-2bf0-5956-897f-40b1af8aafb2,92c597eb-90fb-5bfc-9cd9-23636de5925a,true,WAGE,,,19000,2026-08-22,,false,false,Y10,"KaushalSetu synthetic generator v2, seed 20260929",2026-09-28T12:00:00+05:30,"SYNTHETIC demo data (KaushalSetu SIH prototype): fictional entities, team-assumed numbers, not real or official statistics.",true
97618634-0e4e-54bc-9fc6-f09ba3751a35,1e419187-89db-56d1-bb1b-82e92d2b8327,false,,,,,,,,false,Y10,"KaushalSetu synthetic generator v2, seed 20260929",2026-09-28T12:00:00+05:30,"SYNTHETIC demo data (KaushalSetu SIH prototype): fictional entities, team-assumed numbers, not real or official statistics.",true
934a4ab6-00c0-5f99-99ce-967d67dc364f,25c1ebdc-fb03-5cf0-8c66-8a96d1dba523,true,APPRENTICESHIP,,,,2026-07-17,,false,false,Y10,"KaushalSetu synthetic generator v2, seed 20260929",2026-09-28T12:00:00+05:30,"SYNTHETIC demo data (KaushalSetu SIH prototype): fictional entities, team-assumed numbers, not real or official statistics.",true
185579dc-8fa8-533e-bcee-5b5d836b7c48,475626cc-3cab-5d10-889d-d1f75925fb57,true,WAGE,5a42ca7c-88ac-5cb4-bb7a-623130be262b,2f571be3-597c-576f-8dbd-e8baff7c9dfe,12500,2025-08-15,true,true,true,Y10,"KaushalSetu synthetic generator v2, seed 20260929",2026-09-28T12:00:00+05:30,"SYNTHETIC demo data (KaushalSetu SIH prototype): fictional entities, team-assumed numbers, not real or official statistics.",true
442cf56d-be2a-5481-a20c-565e5ff651a4,a37fb8fa-f8db-5fb1-baf8-89ca4f92aa75,false,,,,,,,,true,Y10,"KaushalSetu synthetic generator v2, seed 20260929",2026-09-28T12:00:00+05:30,"SYNTHETIC demo data (KaushalSetu SIH prototype): fictional entities, team-assumed numbers, not real or official statistics.",true
ba52c2e4-aaf8-59db-86e9-15cbe847336e,84d6f5ef-4f04-5e33-a2fc-bea0b8ea7c56,false,,,,,,,,true,Y10,"KaushalSetu synthetic generator v2, seed 20260929",2026-09-28T12:00:00+05:30,"SYNTHETIC demo data (KaushalSetu SIH prototype): fictional entities, team-assumed numbers, not real or official statistics.",true
ad47d232-8519-540b-af81-2be7c2be5c2c,ff78dfdc-0c68-513c-ab99-fb8419a25b4e,true,SELF_EMPLOYED,,2f571be3-597c-576f-8dbd-e8baff7c9dfe,,2025-11-26,true,true,true,Y10,"KaushalSetu synthetic generator v2, seed 20260929",2026-09-28T12:00:00+05:30,"SYNTHETIC demo data (KaushalSetu SIH prototype): fictional entities, team-assumed numbers, not real or official statistics.",true
683ef32a-5183-5222-9078-7626a9ada216,42419a93-40b7-5418-98b2-67478c087c49,false,,,,,,,,true,Y10,"KaushalSetu synthetic generator v2, seed 20260929",2026-09-28T12:00:00+05:30,"SYNTHETIC demo data (KaushalSetu SIH prototype): fictional entities, team-assumed numbers, not real or official statistics.",true
8af58e20-32ec-5f02-8ce3-e25d34ebf68d,2acc1e11-902d-5c3d-a144-aeacc5777398,false,,,,,,,,true,Y10,"KaushalSetu synthetic generator v2, seed 20260929",2026-09-28T12:00:00+05:30,"SYNTHETIC demo data (KaushalSetu SIH prototype): fictional entities, team-assumed numbers, not real or official statistics.",true
fb9cd095-db78-5447-8296-762bd3bac921,4bef28cd-d14f-58cb-9833-afab3afefe6b,true,WAGE,ac2affc1-49cc-5d1a-884c-73e0399f17f3,2f571be3-597c-576f-8dbd-e8baff7c9dfe,10000,2025-12-15,true,true,true,Y10,"KaushalSetu synthetic generator v2, seed 20260929",2026-09-28T12:00:00+05:30,"SYNTHETIC demo data (KaushalSetu SIH prototype): fictional entities, team-assumed numbers, not real or official statistics.",true
0e7e3af1-7535-5e05-990f-e7aedfd745a4,78a7d816-0aa1-5e86-b69f-8da8fbc3d1bd,true,APPRENTICESHIP,ac2affc1-49cc-5d1a-884c-73e0399f17f3,2f571be3-597c-576f-8dbd-e8baff7c9dfe,,2025-12-24,false,true,true,Y10,"KaushalSetu synthetic generator v2, seed 20260929",2026-09-28T12:00:00+05:30,"SYNTHETIC demo data (KaushalSetu SIH prototype): fictional entities, team-assumed numbers, not real or official statistics.",true
55c555b9-fe7a-5a50-b186-f2f11303f4df,d37f0eb2-3803-5ea2-b7b3-21fd5c9d3539,false,,,,,,,,true,Y10,"KaushalSetu synthetic generator v2, seed 20260929",2026-09-28T12:00:00+05:30,"SYNTHETIC demo data (KaushalSetu SIH prototype): fictional entities, team-assumed numbers, not real or official statistics.",true
d48024e1-d728-5c85-8785-7756e198e024,07a39a0a-f31b-5f9c-9bc9-4b542766367c,false,,,,,,,,true,Y10,"KaushalSetu synthetic generator v2, seed 20260929",2026-09-28T12:00:00+05:30,"SYNTHETIC demo data (KaushalSetu SIH prototype): fictional entities, team-assumed numbers, not real or official statistics.",true
99100210-4496-5091-b028-41de60ae7bf6,902381b1-4ce7-57c8-a9bc-e2797fd19c42,false,,,,,,,,true,Y10,"KaushalSetu synthetic generator v2, seed 20260929",2026-09-28T12:00:00+05:30,"SYNTHETIC demo data (KaushalSetu SIH prototype): fictional entities, team-assumed numbers, not real or official statistics.",true
b447e6d1-292d-5c38-bcdb-6be2911e8515,2ad361a4-8136-5b76-99e7-c9141c52ca06,false,,,,,,,,true,Y10,"KaushalSetu synthetic generator v2, seed 20260929",2026-09-28T12:00:00+05:30,"SYNTHETIC demo data (KaushalSetu SIH prototype): fictional entities, team-assumed numbers, not real or official statistics.",true
27a5bb4a-38d6-5505-a622-2b66adeb920e,d05f3535-903e-592e-8dec-b9231c98ef22,false,,,,,,,,true,Y10,"KaushalSetu synthetic generator v2, seed 20260929",2026-09-28T12:00:00+05:30,"SYNTHETIC demo data (KaushalSetu SIH prototype): fictional entities, team-assumed numbers, not real or official statistics.",true
fc2299e1-6e6b-5505-906e-46e6f862b85d,2a583d95-1d11-564c-a8be-1b84aae3a351,false,,,,,,,,true,Y10,"KaushalSetu synthetic generator v2, seed 20260929",2026-09-28T12:00:00+05:30,"SYNTHETIC demo data (KaushalSetu SIH prototype): fictional entities, team-assumed numbers, not real or official statistics.",true
0288d70d-fa69-5859-9e31-6302cbae324c,2b81f3f5-633a-548e-b00c-7f3c6bde8570,true,WAGE,ac2affc1-49cc-5d1a-884c-73e0399f17f3,2f571be3-597c-576f-8dbd-e8baff7c9dfe,10000,2025-12-05,true,true,true,Y10,"KaushalSetu synthetic generator v2, seed 20260929",2026-09-28T12:00:00+05:30,"SYNTHETIC demo data (KaushalSetu SIH prototype): fictional entities, team-assumed numbers, not real or official statistics.",true
239564a3-b572-5926-bb05-b6e803bf7bc2,36bc0c47-54d8-5b0e-b3ed-306ea304fffd,false,,,,,,,,true,Y10,"KaushalSetu synthetic generator v2, seed 20260929",2026-09-28T12:00:00+05:30,"SYNTHETIC demo data (KaushalSetu SIH prototype): fictional entities, team-assumed numbers, not real or official statistics.",true
97cc584b-1c96-5aa0-9588-a5dc6ebf1240,00cf39e6-cc18-56fd-ae26-613a22d8086e,false,,,,,,,,true,Y10,"KaushalSetu synthetic generator v2, seed 20260929",2026-09-28T12:00:00+05:30,"SYNTHETIC demo data (KaushalSetu SIH prototype): fictional entities, team-assumed numbers, not real or official statistics.",true
32e14dba-e187-5761-850a-c60d18050940,6d9bbfd4-7846-5d71-9a5f-e6fa6e502b0c,false,,,,,,,,true,Y10,"KaushalSetu synthetic generator v2, seed 20260929",2026-09-28T12:00:00+05:30,"SYNTHETIC demo data (KaushalSetu SIH prototype): fictional entities, team-assumed numbers, not real or official statistics.",true
b607f93c-2ca8-5629-b762-84c934e86cea,eed9fbb2-6db9-5437-aa02-fc4f047ecf5a,false,,,,,,,,true,Y10,"KaushalSetu synthetic generator v2, seed 20260929",2026-09-28T12:00:00+05:30,"SYNTHETIC demo data (KaushalSetu SIH prototype): fictional entities, team-assumed numbers, not real or official statistics.",true
87f0b34f-562f-5b06-b385-7b5bf82266a3,e7375478-84bc-55c9-9f36-e08744eb110f,true,SELF_EMPLOYED,,2f571be3-597c-576f-8dbd-e8baff7c9dfe,,2025-10-09,false,true,true,Y10,"KaushalSetu synthetic generator v2, seed 20260929",2026-09-28T12:00:00+05:30,"SYNTHETIC demo data (KaushalSetu SIH prototype): fictional entities, team-assumed numbers, not real or official statistics.",true
7e840537-0155-5a8c-a788-b2552dfbe871,558b7c39-10b0-5dd3-8c5a-78effd73d3fa,false,,,,,,,,true,Y10,"KaushalSetu synthetic generator v2, seed 20260929",2026-09-28T12:00:00+05:30,"SYNTHETIC demo data (KaushalSetu SIH prototype): fictional entities, team-assumed numbers, not real or official statistics.",true
ad695522-14a4-5367-9ce8-0e4739e2bf06,b5f4e37f-1b10-5848-a0d3-7967d348fd46,false,,,,,,,,true,Y10,"KaushalSetu synthetic generator v2, seed 20260929",2026-09-28T12:00:00+05:30,"SYNTHETIC demo data (KaushalSetu SIH prototype): fictional entities, team-assumed numbers, not real or official statistics.",true
99cc3f39-a152-5651-8f09-73bec91511ca,79ea37e5-445d-5678-a105-fd7cc2e2a4d2,false,,,,,,,,true,Y10,"KaushalSetu synthetic generator v2, seed 20260929",2026-09-28T12:00:00+05:30,"SYNTHETIC demo data (KaushalSetu SIH prototype): fictional entities, team-assumed numbers, not real or official statistics.",true
397d560a-866a-5036-8ad8-69d4dcd7187c,01b69dd1-7113-5aca-9f23-ae7c06d8aa2f,false,,,,,,,,true,Y10,"KaushalSetu synthetic generator v2, seed 20260929",2026-09-28T12:00:00+05:30,"SYNTHETIC demo data (KaushalSetu SIH prototype): fictional entities, team-assumed numbers, not real or official statistics.",true
f1bb00f0-de6d-57f2-9d10-b7985b9ef640,f8873332-b327-5935-8bb8-7e9de86885d5,false,,,,,,,,true,Y10,"KaushalSetu synthetic generator v2, seed 20260929",2026-09-28T12:00:00+05:30,"SYNTHETIC demo data (KaushalSetu SIH prototype): fictional entities, team-assumed numbers, not real or official statistics.",true
4c6fc9c6-8f04-54b3-8321-7ea36cb99ac5,993df733-0346-585d-8679-681d88767f0f,false,,,,,,,,true,Y10,"KaushalSetu synthetic generator v2, seed 20260929",2026-09-28T12:00:00+05:30,"SYNTHETIC demo data (KaushalSetu SIH prototype): fictional entities, team-assumed numbers, not real or official statistics.",true
43d6ca02-5216-54d1-a7be-7fe544dd7e69,efe8b0c2-7b7a-5c8c-acd1-cdb115ec2663,false,,,,,,,,true,Y10,"KaushalSetu synthetic generator v2, seed 20260929",2026-09-28T12:00:00+05:30,"SYNTHETIC demo data (KaushalSetu SIH prototype): fictional entities, team-assumed numbers, not real or official statistics.",true
1ac29b6c-8dec-54f3-a57f-cc88eb2ebf57,dafd17a8-2cf2-5bba-8a28-dab81d3c2561,true,SELF_EMPLOYED,,2f571be3-597c-576f-8dbd-e8baff7c9dfe,,2025-11-10,false,true,true,Y10,"KaushalSetu synthetic generator v2, seed 20260929",2026-09-28T12:00:00+05:30,"SYNTHETIC demo data (KaushalSetu SIH prototype): fictional entities, team-assumed numbers, not real or official statistics.",true
6c5a0f7d-8d30-55cb-969b-b0d62c2bca07,c9a5c2d9-aac3-5024-baa0-42a35f41e96b,false,,,,,,,,true,Y10,"KaushalSetu synthetic generator v2, seed 20260929",2026-09-28T12:00:00+05:30,"SYNTHETIC demo data (KaushalSetu SIH prototype): fictional entities, team-assumed numbers, not real or official statistics.",true
4d33a651-ff86-58cc-9c25-32ccdd65133e,62d23c20-7967-5097-8741-2b0d1cc95072,true,WAGE,,,12500,2025-11-15,true,false,true,Y10,"KaushalSetu synthetic generator v2, seed 20260929",2026-09-28T12:00:00+05:30,"SYNTHETIC demo data (KaushalSetu SIH prototype): fictional entities, team-assumed numbers, not real or official statistics.",true
fbe79df5-668a-5474-b196-c4b59654b709,737bfaa5-0a68-58c6-bd1d-ebb39c00bbdf,true,WAGE,,2f571be3-597c-576f-8dbd-e8baff7c9dfe,14500,2025-10-12,false,true,true,Y10,"KaushalSetu synthetic generator v2, seed 20260929",2026-09-28T12:00:00+05:30,"SYNTHETIC demo data (KaushalSetu SIH prototype): fictional entities, team-assumed numbers, not real or official statistics.",true
8b428cf6-0c2d-5619-85f0-6599eb8257b5,2f3355ee-e6ce-5577-8b27-3647988a0820,true,WAGE,,,11000,2025-11-26,false,false,true,Y10,"KaushalSetu synthetic generator v2, seed 20260929",2026-09-28T12:00:00+05:30,"SYNTHETIC demo data (KaushalSetu SIH prototype): fictional entities, team-assumed numbers, not real or official statistics.",true
0f9dfc40-74df-5541-9380-29adb24472d2,19d262d0-0e95-5577-be07-f70ea5bc829e,true,WAGE,ac2affc1-49cc-5d1a-884c-73e0399f17f3,2f571be3-597c-576f-8dbd-e8baff7c9dfe,13500,2025-10-19,true,true,true,Y10,"KaushalSetu synthetic generator v2, seed 20260929",2026-09-28T12:00:00+05:30,"SYNTHETIC demo data (KaushalSetu SIH prototype): fictional entities, team-assumed numbers, not real or official statistics.",true
2ce17e93-a57d-5e57-b6e5-232f798fd071,95bb9361-a403-53d2-8abf-7913ef3b446d,true,SELF_EMPLOYED,,,,2025-12-14,true,false,true,Y10,"KaushalSetu synthetic generator v2, seed 20260929",2026-09-28T12:00:00+05:30,"SYNTHETIC demo data (KaushalSetu SIH prototype): fictional entities, team-assumed numbers, not real or official statistics.",true
e57cdde6-5d31-594a-9ef1-21c42c36ddcc,5def654f-2dfc-504d-a06a-7f9fea1a992c,true,WAGE,,2f571be3-597c-576f-8dbd-e8baff7c9dfe,12500,2025-10-29,false,true,true,Y10,"KaushalSetu synthetic generator v2, seed 20260929",2026-09-28T12:00:00+05:30,"SYNTHETIC demo data (KaushalSetu SIH prototype): fictional entities, team-assumed numbers, not real or official statistics.",true
7348a528-5c6e-5b63-bd30-61063a700e58,09495030-413f-5f05-a0d8-2d27b44029bd,true,WAGE,,2f571be3-597c-576f-8dbd-e8baff7c9dfe,14000,2025-10-26,true,true,true,Y10,"KaushalSetu synthetic generator v2, seed 20260929",2026-09-28T12:00:00+05:30,"SYNTHETIC demo data (KaushalSetu SIH prototype): fictional entities, team-assumed numbers, not real or official statistics.",true
5f856c9e-6b26-5e51-a318-3f136a369645,06dd6084-6d2a-561f-b667-e38c8cf29bcf,false,,,,,,,,true,Y10,"KaushalSetu synthetic generator v2, seed 20260929",2026-09-28T12:00:00+05:30,"SYNTHETIC demo data (KaushalSetu SIH prototype): fictional entities, team-assumed numbers, not real or official statistics.",true
0a3023db-ba05-57e4-962b-80c6b0224c6b,b74e9251-0c34-5675-a32b-d57216e412cf,false,,,,,,,,true,Y10,"KaushalSetu synthetic generator v2, seed 20260929",2026-09-28T12:00:00+05:30,"SYNTHETIC demo data (KaushalSetu SIH prototype): fictional entities, team-assumed numbers, not real or official statistics.",true
ad8710bc-d6d1-50f2-b014-5728f6114d23,d691825e-67ce-5082-96e1-3c48ccc773d9,false,,,,,,,,true,Y10,"KaushalSetu synthetic generator v2, seed 20260929",2026-09-28T12:00:00+05:30,"SYNTHETIC demo data (KaushalSetu SIH prototype): fictional entities, team-assumed numbers, not real or official statistics.",true
ca3a72f1-8bbc-5504-9183-bb5fd62fec99,2c8682b0-6d74-5542-841d-ae21f5dd30aa,false,,,,,,,,true,Y10,"KaushalSetu synthetic generator v2, seed 20260929",2026-09-28T12:00:00+05:30,"SYNTHETIC demo data (KaushalSetu SIH prototype): fictional entities, team-assumed numbers, not real or official statistics.",true
93901372-6c1d-58a5-b26c-fb92fdcacd61,adbebe32-401e-5aa9-8192-8e40e89e808e,false,,,,,,,,true,Y10,"KaushalSetu synthetic generator v2, seed 20260929",2026-09-28T12:00:00+05:30,"SYNTHETIC demo data (KaushalSetu SIH prototype): fictional entities, team-assumed numbers, not real or official statistics.",true
5991521b-2926-53e5-8c6a-2187027e7173,e41d2139-2953-5ad0-bd1e-37cfe8f518ec,false,,,,,,,,true,Y10,"KaushalSetu synthetic generator v2, seed 20260929",2026-09-28T12:00:00+05:30,"SYNTHETIC demo data (KaushalSetu SIH prototype): fictional entities, team-assumed numbers, not real or official statistics.",true
f0583506-7e36-518a-bb5b-a9abd915cba7,cefa7456-074c-508d-b047-df9a6bc483a0,true,APPRENTICESHIP,,2f571be3-597c-576f-8dbd-e8baff7c9dfe,,2025-10-31,false,true,true,Y10,"KaushalSetu synthetic generator v2, seed 20260929",2026-09-28T12:00:00+05:30,"SYNTHETIC demo data (KaushalSetu SIH prototype): fictional entities, team-assumed numbers, not real or official statistics.",true
93a340a5-be66-519a-b001-1df87d013fff,ac90d4de-a1f0-559e-adef-0f60e90d6519,false,,,,,,,,true,Y10,"KaushalSetu synthetic generator v2, seed 20260929",2026-09-28T12:00:00+05:30,"SYNTHETIC demo data (KaushalSetu SIH prototype): fictional entities, team-assumed numbers, not real or official statistics.",true
375ea359-9a9c-5f0e-a395-ead4ecf298e8,658457c6-9d0a-50d0-89a8-3efe6930a2fd,false,,,,,,,,true,Y10,"KaushalSetu synthetic generator v2, seed 20260929",2026-09-28T12:00:00+05:30,"SYNTHETIC demo data (KaushalSetu SIH prototype): fictional entities, team-assumed numbers, not real or official statistics.",true
907f75fe-8479-5599-b396-7c0e7a544e4f,56969891-31fd-5917-b720-1f2d1bec2963,false,,,,,,,,true,Y10,"KaushalSetu synthetic generator v2, seed 20260929",2026-09-28T12:00:00+05:30,"SYNTHETIC demo data (KaushalSetu SIH prototype): fictional entities, team-assumed numbers, not real or official statistics.",true
3e39c1c0-f495-565e-8b42-8a7a887b2cae,3a7fbfde-cac4-554d-ae7b-f01378f01396,false,,,,,,,,true,Y10,"KaushalSetu synthetic generator v2, seed 20260929",2026-09-28T12:00:00+05:30,"SYNTHETIC demo data (KaushalSetu SIH prototype): fictional entities, team-assumed numbers, not real or official statistics.",true
ed17553f-e88f-5da1-b178-dfac9955979c,3c1745fd-2828-5dcc-8665-c023f7d75adf,false,,,,,,,,true,Y10,"KaushalSetu synthetic generator v2, seed 20260929",2026-09-28T12:00:00+05:30,"SYNTHETIC demo data (KaushalSetu SIH prototype): fictional entities, team-assumed numbers, not real or official statistics.",true
65ce08c3-de70-58a9-9136-fdfdbacf6bc1,f531f5bd-13fc-5478-8953-d8cedc6c2dca,false,,,,,,,,true,Y10,"KaushalSetu synthetic generator v2, seed 20260929",2026-09-28T12:00:00+05:30,"SYNTHETIC demo data (KaushalSetu SIH prototype): fictional entities, team-assumed numbers, not real or official statistics.",true
361b655d-2bca-591e-b070-59737e98e8e9,9dd0fb2b-a2a9-5c64-bf0d-2ccfdf587244,false,,,,,,,,true,Y10,"KaushalSetu synthetic generator v2, seed 20260929",2026-09-28T12:00:00+05:30,"SYNTHETIC demo data (KaushalSetu SIH prototype): fictional entities, team-assumed numbers, not real or official statistics.",true
d7757a5a-6134-5909-b3b6-47d39a2a7549,abc8eb81-63a0-543c-8590-8b237bfaa528,false,,,,,,,,true,Y10,"KaushalSetu synthetic generator v2, seed 20260929",2026-09-28T12:00:00+05:30,"SYNTHETIC demo data (KaushalSetu SIH prototype): fictional entities, team-assumed numbers, not real or official statistics.",true
f6ff8b7d-dc2f-5a79-9f8b-02a56be3d677,89ed4cff-1d31-50cf-8c2a-43281bd41c1d,false,,,,,,,,true,Y10,"KaushalSetu synthetic generator v2, seed 20260929",2026-09-28T12:00:00+05:30,"SYNTHETIC demo data (KaushalSetu SIH prototype): fictional entities, team-assumed numbers, not real or official statistics.",true
c6f865a4-2b2d-534d-bdf6-5b545295b2e9,7d94e780-9eb6-5334-a6b7-3c39cfc2c46a,false,,,,,,,,true,Y10,"KaushalSetu synthetic generator v2, seed 20260929",2026-09-28T12:00:00+05:30,"SYNTHETIC demo data (KaushalSetu SIH prototype): fictional entities, team-assumed numbers, not real or official statistics.",true
e3528441-8f70-5dbd-a365-6cb5cf17b270,061bcb83-ffad-5a97-8580-fff7cbe0e5bc,false,,,,,,,,true,Y10,"KaushalSetu synthetic generator v2, seed 20260929",2026-09-28T12:00:00+05:30,"SYNTHETIC demo data (KaushalSetu SIH prototype): fictional entities, team-assumed numbers, not real or official statistics.",true
73cfb4e2-50c4-503e-979b-cfb0ac5ae501,83d81fe9-ae00-543c-a7d6-579d6f5744da,true,WAGE,,2f571be3-597c-576f-8dbd-e8baff7c9dfe,14000,2025-10-26,true,true,true,Y10,"KaushalSetu synthetic generator v2, seed 20260929",2026-09-28T12:00:00+05:30,"SYNTHETIC demo data (KaushalSetu SIH prototype): fictional entities, team-assumed numbers, not real or official statistics.",true
c254cbe0-86bb-5e45-b645-10285d6c87d2,62e07e00-39b8-51a7-beac-fe688e99ec1a,true,SELF_EMPLOYED,,2f571be3-597c-576f-8dbd-e8baff7c9dfe,,2025-11-15,true,true,true,Y10,"KaushalSetu synthetic generator v2, seed 20260929",2026-09-28T12:00:00+05:30,"SYNTHETIC demo data (KaushalSetu SIH prototype): fictional entities, team-assumed numbers, not real or official statistics.",true
125c4be2-fb51-5704-8ce6-ff6dc3ec80d1,4c770bd8-139d-592a-bf60-2422a021420a,true,SELF_EMPLOYED,,2f571be3-597c-576f-8dbd-e8baff7c9dfe,,2025-10-24,false,true,true,Y10,"KaushalSetu synthetic generator v2, seed 20260929",2026-09-28T12:00:00+05:30,"SYNTHETIC demo data (KaushalSetu SIH prototype): fictional entities, team-assumed numbers, not real or official statistics.",true
4088f183-cb11-5908-8220-4ec2bb2941a1,6397bb76-17e3-5bdd-b074-5422a2ea8dce,false,,,,,,,,true,Y10,"KaushalSetu synthetic generator v2, seed 20260929",2026-09-28T12:00:00+05:30,"SYNTHETIC demo data (KaushalSetu SIH prototype): fictional entities, team-assumed numbers, not real or official statistics.",true
62cc2509-5123-5a14-a299-00f7fba14393,2f90e4f4-4caf-51da-be1a-22ef60016367,false,,,,,,,,true,Y10,"KaushalSetu synthetic generator v2, seed 20260929",2026-09-28T12:00:00+05:30,"SYNTHETIC demo data (KaushalSetu SIH prototype): fictional entities, team-assumed numbers, not real or official statistics.",true
b1b90be7-6f6f-5cda-8e21-789086c1c591,e22a9113-5f4b-5ba2-b49e-c1db431a54b4,false,,,,,,,,true,Y10,"KaushalSetu synthetic generator v2, seed 20260929",2026-09-28T12:00:00+05:30,"SYNTHETIC demo data (KaushalSetu SIH prototype): fictional entities, team-assumed numbers, not real or official statistics.",true
afbe06c0-8b60-5e59-bf6a-cfde0552ee3b,d7a886bd-092e-5b15-a9f3-aba0a701c3ee,false,,,,,,,,true,Y10,"KaushalSetu synthetic generator v2, seed 20260929",2026-09-28T12:00:00+05:30,"SYNTHETIC demo data (KaushalSetu SIH prototype): fictional entities, team-assumed numbers, not real or official statistics.",true
77a82ae6-81bf-551b-bd89-1a7162324931,0c1088c2-8a42-531c-91f7-514cad918660,false,,,,,,,,true,Y10,"KaushalSetu synthetic generator v2, seed 20260929",2026-09-28T12:00:00+05:30,"SYNTHETIC demo data (KaushalSetu SIH prototype): fictional entities, team-assumed numbers, not real or official statistics.",true
21709245-813c-58a8-be38-a98bc727882d,2b6fe62e-4da6-58e3-8596-c7497edbaa8c,true,WAGE,,2f571be3-597c-576f-8dbd-e8baff7c9dfe,11500,2025-08-07,true,true,true,Y10,"KaushalSetu synthetic generator v2, seed 20260929",2026-09-28T12:00:00+05:30,"SYNTHETIC demo data (KaushalSetu SIH prototype): fictional entities, team-assumed numbers, not real or official statistics.",true
8c9575c2-bfde-52e7-9959-2a8c3f1186f2,f6f88fcb-78f0-5604-a6b0-4af34e097631,true,WAGE,,2f571be3-597c-576f-8dbd-e8baff7c9dfe,12000,2025-11-20,false,true,true,Y10,"KaushalSetu synthetic generator v2, seed 20260929",2026-09-28T12:00:00+05:30,"SYNTHETIC demo data (KaushalSetu SIH prototype): fictional entities, team-assumed numbers, not real or official statistics.",true
392654f1-308e-5800-85ff-6980e73b043c,b89e8969-b913-5c58-94ea-7a802d5fed65,false,,,,,,,,true,Y10,"KaushalSetu synthetic generator v2, seed 20260929",2026-09-28T12:00:00+05:30,"SYNTHETIC demo data (KaushalSetu SIH prototype): fictional entities, team-assumed numbers, not real or official statistics.",true
df29af38-243c-5a8b-9948-64e2cdaea807,503a6ffa-baba-57b2-b11e-d1a5969cf6c8,true,WAGE,,2f571be3-597c-576f-8dbd-e8baff7c9dfe,14500,2025-09-07,true,true,true,Y10,"KaushalSetu synthetic generator v2, seed 20260929",2026-09-28T12:00:00+05:30,"SYNTHETIC demo data (KaushalSetu SIH prototype): fictional entities, team-assumed numbers, not real or official statistics.",true
488f4dd2-878b-5f5b-9004-2c9c316d9dc4,3ca6bdee-e3cd-52b6-8c8b-9b85685741ff,false,,,,,,,,true,Y10,"KaushalSetu synthetic generator v2, seed 20260929",2026-09-28T12:00:00+05:30,"SYNTHETIC demo data (KaushalSetu SIH prototype): fictional entities, team-assumed numbers, not real or official statistics.",true
0957d214-1010-58a8-97d5-7db610b9a894,2fa06e15-d3a6-5b27-a44d-97aa087163ea,false,,,,,,,,true,Y10,"KaushalSetu synthetic generator v2, seed 20260929",2026-09-28T12:00:00+05:30,"SYNTHETIC demo data (KaushalSetu SIH prototype): fictional entities, team-assumed numbers, not real or official statistics.",true
f4d4ed0e-e663-57fd-8467-d374de8429ef,7c919e6e-45ff-5fd3-8433-333814e72457,false,,,,,,,,true,Y10,"KaushalSetu synthetic generator v2, seed 20260929",2026-09-28T12:00:00+05:30,"SYNTHETIC demo data (KaushalSetu SIH prototype): fictional entities, team-assumed numbers, not real or official statistics.",true
0ea88202-2eee-5c6f-b8db-e658548228f9,2a7eacad-0688-5bb7-abce-bb1cc0db60ca,false,,,,,,,,true,Y10,"KaushalSetu synthetic generator v2, seed 20260929",2026-09-28T12:00:00+05:30,"SYNTHETIC demo data (KaushalSetu SIH prototype): fictional entities, team-assumed numbers, not real or official statistics.",true
232be6e6-5fb1-5c1d-820b-101987dbb49a,4d34617e-39cb-5ef6-b931-55110a796d9d,true,SELF_EMPLOYED,,2f571be3-597c-576f-8dbd-e8baff7c9dfe,,2025-10-02,true,true,true,Y10,"KaushalSetu synthetic generator v2, seed 20260929",2026-09-28T12:00:00+05:30,"SYNTHETIC demo data (KaushalSetu SIH prototype): fictional entities, team-assumed numbers, not real or official statistics.",true
cfdb9d5c-e9aa-52ea-a1a9-e4efdb3e8c10,f76a6c9d-6719-5c86-b573-410aba271d13,false,,,,,,,,false,Y10,"KaushalSetu synthetic generator v2, seed 20260929",2026-09-28T12:00:00+05:30,"SYNTHETIC demo data (KaushalSetu SIH prototype): fictional entities, team-assumed numbers, not real or official statistics.",true
f620a90a-6361-519d-a91e-61366256a1bb,6220c6ff-2886-5cb2-a0ca-35f3d4f9a1da,false,,,,,,,,false,Y10,"KaushalSetu synthetic generator v2, seed 20260929",2026-09-28T12:00:00+05:30,"SYNTHETIC demo data (KaushalSetu SIH prototype): fictional entities, team-assumed numbers, not real or official statistics.",true
92cd97bc-0001-59dc-94b0-486d921f2e0f,7c7da47c-b25a-5d87-b843-26f975e71612,true,WAGE,,,13000,2026-08-29,,false,false,Y10,"KaushalSetu synthetic generator v2, seed 20260929",2026-09-28T12:00:00+05:30,"SYNTHETIC demo data (KaushalSetu SIH prototype): fictional entities, team-assumed numbers, not real or official statistics.",true
ca025ef1-44a7-51e2-b0bf-9c974d77990b,b8a47fa5-eef7-534a-a484-1ce532d4ddd5,false,,,,,,,,false,Y10,"KaushalSetu synthetic generator v2, seed 20260929",2026-09-28T12:00:00+05:30,"SYNTHETIC demo data (KaushalSetu SIH prototype): fictional entities, team-assumed numbers, not real or official statistics.",true
f94e1e05-7e9a-5778-bc07-8cbf25856777,5073433c-5595-592d-a795-d2488f23f8b1,false,,,,,,,,false,Y10,"KaushalSetu synthetic generator v2, seed 20260929",2026-09-28T12:00:00+05:30,"SYNTHETIC demo data (KaushalSetu SIH prototype): fictional entities, team-assumed numbers, not real or official statistics.",true
a46e804e-d444-5f96-872b-8a95db8b3e11,a2670dec-d20e-5c7b-8431-79f71ef359c0,false,,,,,,,,false,Y10,"KaushalSetu synthetic generator v2, seed 20260929",2026-09-28T12:00:00+05:30,"SYNTHETIC demo data (KaushalSetu SIH prototype): fictional entities, team-assumed numbers, not real or official statistics.",true
aef04d93-f33b-59fd-a2ab-a376323c968b,d2fb2cb7-245f-5f67-ae8b-c5ef17583192,true,WAGE,,2f571be3-597c-576f-8dbd-e8baff7c9dfe,13000,2026-09-27,,true,false,Y10,"KaushalSetu synthetic generator v2, seed 20260929",2026-09-28T12:00:00+05:30,"SYNTHETIC demo data (KaushalSetu SIH prototype): fictional entities, team-assumed numbers, not real or official statistics.",true
83840250-4993-5e6f-8055-b1f7b4244a4f,106d3405-8fb3-5431-919f-a8fa3fbe00d6,false,,,,,,,,false,Y10,"KaushalSetu synthetic generator v2, seed 20260929",2026-09-28T12:00:00+05:30,"SYNTHETIC demo data (KaushalSetu SIH prototype): fictional entities, team-assumed numbers, not real or official statistics.",true
3d46a121-ca16-560e-af65-b2cc6c233fe1,c5ff20d1-cadb-5edc-8a53-192a5ec59499,false,,,,,,,,false,Y10,"KaushalSetu synthetic generator v2, seed 20260929",2026-09-28T12:00:00+05:30,"SYNTHETIC demo data (KaushalSetu SIH prototype): fictional entities, team-assumed numbers, not real or official statistics.",true
e1cdda77-4e62-5717-baf9-3c0e75f6d14b,66fa54e8-91cf-5a04-9097-18bf054ef7d5,false,,,,,,,,false,Y10,"KaushalSetu synthetic generator v2, seed 20260929",2026-09-28T12:00:00+05:30,"SYNTHETIC demo data (KaushalSetu SIH prototype): fictional entities, team-assumed numbers, not real or official statistics.",true
bd38c98d-5a19-51d8-af9f-996aa90aaaed,abd8a2d5-4bac-5cfe-945f-e7ffbfe036f6,false,,,,,,,,false,Y10,"KaushalSetu synthetic generator v2, seed 20260929",2026-09-28T12:00:00+05:30,"SYNTHETIC demo data (KaushalSetu SIH prototype): fictional entities, team-assumed numbers, not real or official statistics.",true
1db73829-19d6-5b21-aea1-770568e3f47a,95a78b2d-efa5-5627-9815-d8b3ae08aeec,false,,,,,,,,false,Y10,"KaushalSetu synthetic generator v2, seed 20260929",2026-09-28T12:00:00+05:30,"SYNTHETIC demo data (KaushalSetu SIH prototype): fictional entities, team-assumed numbers, not real or official statistics.",true
ce393618-b948-5958-b424-6e08117bbaf7,29fa2dea-501d-57d5-8518-d44582e573d6,false,,,,,,,,false,Y10,"KaushalSetu synthetic generator v2, seed 20260929",2026-09-28T12:00:00+05:30,"SYNTHETIC demo data (KaushalSetu SIH prototype): fictional entities, team-assumed numbers, not real or official statistics.",true
9892a092-358d-5198-a005-9e9f4520cf05,cc3c6e63-3b66-5a7f-9ca8-70f71fb70235,false,,,,,,,,false,Y10,"KaushalSetu synthetic generator v2, seed 20260929",2026-09-28T12:00:00+05:30,"SYNTHETIC demo data (KaushalSetu SIH prototype): fictional entities, team-assumed numbers, not real or official statistics.",true
2587149e-024d-5c74-b40e-be5abb62989c,0ec7f24e-a996-5cfe-86d2-f5c8e0359337,false,,,,,,,,false,Y10,"KaushalSetu synthetic generator v2, seed 20260929",2026-09-28T12:00:00+05:30,"SYNTHETIC demo data (KaushalSetu SIH prototype): fictional entities, team-assumed numbers, not real or official statistics.",true
016d315b-3bf7-5407-b115-aa7e3f185e85,28502e97-121d-57d1-b856-d68013e7bbb6,false,,,,,,,,false,Y10,"KaushalSetu synthetic generator v2, seed 20260929",2026-09-28T12:00:00+05:30,"SYNTHETIC demo data (KaushalSetu SIH prototype): fictional entities, team-assumed numbers, not real or official statistics.",true
a39735ee-ba91-5ee7-b78e-059d8a1ac5fd,87e516f8-b3b3-5285-ae0d-0697e1833382,true,WAGE,,2f571be3-597c-576f-8dbd-e8baff7c9dfe,13000,2026-09-06,,true,false,Y10,"KaushalSetu synthetic generator v2, seed 20260929",2026-09-28T12:00:00+05:30,"SYNTHETIC demo data (KaushalSetu SIH prototype): fictional entities, team-assumed numbers, not real or official statistics.",true
e3dd1180-4ac3-5478-b9d4-9da8e570699b,12a29a3a-194b-58c0-8b56-d87d2722606a,true,SELF_EMPLOYED,,2f571be3-597c-576f-8dbd-e8baff7c9dfe,,2026-09-23,,true,false,Y10,"KaushalSetu synthetic generator v2, seed 20260929",2026-09-28T12:00:00+05:30,"SYNTHETIC demo data (KaushalSetu SIH prototype): fictional entities, team-assumed numbers, not real or official statistics.",true
7183a2d0-52ee-5ae4-b6fe-883ab725ff94,f914502c-b10a-526e-8f23-7c2ec2d90499,false,,,,,,,,false,Y10,"KaushalSetu synthetic generator v2, seed 20260929",2026-09-28T12:00:00+05:30,"SYNTHETIC demo data (KaushalSetu SIH prototype): fictional entities, team-assumed numbers, not real or official statistics.",true
17df4db8-b483-5507-a277-4419f3bd0033,14d789c6-f02e-5936-9352-c2a88827022a,false,,,,,,,,false,Y10,"KaushalSetu synthetic generator v2, seed 20260929",2026-09-28T12:00:00+05:30,"SYNTHETIC demo data (KaushalSetu SIH prototype): fictional entities, team-assumed numbers, not real or official statistics.",true
a5e5407b-a7f4-5ed0-bf6a-27097ba8d0d8,0b84390b-589f-551b-9543-e4493d4e8b05,false,,,,,,,,false,Y10,"KaushalSetu synthetic generator v2, seed 20260929",2026-09-28T12:00:00+05:30,"SYNTHETIC demo data (KaushalSetu SIH prototype): fictional entities, team-assumed numbers, not real or official statistics.",true
a8eec685-6f16-57b8-b4d8-5b2185148f84,4185e00e-d1d9-5721-b033-8d3ae07bb377,false,,,,,,,,false,Y10,"KaushalSetu synthetic generator v2, seed 20260929",2026-09-28T12:00:00+05:30,"SYNTHETIC demo data (KaushalSetu SIH prototype): fictional entities, team-assumed numbers, not real or official statistics.",true
226aad13-505a-592c-b26c-90268982658a,87559b81-2eb4-5a88-ac42-4e0cac50f925,false,,,,,,,,false,Y10,"KaushalSetu synthetic generator v2, seed 20260929",2026-09-28T12:00:00+05:30,"SYNTHETIC demo data (KaushalSetu SIH prototype): fictional entities, team-assumed numbers, not real or official statistics.",true
0b854e71-50ec-5573-b4f2-e317dde6cefd,0c80f31f-d556-5e76-bbd7-4f9f962b2bd0,false,,,,,,,,false,Y10,"KaushalSetu synthetic generator v2, seed 20260929",2026-09-28T12:00:00+05:30,"SYNTHETIC demo data (KaushalSetu SIH prototype): fictional entities, team-assumed numbers, not real or official statistics.",true
554e8c9d-0b8a-521c-97c1-6b8232f4ec3f,42c5c009-596d-5fd4-a2ed-d15ea9fae29b,false,,,,,,,,false,Y10,"KaushalSetu synthetic generator v2, seed 20260929",2026-09-28T12:00:00+05:30,"SYNTHETIC demo data (KaushalSetu SIH prototype): fictional entities, team-assumed numbers, not real or official statistics.",true
e6a22aca-9217-563b-b716-547453e9df6a,88496571-3cab-5533-9af3-b1101c99b359,false,,,,,,,,false,Y10,"KaushalSetu synthetic generator v2, seed 20260929",2026-09-28T12:00:00+05:30,"SYNTHETIC demo data (KaushalSetu SIH prototype): fictional entities, team-assumed numbers, not real or official statistics.",true
b8bbf0d2-341f-50af-a1af-0a584ee025e0,02e61915-344e-5c48-94ba-90b25d90b882,false,,,,,,,,false,Y10,"KaushalSetu synthetic generator v2, seed 20260929",2026-09-28T12:00:00+05:30,"SYNTHETIC demo data (KaushalSetu SIH prototype): fictional entities, team-assumed numbers, not real or official statistics.",true
45d344f6-4411-54f4-8a7c-aa50c8bed67b,c8298d88-7089-5b4a-a955-d5d7ca8d2284,true,SELF_EMPLOYED,,,,2026-09-07,,false,false,Y10,"KaushalSetu synthetic generator v2, seed 20260929",2026-09-28T12:00:00+05:30,"SYNTHETIC demo data (KaushalSetu SIH prototype): fictional entities, team-assumed numbers, not real or official statistics.",true
2ca68388-cf8b-5020-84ab-5ab031b10687,f5e08332-2be8-5ec6-a130-d68632d49670,false,,,,,,,,false,Y10,"KaushalSetu synthetic generator v2, seed 20260929",2026-09-28T12:00:00+05:30,"SYNTHETIC demo data (KaushalSetu SIH prototype): fictional entities, team-assumed numbers, not real or official statistics.",true
c42f0deb-68f8-588f-82ed-372c9036c7fc,c18e3f1c-7890-5347-ac43-88b54d98b203,true,SELF_EMPLOYED,,2f571be3-597c-576f-8dbd-e8baff7c9dfe,,2026-09-13,,true,false,Y10,"KaushalSetu synthetic generator v2, seed 20260929",2026-09-28T12:00:00+05:30,"SYNTHETIC demo data (KaushalSetu SIH prototype): fictional entities, team-assumed numbers, not real or official statistics.",true
d0e43b23-f8d2-5501-a518-e6b01110a567,45bf8dad-d0f6-5ea4-bf17-e9f1bb817371,false,,,,,,,,false,Y10,"KaushalSetu synthetic generator v2, seed 20260929",2026-09-28T12:00:00+05:30,"SYNTHETIC demo data (KaushalSetu SIH prototype): fictional entities, team-assumed numbers, not real or official statistics.",true
3fdc7434-14e9-59d3-8b48-57512a3242e5,fceefc31-c0f5-51cd-81a6-39560ebdfc3e,true,WAGE,,2f571be3-597c-576f-8dbd-e8baff7c9dfe,11500,2026-08-19,,true,false,Y10,"KaushalSetu synthetic generator v2, seed 20260929",2026-09-28T12:00:00+05:30,"SYNTHETIC demo data (KaushalSetu SIH prototype): fictional entities, team-assumed numbers, not real or official statistics.",true
e250c27b-ae82-5500-9807-098e07b33062,4e6dbeb7-ba1f-5a2e-8487-ab214eaaaf3e,false,,,,,,,,false,Y10,"KaushalSetu synthetic generator v2, seed 20260929",2026-09-28T12:00:00+05:30,"SYNTHETIC demo data (KaushalSetu SIH prototype): fictional entities, team-assumed numbers, not real or official statistics.",true
a2d7e58d-fed6-5176-b949-7fe8a844d583,82142bff-7954-578d-a45e-6bc5c052fdb0,true,WAGE,,2f571be3-597c-576f-8dbd-e8baff7c9dfe,13000,2026-09-13,,true,false,Y10,"KaushalSetu synthetic generator v2, seed 20260929",2026-09-28T12:00:00+05:30,"SYNTHETIC demo data (KaushalSetu SIH prototype): fictional entities, team-assumed numbers, not real or official statistics.",true
47984cdf-258a-5fcf-8fb2-7ccad8d68398,839c075a-f2ab-54df-ae82-e56f7fa1921f,false,,,,,,,,false,Y10,"KaushalSetu synthetic generator v2, seed 20260929",2026-09-28T12:00:00+05:30,"SYNTHETIC demo data (KaushalSetu SIH prototype): fictional entities, team-assumed numbers, not real or official statistics.",true
175ba43a-4945-5ebd-ad7c-b621b944e024,21dd592c-4630-55b1-8eb0-b041bcbf9508,false,,,,,,,,false,Y10,"KaushalSetu synthetic generator v2, seed 20260929",2026-09-28T12:00:00+05:30,"SYNTHETIC demo data (KaushalSetu SIH prototype): fictional entities, team-assumed numbers, not real or official statistics.",true
dc5a7129-69c1-51d0-a04d-ee05ac8e9a37,8065882d-3f9e-58f9-850b-e58c5db50998,true,WAGE,ac2affc1-49cc-5d1a-884c-73e0399f17f3,2f571be3-597c-576f-8dbd-e8baff7c9dfe,13000,2026-09-08,,true,false,Y10,"KaushalSetu synthetic generator v2, seed 20260929",2026-09-28T12:00:00+05:30,"SYNTHETIC demo data (KaushalSetu SIH prototype): fictional entities, team-assumed numbers, not real or official statistics.",true
43df22e1-5475-5959-b29e-012e65df447a,23de22cc-018a-5e05-b403-d7e59da35ffe,false,,,,,,,,false,Y10,"KaushalSetu synthetic generator v2, seed 20260929",2026-09-28T12:00:00+05:30,"SYNTHETIC demo data (KaushalSetu SIH prototype): fictional entities, team-assumed numbers, not real or official statistics.",true
1237ef7d-a95e-5dae-8e70-16d2899309e3,0c40ac51-0187-56c4-b90c-042ee21742c2,false,,,,,,,,false,Y10,"KaushalSetu synthetic generator v2, seed 20260929",2026-09-28T12:00:00+05:30,"SYNTHETIC demo data (KaushalSetu SIH prototype): fictional entities, team-assumed numbers, not real or official statistics.",true
d6869630-3452-5d53-b1dc-910f605115c9,0d3d2069-cdb9-5ec5-9873-c74d4cccb6f9,true,WAGE,ac2affc1-49cc-5d1a-884c-73e0399f17f3,2f571be3-597c-576f-8dbd-e8baff7c9dfe,12000,2026-09-08,,true,false,Y10,"KaushalSetu synthetic generator v2, seed 20260929",2026-09-28T12:00:00+05:30,"SYNTHETIC demo data (KaushalSetu SIH prototype): fictional entities, team-assumed numbers, not real or official statistics.",true
c178ecbc-9201-53a2-a2b9-0c1fb8c77a43,1d22e407-4527-59c1-8349-abc19c6a091b,false,,,,,,,,false,Y10,"KaushalSetu synthetic generator v2, seed 20260929",2026-09-28T12:00:00+05:30,"SYNTHETIC demo data (KaushalSetu SIH prototype): fictional entities, team-assumed numbers, not real or official statistics.",true
5572e672-47cc-5459-8dba-f234a4761e3a,59cb8c78-1a46-5546-b73a-094860c04a71,false,,,,,,,,false,Y10,"KaushalSetu synthetic generator v2, seed 20260929",2026-09-28T12:00:00+05:30,"SYNTHETIC demo data (KaushalSetu SIH prototype): fictional entities, team-assumed numbers, not real or official statistics.",true
f33da292-663d-52e8-ae11-64a7ec5f2fa8,1233e3ce-0ddc-5882-90b6-c47cd0d56696,false,,,,,,,,false,Y10,"KaushalSetu synthetic generator v2, seed 20260929",2026-09-28T12:00:00+05:30,"SYNTHETIC demo data (KaushalSetu SIH prototype): fictional entities, team-assumed numbers, not real or official statistics.",true
586ee5d5-93da-5b60-b6a9-dd548a19850f,62d3e179-7eac-50f9-b9c3-960de2a00ebb,true,SELF_EMPLOYED,,2f571be3-597c-576f-8dbd-e8baff7c9dfe,,2026-08-10,,true,false,Y10,"KaushalSetu synthetic generator v2, seed 20260929",2026-09-28T12:00:00+05:30,"SYNTHETIC demo data (KaushalSetu SIH prototype): fictional entities, team-assumed numbers, not real or official statistics.",true
d5db3896-ff20-52ca-b8d0-e628b2fe03d8,4ee4dae6-3772-5aca-b49c-df8f1f900124,false,,,,,,,,false,Y10,"KaushalSetu synthetic generator v2, seed 20260929",2026-09-28T12:00:00+05:30,"SYNTHETIC demo data (KaushalSetu SIH prototype): fictional entities, team-assumed numbers, not real or official statistics.",true
1c19b4c9-78f2-555a-b0ef-f36bab494777,90cf0960-a728-506b-b0fe-d1c7af8ee035,false,,,,,,,,false,Y10,"KaushalSetu synthetic generator v2, seed 20260929",2026-09-28T12:00:00+05:30,"SYNTHETIC demo data (KaushalSetu SIH prototype): fictional entities, team-assumed numbers, not real or official statistics.",true
40e1658b-a033-5dcf-9d19-53ca077a50a0,ea14bcb7-6076-54bd-b8f4-ef3e5104a98e,false,,,,,,,,false,Y10,"KaushalSetu synthetic generator v2, seed 20260929",2026-09-28T12:00:00+05:30,"SYNTHETIC demo data (KaushalSetu SIH prototype): fictional entities, team-assumed numbers, not real or official statistics.",true
21faabdc-ca93-5b06-a742-ad27caf19d3b,3b008e85-ee03-566d-a815-95a8af7b966b,false,,,,,,,,false,Y10,"KaushalSetu synthetic generator v2, seed 20260929",2026-09-28T12:00:00+05:30,"SYNTHETIC demo data (KaushalSetu SIH prototype): fictional entities, team-assumed numbers, not real or official statistics.",true
77596394-0df1-5e30-8b21-1c4af35ea8a8,d9d79dc6-e773-53d1-9d5a-3012d727a71f,false,,,,,,,,false,Y10,"KaushalSetu synthetic generator v2, seed 20260929",2026-09-28T12:00:00+05:30,"SYNTHETIC demo data (KaushalSetu SIH prototype): fictional entities, team-assumed numbers, not real or official statistics.",true
f8e51192-1390-5fe7-b425-a878ffaf3564,75288e77-d69c-519f-8eff-db8350a1701c,false,,,,,,,,false,Y10,"KaushalSetu synthetic generator v2, seed 20260929",2026-09-28T12:00:00+05:30,"SYNTHETIC demo data (KaushalSetu SIH prototype): fictional entities, team-assumed numbers, not real or official statistics.",true
93c55a7c-8927-5751-8c5d-23c4dd4eff4e,2338f777-dec9-5ae5-b2d9-483e913f7e5f,false,,,,,,,,false,Y10,"KaushalSetu synthetic generator v2, seed 20260929",2026-09-28T12:00:00+05:30,"SYNTHETIC demo data (KaushalSetu SIH prototype): fictional entities, team-assumed numbers, not real or official statistics.",true
a4ea6499-7cc8-5768-bec3-cee8cc8eed57,161a280b-5d5c-58c3-b985-597ef89beb37,true,WAGE,5a42ca7c-88ac-5cb4-bb7a-623130be262b,2f571be3-597c-576f-8dbd-e8baff7c9dfe,13500,2026-08-04,,true,false,Y10,"KaushalSetu synthetic generator v2, seed 20260929",2026-09-28T12:00:00+05:30,"SYNTHETIC demo data (KaushalSetu SIH prototype): fictional entities, team-assumed numbers, not real or official statistics.",true
50515659-1e7d-5a72-9645-a8f91de42bd9,6490a931-974a-553c-8315-b38c941e9af6,true,WAGE,,2f571be3-597c-576f-8dbd-e8baff7c9dfe,14000,2026-09-12,,true,false,Y10,"KaushalSetu synthetic generator v2, seed 20260929",2026-09-28T12:00:00+05:30,"SYNTHETIC demo data (KaushalSetu SIH prototype): fictional entities, team-assumed numbers, not real or official statistics.",true
7eff3966-6290-59eb-9474-feac86337462,ed09e454-e7c8-53bd-ae76-9fef41bbc27f,false,,,,,,,,false,Y10,"KaushalSetu synthetic generator v2, seed 20260929",2026-09-28T12:00:00+05:30,"SYNTHETIC demo data (KaushalSetu SIH prototype): fictional entities, team-assumed numbers, not real or official statistics.",true
dc691159-3eb6-58a8-b2ec-0274e4f99e1f,1e472859-851c-5875-b514-798846aa20cd,false,,,,,,,,false,Y10,"KaushalSetu synthetic generator v2, seed 20260929",2026-09-28T12:00:00+05:30,"SYNTHETIC demo data (KaushalSetu SIH prototype): fictional entities, team-assumed numbers, not real or official statistics.",true
a6a67241-d2d2-5163-be6e-377e9ea291bf,9207b921-8128-511f-97ab-00631c0bf787,true,APPRENTICESHIP,,2f571be3-597c-576f-8dbd-e8baff7c9dfe,,2026-09-28,,true,false,Y10,"KaushalSetu synthetic generator v2, seed 20260929",2026-09-28T12:00:00+05:30,"SYNTHETIC demo data (KaushalSetu SIH prototype): fictional entities, team-assumed numbers, not real or official statistics.",true
bf3941b0-b92b-5e28-b756-e052fe550bdd,94f238a2-6023-576b-93f8-a82d431228c9,false,,,,,,,,false,Y10,"KaushalSetu synthetic generator v2, seed 20260929",2026-09-28T12:00:00+05:30,"SYNTHETIC demo data (KaushalSetu SIH prototype): fictional entities, team-assumed numbers, not real or official statistics.",true
f06d7421-a0db-5f61-9729-7a2f2ff4587e,5a0c23b0-0ad3-5a99-b0a2-95c4b635a854,false,,,,,,,,false,Y10,"KaushalSetu synthetic generator v2, seed 20260929",2026-09-28T12:00:00+05:30,"SYNTHETIC demo data (KaushalSetu SIH prototype): fictional entities, team-assumed numbers, not real or official statistics.",true
10ea36e0-4ba0-5965-8a2b-c6772db65589,9315aa8e-6767-5ec8-aa58-d6f6191d4f51,false,,,,,,,,false,Y10,"KaushalSetu synthetic generator v2, seed 20260929",2026-09-28T12:00:00+05:30,"SYNTHETIC demo data (KaushalSetu SIH prototype): fictional entities, team-assumed numbers, not real or official statistics.",true
105d9659-fc14-5428-8812-de49585406fa,fe4106fa-e043-52eb-bfe4-103b8b89e66f,true,WAGE,,2f571be3-597c-576f-8dbd-e8baff7c9dfe,10500,2026-09-18,,true,false,Y10,"KaushalSetu synthetic generator v2, seed 20260929",2026-09-28T12:00:00+05:30,"SYNTHETIC demo data (KaushalSetu SIH prototype): fictional entities, team-assumed numbers, not real or official statistics.",true
ac9f4fe3-8ba1-53ff-9466-f0bc5f00c75e,ce2102a0-6c96-5a18-9602-1b50c4e63323,true,WAGE,,2f571be3-597c-576f-8dbd-e8baff7c9dfe,13500,2026-09-26,,true,false,Y10,"KaushalSetu synthetic generator v2, seed 20260929",2026-09-28T12:00:00+05:30,"SYNTHETIC demo data (KaushalSetu SIH prototype): fictional entities, team-assumed numbers, not real or official statistics.",true
a9155ed1-84e5-52f6-a5a9-10d2abdbf662,68ed0bd9-624a-521b-823c-ebb059de7e44,false,,,,,,,,false,Y10,"KaushalSetu synthetic generator v2, seed 20260929",2026-09-28T12:00:00+05:30,"SYNTHETIC demo data (KaushalSetu SIH prototype): fictional entities, team-assumed numbers, not real or official statistics.",true
97bc4622-f2d1-5830-ab87-828a305f6f65,45d901d1-e10b-5237-ad89-83fa354d0995,false,,,,,,,,false,Y10,"KaushalSetu synthetic generator v2, seed 20260929",2026-09-28T12:00:00+05:30,"SYNTHETIC demo data (KaushalSetu SIH prototype): fictional entities, team-assumed numbers, not real or official statistics.",true
be040500-34b4-58a9-8e5d-ceacd1ef6b66,bd89e2bf-e950-5966-80dd-612edc6f4460,true,WAGE,ac2affc1-49cc-5d1a-884c-73e0399f17f3,2f571be3-597c-576f-8dbd-e8baff7c9dfe,10500,2026-09-02,,true,false,Y10,"KaushalSetu synthetic generator v2, seed 20260929",2026-09-28T12:00:00+05:30,"SYNTHETIC demo data (KaushalSetu SIH prototype): fictional entities, team-assumed numbers, not real or official statistics.",true
3225ffd6-bcc0-5527-b855-3e0da53b1dcc,08e56eb4-c5a6-5ace-ba53-a45b0d68986c,true,SELF_EMPLOYED,,2f571be3-597c-576f-8dbd-e8baff7c9dfe,,2026-09-26,,true,false,Y10,"KaushalSetu synthetic generator v2, seed 20260929",2026-09-28T12:00:00+05:30,"SYNTHETIC demo data (KaushalSetu SIH prototype): fictional entities, team-assumed numbers, not real or official statistics.",true
866a8ee3-4c09-534f-9550-dc1b8716c1fc,7d0f66fa-cfdd-5270-96f7-4d1c306228aa,false,,,,,,,,false,Y10,"KaushalSetu synthetic generator v2, seed 20260929",2026-09-28T12:00:00+05:30,"SYNTHETIC demo data (KaushalSetu SIH prototype): fictional entities, team-assumed numbers, not real or official statistics.",true
81f2ce05-1c56-578e-b50b-f88d862aa834,047ce85e-a106-5fb5-9b84-f0fc3d36a479,true,SELF_EMPLOYED,,2f571be3-597c-576f-8dbd-e8baff7c9dfe,,2026-09-19,,true,false,Y10,"KaushalSetu synthetic generator v2, seed 20260929",2026-09-28T12:00:00+05:30,"SYNTHETIC demo data (KaushalSetu SIH prototype): fictional entities, team-assumed numbers, not real or official statistics.",true
50be4925-fa26-5c26-904c-28409584e0eb,dce26dcd-bcdc-5430-96aa-0f91310fef8a,true,APPRENTICESHIP,,,,2026-09-01,,false,false,Y10,"KaushalSetu synthetic generator v2, seed 20260929",2026-09-28T12:00:00+05:30,"SYNTHETIC demo data (KaushalSetu SIH prototype): fictional entities, team-assumed numbers, not real or official statistics.",true
22d3889f-907b-5249-9b0f-ca582203e98b,0ea7bfcb-0995-5c2b-8344-2c969d521b90,false,,,,,,,,true,Y10,"KaushalSetu synthetic generator v2, seed 20260929",2026-09-28T12:00:00+05:30,"SYNTHETIC demo data (KaushalSetu SIH prototype): fictional entities, team-assumed numbers, not real or official statistics.",true
27c93de2-534c-521a-9bb4-fcd249833ef4,4d014dfc-2384-504c-a984-d7bf8e92e04c,true,WAGE,,c7df5212-ab60-5561-aa36-9acc415e9b5b,14000,2025-10-30,true,true,true,Y10,"KaushalSetu synthetic generator v2, seed 20260929",2026-09-28T12:00:00+05:30,"SYNTHETIC demo data (KaushalSetu SIH prototype): fictional entities, team-assumed numbers, not real or official statistics.",true
c1f15298-90b9-5662-a465-6d2f458add3c,418eadb9-6984-5632-a32b-e09cc82c1741,true,WAGE,,c7df5212-ab60-5561-aa36-9acc415e9b5b,16000,2025-11-14,true,true,true,Y10,"KaushalSetu synthetic generator v2, seed 20260929",2026-09-28T12:00:00+05:30,"SYNTHETIC demo data (KaushalSetu SIH prototype): fictional entities, team-assumed numbers, not real or official statistics.",true
eba0dbb9-094d-5494-be6c-107ebf8b76eb,aef98a0a-1957-5a3e-ab03-66ea4fc548de,true,WAGE,5a42ca7c-88ac-5cb4-bb7a-623130be262b,c7df5212-ab60-5561-aa36-9acc415e9b5b,17500,2025-12-09,false,true,true,Y10,"KaushalSetu synthetic generator v2, seed 20260929",2026-09-28T12:00:00+05:30,"SYNTHETIC demo data (KaushalSetu SIH prototype): fictional entities, team-assumed numbers, not real or official statistics.",true
c807c1c6-0080-5a04-ad18-d5ccb21e2b7e,598bd0dc-63fd-5625-91d4-6c3e2cec28f9,false,,,,,,,,true,Y10,"KaushalSetu synthetic generator v2, seed 20260929",2026-09-28T12:00:00+05:30,"SYNTHETIC demo data (KaushalSetu SIH prototype): fictional entities, team-assumed numbers, not real or official statistics.",true
2024b9c3-3ead-58b9-b2d1-c5e6b9b46ea9,905336e7-f316-5e20-a50b-5236367e68ff,true,WAGE,,c7df5212-ab60-5561-aa36-9acc415e9b5b,12500,2025-10-25,true,true,true,Y10,"KaushalSetu synthetic generator v2, seed 20260929",2026-09-28T12:00:00+05:30,"SYNTHETIC demo data (KaushalSetu SIH prototype): fictional entities, team-assumed numbers, not real or official statistics.",true
c985e372-e9f8-5bbf-bcd3-9359ed5482a8,044323a0-bd66-5195-bb0a-9ef0ca7bd983,true,SELF_EMPLOYED,,,,2025-12-05,false,false,true,Y10,"KaushalSetu synthetic generator v2, seed 20260929",2026-09-28T12:00:00+05:30,"SYNTHETIC demo data (KaushalSetu SIH prototype): fictional entities, team-assumed numbers, not real or official statistics.",true
209d0e1e-3590-5a55-8a34-172c25e494a2,aa820c6b-33b4-58c4-b860-fb6bbdfa3d80,true,WAGE,363502e9-2ff7-5d7e-86d7-ca4d60b6599d,c7df5212-ab60-5561-aa36-9acc415e9b5b,14000,2025-10-22,true,true,true,Y10,"KaushalSetu synthetic generator v2, seed 20260929",2026-09-28T12:00:00+05:30,"SYNTHETIC demo data (KaushalSetu SIH prototype): fictional entities, team-assumed numbers, not real or official statistics.",true
43f30b57-05dd-58b6-9d26-43e7f90132bf,1e89daa6-f143-58c2-92bd-5f8684b082f3,false,,,,,,,,true,Y10,"KaushalSetu synthetic generator v2, seed 20260929",2026-09-28T12:00:00+05:30,"SYNTHETIC demo data (KaushalSetu SIH prototype): fictional entities, team-assumed numbers, not real or official statistics.",true
f0a674cc-445a-5dca-ac9e-a180553d5f91,641a4135-8005-59e0-a804-19adbc288de5,false,,,,,,,,true,Y10,"KaushalSetu synthetic generator v2, seed 20260929",2026-09-28T12:00:00+05:30,"SYNTHETIC demo data (KaushalSetu SIH prototype): fictional entities, team-assumed numbers, not real or official statistics.",true
17b183d5-23ca-548c-86b8-2cd247dce120,07427ec3-b6ad-5627-8f7c-dc252e34c2a2,true,WAGE,,c7df5212-ab60-5561-aa36-9acc415e9b5b,15000,2025-12-01,true,true,true,Y10,"KaushalSetu synthetic generator v2, seed 20260929",2026-09-28T12:00:00+05:30,"SYNTHETIC demo data (KaushalSetu SIH prototype): fictional entities, team-assumed numbers, not real or official statistics.",true
4deffe25-26d7-516a-8615-b6e83af59315,3055625a-039a-5718-8fc7-66e7a7e42fee,false,,,,,,,,true,Y10,"KaushalSetu synthetic generator v2, seed 20260929",2026-09-28T12:00:00+05:30,"SYNTHETIC demo data (KaushalSetu SIH prototype): fictional entities, team-assumed numbers, not real or official statistics.",true
d0078fc6-6f74-57c1-b1c9-c7167bfddd11,d434a4cb-cac7-5d8d-bb14-5ec1d255b6cb,true,WAGE,,c7df5212-ab60-5561-aa36-9acc415e9b5b,12000,2025-10-07,true,true,true,Y10,"KaushalSetu synthetic generator v2, seed 20260929",2026-09-28T12:00:00+05:30,"SYNTHETIC demo data (KaushalSetu SIH prototype): fictional entities, team-assumed numbers, not real or official statistics.",true
658e098d-63d2-5361-bc4d-157c22110057,0b1823e2-c75a-5618-9a9d-6d8e3bcdfcf3,false,,,,,,,,true,Y10,"KaushalSetu synthetic generator v2, seed 20260929",2026-09-28T12:00:00+05:30,"SYNTHETIC demo data (KaushalSetu SIH prototype): fictional entities, team-assumed numbers, not real or official statistics.",true
bdf2bea8-8837-5d2e-9d34-ea55678f1437,67462a46-7268-5f54-b0f6-87913a903c89,false,,,,,,,,true,Y10,"KaushalSetu synthetic generator v2, seed 20260929",2026-09-28T12:00:00+05:30,"SYNTHETIC demo data (KaushalSetu SIH prototype): fictional entities, team-assumed numbers, not real or official statistics.",true
d63282cb-7e5e-5c33-9ef2-2ef471c3a0bf,2402dcaa-dbc4-5279-b59d-9d2f18bfb89c,true,WAGE,,c7df5212-ab60-5561-aa36-9acc415e9b5b,14000,2025-10-13,true,true,true,Y10,"KaushalSetu synthetic generator v2, seed 20260929",2026-09-28T12:00:00+05:30,"SYNTHETIC demo data (KaushalSetu SIH prototype): fictional entities, team-assumed numbers, not real or official statistics.",true
661e9071-f087-5a31-aa9e-688ee633d92f,db867ab5-5386-5099-8222-dffdc5afae73,false,,,,,,,,true,Y10,"KaushalSetu synthetic generator v2, seed 20260929",2026-09-28T12:00:00+05:30,"SYNTHETIC demo data (KaushalSetu SIH prototype): fictional entities, team-assumed numbers, not real or official statistics.",true
5d6d1a5d-3bc6-58ba-8bd9-0991cc805809,2634081d-4607-5690-b1b3-d33d26bfa6de,true,WAGE,,c7df5212-ab60-5561-aa36-9acc415e9b5b,14500,2025-12-26,true,true,true,Y10,"KaushalSetu synthetic generator v2, seed 20260929",2026-09-28T12:00:00+05:30,"SYNTHETIC demo data (KaushalSetu SIH prototype): fictional entities, team-assumed numbers, not real or official statistics.",true
c241458a-d394-5c6c-8792-286315e39cee,652716fb-b4ac-51a3-882d-bee957fe5d8e,false,,,,,,,,true,Y10,"KaushalSetu synthetic generator v2, seed 20260929",2026-09-28T12:00:00+05:30,"SYNTHETIC demo data (KaushalSetu SIH prototype): fictional entities, team-assumed numbers, not real or official statistics.",true
4d58e8f0-dac6-54c6-8c11-6bd8d865e799,79f4cb15-e862-57c9-9fa8-c7084f0c5e05,false,,,,,,,,true,Y10,"KaushalSetu synthetic generator v2, seed 20260929",2026-09-28T12:00:00+05:30,"SYNTHETIC demo data (KaushalSetu SIH prototype): fictional entities, team-assumed numbers, not real or official statistics.",true
faeda1c6-c5da-5bb9-b9f7-e2fde8be2d95,d7f29972-a129-5032-b7b9-d9062be5063f,true,WAGE,,c7df5212-ab60-5561-aa36-9acc415e9b5b,12000,2025-12-02,true,true,true,Y10,"KaushalSetu synthetic generator v2, seed 20260929",2026-09-28T12:00:00+05:30,"SYNTHETIC demo data (KaushalSetu SIH prototype): fictional entities, team-assumed numbers, not real or official statistics.",true
c1cada9a-ef7b-5591-9fb0-2d52d2aa90ca,bcba0e88-ee26-53e0-9efa-16d1e82520a8,false,,,,,,,,true,Y10,"KaushalSetu synthetic generator v2, seed 20260929",2026-09-28T12:00:00+05:30,"SYNTHETIC demo data (KaushalSetu SIH prototype): fictional entities, team-assumed numbers, not real or official statistics.",true
6bcb4564-1493-5b6a-902a-b091a09d4d6f,37662801-4659-59cb-9ee7-3ca7c1b697fb,true,WAGE,,c7df5212-ab60-5561-aa36-9acc415e9b5b,14500,2025-08-28,false,true,true,Y10,"KaushalSetu synthetic generator v2, seed 20260929",2026-09-28T12:00:00+05:30,"SYNTHETIC demo data (KaushalSetu SIH prototype): fictional entities, team-assumed numbers, not real or official statistics.",true
0c885d2b-a023-5e7d-b11e-95a51653414a,941ffa63-5af1-5c09-8108-fc62b45258c4,true,APPRENTICESHIP,,,,2025-12-07,true,false,true,Y10,"KaushalSetu synthetic generator v2, seed 20260929",2026-09-28T12:00:00+05:30,"SYNTHETIC demo data (KaushalSetu SIH prototype): fictional entities, team-assumed numbers, not real or official statistics.",true
712153a2-31dc-5cfe-9b7a-055589db4ce2,7a564bfa-f8ed-58ad-866d-ddeec64a2cf3,false,,,,,,,,true,Y10,"KaushalSetu synthetic generator v2, seed 20260929",2026-09-28T12:00:00+05:30,"SYNTHETIC demo data (KaushalSetu SIH prototype): fictional entities, team-assumed numbers, not real or official statistics.",true
c69f8f80-f5d4-54b8-b3e9-0063c04ab5f2,500f11ae-141d-552d-9d7e-1a39b73e4588,true,SELF_EMPLOYED,,c7df5212-ab60-5561-aa36-9acc415e9b5b,,2025-12-01,true,true,true,Y10,"KaushalSetu synthetic generator v2, seed 20260929",2026-09-28T12:00:00+05:30,"SYNTHETIC demo data (KaushalSetu SIH prototype): fictional entities, team-assumed numbers, not real or official statistics.",true
196735f1-8d13-569b-9ae3-1fcfc5cf7f81,4c32d71f-7c4c-58ac-85e6-426b3068a433,false,,,,,,,,true,Y10,"KaushalSetu synthetic generator v2, seed 20260929",2026-09-28T12:00:00+05:30,"SYNTHETIC demo data (KaushalSetu SIH prototype): fictional entities, team-assumed numbers, not real or official statistics.",true
f92fda9b-c771-5d75-8075-2ecab3f5311e,b2e733a0-da3a-5d2b-8382-551e4bc33942,false,,,,,,,,true,Y10,"KaushalSetu synthetic generator v2, seed 20260929",2026-09-28T12:00:00+05:30,"SYNTHETIC demo data (KaushalSetu SIH prototype): fictional entities, team-assumed numbers, not real or official statistics.",true
ffc47e40-70bc-5a83-8a9e-27e36daa5d65,b64ff83a-61cd-5e46-a5f9-3878f0eaf5c7,false,,,,,,,,true,Y10,"KaushalSetu synthetic generator v2, seed 20260929",2026-09-28T12:00:00+05:30,"SYNTHETIC demo data (KaushalSetu SIH prototype): fictional entities, team-assumed numbers, not real or official statistics.",true
37880cf8-719c-5c0d-a20a-cbf2ec010df6,bc8b97da-9ccb-5e6f-8dd2-6e000d743e67,true,WAGE,,c7df5212-ab60-5561-aa36-9acc415e9b5b,14000,2025-09-22,false,true,true,Y10,"KaushalSetu synthetic generator v2, seed 20260929",2026-09-28T12:00:00+05:30,"SYNTHETIC demo data (KaushalSetu SIH prototype): fictional entities, team-assumed numbers, not real or official statistics.",true
f1e26266-d0aa-5d06-aaa9-2449ad9932c5,2d338788-f1fb-59cb-8112-c3b5d8b985d1,true,WAGE,,c7df5212-ab60-5561-aa36-9acc415e9b5b,17000,2025-10-07,true,true,true,Y10,"KaushalSetu synthetic generator v2, seed 20260929",2026-09-28T12:00:00+05:30,"SYNTHETIC demo data (KaushalSetu SIH prototype): fictional entities, team-assumed numbers, not real or official statistics.",true
4717df4e-97b1-500d-9759-7d29125a78f1,9217244c-b5ec-535b-8725-ef6d04c290e4,true,SELF_EMPLOYED,,c7df5212-ab60-5561-aa36-9acc415e9b5b,,2026-08-17,,true,false,Y10,"KaushalSetu synthetic generator v2, seed 20260929",2026-09-28T12:00:00+05:30,"SYNTHETIC demo data (KaushalSetu SIH prototype): fictional entities, team-assumed numbers, not real or official statistics.",true
bd563972-0504-5dbb-8270-fdae2feb609c,a390e611-f55d-51e4-9d10-e63d9761fee5,true,WAGE,,c7df5212-ab60-5561-aa36-9acc415e9b5b,17000,2026-09-24,,true,false,Y10,"KaushalSetu synthetic generator v2, seed 20260929",2026-09-28T12:00:00+05:30,"SYNTHETIC demo data (KaushalSetu SIH prototype): fictional entities, team-assumed numbers, not real or official statistics.",true
3cbcd92b-1201-5c0f-869b-a8f798a2d954,a8a03e97-46f4-5006-b236-09e6a265c576,false,,,,,,,,false,Y10,"KaushalSetu synthetic generator v2, seed 20260929",2026-09-28T12:00:00+05:30,"SYNTHETIC demo data (KaushalSetu SIH prototype): fictional entities, team-assumed numbers, not real or official statistics.",true
ad621097-7b30-584f-a1a7-5b26bc11b45b,5a213b20-c2ef-5fcf-a043-3908775aebaf,true,WAGE,363502e9-2ff7-5d7e-86d7-ca4d60b6599d,c7df5212-ab60-5561-aa36-9acc415e9b5b,12000,2026-08-27,,true,false,Y10,"KaushalSetu synthetic generator v2, seed 20260929",2026-09-28T12:00:00+05:30,"SYNTHETIC demo data (KaushalSetu SIH prototype): fictional entities, team-assumed numbers, not real or official statistics.",true
363bf06c-8e36-5b13-bdf0-9985ee7e0abc,c3d71c3d-e226-5998-9856-cd9694cf0dc8,false,,,,,,,,false,Y10,"KaushalSetu synthetic generator v2, seed 20260929",2026-09-28T12:00:00+05:30,"SYNTHETIC demo data (KaushalSetu SIH prototype): fictional entities, team-assumed numbers, not real or official statistics.",true
c3832e8b-0bb4-5a1e-ae9f-204922276e46,7d33953b-24d9-51db-84af-8e1133d8b135,true,WAGE,,,16000,2026-08-27,,false,false,Y10,"KaushalSetu synthetic generator v2, seed 20260929",2026-09-28T12:00:00+05:30,"SYNTHETIC demo data (KaushalSetu SIH prototype): fictional entities, team-assumed numbers, not real or official statistics.",true
cff52917-6e16-5e37-bbf4-76ce1f05fe23,247960b8-6c26-5bac-a901-498f51eccd92,false,,,,,,,,false,Y10,"KaushalSetu synthetic generator v2, seed 20260929",2026-09-28T12:00:00+05:30,"SYNTHETIC demo data (KaushalSetu SIH prototype): fictional entities, team-assumed numbers, not real or official statistics.",true
961cf79e-455a-5a83-9cb4-102a8a82cc4a,3cda34b8-d43c-58e1-8973-55a8a2f9a83a,false,,,,,,,,false,Y10,"KaushalSetu synthetic generator v2, seed 20260929",2026-09-28T12:00:00+05:30,"SYNTHETIC demo data (KaushalSetu SIH prototype): fictional entities, team-assumed numbers, not real or official statistics.",true
d3b472b3-263c-5728-a90c-f9647d33d5c6,529140b1-2b5b-51e1-94ef-51ea7087c0f9,false,,,,,,,,false,Y10,"KaushalSetu synthetic generator v2, seed 20260929",2026-09-28T12:00:00+05:30,"SYNTHETIC demo data (KaushalSetu SIH prototype): fictional entities, team-assumed numbers, not real or official statistics.",true
b5350078-bb18-57b9-bc2d-683a1d933a01,9e550cdd-49bb-5cc7-a996-4075f8260eaa,true,WAGE,,c7df5212-ab60-5561-aa36-9acc415e9b5b,16500,2026-09-20,,true,false,Y10,"KaushalSetu synthetic generator v2, seed 20260929",2026-09-28T12:00:00+05:30,"SYNTHETIC demo data (KaushalSetu SIH prototype): fictional entities, team-assumed numbers, not real or official statistics.",true
473e369c-5633-5e9f-870f-c4bd404cc252,c1424df0-e16f-55d7-8371-ce89d4cb8823,true,APPRENTICESHIP,363502e9-2ff7-5d7e-86d7-ca4d60b6599d,c7df5212-ab60-5561-aa36-9acc415e9b5b,,2026-08-31,,true,false,Y10,"KaushalSetu synthetic generator v2, seed 20260929",2026-09-28T12:00:00+05:30,"SYNTHETIC demo data (KaushalSetu SIH prototype): fictional entities, team-assumed numbers, not real or official statistics.",true
0db18958-511c-59cc-af40-9738254866d3,a4f6948e-21e3-5ccd-ad98-68fa35521f82,false,,,,,,,,false,Y10,"KaushalSetu synthetic generator v2, seed 20260929",2026-09-28T12:00:00+05:30,"SYNTHETIC demo data (KaushalSetu SIH prototype): fictional entities, team-assumed numbers, not real or official statistics.",true
56b33089-908e-5cc9-9e94-78ffaf2b3db7,96fd599b-6315-50d1-8e1b-9ce1dd9ced72,true,WAGE,,c7df5212-ab60-5561-aa36-9acc415e9b5b,13500,2026-09-05,,true,false,Y10,"KaushalSetu synthetic generator v2, seed 20260929",2026-09-28T12:00:00+05:30,"SYNTHETIC demo data (KaushalSetu SIH prototype): fictional entities, team-assumed numbers, not real or official statistics.",true
e3837ac7-8653-5148-9268-b4575d9c2f57,0a50c2e1-0f0d-53d8-987c-d49083f2eacd,false,,,,,,,,false,Y10,"KaushalSetu synthetic generator v2, seed 20260929",2026-09-28T12:00:00+05:30,"SYNTHETIC demo data (KaushalSetu SIH prototype): fictional entities, team-assumed numbers, not real or official statistics.",true
509b79b2-5a65-5190-a446-6e434ce2efa8,3e21bec2-5124-5d33-b3bd-c63ff3c12e9a,true,WAGE,,c7df5212-ab60-5561-aa36-9acc415e9b5b,17000,2026-09-20,,true,false,Y10,"KaushalSetu synthetic generator v2, seed 20260929",2026-09-28T12:00:00+05:30,"SYNTHETIC demo data (KaushalSetu SIH prototype): fictional entities, team-assumed numbers, not real or official statistics.",true
144e24f5-1fd2-5973-ae0d-f3d87e256262,237fb195-d0c2-5d53-a83d-3e081bfbf87f,true,SELF_EMPLOYED,,c7df5212-ab60-5561-aa36-9acc415e9b5b,,2026-09-03,,true,false,Y10,"KaushalSetu synthetic generator v2, seed 20260929",2026-09-28T12:00:00+05:30,"SYNTHETIC demo data (KaushalSetu SIH prototype): fictional entities, team-assumed numbers, not real or official statistics.",true
ddc87dfd-18d5-5f91-8021-adfc02e5c6be,b1cd0d48-80b9-5a3d-bcf9-8c969d42903f,false,,,,,,,,false,Y10,"KaushalSetu synthetic generator v2, seed 20260929",2026-09-28T12:00:00+05:30,"SYNTHETIC demo data (KaushalSetu SIH prototype): fictional entities, team-assumed numbers, not real or official statistics.",true
7c32ece9-c0bd-559b-bbb5-b1b7aa6ab454,0cda2ce6-fe8c-5dae-950a-8f80ee0ffa20,false,,,,,,,,false,Y10,"KaushalSetu synthetic generator v2, seed 20260929",2026-09-28T12:00:00+05:30,"SYNTHETIC demo data (KaushalSetu SIH prototype): fictional entities, team-assumed numbers, not real or official statistics.",true
a8104b7a-2293-594a-a208-2aeb6141526f,2896ce93-1dad-5033-81f5-f77bf6d2b5b0,true,WAGE,5a42ca7c-88ac-5cb4-bb7a-623130be262b,c7df5212-ab60-5561-aa36-9acc415e9b5b,16500,2026-09-10,,true,false,Y10,"KaushalSetu synthetic generator v2, seed 20260929",2026-09-28T12:00:00+05:30,"SYNTHETIC demo data (KaushalSetu SIH prototype): fictional entities, team-assumed numbers, not real or official statistics.",true
597c91cf-b163-5994-8fae-75eb3db6e99b,4a81b542-5743-51c3-90b3-becd9e48b6c1,false,,,,,,,,false,Y10,"KaushalSetu synthetic generator v2, seed 20260929",2026-09-28T12:00:00+05:30,"SYNTHETIC demo data (KaushalSetu SIH prototype): fictional entities, team-assumed numbers, not real or official statistics.",true
686dcc42-1fb9-59aa-8477-3197a301b2e3,d7938f74-f662-57ec-ac98-96e98dab557c,true,WAGE,,c7df5212-ab60-5561-aa36-9acc415e9b5b,15000,2026-09-20,,true,false,Y10,"KaushalSetu synthetic generator v2, seed 20260929",2026-09-28T12:00:00+05:30,"SYNTHETIC demo data (KaushalSetu SIH prototype): fictional entities, team-assumed numbers, not real or official statistics.",true
874cba3d-cc5b-535e-92c5-9caed6fe4606,8f5c5c2d-b433-5a29-81ed-91e6167f3dc1,true,WAGE,,c7df5212-ab60-5561-aa36-9acc415e9b5b,17500,2026-08-24,,true,false,Y10,"KaushalSetu synthetic generator v2, seed 20260929",2026-09-28T12:00:00+05:30,"SYNTHETIC demo data (KaushalSetu SIH prototype): fictional entities, team-assumed numbers, not real or official statistics.",true
5cb4d514-8ba1-5fb8-8c8f-b4e9a8033443,cd449bd4-361c-51db-b4af-efb0d098ab28,true,WAGE,,c7df5212-ab60-5561-aa36-9acc415e9b5b,13000,2026-09-14,,true,false,Y10,"KaushalSetu synthetic generator v2, seed 20260929",2026-09-28T12:00:00+05:30,"SYNTHETIC demo data (KaushalSetu SIH prototype): fictional entities, team-assumed numbers, not real or official statistics.",true
e251d3ef-f16b-5cc5-885c-e2114670ca99,09a6606d-1f6a-5a4a-a9b8-0c0ed53599fd,false,,,,,,,,false,Y10,"KaushalSetu synthetic generator v2, seed 20260929",2026-09-28T12:00:00+05:30,"SYNTHETIC demo data (KaushalSetu SIH prototype): fictional entities, team-assumed numbers, not real or official statistics.",true
5060b813-fc99-5962-a1e9-0fc8bbc7b5b6,4f583a8e-d33a-548c-81cb-3454aebd164e,false,,,,,,,,false,Y10,"KaushalSetu synthetic generator v2, seed 20260929",2026-09-28T12:00:00+05:30,"SYNTHETIC demo data (KaushalSetu SIH prototype): fictional entities, team-assumed numbers, not real or official statistics.",true
be4116c1-d7f6-5ebc-aade-1eb0244690c1,59ca8d27-25a1-5e3c-872c-3c3fd811003a,false,,,,,,,,false,Y10,"KaushalSetu synthetic generator v2, seed 20260929",2026-09-28T12:00:00+05:30,"SYNTHETIC demo data (KaushalSetu SIH prototype): fictional entities, team-assumed numbers, not real or official statistics.",true
7bc14ddb-b88f-5a5b-8774-0d8e57e33eec,158d0eb2-7a3e-51b0-87ec-bee0ee758052,false,,,,,,,,false,Y10,"KaushalSetu synthetic generator v2, seed 20260929",2026-09-28T12:00:00+05:30,"SYNTHETIC demo data (KaushalSetu SIH prototype): fictional entities, team-assumed numbers, not real or official statistics.",true
ceeb184a-8720-5cc1-a3c8-abb48957687c,380e0bd2-1377-5da3-ba50-bdcbe9cd49a2,false,,,,,,,,false,Y10,"KaushalSetu synthetic generator v2, seed 20260929",2026-09-28T12:00:00+05:30,"SYNTHETIC demo data (KaushalSetu SIH prototype): fictional entities, team-assumed numbers, not real or official statistics.",true
96d80b22-7351-5f40-9361-8e337d7b03ff,92402c0f-7a86-5fb3-8b6a-4760e201043a,true,WAGE,,,16500,2026-09-11,,false,false,Y10,"KaushalSetu synthetic generator v2, seed 20260929",2026-09-28T12:00:00+05:30,"SYNTHETIC demo data (KaushalSetu SIH prototype): fictional entities, team-assumed numbers, not real or official statistics.",true
ed4ad233-abb7-549b-a98b-72aad2b9cbe1,7adce1a1-0b18-5dd4-b39e-ae005c06909e,true,WAGE,,c7df5212-ab60-5561-aa36-9acc415e9b5b,14500,2026-08-19,,true,false,Y10,"KaushalSetu synthetic generator v2, seed 20260929",2026-09-28T12:00:00+05:30,"SYNTHETIC demo data (KaushalSetu SIH prototype): fictional entities, team-assumed numbers, not real or official statistics.",true
2026e42d-f483-5bf7-b1ea-7d47a4651b37,72a08a71-aa98-5f21-8f9e-9a32decd4223,false,,,,,,,,true,Y10,"KaushalSetu synthetic generator v2, seed 20260929",2026-09-28T12:00:00+05:30,"SYNTHETIC demo data (KaushalSetu SIH prototype): fictional entities, team-assumed numbers, not real or official statistics.",true
e7416cb9-609c-5768-abbf-dcc5d715d932,e74d0efb-b90d-5a08-a7e5-5620af1d7ed9,true,SELF_EMPLOYED,,2f571be3-597c-576f-8dbd-e8baff7c9dfe,,2025-11-20,true,true,true,Y10,"KaushalSetu synthetic generator v2, seed 20260929",2026-09-28T12:00:00+05:30,"SYNTHETIC demo data (KaushalSetu SIH prototype): fictional entities, team-assumed numbers, not real or official statistics.",true
52b98e4c-63f1-536f-b290-b999e86845dd,551f7a06-1502-5586-b2f7-3e93bcd91acd,false,,,,,,,,true,Y10,"KaushalSetu synthetic generator v2, seed 20260929",2026-09-28T12:00:00+05:30,"SYNTHETIC demo data (KaushalSetu SIH prototype): fictional entities, team-assumed numbers, not real or official statistics.",true
f58c08d2-cb62-576f-a843-bb84fdcba4f2,6fe0aafb-167e-5466-adc8-0af56d69d19a,true,SELF_EMPLOYED,,2f571be3-597c-576f-8dbd-e8baff7c9dfe,,2025-10-17,true,true,true,Y10,"KaushalSetu synthetic generator v2, seed 20260929",2026-09-28T12:00:00+05:30,"SYNTHETIC demo data (KaushalSetu SIH prototype): fictional entities, team-assumed numbers, not real or official statistics.",true
18dc2708-ad0d-5e5d-81ca-fc8eaa090f17,627d51f4-6f90-5d40-94dd-6967aaec3b5e,true,SELF_EMPLOYED,,,,2025-09-29,false,false,true,Y10,"KaushalSetu synthetic generator v2, seed 20260929",2026-09-28T12:00:00+05:30,"SYNTHETIC demo data (KaushalSetu SIH prototype): fictional entities, team-assumed numbers, not real or official statistics.",true
837dabd9-5fe1-542a-973d-037b9268f33b,c815a3e9-936d-579f-bb63-c6835d67f1a2,false,,,,,,,,true,Y10,"KaushalSetu synthetic generator v2, seed 20260929",2026-09-28T12:00:00+05:30,"SYNTHETIC demo data (KaushalSetu SIH prototype): fictional entities, team-assumed numbers, not real or official statistics.",true
2e0ffc06-1f3c-57ed-9490-960b048ff4e8,d2968dd6-e1a6-55dc-98b9-796991d0f74a,false,,,,,,,,true,Y10,"KaushalSetu synthetic generator v2, seed 20260929",2026-09-28T12:00:00+05:30,"SYNTHETIC demo data (KaushalSetu SIH prototype): fictional entities, team-assumed numbers, not real or official statistics.",true
570291ff-eb10-5829-97e8-6ffe1f379a81,762374de-5d62-5f00-a403-c1661fa07668,false,,,,,,,,true,Y10,"KaushalSetu synthetic generator v2, seed 20260929",2026-09-28T12:00:00+05:30,"SYNTHETIC demo data (KaushalSetu SIH prototype): fictional entities, team-assumed numbers, not real or official statistics.",true
6a256dab-7a92-5a08-be23-a158de7ec821,f5e09aca-c80b-5471-87cd-034a9cbc87ff,false,,,,,,,,true,Y10,"KaushalSetu synthetic generator v2, seed 20260929",2026-09-28T12:00:00+05:30,"SYNTHETIC demo data (KaushalSetu SIH prototype): fictional entities, team-assumed numbers, not real or official statistics.",true
cce09e11-7ac8-5996-8377-60d5ed4dae21,936df098-fc42-5842-984d-878d21d83468,false,,,,,,,,true,Y10,"KaushalSetu synthetic generator v2, seed 20260929",2026-09-28T12:00:00+05:30,"SYNTHETIC demo data (KaushalSetu SIH prototype): fictional entities, team-assumed numbers, not real or official statistics.",true
5e05f3c7-c5ff-5342-9536-a96e06e1fdc7,a14aa06d-c1af-5292-bbbc-7a3aa25181c8,true,WAGE,,2f571be3-597c-576f-8dbd-e8baff7c9dfe,10500,2025-12-03,true,true,true,Y10,"KaushalSetu synthetic generator v2, seed 20260929",2026-09-28T12:00:00+05:30,"SYNTHETIC demo data (KaushalSetu SIH prototype): fictional entities, team-assumed numbers, not real or official statistics.",true
f5c2d071-5301-56f7-8c06-0be66e77e10a,024f03f4-2c98-5d65-a1c7-1b8e3ad40ffb,false,,,,,,,,true,Y10,"KaushalSetu synthetic generator v2, seed 20260929",2026-09-28T12:00:00+05:30,"SYNTHETIC demo data (KaushalSetu SIH prototype): fictional entities, team-assumed numbers, not real or official statistics.",true
d21d5aab-81f1-540c-a08b-70b948ae9eda,4441480d-f43b-5377-bd86-445d7d87286e,false,,,,,,,,true,Y10,"KaushalSetu synthetic generator v2, seed 20260929",2026-09-28T12:00:00+05:30,"SYNTHETIC demo data (KaushalSetu SIH prototype): fictional entities, team-assumed numbers, not real or official statistics.",true
131b1349-7ef2-5aa8-9a00-a2d3d7dccdfd,d7b0c31a-ab94-5916-9a84-c0dca91ba480,false,,,,,,,,true,Y10,"KaushalSetu synthetic generator v2, seed 20260929",2026-09-28T12:00:00+05:30,"SYNTHETIC demo data (KaushalSetu SIH prototype): fictional entities, team-assumed numbers, not real or official statistics.",true
c04ed25d-8599-5467-a602-ca9ff880e5cd,e0c9ccac-fcb2-5bae-b8e2-652434f51778,true,WAGE,,2f571be3-597c-576f-8dbd-e8baff7c9dfe,11000,2025-08-22,false,true,true,Y10,"KaushalSetu synthetic generator v2, seed 20260929",2026-09-28T12:00:00+05:30,"SYNTHETIC demo data (KaushalSetu SIH prototype): fictional entities, team-assumed numbers, not real or official statistics.",true
441147cb-3829-5394-afa3-658d143e22dd,6cb2d058-3627-50b9-94b1-841fb7bad3a4,false,,,,,,,,true,Y10,"KaushalSetu synthetic generator v2, seed 20260929",2026-09-28T12:00:00+05:30,"SYNTHETIC demo data (KaushalSetu SIH prototype): fictional entities, team-assumed numbers, not real or official statistics.",true
9518617f-2980-5f11-a91e-0850f58df3cf,22a0a910-0724-5316-9e29-832875eb2625,true,WAGE,,2f571be3-597c-576f-8dbd-e8baff7c9dfe,14000,2025-08-15,false,true,true,Y10,"KaushalSetu synthetic generator v2, seed 20260929",2026-09-28T12:00:00+05:30,"SYNTHETIC demo data (KaushalSetu SIH prototype): fictional entities, team-assumed numbers, not real or official statistics.",true
c67dfa78-404d-5530-b0c1-b0566d29ceac,4ab8b591-8d85-5d53-96df-a19f4a6d745e,false,,,,,,,,true,Y10,"KaushalSetu synthetic generator v2, seed 20260929",2026-09-28T12:00:00+05:30,"SYNTHETIC demo data (KaushalSetu SIH prototype): fictional entities, team-assumed numbers, not real or official statistics.",true
e1249178-276f-5f18-8a89-bbfdd5b68a3a,6f5672b5-15c2-56f8-a9b5-8a2a840c41fd,false,,,,,,,,true,Y10,"KaushalSetu synthetic generator v2, seed 20260929",2026-09-28T12:00:00+05:30,"SYNTHETIC demo data (KaushalSetu SIH prototype): fictional entities, team-assumed numbers, not real or official statistics.",true
f677f398-c4c1-5385-8a40-4e99077793c7,60529001-790c-5bdd-bda6-c4014cb9d103,false,,,,,,,,true,Y10,"KaushalSetu synthetic generator v2, seed 20260929",2026-09-28T12:00:00+05:30,"SYNTHETIC demo data (KaushalSetu SIH prototype): fictional entities, team-assumed numbers, not real or official statistics.",true
03c81e46-7181-5d6d-8c3f-afd5149e8403,7fa73414-ddc2-54f5-af69-7fa15f60fdd4,false,,,,,,,,true,Y10,"KaushalSetu synthetic generator v2, seed 20260929",2026-09-28T12:00:00+05:30,"SYNTHETIC demo data (KaushalSetu SIH prototype): fictional entities, team-assumed numbers, not real or official statistics.",true
eb8a8eb1-7951-5fff-9e54-7c17c4615fb8,0c7f3ff8-7c49-5f8c-a505-1f2a66ca7783,false,,,,,,,,true,Y10,"KaushalSetu synthetic generator v2, seed 20260929",2026-09-28T12:00:00+05:30,"SYNTHETIC demo data (KaushalSetu SIH prototype): fictional entities, team-assumed numbers, not real or official statistics.",true
d2cc4c4b-eb9e-5f00-97c4-5ea3cbf04854,9772cfaf-caf2-54a8-a9a6-bc44f3feb7b9,true,WAGE,,2f571be3-597c-576f-8dbd-e8baff7c9dfe,13000,2025-12-04,true,true,true,Y10,"KaushalSetu synthetic generator v2, seed 20260929",2026-09-28T12:00:00+05:30,"SYNTHETIC demo data (KaushalSetu SIH prototype): fictional entities, team-assumed numbers, not real or official statistics.",true
2fb350ee-3817-5edd-b1a5-57ffecc04b18,a8db3e83-550b-5ec4-8778-d654123316b7,false,,,,,,,,true,Y10,"KaushalSetu synthetic generator v2, seed 20260929",2026-09-28T12:00:00+05:30,"SYNTHETIC demo data (KaushalSetu SIH prototype): fictional entities, team-assumed numbers, not real or official statistics.",true
c051619d-dfe4-5b17-a9ac-4453f82a5b5c,791d3d16-ad9b-58b0-9577-d82341625183,false,,,,,,,,true,Y10,"KaushalSetu synthetic generator v2, seed 20260929",2026-09-28T12:00:00+05:30,"SYNTHETIC demo data (KaushalSetu SIH prototype): fictional entities, team-assumed numbers, not real or official statistics.",true
b46e27ca-dde1-5c1a-a5c2-f1689f0ec26c,16c84422-cc24-52d0-866e-6c6d411b8b16,false,,,,,,,,true,Y10,"KaushalSetu synthetic generator v2, seed 20260929",2026-09-28T12:00:00+05:30,"SYNTHETIC demo data (KaushalSetu SIH prototype): fictional entities, team-assumed numbers, not real or official statistics.",true
62c8004d-8cec-5acc-9fec-3c2dbab53e98,becdb9c9-8d0a-5b69-ba49-ecf90c41f6da,false,,,,,,,,true,Y10,"KaushalSetu synthetic generator v2, seed 20260929",2026-09-28T12:00:00+05:30,"SYNTHETIC demo data (KaushalSetu SIH prototype): fictional entities, team-assumed numbers, not real or official statistics.",true
75e4d295-021b-5ccb-88ac-8e724f165cc8,624ff239-8dc3-5e20-87ec-f06036a0c968,true,WAGE,,,11500,2025-09-05,true,false,true,Y10,"KaushalSetu synthetic generator v2, seed 20260929",2026-09-28T12:00:00+05:30,"SYNTHETIC demo data (KaushalSetu SIH prototype): fictional entities, team-assumed numbers, not real or official statistics.",true
69129239-c8eb-507b-a75a-585b64bc784f,ce2d260f-cddd-5659-8386-255292eaaa31,true,WAGE,,2f571be3-597c-576f-8dbd-e8baff7c9dfe,11500,2025-11-21,true,true,true,Y10,"KaushalSetu synthetic generator v2, seed 20260929",2026-09-28T12:00:00+05:30,"SYNTHETIC demo data (KaushalSetu SIH prototype): fictional entities, team-assumed numbers, not real or official statistics.",true
547de56a-6cdd-5b8b-ad1d-d3b57de7dfda,db2ebe23-b303-5061-aceb-3ff571c10f80,true,WAGE,,2f571be3-597c-576f-8dbd-e8baff7c9dfe,10000,2025-12-14,true,true,true,Y10,"KaushalSetu synthetic generator v2, seed 20260929",2026-09-28T12:00:00+05:30,"SYNTHETIC demo data (KaushalSetu SIH prototype): fictional entities, team-assumed numbers, not real or official statistics.",true
127cad67-2624-5975-9da7-653b8e83203f,506c77c5-b1cf-568c-8e17-43060e4201ad,false,,,,,,,,true,Y10,"KaushalSetu synthetic generator v2, seed 20260929",2026-09-28T12:00:00+05:30,"SYNTHETIC demo data (KaushalSetu SIH prototype): fictional entities, team-assumed numbers, not real or official statistics.",true
a022076f-b1d0-5fe9-9185-2db49a9264cc,a0199fd3-ed4f-5e48-8869-23b6a2e3514f,false,,,,,,,,true,Y10,"KaushalSetu synthetic generator v2, seed 20260929",2026-09-28T12:00:00+05:30,"SYNTHETIC demo data (KaushalSetu SIH prototype): fictional entities, team-assumed numbers, not real or official statistics.",true
c9e692ec-1c96-5612-83f9-095d6c543920,9dd6d4ec-96e3-58d8-a2a6-a70cc8aa5bc9,false,,,,,,,,true,Y10,"KaushalSetu synthetic generator v2, seed 20260929",2026-09-28T12:00:00+05:30,"SYNTHETIC demo data (KaushalSetu SIH prototype): fictional entities, team-assumed numbers, not real or official statistics.",true
6bcadbed-102a-55e7-882b-28e189f88955,b3064099-51ae-5146-89b4-2d1468651eb4,false,,,,,,,,true,Y10,"KaushalSetu synthetic generator v2, seed 20260929",2026-09-28T12:00:00+05:30,"SYNTHETIC demo data (KaushalSetu SIH prototype): fictional entities, team-assumed numbers, not real or official statistics.",true
3de877c5-10c5-5d14-9b6f-421f776f06a7,971b45bf-e97a-57e5-93df-e74f2b26a90e,true,WAGE,,2f571be3-597c-576f-8dbd-e8baff7c9dfe,14000,2025-12-08,false,true,true,Y10,"KaushalSetu synthetic generator v2, seed 20260929",2026-09-28T12:00:00+05:30,"SYNTHETIC demo data (KaushalSetu SIH prototype): fictional entities, team-assumed numbers, not real or official statistics.",true
037e81c5-bc6e-5837-8985-121f768ae1e9,e224ae30-6fc8-5c00-87f4-e02e8ce774d8,false,,,,,,,,true,Y10,"KaushalSetu synthetic generator v2, seed 20260929",2026-09-28T12:00:00+05:30,"SYNTHETIC demo data (KaushalSetu SIH prototype): fictional entities, team-assumed numbers, not real or official statistics.",true
21ebd831-370e-532c-a5b8-31f1a8558de9,35f7b7ed-f85c-5408-99c1-d9c35187bff9,false,,,,,,,,true,Y10,"KaushalSetu synthetic generator v2, seed 20260929",2026-09-28T12:00:00+05:30,"SYNTHETIC demo data (KaushalSetu SIH prototype): fictional entities, team-assumed numbers, not real or official statistics.",true
e7cf7629-2c06-5369-b66c-96f821b1986c,96087f36-fc77-5093-b9d5-7fe785ca94c6,false,,,,,,,,true,Y10,"KaushalSetu synthetic generator v2, seed 20260929",2026-09-28T12:00:00+05:30,"SYNTHETIC demo data (KaushalSetu SIH prototype): fictional entities, team-assumed numbers, not real or official statistics.",true
84c14077-7751-505e-9274-d60fa911b444,a0fec854-9b2a-5bc8-8efa-04efd2fb98d5,true,SELF_EMPLOYED,,2f571be3-597c-576f-8dbd-e8baff7c9dfe,,2025-10-14,true,true,true,Y10,"KaushalSetu synthetic generator v2, seed 20260929",2026-09-28T12:00:00+05:30,"SYNTHETIC demo data (KaushalSetu SIH prototype): fictional entities, team-assumed numbers, not real or official statistics.",true
609d85b5-2404-53ba-b843-3df183adf346,a59d96a8-ee8b-504a-9b95-79a498042843,true,APPRENTICESHIP,,2f571be3-597c-576f-8dbd-e8baff7c9dfe,,2025-12-25,false,true,true,Y10,"KaushalSetu synthetic generator v2, seed 20260929",2026-09-28T12:00:00+05:30,"SYNTHETIC demo data (KaushalSetu SIH prototype): fictional entities, team-assumed numbers, not real or official statistics.",true
d59ef7bb-a691-5aab-9e50-48f94f6cc639,3b78dc97-417b-533c-9489-25591e3652a2,false,,,,,,,,true,Y10,"KaushalSetu synthetic generator v2, seed 20260929",2026-09-28T12:00:00+05:30,"SYNTHETIC demo data (KaushalSetu SIH prototype): fictional entities, team-assumed numbers, not real or official statistics.",true
26ceace7-02d6-55e4-9d85-cd64ac89ceeb,72ee8732-f199-500d-8add-133dcc5595d7,true,WAGE,,2f571be3-597c-576f-8dbd-e8baff7c9dfe,13500,2025-09-06,true,true,true,Y10,"KaushalSetu synthetic generator v2, seed 20260929",2026-09-28T12:00:00+05:30,"SYNTHETIC demo data (KaushalSetu SIH prototype): fictional entities, team-assumed numbers, not real or official statistics.",true
5cd101d3-f572-53a6-92fa-d09100bf7287,3441ffd3-d5a6-5db7-a0f8-ee81e341cf5d,false,,,,,,,,true,Y10,"KaushalSetu synthetic generator v2, seed 20260929",2026-09-28T12:00:00+05:30,"SYNTHETIC demo data (KaushalSetu SIH prototype): fictional entities, team-assumed numbers, not real or official statistics.",true
eb3ee3ed-669c-54e9-a366-9bce66cbdf93,6aa4acb0-4ff0-54a9-8f54-90fc657f6605,true,SELF_EMPLOYED,,2f571be3-597c-576f-8dbd-e8baff7c9dfe,,2025-11-05,false,true,true,Y10,"KaushalSetu synthetic generator v2, seed 20260929",2026-09-28T12:00:00+05:30,"SYNTHETIC demo data (KaushalSetu SIH prototype): fictional entities, team-assumed numbers, not real or official statistics.",true
9306911b-1162-5e54-82ac-0d5f32dc6d20,751bcd41-86fb-59e9-8fcf-6550ac1307fe,false,,,,,,,,true,Y10,"KaushalSetu synthetic generator v2, seed 20260929",2026-09-28T12:00:00+05:30,"SYNTHETIC demo data (KaushalSetu SIH prototype): fictional entities, team-assumed numbers, not real or official statistics.",true
8f447a3d-e3e1-52a2-9352-128edbaf746c,0c411840-c825-5579-9bd7-91f1016ae285,false,,,,,,,,true,Y10,"KaushalSetu synthetic generator v2, seed 20260929",2026-09-28T12:00:00+05:30,"SYNTHETIC demo data (KaushalSetu SIH prototype): fictional entities, team-assumed numbers, not real or official statistics.",true
b7d28028-6ecd-5b2e-bcad-6d7ea6ea4491,760ef4b4-cf61-5cad-a6b9-05d9aa191979,false,,,,,,,,true,Y10,"KaushalSetu synthetic generator v2, seed 20260929",2026-09-28T12:00:00+05:30,"SYNTHETIC demo data (KaushalSetu SIH prototype): fictional entities, team-assumed numbers, not real or official statistics.",true
8362322b-74be-5e8a-9a9f-538491783065,93a81eca-ca74-53fa-96e3-90dcf646a6e4,true,WAGE,,2f571be3-597c-576f-8dbd-e8baff7c9dfe,11500,2025-11-28,true,true,true,Y10,"KaushalSetu synthetic generator v2, seed 20260929",2026-09-28T12:00:00+05:30,"SYNTHETIC demo data (KaushalSetu SIH prototype): fictional entities, team-assumed numbers, not real or official statistics.",true
385a3c68-51ee-5406-9f61-76ad657c61b0,97500138-09d4-52f2-9e95-012689febe56,false,,,,,,,,true,Y10,"KaushalSetu synthetic generator v2, seed 20260929",2026-09-28T12:00:00+05:30,"SYNTHETIC demo data (KaushalSetu SIH prototype): fictional entities, team-assumed numbers, not real or official statistics.",true
96e82700-5f11-515e-99df-806e3859cb2e,91142ccb-e224-5452-a6ff-ae4471b46450,false,,,,,,,,true,Y10,"KaushalSetu synthetic generator v2, seed 20260929",2026-09-28T12:00:00+05:30,"SYNTHETIC demo data (KaushalSetu SIH prototype): fictional entities, team-assumed numbers, not real or official statistics.",true
276c6e91-daad-5a75-bfa9-bbc69d410230,7791f88f-7f07-5802-a5c9-9973135e20c9,false,,,,,,,,true,Y10,"KaushalSetu synthetic generator v2, seed 20260929",2026-09-28T12:00:00+05:30,"SYNTHETIC demo data (KaushalSetu SIH prototype): fictional entities, team-assumed numbers, not real or official statistics.",true
6bc8ff0e-19d0-5d73-a12a-75d2a89640de,4b82eadf-b0b6-5fc9-b408-a3e3b7a7d2cb,false,,,,,,,,true,Y10,"KaushalSetu synthetic generator v2, seed 20260929",2026-09-28T12:00:00+05:30,"SYNTHETIC demo data (KaushalSetu SIH prototype): fictional entities, team-assumed numbers, not real or official statistics.",true
68f061b8-b9ce-5d25-b531-a70a3ada6ff4,0ea9227a-9217-5fab-8554-6223caef491c,false,,,,,,,,false,Y10,"KaushalSetu synthetic generator v2, seed 20260929",2026-09-28T12:00:00+05:30,"SYNTHETIC demo data (KaushalSetu SIH prototype): fictional entities, team-assumed numbers, not real or official statistics.",true
cec202a5-47c4-594d-9d3e-279ca29675fb,7da22c14-f30f-53eb-b5cb-0100c1a1fda9,true,WAGE,,,13500,2026-09-26,,false,false,Y10,"KaushalSetu synthetic generator v2, seed 20260929",2026-09-28T12:00:00+05:30,"SYNTHETIC demo data (KaushalSetu SIH prototype): fictional entities, team-assumed numbers, not real or official statistics.",true
ce7f7e91-3397-520f-b7ba-eaa1e271995b,1f3ae64c-c2f8-589d-93e4-9adc30d5483e,false,,,,,,,,false,Y10,"KaushalSetu synthetic generator v2, seed 20260929",2026-09-28T12:00:00+05:30,"SYNTHETIC demo data (KaushalSetu SIH prototype): fictional entities, team-assumed numbers, not real or official statistics.",true
47b7d9f2-cf1b-5ae4-8443-2eb5d21702b3,b4322ce6-7b39-58ea-810e-7049940a96a9,false,,,,,,,,false,Y10,"KaushalSetu synthetic generator v2, seed 20260929",2026-09-28T12:00:00+05:30,"SYNTHETIC demo data (KaushalSetu SIH prototype): fictional entities, team-assumed numbers, not real or official statistics.",true
ce81009c-fb79-572f-aaf9-95f023610224,e5a1f7a8-5180-5803-b600-3820b548cb1c,true,WAGE,,2f571be3-597c-576f-8dbd-e8baff7c9dfe,13500,2026-08-22,,true,false,Y10,"KaushalSetu synthetic generator v2, seed 20260929",2026-09-28T12:00:00+05:30,"SYNTHETIC demo data (KaushalSetu SIH prototype): fictional entities, team-assumed numbers, not real or official statistics.",true
6f5ca1a1-f2c0-5fec-9d9c-2a1073cb70a5,bcf06009-dbdb-57f5-8c8a-1975e7b39180,false,,,,,,,,false,Y10,"KaushalSetu synthetic generator v2, seed 20260929",2026-09-28T12:00:00+05:30,"SYNTHETIC demo data (KaushalSetu SIH prototype): fictional entities, team-assumed numbers, not real or official statistics.",true
0b2d999e-fa8d-573f-ac89-620096b077a0,4fb6b8bb-71d0-58f3-b865-ac9302ad9c43,false,,,,,,,,false,Y10,"KaushalSetu synthetic generator v2, seed 20260929",2026-09-28T12:00:00+05:30,"SYNTHETIC demo data (KaushalSetu SIH prototype): fictional entities, team-assumed numbers, not real or official statistics.",true
677d3df7-2f6d-5feb-9468-9174da263782,f953cdea-4146-59e7-9d96-d5d099464d4e,true,APPRENTICESHIP,ac2affc1-49cc-5d1a-884c-73e0399f17f3,2f571be3-597c-576f-8dbd-e8baff7c9dfe,,2026-08-26,,true,false,Y10,"KaushalSetu synthetic generator v2, seed 20260929",2026-09-28T12:00:00+05:30,"SYNTHETIC demo data (KaushalSetu SIH prototype): fictional entities, team-assumed numbers, not real or official statistics.",true
c39a8126-be19-5095-863a-d652c31b7a25,0333a152-c4ac-5593-8f64-85b8458741f3,false,,,,,,,,false,Y10,"KaushalSetu synthetic generator v2, seed 20260929",2026-09-28T12:00:00+05:30,"SYNTHETIC demo data (KaushalSetu SIH prototype): fictional entities, team-assumed numbers, not real or official statistics.",true
0b12d321-e0c2-5039-801a-1a09ab31f340,576b33b7-b9a6-521f-a450-adc24cc0c22f,false,,,,,,,,false,Y10,"KaushalSetu synthetic generator v2, seed 20260929",2026-09-28T12:00:00+05:30,"SYNTHETIC demo data (KaushalSetu SIH prototype): fictional entities, team-assumed numbers, not real or official statistics.",true
36063ac1-1580-5cfb-bd1f-ce12b57b98a5,b4d60174-e701-5d11-8a44-d70d79f6c2b2,false,,,,,,,,false,Y10,"KaushalSetu synthetic generator v2, seed 20260929",2026-09-28T12:00:00+05:30,"SYNTHETIC demo data (KaushalSetu SIH prototype): fictional entities, team-assumed numbers, not real or official statistics.",true
1929aed2-01a6-5815-a65d-3b650c591ddb,d0620898-3dbc-5ccd-901a-1c900ca5798c,true,WAGE,,2f571be3-597c-576f-8dbd-e8baff7c9dfe,13000,2026-09-12,,true,false,Y10,"KaushalSetu synthetic generator v2, seed 20260929",2026-09-28T12:00:00+05:30,"SYNTHETIC demo data (KaushalSetu SIH prototype): fictional entities, team-assumed numbers, not real or official statistics.",true
5b90320c-5b6c-56ce-8b44-fd322b0227b0,9c0a5833-8097-5c09-8c93-fd68215fd37f,true,SELF_EMPLOYED,,2f571be3-597c-576f-8dbd-e8baff7c9dfe,,2026-09-02,,true,false,Y10,"KaushalSetu synthetic generator v2, seed 20260929",2026-09-28T12:00:00+05:30,"SYNTHETIC demo data (KaushalSetu SIH prototype): fictional entities, team-assumed numbers, not real or official statistics.",true
eb02399d-27e9-5c7a-8a90-277969778f59,2bc29fdd-4cf2-59a9-b64b-96adce8138c8,true,WAGE,,2f571be3-597c-576f-8dbd-e8baff7c9dfe,13500,2026-09-28,,true,false,Y10,"KaushalSetu synthetic generator v2, seed 20260929",2026-09-28T12:00:00+05:30,"SYNTHETIC demo data (KaushalSetu SIH prototype): fictional entities, team-assumed numbers, not real or official statistics.",true
a1d20a1b-070f-582b-acd3-c4ec6f341ac4,a9c2ad98-3d89-51b2-99fd-6e384a7ede5c,false,,,,,,,,false,Y10,"KaushalSetu synthetic generator v2, seed 20260929",2026-09-28T12:00:00+05:30,"SYNTHETIC demo data (KaushalSetu SIH prototype): fictional entities, team-assumed numbers, not real or official statistics.",true
58370c28-0cd6-53e7-a8c6-282069419cbb,5bd7bc4e-44ff-5432-a7bb-d4d6d1676bb2,true,WAGE,,,13500,2026-09-13,,false,false,Y10,"KaushalSetu synthetic generator v2, seed 20260929",2026-09-28T12:00:00+05:30,"SYNTHETIC demo data (KaushalSetu SIH prototype): fictional entities, team-assumed numbers, not real or official statistics.",true
17c071d9-7880-5cd2-bf82-6fce8abfeba3,54473580-ca3a-5832-bdab-4a5f8ac88aec,false,,,,,,,,false,Y10,"KaushalSetu synthetic generator v2, seed 20260929",2026-09-28T12:00:00+05:30,"SYNTHETIC demo data (KaushalSetu SIH prototype): fictional entities, team-assumed numbers, not real or official statistics.",true
d4f75bba-6719-5a6f-a306-3db88bb14843,4a47530b-ac3f-5fb2-acfd-9faff42f45a5,false,,,,,,,,false,Y10,"KaushalSetu synthetic generator v2, seed 20260929",2026-09-28T12:00:00+05:30,"SYNTHETIC demo data (KaushalSetu SIH prototype): fictional entities, team-assumed numbers, not real or official statistics.",true
94fc768b-8871-5abb-a3f5-2bdde8f77177,6cd12400-ecc2-5e6e-b7b7-97709d295ae9,false,,,,,,,,false,Y10,"KaushalSetu synthetic generator v2, seed 20260929",2026-09-28T12:00:00+05:30,"SYNTHETIC demo data (KaushalSetu SIH prototype): fictional entities, team-assumed numbers, not real or official statistics.",true
a647ea80-2a91-5753-a83a-7f9262ec8885,1cc98c5d-496a-5eae-afc3-2708a33e4b46,true,SELF_EMPLOYED,,2f571be3-597c-576f-8dbd-e8baff7c9dfe,,2026-09-20,,true,false,Y10,"KaushalSetu synthetic generator v2, seed 20260929",2026-09-28T12:00:00+05:30,"SYNTHETIC demo data (KaushalSetu SIH prototype): fictional entities, team-assumed numbers, not real or official statistics.",true
d9f220d3-5d54-5143-8a44-25b14256b433,3c4bdcdb-b827-57e9-a005-9b51b0759e6a,true,WAGE,,2f571be3-597c-576f-8dbd-e8baff7c9dfe,10500,2026-08-08,,true,false,Y10,"KaushalSetu synthetic generator v2, seed 20260929",2026-09-28T12:00:00+05:30,"SYNTHETIC demo data (KaushalSetu SIH prototype): fictional entities, team-assumed numbers, not real or official statistics.",true
c5b01914-585c-5d63-9975-81281f99e0dd,5bc6dd79-482e-564a-9e44-a828f5e25c75,true,SELF_EMPLOYED,,2f571be3-597c-576f-8dbd-e8baff7c9dfe,,2026-08-14,,true,false,Y10,"KaushalSetu synthetic generator v2, seed 20260929",2026-09-28T12:00:00+05:30,"SYNTHETIC demo data (KaushalSetu SIH prototype): fictional entities, team-assumed numbers, not real or official statistics.",true
7ce36482-b85d-5a30-9c09-b0db5224f902,4852b572-44e6-5b63-a8d3-cf80b7393731,false,,,,,,,,false,Y10,"KaushalSetu synthetic generator v2, seed 20260929",2026-09-28T12:00:00+05:30,"SYNTHETIC demo data (KaushalSetu SIH prototype): fictional entities, team-assumed numbers, not real or official statistics.",true
7c424f9d-8596-59b1-b888-7ba0cdad2cb2,f43b5048-6c3a-5b3a-8dbb-9020c15706a3,false,,,,,,,,false,Y10,"KaushalSetu synthetic generator v2, seed 20260929",2026-09-28T12:00:00+05:30,"SYNTHETIC demo data (KaushalSetu SIH prototype): fictional entities, team-assumed numbers, not real or official statistics.",true
7f82da3b-abb3-56c1-b5ad-a7b2d2cb2fa2,f14150f0-81e4-56fc-8fbc-fe2e30d18cdd,false,,,,,,,,false,Y10,"KaushalSetu synthetic generator v2, seed 20260929",2026-09-28T12:00:00+05:30,"SYNTHETIC demo data (KaushalSetu SIH prototype): fictional entities, team-assumed numbers, not real or official statistics.",true
adb4f60a-232e-5497-861b-32530d0fe1e0,5d714e77-ae8c-55df-b961-c57f420820a7,false,,,,,,,,false,Y10,"KaushalSetu synthetic generator v2, seed 20260929",2026-09-28T12:00:00+05:30,"SYNTHETIC demo data (KaushalSetu SIH prototype): fictional entities, team-assumed numbers, not real or official statistics.",true
804881f9-32a7-5615-886d-844a1843cf84,477fcbb5-5bfb-5e7e-843e-84c4c95d0968,true,SELF_EMPLOYED,,2f571be3-597c-576f-8dbd-e8baff7c9dfe,,2026-09-03,,true,false,Y10,"KaushalSetu synthetic generator v2, seed 20260929",2026-09-28T12:00:00+05:30,"SYNTHETIC demo data (KaushalSetu SIH prototype): fictional entities, team-assumed numbers, not real or official statistics.",true
ff9045e9-0f1d-5398-b919-9caeddfcb0da,8bb697b5-b604-5797-a932-6501b582ffe4,false,,,,,,,,false,Y10,"KaushalSetu synthetic generator v2, seed 20260929",2026-09-28T12:00:00+05:30,"SYNTHETIC demo data (KaushalSetu SIH prototype): fictional entities, team-assumed numbers, not real or official statistics.",true
2dc9b523-5a9c-57bb-afef-9febb0345480,53235451-b351-5bdb-84a3-d4c5580541a0,false,,,,,,,,false,Y10,"KaushalSetu synthetic generator v2, seed 20260929",2026-09-28T12:00:00+05:30,"SYNTHETIC demo data (KaushalSetu SIH prototype): fictional entities, team-assumed numbers, not real or official statistics.",true
a49a7802-cb01-54b8-8064-312fa1e6a6b1,4599e3a8-ef66-519e-9229-3cb186710346,false,,,,,,,,false,Y10,"KaushalSetu synthetic generator v2, seed 20260929",2026-09-28T12:00:00+05:30,"SYNTHETIC demo data (KaushalSetu SIH prototype): fictional entities, team-assumed numbers, not real or official statistics.",true
6936f96d-61a5-5b46-8be0-8d2bc72e10d4,f387a309-f0e9-5f6a-9a51-a3e2b05b593e,false,,,,,,,,false,Y10,"KaushalSetu synthetic generator v2, seed 20260929",2026-09-28T12:00:00+05:30,"SYNTHETIC demo data (KaushalSetu SIH prototype): fictional entities, team-assumed numbers, not real or official statistics.",true
baa34147-9f34-572a-aa0c-a44164de6345,fe568dab-db3e-53d3-889e-ef5bbd198af8,true,WAGE,,2f571be3-597c-576f-8dbd-e8baff7c9dfe,13500,2026-08-08,,true,false,Y10,"KaushalSetu synthetic generator v2, seed 20260929",2026-09-28T12:00:00+05:30,"SYNTHETIC demo data (KaushalSetu SIH prototype): fictional entities, team-assumed numbers, not real or official statistics.",true
44b2ccd0-81f8-5948-8b61-e57951b3fa3a,4b4ef2c7-b052-5495-9ba7-73c97447d24a,false,,,,,,,,false,Y10,"KaushalSetu synthetic generator v2, seed 20260929",2026-09-28T12:00:00+05:30,"SYNTHETIC demo data (KaushalSetu SIH prototype): fictional entities, team-assumed numbers, not real or official statistics.",true
311cda27-b539-5329-b0e6-b7b122e1fa1c,816ba9f1-d363-57f3-8d2f-a61df59827bb,false,,,,,,,,false,Y10,"KaushalSetu synthetic generator v2, seed 20260929",2026-09-28T12:00:00+05:30,"SYNTHETIC demo data (KaushalSetu SIH prototype): fictional entities, team-assumed numbers, not real or official statistics.",true
a48eab89-6e83-5c6b-a4e3-a75ac39a0a8f,5aeb697c-b502-589c-a78e-e4d1332b98af,true,WAGE,,2f571be3-597c-576f-8dbd-e8baff7c9dfe,10500,2026-09-01,,true,false,Y10,"KaushalSetu synthetic generator v2, seed 20260929",2026-09-28T12:00:00+05:30,"SYNTHETIC demo data (KaushalSetu SIH prototype): fictional entities, team-assumed numbers, not real or official statistics.",true
26eb1007-e4a0-566d-8e15-0cabbaf61e19,45ea3118-f350-51d2-b1a0-4b9bb697f88c,false,,,,,,,,false,Y10,"KaushalSetu synthetic generator v2, seed 20260929",2026-09-28T12:00:00+05:30,"SYNTHETIC demo data (KaushalSetu SIH prototype): fictional entities, team-assumed numbers, not real or official statistics.",true
432f1bc4-a292-56e5-89cb-28fc8da4cd07,d2c9ed23-a97f-52c5-a6c3-611ba86e6fc8,false,,,,,,,,false,Y10,"KaushalSetu synthetic generator v2, seed 20260929",2026-09-28T12:00:00+05:30,"SYNTHETIC demo data (KaushalSetu SIH prototype): fictional entities, team-assumed numbers, not real or official statistics.",true
12750141-22da-51ac-8407-1a80633e0ddb,54489a90-ddf7-5383-b8f1-0917b3ac9cae,false,,,,,,,,false,Y10,"KaushalSetu synthetic generator v2, seed 20260929",2026-09-28T12:00:00+05:30,"SYNTHETIC demo data (KaushalSetu SIH prototype): fictional entities, team-assumed numbers, not real or official statistics.",true
46f70d88-bb3b-561c-be80-81043bc7f5c2,0f4a331b-3f7e-5b15-9317-dd85d1ce42e0,false,,,,,,,,false,Y10,"KaushalSetu synthetic generator v2, seed 20260929",2026-09-28T12:00:00+05:30,"SYNTHETIC demo data (KaushalSetu SIH prototype): fictional entities, team-assumed numbers, not real or official statistics.",true
11c7e63b-86c1-5e9e-8c72-2c6788832700,bdb54aa8-9e8e-557a-8726-63051c00ae7a,false,,,,,,,,false,Y10,"KaushalSetu synthetic generator v2, seed 20260929",2026-09-28T12:00:00+05:30,"SYNTHETIC demo data (KaushalSetu SIH prototype): fictional entities, team-assumed numbers, not real or official statistics.",true
46dd6380-c757-56e1-92cd-0753b0531d52,99df0457-f2f6-5b39-9497-7e04c0ba7983,false,,,,,,,,false,Y10,"KaushalSetu synthetic generator v2, seed 20260929",2026-09-28T12:00:00+05:30,"SYNTHETIC demo data (KaushalSetu SIH prototype): fictional entities, team-assumed numbers, not real or official statistics.",true
d0af8662-afbd-5508-a7fc-4246c494caa6,9d0a5a78-2fac-5295-a522-6c4c53bacf8b,false,,,,,,,,false,Y10,"KaushalSetu synthetic generator v2, seed 20260929",2026-09-28T12:00:00+05:30,"SYNTHETIC demo data (KaushalSetu SIH prototype): fictional entities, team-assumed numbers, not real or official statistics.",true
9640c81d-cd41-5f85-a7a9-5c5a1cd8799e,74e3411c-6c91-597d-b47e-7becf8dcab5b,false,,,,,,,,false,Y10,"KaushalSetu synthetic generator v2, seed 20260929",2026-09-28T12:00:00+05:30,"SYNTHETIC demo data (KaushalSetu SIH prototype): fictional entities, team-assumed numbers, not real or official statistics.",true
c8538322-36b5-5e93-969c-2f30197eb299,1483b7e9-d1c5-55f6-8f6a-f9759750cbf1,false,,,,,,,,false,Y10,"KaushalSetu synthetic generator v2, seed 20260929",2026-09-28T12:00:00+05:30,"SYNTHETIC demo data (KaushalSetu SIH prototype): fictional entities, team-assumed numbers, not real or official statistics.",true
b40e56fe-b938-5c15-99c1-27ab39efb2be,d04a6fa9-b12b-5cf8-97f1-b51e257ac69c,false,,,,,,,,false,Y10,"KaushalSetu synthetic generator v2, seed 20260929",2026-09-28T12:00:00+05:30,"SYNTHETIC demo data (KaushalSetu SIH prototype): fictional entities, team-assumed numbers, not real or official statistics.",true
5e78e11e-8b17-5e76-93af-9fced7645edb,d88d2274-ee9a-581c-86a7-7e590d2843c5,true,WAGE,,2f571be3-597c-576f-8dbd-e8baff7c9dfe,13000,2026-08-20,,true,false,Y10,"KaushalSetu synthetic generator v2, seed 20260929",2026-09-28T12:00:00+05:30,"SYNTHETIC demo data (KaushalSetu SIH prototype): fictional entities, team-assumed numbers, not real or official statistics.",true
9fe28afd-4562-50ed-99a8-6687f6e5d3c5,27bab141-6085-582e-a045-fa9a1db3e8f8,false,,,,,,,,false,Y10,"KaushalSetu synthetic generator v2, seed 20260929",2026-09-28T12:00:00+05:30,"SYNTHETIC demo data (KaushalSetu SIH prototype): fictional entities, team-assumed numbers, not real or official statistics.",true
0c786bf7-7fe9-5066-8c5d-7232638959ea,83ab6a1e-b5d4-54a6-9306-2eb2599bc880,false,,,,,,,,false,Y10,"KaushalSetu synthetic generator v2, seed 20260929",2026-09-28T12:00:00+05:30,"SYNTHETIC demo data (KaushalSetu SIH prototype): fictional entities, team-assumed numbers, not real or official statistics.",true
1f4255f4-e1be-57a7-8841-321d060407ee,35b5ed9c-0993-54fa-89f6-9d32640954c8,false,,,,,,,,false,Y10,"KaushalSetu synthetic generator v2, seed 20260929",2026-09-28T12:00:00+05:30,"SYNTHETIC demo data (KaushalSetu SIH prototype): fictional entities, team-assumed numbers, not real or official statistics.",true
75174043-12f8-54ee-ae78-86158e2ae16e,131ed31b-bc85-5307-86ab-137f3adf5f58,false,,,,,,,,false,Y10,"KaushalSetu synthetic generator v2, seed 20260929",2026-09-28T12:00:00+05:30,"SYNTHETIC demo data (KaushalSetu SIH prototype): fictional entities, team-assumed numbers, not real or official statistics.",true
8a84aa5b-eb0c-564f-8f29-571ba6928f9b,e23654d6-df90-52fd-8b74-3ad336db1e3a,false,,,,,,,,false,Y10,"KaushalSetu synthetic generator v2, seed 20260929",2026-09-28T12:00:00+05:30,"SYNTHETIC demo data (KaushalSetu SIH prototype): fictional entities, team-assumed numbers, not real or official statistics.",true
