posting_id,role_id,confidence,method,evidence_kind,decision,evidence_text,evidence_json,is_synthetic
67e2e5a2-ec5c-53c8-886f-d2adb1242772,45a4b4a2-7e42-55f6-933d-be42ed3a5b81,1.0,GENERATED,SYNTHETIC,accept,Electric Vehicle Mechanic,"{""generator"":""v2"",""note"":""ground truth of the synthetic generator""}",true
5207a9a0-d824-550b-87d3-2462148ae937,45a4b4a2-7e42-55f6-933d-be42ed3a5b81,1.0,GENERATED,SYNTHETIC,accept,EV Technician,"{""generator"":""v2"",""note"":""ground truth of the synthetic generator""}",true
95764cf3-ee9f-5845-a7a5-988d646c0608,45a4b4a2-7e42-55f6-933d-be42ed3a5b81,1.0,GENERATED,SYNTHETIC,accept,ईवी सर्विस तकनीशियन,"{""generator"":""v2"",""note"":""ground truth of the synthetic generator""}",true
6b1a702d-1485-526a-8e38-90ae5738f757,45a4b4a2-7e42-55f6-933d-be42ed3a5b81,1.0,GENERATED,SYNTHETIC,accept,ईवी सर्विस तकनीशियन,"{""generator"":""v2"",""note"":""ground truth of the synthetic generator""}",true
7f41a94a-0295-5507-9774-3de557d45f4f,45a4b4a2-7e42-55f6-933d-be42ed3a5b81,1.0,GENERATED,SYNTHETIC,accept,EV Service Technician,"{""generator"":""v2"",""note"":""ground truth of the synthetic generator""}",true
601d9151-de93-5b35-8179-c9dd9e4965e2,45a4b4a2-7e42-55f6-933d-be42ed3a5b81,1.0,GENERATED,SYNTHETIC,accept,EV Workshop Technician,"{""generator"":""v2"",""note"":""ground truth of the synthetic generator""}",true
3849b109-9e8e-531c-83ea-fcc61611931b,45a4b4a2-7e42-55f6-933d-be42ed3a5b81,1.0,GENERATED,SYNTHETIC,accept,EV Service Technician,"{""generator"":""v2"",""note"":""ground truth of the synthetic generator""}",true
19bf684e-2750-50ec-a7c1-e287621d0db7,45a4b4a2-7e42-55f6-933d-be42ed3a5b81,1.0,GENERATED,SYNTHETIC,accept,Electric Vehicle Mechanic,"{""generator"":""v2"",""note"":""ground truth of the synthetic generator""}",true
b37c2caf-59e2-589a-9c7e-e833256fadb1,45a4b4a2-7e42-55f6-933d-be42ed3a5b81,1.0,GENERATED,SYNTHETIC,accept,EV Technician,"{""generator"":""v2"",""note"":""ground truth of the synthetic generator""}",true
ae36d65e-17b1-5aa4-8849-9dd06d9d813d,45a4b4a2-7e42-55f6-933d-be42ed3a5b81,1.0,GENERATED,SYNTHETIC,accept,ईव्ही सर्व्हिस टेक्निशियन,"{""generator"":""v2"",""note"":""ground truth of the synthetic generator""}",true
cd215219-38c4-5217-8f4c-9c2a05cf45b3,45a4b4a2-7e42-55f6-933d-be42ed3a5b81,1.0,GENERATED,SYNTHETIC,accept,Electric Vehicle Mechanic,"{""generator"":""v2"",""note"":""ground truth of the synthetic generator""}",true
bcc4143a-c0c2-5596-b618-f528bb1d159f,45a4b4a2-7e42-55f6-933d-be42ed3a5b81,1.0,GENERATED,SYNTHETIC,accept,EV Service Technician,"{""generator"":""v2"",""note"":""ground truth of the synthetic generator""}",true
554fe67a-a9ea-5982-8a1f-261417cdccff,45a4b4a2-7e42-55f6-933d-be42ed3a5b81,1.0,GENERATED,SYNTHETIC,accept,EV Technician,"{""generator"":""v2"",""note"":""ground truth of the synthetic generator""}",true
e181ce0f-86d1-5f75-9348-ceb65280e5a2,45a4b4a2-7e42-55f6-933d-be42ed3a5b81,1.0,GENERATED,SYNTHETIC,accept,EV Service Technician,"{""generator"":""v2"",""note"":""ground truth of the synthetic generator""}",true
a74e5efe-e2a9-5ba2-ba77-ab6a01194733,45a4b4a2-7e42-55f6-933d-be42ed3a5b81,1.0,GENERATED,SYNTHETIC,accept,EV Workshop Technician,"{""generator"":""v2"",""note"":""ground truth of the synthetic generator""}",true
d73d0db1-0396-5bfa-8387-ca1d0b05ec6f,45a4b4a2-7e42-55f6-933d-be42ed3a5b81,1.0,GENERATED,SYNTHETIC,accept,EV Workshop Technician,"{""generator"":""v2"",""note"":""ground truth of the synthetic generator""}",true
6ee02199-db75-55ef-8681-ec087c7a8048,45a4b4a2-7e42-55f6-933d-be42ed3a5b81,1.0,GENERATED,SYNTHETIC,accept,ईवी सर्विस तकनीशियन,"{""generator"":""v2"",""note"":""ground truth of the synthetic generator""}",true
762a28b7-35c2-548e-8ec3-d88a34d64450,45a4b4a2-7e42-55f6-933d-be42ed3a5b81,1.0,GENERATED,SYNTHETIC,accept,ईव्ही सर्व्हिस टेक्निशियन,"{""generator"":""v2"",""note"":""ground truth of the synthetic generator""}",true
970f7c62-d539-51ea-98fd-b97d070761a6,45a4b4a2-7e42-55f6-933d-be42ed3a5b81,1.0,GENERATED,SYNTHETIC,accept,EV Technician,"{""generator"":""v2"",""note"":""ground truth of the synthetic generator""}",true
b89bb19e-0af6-56d0-a83e-2f266a90f8ad,45a4b4a2-7e42-55f6-933d-be42ed3a5b81,1.0,GENERATED,SYNTHETIC,accept,EV Technician,"{""generator"":""v2"",""note"":""ground truth of the synthetic generator""}",true
168a075c-050b-576c-9b42-cf93d8f16b78,45a4b4a2-7e42-55f6-933d-be42ed3a5b81,1.0,GENERATED,SYNTHETIC,accept,EV Technician,"{""generator"":""v2"",""note"":""ground truth of the synthetic generator""}",true
68d24908-202a-55a8-8b4c-8af6d4319f4a,45a4b4a2-7e42-55f6-933d-be42ed3a5b81,1.0,GENERATED,SYNTHETIC,accept,EV Workshop Technician,"{""generator"":""v2"",""note"":""ground truth of the synthetic generator""}",true
12f16ad1-a407-50f7-9de8-c3bf6f27cd33,45a4b4a2-7e42-55f6-933d-be42ed3a5b81,1.0,GENERATED,SYNTHETIC,accept,Electric Vehicle Mechanic,"{""generator"":""v2"",""note"":""ground truth of the synthetic generator""}",true
57893d2b-e678-5086-829c-fb15d46392e1,45a4b4a2-7e42-55f6-933d-be42ed3a5b81,1.0,GENERATED,SYNTHETIC,accept,EV Technician,"{""generator"":""v2"",""note"":""ground truth of the synthetic generator""}",true
ab2b7d7c-a498-5649-9e7d-c7016dac50be,45a4b4a2-7e42-55f6-933d-be42ed3a5b81,1.0,GENERATED,SYNTHETIC,accept,ईव्ही सर्व्हिस टेक्निशियन,"{""generator"":""v2"",""note"":""ground truth of the synthetic generator""}",true
bd937012-66d9-543c-8347-14e0cc936f74,45a4b4a2-7e42-55f6-933d-be42ed3a5b81,1.0,GENERATED,SYNTHETIC,accept,EV Workshop Technician,"{""generator"":""v2"",""note"":""ground truth of the synthetic generator""}",true
7b69254a-fddf-5b48-a149-b6814fe89214,45a4b4a2-7e42-55f6-933d-be42ed3a5b81,1.0,GENERATED,SYNTHETIC,accept,EV Technician,"{""generator"":""v2"",""note"":""ground truth of the synthetic generator""}",true
6fd55dcd-b1f6-5f52-a1d8-5ac17b1dd5fe,45a4b4a2-7e42-55f6-933d-be42ed3a5b81,1.0,GENERATED,SYNTHETIC,accept,EV Technician,"{""generator"":""v2"",""note"":""ground truth of the synthetic generator""}",true
45dbe32e-9f98-5048-9284-368ed4364a05,45a4b4a2-7e42-55f6-933d-be42ed3a5b81,1.0,GENERATED,SYNTHETIC,accept,EV Workshop Technician,"{""generator"":""v2"",""note"":""ground truth of the synthetic generator""}",true
962400cd-705b-5f4c-9c20-9ac9ecf34055,45a4b4a2-7e42-55f6-933d-be42ed3a5b81,1.0,GENERATED,SYNTHETIC,accept,EV Service Technician,"{""generator"":""v2"",""note"":""ground truth of the synthetic generator""}",true
6ffbfa76-9f23-5ab0-bb2a-2dc3a08e2497,45a4b4a2-7e42-55f6-933d-be42ed3a5b81,1.0,GENERATED,SYNTHETIC,accept,EV Service Technician,"{""generator"":""v2"",""note"":""ground truth of the synthetic generator""}",true
798db0ac-de71-5815-9b8d-ff900a02f9f0,45a4b4a2-7e42-55f6-933d-be42ed3a5b81,1.0,GENERATED,SYNTHETIC,accept,EV Workshop Technician,"{""generator"":""v2"",""note"":""ground truth of the synthetic generator""}",true
5cf505eb-19f8-5cbb-9471-3691e508889e,45a4b4a2-7e42-55f6-933d-be42ed3a5b81,1.0,GENERATED,SYNTHETIC,accept,EV Technician,"{""generator"":""v2"",""note"":""ground truth of the synthetic generator""}",true
6dfc3891-261c-57cf-a06e-72d7ed2875b2,45a4b4a2-7e42-55f6-933d-be42ed3a5b81,1.0,GENERATED,SYNTHETIC,accept,ईव्ही सर्व्हिस टेक्निशियन,"{""generator"":""v2"",""note"":""ground truth of the synthetic generator""}",true
a2a3ddc6-a3db-5538-ac14-84728047870f,45a4b4a2-7e42-55f6-933d-be42ed3a5b81,1.0,GENERATED,SYNTHETIC,accept,EV Technician,"{""generator"":""v2"",""note"":""ground truth of the synthetic generator""}",true
073c05f4-4cd3-54e2-be9c-fd8ae6b8dff9,45a4b4a2-7e42-55f6-933d-be42ed3a5b81,1.0,GENERATED,SYNTHETIC,accept,ईव्ही सर्व्हिस टेक्निशियन,"{""generator"":""v2"",""note"":""ground truth of the synthetic generator""}",true
ba3c51b2-68a9-58c9-b0a3-4b7b658ea39d,45a4b4a2-7e42-55f6-933d-be42ed3a5b81,1.0,GENERATED,SYNTHETIC,accept,Electric Vehicle Mechanic,"{""generator"":""v2"",""note"":""ground truth of the synthetic generator""}",true
ad60028c-0210-549f-a568-4de01e3d1f96,45a4b4a2-7e42-55f6-933d-be42ed3a5b81,1.0,GENERATED,SYNTHETIC,accept,Electric Vehicle Mechanic,"{""generator"":""v2"",""note"":""ground truth of the synthetic generator""}",true
e569f4f2-66e6-539c-804a-9a310c2c4eb5,45a4b4a2-7e42-55f6-933d-be42ed3a5b81,1.0,GENERATED,SYNTHETIC,accept,ईव्ही सर्व्हिस टेक्निशियन,"{""generator"":""v2"",""note"":""ground truth of the synthetic generator""}",true
5f681159-57b3-53ca-b817-3013119cbb95,45a4b4a2-7e42-55f6-933d-be42ed3a5b81,1.0,GENERATED,SYNTHETIC,accept,Electric Vehicle Mechanic,"{""generator"":""v2"",""note"":""ground truth of the synthetic generator""}",true
ed1a5c09-4cca-5e45-a879-449b0a7d697b,45a4b4a2-7e42-55f6-933d-be42ed3a5b81,1.0,GENERATED,SYNTHETIC,accept,EV Service Technician,"{""generator"":""v2"",""note"":""ground truth of the synthetic generator""}",true
ff340a77-3841-5cdf-becc-f4a6c5d9283c,45a4b4a2-7e42-55f6-933d-be42ed3a5b81,1.0,GENERATED,SYNTHETIC,accept,EV Technician,"{""generator"":""v2"",""note"":""ground truth of the synthetic generator""}",true
70a23659-42bf-5c44-929b-241a90b6df7b,45a4b4a2-7e42-55f6-933d-be42ed3a5b81,1.0,GENERATED,SYNTHETIC,accept,EV Workshop Technician,"{""generator"":""v2"",""note"":""ground truth of the synthetic generator""}",true
5e20a4dd-45d1-5bad-a931-edf6c6191baf,45a4b4a2-7e42-55f6-933d-be42ed3a5b81,1.0,GENERATED,SYNTHETIC,accept,EV Service Technician,"{""generator"":""v2"",""note"":""ground truth of the synthetic generator""}",true
a5da4d0d-e91b-5b9a-b758-82b7d5cb9277,45a4b4a2-7e42-55f6-933d-be42ed3a5b81,1.0,GENERATED,SYNTHETIC,accept,EV Service Technician,"{""generator"":""v2"",""note"":""ground truth of the synthetic generator""}",true
ce4c1b1d-da6d-573f-aeff-7587dde3bde5,45a4b4a2-7e42-55f6-933d-be42ed3a5b81,1.0,GENERATED,SYNTHETIC,accept,Electric Vehicle Mechanic,"{""generator"":""v2"",""note"":""ground truth of the synthetic generator""}",true
f696acfb-ee28-5e7b-890a-35885f0d1e98,45a4b4a2-7e42-55f6-933d-be42ed3a5b81,1.0,GENERATED,SYNTHETIC,accept,EV Service Technician,"{""generator"":""v2"",""note"":""ground truth of the synthetic generator""}",true
e0f2c081-444c-5485-9ebf-392d6f305f32,45a4b4a2-7e42-55f6-933d-be42ed3a5b81,1.0,GENERATED,SYNTHETIC,accept,EV Workshop Technician,"{""generator"":""v2"",""note"":""ground truth of the synthetic generator""}",true
750ef558-044c-5f58-876d-e21bc8b17368,45a4b4a2-7e42-55f6-933d-be42ed3a5b81,1.0,GENERATED,SYNTHETIC,accept,EV Workshop Technician,"{""generator"":""v2"",""note"":""ground truth of the synthetic generator""}",true
1725ae0a-fe86-51a0-81ef-7653cee19466,45a4b4a2-7e42-55f6-933d-be42ed3a5b81,1.0,GENERATED,SYNTHETIC,accept,EV Workshop Technician,"{""generator"":""v2"",""note"":""ground truth of the synthetic generator""}",true
af9cde0d-ff58-5a41-adf7-87f2a299f63f,45a4b4a2-7e42-55f6-933d-be42ed3a5b81,1.0,GENERATED,SYNTHETIC,accept,Electric Vehicle Mechanic,"{""generator"":""v2"",""note"":""ground truth of the synthetic generator""}",true
7f0f946a-cfb4-5e8d-95e2-842907a4e6f7,45a4b4a2-7e42-55f6-933d-be42ed3a5b81,1.0,GENERATED,SYNTHETIC,accept,EV Service Technician,"{""generator"":""v2"",""note"":""ground truth of the synthetic generator""}",true
27dfab39-c2e8-5d33-b581-1e557349e1db,45a4b4a2-7e42-55f6-933d-be42ed3a5b81,1.0,GENERATED,SYNTHETIC,accept,EV Service Technician,"{""generator"":""v2"",""note"":""ground truth of the synthetic generator""}",true
abe42f20-71b3-557d-8fbf-03cc3721de42,45a4b4a2-7e42-55f6-933d-be42ed3a5b81,1.0,GENERATED,SYNTHETIC,accept,EV Technician,"{""generator"":""v2"",""note"":""ground truth of the synthetic generator""}",true
80623ed0-32b6-5527-9add-c19b9c090b75,45a4b4a2-7e42-55f6-933d-be42ed3a5b81,1.0,GENERATED,SYNTHETIC,accept,Electric Vehicle Mechanic,"{""generator"":""v2"",""note"":""ground truth of the synthetic generator""}",true
67b3f9db-0de6-582f-a976-216d9cd8294b,45a4b4a2-7e42-55f6-933d-be42ed3a5b81,1.0,GENERATED,SYNTHETIC,accept,EV Workshop Technician,"{""generator"":""v2"",""note"":""ground truth of the synthetic generator""}",true
d10160b9-3403-55c4-97da-deadee982774,45a4b4a2-7e42-55f6-933d-be42ed3a5b81,1.0,GENERATED,SYNTHETIC,accept,ईव्ही सर्व्हिस टेक्निशियन,"{""generator"":""v2"",""note"":""ground truth of the synthetic generator""}",true
253fd67e-6a54-5fb7-a66c-60b1aa006a73,45a4b4a2-7e42-55f6-933d-be42ed3a5b81,1.0,GENERATED,SYNTHETIC,accept,EV Service Technician,"{""generator"":""v2"",""note"":""ground truth of the synthetic generator""}",true
7eccf536-156d-59e0-b9b7-65babcf74776,45a4b4a2-7e42-55f6-933d-be42ed3a5b81,1.0,GENERATED,SYNTHETIC,accept,EV Workshop Technician,"{""generator"":""v2"",""note"":""ground truth of the synthetic generator""}",true
a46ed461-e631-51a5-be8b-a1698598be19,45a4b4a2-7e42-55f6-933d-be42ed3a5b81,1.0,GENERATED,SYNTHETIC,accept,Electric Vehicle Mechanic,"{""generator"":""v2"",""note"":""ground truth of the synthetic generator""}",true
b9f973e3-23a8-5bce-ab45-8fe7727d2f6f,45a4b4a2-7e42-55f6-933d-be42ed3a5b81,1.0,GENERATED,SYNTHETIC,accept,EV Service Technician,"{""generator"":""v2"",""note"":""ground truth of the synthetic generator""}",true
ecb74c3a-ad01-51bb-aa9a-9eedf3b8c894,45a4b4a2-7e42-55f6-933d-be42ed3a5b81,1.0,GENERATED,SYNTHETIC,accept,EV Workshop Technician,"{""generator"":""v2"",""note"":""ground truth of the synthetic generator""}",true
51077a55-7e26-5268-8aca-950ca6c22c3b,45a4b4a2-7e42-55f6-933d-be42ed3a5b81,1.0,GENERATED,SYNTHETIC,accept,Electric Vehicle Mechanic,"{""generator"":""v2"",""note"":""ground truth of the synthetic generator""}",true
94f5a068-89f9-528b-aae9-65e676581561,45a4b4a2-7e42-55f6-933d-be42ed3a5b81,1.0,GENERATED,SYNTHETIC,accept,EV Service Technician,"{""generator"":""v2"",""note"":""ground truth of the synthetic generator""}",true
c0a2d0c4-3c0f-597b-b2f1-1b927c6169ac,45a4b4a2-7e42-55f6-933d-be42ed3a5b81,1.0,GENERATED,SYNTHETIC,accept,ईव्ही सर्व्हिस टेक्निशियन,"{""generator"":""v2"",""note"":""ground truth of the synthetic generator""}",true
334aaed8-d228-5e2a-86c6-9cb113423cf9,45a4b4a2-7e42-55f6-933d-be42ed3a5b81,1.0,GENERATED,SYNTHETIC,accept,Electric Vehicle Mechanic,"{""generator"":""v2"",""note"":""ground truth of the synthetic generator""}",true
7710773f-156f-59a8-9345-8fd313723699,45a4b4a2-7e42-55f6-933d-be42ed3a5b81,1.0,GENERATED,SYNTHETIC,accept,EV Workshop Technician,"{""generator"":""v2"",""note"":""ground truth of the synthetic generator""}",true
7889a6f5-af09-58af-aa31-b68c2904e4fe,45a4b4a2-7e42-55f6-933d-be42ed3a5b81,1.0,GENERATED,SYNTHETIC,accept,Electric Vehicle Mechanic,"{""generator"":""v2"",""note"":""ground truth of the synthetic generator""}",true
672793ba-78a2-5110-9e57-2dca3c776683,45a4b4a2-7e42-55f6-933d-be42ed3a5b81,1.0,GENERATED,SYNTHETIC,accept,EV Technician,"{""generator"":""v2"",""note"":""ground truth of the synthetic generator""}",true
f7f9433d-f65d-5137-bfc2-24fd9cb6fcc4,45a4b4a2-7e42-55f6-933d-be42ed3a5b81,1.0,GENERATED,SYNTHETIC,accept,EV Service Technician,"{""generator"":""v2"",""note"":""ground truth of the synthetic generator""}",true
511323d2-b2e4-5b1f-a981-dfce4ada123d,45a4b4a2-7e42-55f6-933d-be42ed3a5b81,1.0,GENERATED,SYNTHETIC,accept,ईवी सर्विस तकनीशियन,"{""generator"":""v2"",""note"":""ground truth of the synthetic generator""}",true
bd632b40-889a-59d9-ad8d-ec25c6d0876c,45a4b4a2-7e42-55f6-933d-be42ed3a5b81,1.0,GENERATED,SYNTHETIC,accept,Electric Vehicle Mechanic,"{""generator"":""v2"",""note"":""ground truth of the synthetic generator""}",true
a35e1776-d8c7-5043-8a13-9cba5201465a,45a4b4a2-7e42-55f6-933d-be42ed3a5b81,1.0,GENERATED,SYNTHETIC,accept,EV Service Technician,"{""generator"":""v2"",""note"":""ground truth of the synthetic generator""}",true
6ae796ee-d05e-55ee-8893-61822953d375,45a4b4a2-7e42-55f6-933d-be42ed3a5b81,1.0,GENERATED,SYNTHETIC,accept,EV Workshop Technician,"{""generator"":""v2"",""note"":""ground truth of the synthetic generator""}",true
d3341f94-29b6-5c9d-8b1c-f716913c3a4d,45a4b4a2-7e42-55f6-933d-be42ed3a5b81,1.0,GENERATED,SYNTHETIC,accept,EV Technician,"{""generator"":""v2"",""note"":""ground truth of the synthetic generator""}",true
1dd2e516-a1b1-5c4b-bf64-8386a65c4f86,45a4b4a2-7e42-55f6-933d-be42ed3a5b81,1.0,GENERATED,SYNTHETIC,accept,EV Technician,"{""generator"":""v2"",""note"":""ground truth of the synthetic generator""}",true
3631365b-402d-5d08-81b3-98d3b4a1534b,45a4b4a2-7e42-55f6-933d-be42ed3a5b81,1.0,GENERATED,SYNTHETIC,accept,ईव्ही सर्व्हिस टेक्निशियन,"{""generator"":""v2"",""note"":""ground truth of the synthetic generator""}",true
e8c77638-32ce-5f36-bc69-da2f3fe4db0d,45a4b4a2-7e42-55f6-933d-be42ed3a5b81,1.0,GENERATED,SYNTHETIC,accept,EV Service Technician,"{""generator"":""v2"",""note"":""ground truth of the synthetic generator""}",true
e6c51d3a-fb9f-51ce-b0a1-0bb963bb1ca5,45a4b4a2-7e42-55f6-933d-be42ed3a5b81,1.0,GENERATED,SYNTHETIC,accept,Electric Vehicle Mechanic,"{""generator"":""v2"",""note"":""ground truth of the synthetic generator""}",true
e5a86771-55e0-5f48-98f0-a6d392d3c358,45a4b4a2-7e42-55f6-933d-be42ed3a5b81,1.0,GENERATED,SYNTHETIC,accept,ईव्ही सर्व्हिस टेक्निशियन,"{""generator"":""v2"",""note"":""ground truth of the synthetic generator""}",true
d067b1fc-8c5c-5b99-b63e-f5b4e17b69c1,45a4b4a2-7e42-55f6-933d-be42ed3a5b81,1.0,GENERATED,SYNTHETIC,accept,EV Workshop Technician,"{""generator"":""v2"",""note"":""ground truth of the synthetic generator""}",true
028b2609-9d48-5477-a5f1-6b7fd21874ea,45a4b4a2-7e42-55f6-933d-be42ed3a5b81,1.0,GENERATED,SYNTHETIC,accept,Electric Vehicle Mechanic,"{""generator"":""v2"",""note"":""ground truth of the synthetic generator""}",true
2556a128-1724-5888-9533-79d367cd6541,45a4b4a2-7e42-55f6-933d-be42ed3a5b81,1.0,GENERATED,SYNTHETIC,accept,EV Workshop Technician,"{""generator"":""v2"",""note"":""ground truth of the synthetic generator""}",true
1c7b1f1d-b1d8-5d8c-bdec-cee7c851828b,45a4b4a2-7e42-55f6-933d-be42ed3a5b81,1.0,GENERATED,SYNTHETIC,accept,EV Technician,"{""generator"":""v2"",""note"":""ground truth of the synthetic generator""}",true
04c8e749-079c-5e7a-9ff4-cf41882615de,45a4b4a2-7e42-55f6-933d-be42ed3a5b81,1.0,GENERATED,SYNTHETIC,accept,ईव्ही सर्व्हिस टेक्निशियन,"{""generator"":""v2"",""note"":""ground truth of the synthetic generator""}",true
fafa3993-6bc9-57f5-832f-79c18a3f65f8,45a4b4a2-7e42-55f6-933d-be42ed3a5b81,1.0,GENERATED,SYNTHETIC,accept,EV Workshop Technician,"{""generator"":""v2"",""note"":""ground truth of the synthetic generator""}",true
3cc1e171-f724-56ff-9843-3b8e16034832,45a4b4a2-7e42-55f6-933d-be42ed3a5b81,1.0,GENERATED,SYNTHETIC,accept,EV Service Technician,"{""generator"":""v2"",""note"":""ground truth of the synthetic generator""}",true
82c864f5-1c2c-5bcd-8130-8795f6d24930,19cab99e-6d9d-55f2-8e67-70f21663603e,1.0,GENERATED,SYNTHETIC,accept,EV Charging Technician,"{""generator"":""v2"",""note"":""ground truth of the synthetic generator""}",true
4a7386ea-7389-584f-9757-5b537c6a2648,19cab99e-6d9d-55f2-8e67-70f21663603e,1.0,GENERATED,SYNTHETIC,accept,Charging Station Installer,"{""generator"":""v2"",""note"":""ground truth of the synthetic generator""}",true
e7e11dcc-59b3-59ec-a1c9-0032569d02f0,19cab99e-6d9d-55f2-8e67-70f21663603e,1.0,GENERATED,SYNTHETIC,accept,EV Charger Installation Technician,"{""generator"":""v2"",""note"":""ground truth of the synthetic generator""}",true
0096e23a-8951-5561-aa73-93b5a014d5e6,19cab99e-6d9d-55f2-8e67-70f21663603e,1.0,GENERATED,SYNTHETIC,accept,EV Charger Installation Technician,"{""generator"":""v2"",""note"":""ground truth of the synthetic generator""}",true
fa13c5ad-d8cd-5fd1-bd4a-34ff38a7d714,19cab99e-6d9d-55f2-8e67-70f21663603e,1.0,GENERATED,SYNTHETIC,accept,ईवी चार्जर इंस्टॉलेशन तकनीशियन,"{""generator"":""v2"",""note"":""ground truth of the synthetic generator""}",true
ffcfb354-f512-512b-9383-1a13056d9977,19cab99e-6d9d-55f2-8e67-70f21663603e,1.0,GENERATED,SYNTHETIC,accept,Charging Station Installer,"{""generator"":""v2"",""note"":""ground truth of the synthetic generator""}",true
4efc3db8-07df-5f41-ab05-bf0585520c3d,19cab99e-6d9d-55f2-8e67-70f21663603e,1.0,GENERATED,SYNTHETIC,accept,ईव्ही चार्जर इन्स्टॉलेशन टेक्निशियन,"{""generator"":""v2"",""note"":""ground truth of the synthetic generator""}",true
61c20079-ddf5-56d9-8778-e60960c25d85,19cab99e-6d9d-55f2-8e67-70f21663603e,1.0,GENERATED,SYNTHETIC,accept,EV Charging Technician,"{""generator"":""v2"",""note"":""ground truth of the synthetic generator""}",true
3e2a0894-d2f6-52ab-b02e-329041a29d25,19cab99e-6d9d-55f2-8e67-70f21663603e,1.0,GENERATED,SYNTHETIC,accept,Charging Station Installer,"{""generator"":""v2"",""note"":""ground truth of the synthetic generator""}",true
9fd622f2-fe55-5f14-acf2-920df6a0c291,19cab99e-6d9d-55f2-8e67-70f21663603e,1.0,GENERATED,SYNTHETIC,accept,Charging Station Installer,"{""generator"":""v2"",""note"":""ground truth of the synthetic generator""}",true
cac2aed9-4a1e-57f6-b48c-4f74a3518aab,19cab99e-6d9d-55f2-8e67-70f21663603e,1.0,GENERATED,SYNTHETIC,accept,EV Charger Installation Technician,"{""generator"":""v2"",""note"":""ground truth of the synthetic generator""}",true
c2f25b27-432c-5efa-b916-105346fc9129,19cab99e-6d9d-55f2-8e67-70f21663603e,1.0,GENERATED,SYNTHETIC,accept,ईव्ही चार्जर इन्स्टॉलेशन टेक्निशियन,"{""generator"":""v2"",""note"":""ground truth of the synthetic generator""}",true
60716865-d3a4-5174-9a79-7ab5a07a733b,19cab99e-6d9d-55f2-8e67-70f21663603e,1.0,GENERATED,SYNTHETIC,accept,EV Charging Technician,"{""generator"":""v2"",""note"":""ground truth of the synthetic generator""}",true
0c1db774-3154-554e-b762-7d8f199741d8,19cab99e-6d9d-55f2-8e67-70f21663603e,1.0,GENERATED,SYNTHETIC,accept,ईव्ही चार्जर इन्स्टॉलेशन टेक्निशियन,"{""generator"":""v2"",""note"":""ground truth of the synthetic generator""}",true
292a9c85-5111-5105-9005-ba67032841b3,19cab99e-6d9d-55f2-8e67-70f21663603e,1.0,GENERATED,SYNTHETIC,accept,Charging Station Installer,"{""generator"":""v2"",""note"":""ground truth of the synthetic generator""}",true
72658e22-4be5-55b5-918a-493312047bc4,19cab99e-6d9d-55f2-8e67-70f21663603e,1.0,GENERATED,SYNTHETIC,accept,ईव्ही चार्जर इन्स्टॉलेशन टेक्निशियन,"{""generator"":""v2"",""note"":""ground truth of the synthetic generator""}",true
fbc427be-45d8-5984-8541-2f6b759f314f,19cab99e-6d9d-55f2-8e67-70f21663603e,1.0,GENERATED,SYNTHETIC,accept,Charging Station Installer,"{""generator"":""v2"",""note"":""ground truth of the synthetic generator""}",true
b13e1d73-1170-5287-8d74-a563c33be346,19cab99e-6d9d-55f2-8e67-70f21663603e,1.0,GENERATED,SYNTHETIC,accept,ईवी चार्जर इंस्टॉलेशन तकनीशियन,"{""generator"":""v2"",""note"":""ground truth of the synthetic generator""}",true
7d0678c9-9785-504e-bc96-b362a9b52582,19cab99e-6d9d-55f2-8e67-70f21663603e,1.0,GENERATED,SYNTHETIC,accept,EV Charger Installation Technician,"{""generator"":""v2"",""note"":""ground truth of the synthetic generator""}",true
ca497420-fbb7-556d-b9bc-43d71b770c10,19cab99e-6d9d-55f2-8e67-70f21663603e,1.0,GENERATED,SYNTHETIC,accept,Charging Station Installer,"{""generator"":""v2"",""note"":""ground truth of the synthetic generator""}",true
0c49ce37-ad13-5191-8fd0-86a8e4c667a9,19cab99e-6d9d-55f2-8e67-70f21663603e,1.0,GENERATED,SYNTHETIC,accept,EV Charger Installation Technician,"{""generator"":""v2"",""note"":""ground truth of the synthetic generator""}",true
faa15829-bfbb-555a-a4f5-e7b4c164aeb3,19cab99e-6d9d-55f2-8e67-70f21663603e,1.0,GENERATED,SYNTHETIC,accept,ईव्ही चार्जर इन्स्टॉलेशन टेक्निशियन,"{""generator"":""v2"",""note"":""ground truth of the synthetic generator""}",true
e761c1b5-d604-5241-a706-2e237e26e952,19cab99e-6d9d-55f2-8e67-70f21663603e,1.0,GENERATED,SYNTHETIC,accept,Charging Station Installer,"{""generator"":""v2"",""note"":""ground truth of the synthetic generator""}",true
8b34f796-0349-5d23-917f-ac7b095b7d43,19cab99e-6d9d-55f2-8e67-70f21663603e,1.0,GENERATED,SYNTHETIC,accept,EV Charger Installation Technician,"{""generator"":""v2"",""note"":""ground truth of the synthetic generator""}",true
91990efc-9724-5006-b63d-f4ab9c5ad6c5,19cab99e-6d9d-55f2-8e67-70f21663603e,1.0,GENERATED,SYNTHETIC,accept,Charging Station Installer,"{""generator"":""v2"",""note"":""ground truth of the synthetic generator""}",true
6cee2bf8-c8ee-566a-ade4-ad0c376ff90b,19cab99e-6d9d-55f2-8e67-70f21663603e,1.0,GENERATED,SYNTHETIC,accept,EV Charger Installation Technician,"{""generator"":""v2"",""note"":""ground truth of the synthetic generator""}",true
e3e40815-b2c1-52f4-a0af-72b17b11cbac,19cab99e-6d9d-55f2-8e67-70f21663603e,1.0,GENERATED,SYNTHETIC,accept,EV Charger Installation Technician,"{""generator"":""v2"",""note"":""ground truth of the synthetic generator""}",true
1252a1d0-3f7a-5570-a1b8-16b53063924d,19cab99e-6d9d-55f2-8e67-70f21663603e,1.0,GENERATED,SYNTHETIC,accept,ईव्ही चार्जर इन्स्टॉलेशन टेक्निशियन,"{""generator"":""v2"",""note"":""ground truth of the synthetic generator""}",true
c534290a-9d06-5d25-af74-f8ecf8a29f72,19cab99e-6d9d-55f2-8e67-70f21663603e,1.0,GENERATED,SYNTHETIC,accept,EV Charger Installation Technician,"{""generator"":""v2"",""note"":""ground truth of the synthetic generator""}",true
5af54bf2-29c9-5aed-a7bd-fbef01b82f89,19cab99e-6d9d-55f2-8e67-70f21663603e,1.0,GENERATED,SYNTHETIC,accept,Charging Station Installer,"{""generator"":""v2"",""note"":""ground truth of the synthetic generator""}",true
83de9009-260d-53a1-81e5-9667f38914ca,19cab99e-6d9d-55f2-8e67-70f21663603e,1.0,GENERATED,SYNTHETIC,accept,Charging Station Installer,"{""generator"":""v2"",""note"":""ground truth of the synthetic generator""}",true
8e24ae01-f8bd-51a9-b90a-b6b1cfe77e8f,19cab99e-6d9d-55f2-8e67-70f21663603e,1.0,GENERATED,SYNTHETIC,accept,ईव्ही चार्जर इन्स्टॉलेशन टेक्निशियन,"{""generator"":""v2"",""note"":""ground truth of the synthetic generator""}",true
189b21b9-7c01-5cf1-99da-9f32862e5906,19cab99e-6d9d-55f2-8e67-70f21663603e,1.0,GENERATED,SYNTHETIC,accept,EV Charging Technician,"{""generator"":""v2"",""note"":""ground truth of the synthetic generator""}",true
62e54354-293b-5d7f-ada3-9c0e4f32729c,19cab99e-6d9d-55f2-8e67-70f21663603e,1.0,GENERATED,SYNTHETIC,accept,EV Charger Installation Technician,"{""generator"":""v2"",""note"":""ground truth of the synthetic generator""}",true
ffcef748-4086-55c4-b46a-9f841b61b950,19cab99e-6d9d-55f2-8e67-70f21663603e,1.0,GENERATED,SYNTHETIC,accept,ईवी चार्जर इंस्टॉलेशन तकनीशियन,"{""generator"":""v2"",""note"":""ground truth of the synthetic generator""}",true
35ea28f3-dd4a-5c06-9230-97c6e0e6c1cc,19cab99e-6d9d-55f2-8e67-70f21663603e,1.0,GENERATED,SYNTHETIC,accept,EV Charger Installation Technician,"{""generator"":""v2"",""note"":""ground truth of the synthetic generator""}",true
4c907e06-6cbd-5a37-9371-90920063dd97,19cab99e-6d9d-55f2-8e67-70f21663603e,1.0,GENERATED,SYNTHETIC,accept,EV Charger Installation Technician,"{""generator"":""v2"",""note"":""ground truth of the synthetic generator""}",true
39a4ac58-9a01-54fd-9c42-04ceddea0301,19cab99e-6d9d-55f2-8e67-70f21663603e,1.0,GENERATED,SYNTHETIC,accept,EV Charging Technician,"{""generator"":""v2"",""note"":""ground truth of the synthetic generator""}",true
0f7a4612-2ddc-53e6-b706-205a9187f19b,19cab99e-6d9d-55f2-8e67-70f21663603e,1.0,GENERATED,SYNTHETIC,accept,EV Charger Installation Technician,"{""generator"":""v2"",""note"":""ground truth of the synthetic generator""}",true
b2ee7d6c-a8c8-507c-a395-efd1dd2d6465,19cab99e-6d9d-55f2-8e67-70f21663603e,1.0,GENERATED,SYNTHETIC,accept,EV Charging Technician,"{""generator"":""v2"",""note"":""ground truth of the synthetic generator""}",true
b083b9de-e845-51b2-922e-1b4fb9b56755,19cab99e-6d9d-55f2-8e67-70f21663603e,1.0,GENERATED,SYNTHETIC,accept,EV Charger Installation Technician,"{""generator"":""v2"",""note"":""ground truth of the synthetic generator""}",true
bd42511f-0812-5c6b-bcbe-992720b3183c,19cab99e-6d9d-55f2-8e67-70f21663603e,1.0,GENERATED,SYNTHETIC,accept,Charging Station Installer,"{""generator"":""v2"",""note"":""ground truth of the synthetic generator""}",true
2dd4a696-dacf-5eab-bbcd-406ae155b053,19cab99e-6d9d-55f2-8e67-70f21663603e,1.0,GENERATED,SYNTHETIC,accept,ईवी चार्जर इंस्टॉलेशन तकनीशियन,"{""generator"":""v2"",""note"":""ground truth of the synthetic generator""}",true
8a69db69-4f61-5d1c-9a54-1ee4fea64333,19cab99e-6d9d-55f2-8e67-70f21663603e,1.0,GENERATED,SYNTHETIC,accept,Charging Station Installer,"{""generator"":""v2"",""note"":""ground truth of the synthetic generator""}",true
a55fd36f-525b-5e39-bc52-704f8ec864b1,19cab99e-6d9d-55f2-8e67-70f21663603e,1.0,GENERATED,SYNTHETIC,accept,Charging Station Installer,"{""generator"":""v2"",""note"":""ground truth of the synthetic generator""}",true
e8c0360f-c1dd-5ed7-b038-3569acbdafa3,19cab99e-6d9d-55f2-8e67-70f21663603e,1.0,GENERATED,SYNTHETIC,accept,ईवी चार्जर इंस्टॉलेशन तकनीशियन,"{""generator"":""v2"",""note"":""ground truth of the synthetic generator""}",true
6656695e-36e8-566a-8b74-a8a41c03ad64,c7df5212-ab60-5561-aa36-9acc415e9b5b,1.0,GENERATED,SYNTHETIC,accept,इलेक्ट्रिशियन,"{""generator"":""v2"",""note"":""ground truth of the synthetic generator""}",true
bc899f3b-5b0a-5936-9969-91e21cd95c31,c7df5212-ab60-5561-aa36-9acc415e9b5b,1.0,GENERATED,SYNTHETIC,accept,इलेक्ट्रिशियन,"{""generator"":""v2"",""note"":""ground truth of the synthetic generator""}",true
19c34bb4-f2df-560b-8e07-2923fb840f43,c7df5212-ab60-5561-aa36-9acc415e9b5b,1.0,GENERATED,SYNTHETIC,accept,इलेक्ट्रिशियन,"{""generator"":""v2"",""note"":""ground truth of the synthetic generator""}",true
1cdccaeb-f5e9-5302-8222-b9b5e2354569,c7df5212-ab60-5561-aa36-9acc415e9b5b,1.0,GENERATED,SYNTHETIC,accept,Industrial Electrician,"{""generator"":""v2"",""note"":""ground truth of the synthetic generator""}",true
fc703e64-04a4-56a5-b0d5-9d887fea8257,c7df5212-ab60-5561-aa36-9acc415e9b5b,1.0,GENERATED,SYNTHETIC,accept,Electrician,"{""generator"":""v2"",""note"":""ground truth of the synthetic generator""}",true
700033f3-bd23-5afc-9bba-08dde24f6e18,c7df5212-ab60-5561-aa36-9acc415e9b5b,1.0,GENERATED,SYNTHETIC,accept,Electrician (ITI),"{""generator"":""v2"",""note"":""ground truth of the synthetic generator""}",true
366c65ad-069a-5641-9fe5-358ed748b4a4,c7df5212-ab60-5561-aa36-9acc415e9b5b,1.0,GENERATED,SYNTHETIC,accept,Electrician,"{""generator"":""v2"",""note"":""ground truth of the synthetic generator""}",true
ee4cd92a-646e-57fa-af89-50701c5b3843,c7df5212-ab60-5561-aa36-9acc415e9b5b,1.0,GENERATED,SYNTHETIC,accept,इलेक्ट्रीशियन,"{""generator"":""v2"",""note"":""ground truth of the synthetic generator""}",true
23514b57-265d-5786-bfeb-e66261264d86,c7df5212-ab60-5561-aa36-9acc415e9b5b,1.0,GENERATED,SYNTHETIC,accept,Electrician,"{""generator"":""v2"",""note"":""ground truth of the synthetic generator""}",true
9ee4f35b-903b-593a-892b-a7aff7b8af7e,c7df5212-ab60-5561-aa36-9acc415e9b5b,1.0,GENERATED,SYNTHETIC,accept,Electrician (ITI),"{""generator"":""v2"",""note"":""ground truth of the synthetic generator""}",true
5ad0307c-567f-5d19-8056-a08e96ed7242,c7df5212-ab60-5561-aa36-9acc415e9b5b,1.0,GENERATED,SYNTHETIC,accept,इलेक्ट्रीशियन,"{""generator"":""v2"",""note"":""ground truth of the synthetic generator""}",true
d57424cb-b44d-5edc-bbb0-acb019422cd6,c7df5212-ab60-5561-aa36-9acc415e9b5b,1.0,GENERATED,SYNTHETIC,accept,Maintenance Electrician,"{""generator"":""v2"",""note"":""ground truth of the synthetic generator""}",true
8db12b30-f7f5-536e-98e5-6e477d525843,c7df5212-ab60-5561-aa36-9acc415e9b5b,1.0,GENERATED,SYNTHETIC,accept,इलेक्ट्रिशियन,"{""generator"":""v2"",""note"":""ground truth of the synthetic generator""}",true
03b5d3f9-cd53-54eb-ae76-ade7c572a4d6,c7df5212-ab60-5561-aa36-9acc415e9b5b,1.0,GENERATED,SYNTHETIC,accept,Maintenance Electrician,"{""generator"":""v2"",""note"":""ground truth of the synthetic generator""}",true
c9e36762-eb7a-5d26-9667-cec652f947ad,c7df5212-ab60-5561-aa36-9acc415e9b5b,1.0,GENERATED,SYNTHETIC,accept,इलेक्ट्रीशियन,"{""generator"":""v2"",""note"":""ground truth of the synthetic generator""}",true
80c27650-4e94-5bea-ac57-5d0519be28c2,c7df5212-ab60-5561-aa36-9acc415e9b5b,1.0,GENERATED,SYNTHETIC,accept,इलेक्ट्रिशियन,"{""generator"":""v2"",""note"":""ground truth of the synthetic generator""}",true
b1539edb-ec8b-5d48-961d-727def00f9e7,c7df5212-ab60-5561-aa36-9acc415e9b5b,1.0,GENERATED,SYNTHETIC,accept,Electrician (ITI),"{""generator"":""v2"",""note"":""ground truth of the synthetic generator""}",true
4185228f-4c19-53d2-8d0f-ef01c32e206c,c7df5212-ab60-5561-aa36-9acc415e9b5b,1.0,GENERATED,SYNTHETIC,accept,Electrician,"{""generator"":""v2"",""note"":""ground truth of the synthetic generator""}",true
b7ba86fb-2d32-5d29-9d7b-c1a7c57a4286,c7df5212-ab60-5561-aa36-9acc415e9b5b,1.0,GENERATED,SYNTHETIC,accept,Industrial Electrician,"{""generator"":""v2"",""note"":""ground truth of the synthetic generator""}",true
81403c0c-3558-55b7-ac64-8c5277a78413,c7df5212-ab60-5561-aa36-9acc415e9b5b,1.0,GENERATED,SYNTHETIC,accept,Electrician (ITI),"{""generator"":""v2"",""note"":""ground truth of the synthetic generator""}",true
b9cc1d16-f503-5582-9949-0feade4c53aa,c7df5212-ab60-5561-aa36-9acc415e9b5b,1.0,GENERATED,SYNTHETIC,accept,Electrician,"{""generator"":""v2"",""note"":""ground truth of the synthetic generator""}",true
f27eb75d-8484-5d9c-b0a4-83e040137725,c7df5212-ab60-5561-aa36-9acc415e9b5b,1.0,GENERATED,SYNTHETIC,accept,Electrician (ITI),"{""generator"":""v2"",""note"":""ground truth of the synthetic generator""}",true
104e61ee-2b0a-592a-ab7e-d5eafa458ee2,c7df5212-ab60-5561-aa36-9acc415e9b5b,1.0,GENERATED,SYNTHETIC,accept,Industrial Electrician,"{""generator"":""v2"",""note"":""ground truth of the synthetic generator""}",true
a239065b-854b-5a30-8015-ec0f48008b97,c7df5212-ab60-5561-aa36-9acc415e9b5b,1.0,GENERATED,SYNTHETIC,accept,Building Electrician,"{""generator"":""v2"",""note"":""ground truth of the synthetic generator""}",true
4561a908-4101-5446-9fed-e3b97e136c95,c7df5212-ab60-5561-aa36-9acc415e9b5b,1.0,GENERATED,SYNTHETIC,accept,Electrician (ITI),"{""generator"":""v2"",""note"":""ground truth of the synthetic generator""}",true
d6a87d00-88f0-5a56-9716-375a2180976a,c7df5212-ab60-5561-aa36-9acc415e9b5b,1.0,GENERATED,SYNTHETIC,accept,Maintenance Electrician,"{""generator"":""v2"",""note"":""ground truth of the synthetic generator""}",true
6c3cb859-b9f6-58b3-b4a6-9099129ef6fd,c7df5212-ab60-5561-aa36-9acc415e9b5b,1.0,GENERATED,SYNTHETIC,accept,Electrician,"{""generator"":""v2"",""note"":""ground truth of the synthetic generator""}",true
53a831fe-09b5-56f9-a0a6-fc46900e190c,c7df5212-ab60-5561-aa36-9acc415e9b5b,1.0,GENERATED,SYNTHETIC,accept,Building Electrician,"{""generator"":""v2"",""note"":""ground truth of the synthetic generator""}",true
d919b8d2-bbcf-595c-8b05-3dbbaf1d7b0c,c7df5212-ab60-5561-aa36-9acc415e9b5b,1.0,GENERATED,SYNTHETIC,accept,Electrician,"{""generator"":""v2"",""note"":""ground truth of the synthetic generator""}",true
9efb6ab5-3c3f-503e-8a0e-166edf7807ca,c7df5212-ab60-5561-aa36-9acc415e9b5b,1.0,GENERATED,SYNTHETIC,accept,इलेक्ट्रिशियन,"{""generator"":""v2"",""note"":""ground truth of the synthetic generator""}",true
2f454611-561b-5250-85e1-559438b69506,c7df5212-ab60-5561-aa36-9acc415e9b5b,1.0,GENERATED,SYNTHETIC,accept,इलेक्ट्रिशियन,"{""generator"":""v2"",""note"":""ground truth of the synthetic generator""}",true
f5044566-a6a3-5ff5-8307-96e5cc4fa746,c7df5212-ab60-5561-aa36-9acc415e9b5b,1.0,GENERATED,SYNTHETIC,accept,Electrician,"{""generator"":""v2"",""note"":""ground truth of the synthetic generator""}",true
f5c67c39-6f6d-5c36-a54a-3fc0246de22b,c7df5212-ab60-5561-aa36-9acc415e9b5b,1.0,GENERATED,SYNTHETIC,accept,Electrician,"{""generator"":""v2"",""note"":""ground truth of the synthetic generator""}",true
4f6880b9-9d24-5811-adb1-57ebe8afa8cf,c7df5212-ab60-5561-aa36-9acc415e9b5b,1.0,GENERATED,SYNTHETIC,accept,Maintenance Electrician,"{""generator"":""v2"",""note"":""ground truth of the synthetic generator""}",true
f4992c8c-9b37-5ae4-aca8-d46454260c8b,c7df5212-ab60-5561-aa36-9acc415e9b5b,1.0,GENERATED,SYNTHETIC,accept,Maintenance Electrician,"{""generator"":""v2"",""note"":""ground truth of the synthetic generator""}",true
fd358016-3b9c-5c1f-a041-c0838a4f5c23,c7df5212-ab60-5561-aa36-9acc415e9b5b,1.0,GENERATED,SYNTHETIC,accept,Building Electrician,"{""generator"":""v2"",""note"":""ground truth of the synthetic generator""}",true
94fab76c-f6ee-5c8a-9670-0e21a67668f8,c7df5212-ab60-5561-aa36-9acc415e9b5b,1.0,GENERATED,SYNTHETIC,accept,Electrician (ITI),"{""generator"":""v2"",""note"":""ground truth of the synthetic generator""}",true
938a9c4e-2abc-56e9-a4a5-fdd15fc7c782,c7df5212-ab60-5561-aa36-9acc415e9b5b,1.0,GENERATED,SYNTHETIC,accept,Maintenance Electrician,"{""generator"":""v2"",""note"":""ground truth of the synthetic generator""}",true
51730658-dbc0-5384-b7ee-cf184006b658,c7df5212-ab60-5561-aa36-9acc415e9b5b,1.0,GENERATED,SYNTHETIC,accept,Electrician,"{""generator"":""v2"",""note"":""ground truth of the synthetic generator""}",true
1ef24f6d-7935-5f79-8ee5-c095927a3dbe,c7df5212-ab60-5561-aa36-9acc415e9b5b,1.0,GENERATED,SYNTHETIC,accept,इलेक्ट्रिशियन,"{""generator"":""v2"",""note"":""ground truth of the synthetic generator""}",true
e25c2cca-31c5-52aa-89b7-84b78f1e87b0,c7df5212-ab60-5561-aa36-9acc415e9b5b,1.0,GENERATED,SYNTHETIC,accept,Electrician,"{""generator"":""v2"",""note"":""ground truth of the synthetic generator""}",true
2bd07f24-d5f0-5192-9fa1-18c4c0092e9b,c7df5212-ab60-5561-aa36-9acc415e9b5b,1.0,GENERATED,SYNTHETIC,accept,Maintenance Electrician,"{""generator"":""v2"",""note"":""ground truth of the synthetic generator""}",true
66f5e4cf-3c0b-5b7c-a233-77b10f9d0f0a,c7df5212-ab60-5561-aa36-9acc415e9b5b,1.0,GENERATED,SYNTHETIC,accept,Industrial Electrician,"{""generator"":""v2"",""note"":""ground truth of the synthetic generator""}",true
2327a640-d9ed-5f8f-a2ad-487e8a6e7cd5,c7df5212-ab60-5561-aa36-9acc415e9b5b,1.0,GENERATED,SYNTHETIC,accept,Electrician (ITI),"{""generator"":""v2"",""note"":""ground truth of the synthetic generator""}",true
617af7d1-a33f-5812-ac73-7fef254c37b3,c7df5212-ab60-5561-aa36-9acc415e9b5b,1.0,GENERATED,SYNTHETIC,accept,Building Electrician,"{""generator"":""v2"",""note"":""ground truth of the synthetic generator""}",true
fd050346-98d3-5489-8e17-714c88f1a9da,c7df5212-ab60-5561-aa36-9acc415e9b5b,1.0,GENERATED,SYNTHETIC,accept,Maintenance Electrician,"{""generator"":""v2"",""note"":""ground truth of the synthetic generator""}",true
99b810b0-d243-56a0-a544-14bf5c5bce81,c7df5212-ab60-5561-aa36-9acc415e9b5b,1.0,GENERATED,SYNTHETIC,accept,इलेक्ट्रिशियन,"{""generator"":""v2"",""note"":""ground truth of the synthetic generator""}",true
9330d8b1-97f0-545d-ba02-e3085a05ad7c,c7df5212-ab60-5561-aa36-9acc415e9b5b,1.0,GENERATED,SYNTHETIC,accept,इलेक्ट्रिशियन,"{""generator"":""v2"",""note"":""ground truth of the synthetic generator""}",true
26030302-7293-54b1-88e9-a821901bb828,c7df5212-ab60-5561-aa36-9acc415e9b5b,1.0,GENERATED,SYNTHETIC,accept,इलेक्ट्रीशियन,"{""generator"":""v2"",""note"":""ground truth of the synthetic generator""}",true
6afb6d95-002f-53c7-9a5c-07bdf27cf7ad,c7df5212-ab60-5561-aa36-9acc415e9b5b,1.0,GENERATED,SYNTHETIC,accept,Industrial Electrician,"{""generator"":""v2"",""note"":""ground truth of the synthetic generator""}",true
2f9bd07c-11bf-50b2-8b85-9559afb08c45,c7df5212-ab60-5561-aa36-9acc415e9b5b,1.0,GENERATED,SYNTHETIC,accept,Electrician,"{""generator"":""v2"",""note"":""ground truth of the synthetic generator""}",true
c1960310-8170-548a-9007-aa7f9b4570d3,c7df5212-ab60-5561-aa36-9acc415e9b5b,1.0,GENERATED,SYNTHETIC,accept,Building Electrician,"{""generator"":""v2"",""note"":""ground truth of the synthetic generator""}",true
3ac34faa-372c-5d3b-9e25-af69c3806e02,c7df5212-ab60-5561-aa36-9acc415e9b5b,1.0,GENERATED,SYNTHETIC,accept,Building Electrician,"{""generator"":""v2"",""note"":""ground truth of the synthetic generator""}",true
9f710a2e-7111-5c5d-9834-aa540bf6722b,c7df5212-ab60-5561-aa36-9acc415e9b5b,1.0,GENERATED,SYNTHETIC,accept,Maintenance Electrician,"{""generator"":""v2"",""note"":""ground truth of the synthetic generator""}",true
314b2a38-b2ac-503c-9d22-d6b23357034f,c7df5212-ab60-5561-aa36-9acc415e9b5b,1.0,GENERATED,SYNTHETIC,accept,Electrician (ITI),"{""generator"":""v2"",""note"":""ground truth of the synthetic generator""}",true
30117bae-1f2c-5054-bb11-2113b333fcdb,c7df5212-ab60-5561-aa36-9acc415e9b5b,1.0,GENERATED,SYNTHETIC,accept,इलेक्ट्रिशियन,"{""generator"":""v2"",""note"":""ground truth of the synthetic generator""}",true
92071a89-20d2-5da3-9421-35659979c89c,c7df5212-ab60-5561-aa36-9acc415e9b5b,1.0,GENERATED,SYNTHETIC,accept,Electrician (ITI),"{""generator"":""v2"",""note"":""ground truth of the synthetic generator""}",true
742e53d1-5d64-57c7-ae25-1b654ddaa319,c7df5212-ab60-5561-aa36-9acc415e9b5b,1.0,GENERATED,SYNTHETIC,accept,इलेक्ट्रिशियन,"{""generator"":""v2"",""note"":""ground truth of the synthetic generator""}",true
62f334a4-aac4-52f9-a184-0525d297737f,c7df5212-ab60-5561-aa36-9acc415e9b5b,1.0,GENERATED,SYNTHETIC,accept,Industrial Electrician,"{""generator"":""v2"",""note"":""ground truth of the synthetic generator""}",true
7e24ec52-be56-5646-8f08-ec60053e20a9,c7df5212-ab60-5561-aa36-9acc415e9b5b,1.0,GENERATED,SYNTHETIC,accept,Electrician (ITI),"{""generator"":""v2"",""note"":""ground truth of the synthetic generator""}",true
43cae0bc-7a48-5944-9c78-a3ea4c58eb72,c7df5212-ab60-5561-aa36-9acc415e9b5b,1.0,GENERATED,SYNTHETIC,accept,Industrial Electrician,"{""generator"":""v2"",""note"":""ground truth of the synthetic generator""}",true
76daf287-8966-51fa-a217-27e7bbf51b75,c7df5212-ab60-5561-aa36-9acc415e9b5b,1.0,GENERATED,SYNTHETIC,accept,Maintenance Electrician,"{""generator"":""v2"",""note"":""ground truth of the synthetic generator""}",true
6614bfcc-1478-5f4a-b0fe-375f213c2fc6,c7df5212-ab60-5561-aa36-9acc415e9b5b,1.0,GENERATED,SYNTHETIC,accept,इलेक्ट्रिशियन,"{""generator"":""v2"",""note"":""ground truth of the synthetic generator""}",true
e495583f-70dd-51b4-b76e-8ef2f3d7d603,c7df5212-ab60-5561-aa36-9acc415e9b5b,1.0,GENERATED,SYNTHETIC,accept,Electrician (ITI),"{""generator"":""v2"",""note"":""ground truth of the synthetic generator""}",true
021c6243-3c00-5b38-8d58-35d8d4c64045,c7df5212-ab60-5561-aa36-9acc415e9b5b,1.0,GENERATED,SYNTHETIC,accept,इलेक्ट्रिशियन,"{""generator"":""v2"",""note"":""ground truth of the synthetic generator""}",true
1136f7bb-d580-5a4d-bece-37fe11492da4,c7df5212-ab60-5561-aa36-9acc415e9b5b,1.0,GENERATED,SYNTHETIC,accept,Maintenance Electrician,"{""generator"":""v2"",""note"":""ground truth of the synthetic generator""}",true
6ae3a199-3709-54f9-90c4-4a46b701d08e,c7df5212-ab60-5561-aa36-9acc415e9b5b,1.0,GENERATED,SYNTHETIC,accept,Building Electrician,"{""generator"":""v2"",""note"":""ground truth of the synthetic generator""}",true
704ae0bf-d8f2-5097-9806-047942943f93,c7df5212-ab60-5561-aa36-9acc415e9b5b,1.0,GENERATED,SYNTHETIC,accept,Electrician,"{""generator"":""v2"",""note"":""ground truth of the synthetic generator""}",true
33f61448-a15b-51a7-80cb-7aba3055a2d6,c7df5212-ab60-5561-aa36-9acc415e9b5b,1.0,GENERATED,SYNTHETIC,accept,Electrician,"{""generator"":""v2"",""note"":""ground truth of the synthetic generator""}",true
c69674f3-d5cf-56d2-95a0-dab56d1b9862,c7df5212-ab60-5561-aa36-9acc415e9b5b,1.0,GENERATED,SYNTHETIC,accept,Electrician (ITI),"{""generator"":""v2"",""note"":""ground truth of the synthetic generator""}",true
9097b956-6f78-53d1-bb64-65e444e4a3ff,c7df5212-ab60-5561-aa36-9acc415e9b5b,1.0,GENERATED,SYNTHETIC,accept,Maintenance Electrician,"{""generator"":""v2"",""note"":""ground truth of the synthetic generator""}",true
f7372a7e-c49c-5ec6-9f22-054edb8a26b4,c7df5212-ab60-5561-aa36-9acc415e9b5b,1.0,GENERATED,SYNTHETIC,accept,इलेक्ट्रिशियन,"{""generator"":""v2"",""note"":""ground truth of the synthetic generator""}",true
43d79b71-8fb4-5e12-ac62-bc745bbf1bec,c7df5212-ab60-5561-aa36-9acc415e9b5b,1.0,GENERATED,SYNTHETIC,accept,Industrial Electrician,"{""generator"":""v2"",""note"":""ground truth of the synthetic generator""}",true
2843798d-ace2-5d88-813a-c21abe368e8d,c7df5212-ab60-5561-aa36-9acc415e9b5b,1.0,GENERATED,SYNTHETIC,accept,Electrician (ITI),"{""generator"":""v2"",""note"":""ground truth of the synthetic generator""}",true
2d36d00e-9c0c-5984-a4c8-7615c7685897,c7df5212-ab60-5561-aa36-9acc415e9b5b,1.0,GENERATED,SYNTHETIC,accept,Building Electrician,"{""generator"":""v2"",""note"":""ground truth of the synthetic generator""}",true
0ac2a526-2040-5168-8802-a070bc72a4e4,c7df5212-ab60-5561-aa36-9acc415e9b5b,1.0,GENERATED,SYNTHETIC,accept,Building Electrician,"{""generator"":""v2"",""note"":""ground truth of the synthetic generator""}",true
87ebe748-348e-555a-8e92-86e792053221,c7df5212-ab60-5561-aa36-9acc415e9b5b,1.0,GENERATED,SYNTHETIC,accept,Industrial Electrician,"{""generator"":""v2"",""note"":""ground truth of the synthetic generator""}",true
a97025dd-4c37-5d5e-982a-6ce5900ae2a0,c7df5212-ab60-5561-aa36-9acc415e9b5b,1.0,GENERATED,SYNTHETIC,accept,Industrial Electrician,"{""generator"":""v2"",""note"":""ground truth of the synthetic generator""}",true
2bb4c2c1-ffc3-5bc0-9c9c-49b82be56211,c7df5212-ab60-5561-aa36-9acc415e9b5b,1.0,GENERATED,SYNTHETIC,accept,Electrician,"{""generator"":""v2"",""note"":""ground truth of the synthetic generator""}",true
8a7d51e1-9109-57d3-b53f-77ab9e9278eb,c7df5212-ab60-5561-aa36-9acc415e9b5b,1.0,GENERATED,SYNTHETIC,accept,Industrial Electrician,"{""generator"":""v2"",""note"":""ground truth of the synthetic generator""}",true
dbecac61-2af0-5600-ac8d-d50672e870f2,c7df5212-ab60-5561-aa36-9acc415e9b5b,1.0,GENERATED,SYNTHETIC,accept,इलेक्ट्रिशियन,"{""generator"":""v2"",""note"":""ground truth of the synthetic generator""}",true
ea1a015b-cc24-5f53-bc85-38ee9e67946a,c7df5212-ab60-5561-aa36-9acc415e9b5b,1.0,GENERATED,SYNTHETIC,accept,Electrician (ITI),"{""generator"":""v2"",""note"":""ground truth of the synthetic generator""}",true
6b32b6e4-bb49-52bc-ac13-29239d75f244,c7df5212-ab60-5561-aa36-9acc415e9b5b,1.0,GENERATED,SYNTHETIC,accept,Maintenance Electrician,"{""generator"":""v2"",""note"":""ground truth of the synthetic generator""}",true
02a92ad5-bc1f-536d-b226-adf9451b90db,c7df5212-ab60-5561-aa36-9acc415e9b5b,1.0,GENERATED,SYNTHETIC,accept,Electrician,"{""generator"":""v2"",""note"":""ground truth of the synthetic generator""}",true
6f021f72-d963-5368-8ed6-d2cb468a0723,c7df5212-ab60-5561-aa36-9acc415e9b5b,1.0,GENERATED,SYNTHETIC,accept,इलेक्ट्रिशियन,"{""generator"":""v2"",""note"":""ground truth of the synthetic generator""}",true
78f57958-21a4-5201-bdff-bcf8de6922ed,c7df5212-ab60-5561-aa36-9acc415e9b5b,1.0,GENERATED,SYNTHETIC,accept,Industrial Electrician,"{""generator"":""v2"",""note"":""ground truth of the synthetic generator""}",true
d77389bc-65af-5fd3-8c79-b217e970889c,c7df5212-ab60-5561-aa36-9acc415e9b5b,1.0,GENERATED,SYNTHETIC,accept,Electrician (ITI),"{""generator"":""v2"",""note"":""ground truth of the synthetic generator""}",true
ec430594-2b13-554b-b4f4-68555c81cef5,c7df5212-ab60-5561-aa36-9acc415e9b5b,1.0,GENERATED,SYNTHETIC,accept,इलेक्ट्रिशियन,"{""generator"":""v2"",""note"":""ground truth of the synthetic generator""}",true
e3eb2541-b21a-5c99-8a58-0d6721bdae81,c7df5212-ab60-5561-aa36-9acc415e9b5b,1.0,GENERATED,SYNTHETIC,accept,Electrician,"{""generator"":""v2"",""note"":""ground truth of the synthetic generator""}",true
c7a52ffe-5732-520a-983d-d0821e58d506,c7df5212-ab60-5561-aa36-9acc415e9b5b,1.0,GENERATED,SYNTHETIC,accept,Building Electrician,"{""generator"":""v2"",""note"":""ground truth of the synthetic generator""}",true
b51e894f-4c50-5171-9711-b3953bee5b88,c7df5212-ab60-5561-aa36-9acc415e9b5b,1.0,GENERATED,SYNTHETIC,accept,इलेक्ट्रिशियन,"{""generator"":""v2"",""note"":""ground truth of the synthetic generator""}",true
83622778-b97d-52ae-b3ac-ef50139d58b6,c7df5212-ab60-5561-aa36-9acc415e9b5b,1.0,GENERATED,SYNTHETIC,accept,Building Electrician,"{""generator"":""v2"",""note"":""ground truth of the synthetic generator""}",true
308bbe2e-fb5c-59c1-94cb-eafc13ac32f6,c7df5212-ab60-5561-aa36-9acc415e9b5b,1.0,GENERATED,SYNTHETIC,accept,Electrician (ITI),"{""generator"":""v2"",""note"":""ground truth of the synthetic generator""}",true
e0764cc3-54e6-5f67-a6d9-cc2efbb31cb7,c7df5212-ab60-5561-aa36-9acc415e9b5b,1.0,GENERATED,SYNTHETIC,accept,Industrial Electrician,"{""generator"":""v2"",""note"":""ground truth of the synthetic generator""}",true
dd7fc4cd-d224-513e-abaf-5ed2339cd873,c7df5212-ab60-5561-aa36-9acc415e9b5b,1.0,GENERATED,SYNTHETIC,accept,Electrician,"{""generator"":""v2"",""note"":""ground truth of the synthetic generator""}",true
f02fdb09-9737-5ef4-ba5c-47a3f6cdd346,c7df5212-ab60-5561-aa36-9acc415e9b5b,1.0,GENERATED,SYNTHETIC,accept,Building Electrician,"{""generator"":""v2"",""note"":""ground truth of the synthetic generator""}",true
66fc06cf-b10b-56be-9d4f-7236b735aaa8,c7df5212-ab60-5561-aa36-9acc415e9b5b,1.0,GENERATED,SYNTHETIC,accept,Building Electrician,"{""generator"":""v2"",""note"":""ground truth of the synthetic generator""}",true
f43a2e59-285b-551e-b5c0-11427b45fb37,c7df5212-ab60-5561-aa36-9acc415e9b5b,1.0,GENERATED,SYNTHETIC,accept,Electrician,"{""generator"":""v2"",""note"":""ground truth of the synthetic generator""}",true
ef30b3d4-b535-5b1c-ba0e-0c22dfcc3878,c7df5212-ab60-5561-aa36-9acc415e9b5b,1.0,GENERATED,SYNTHETIC,accept,Building Electrician,"{""generator"":""v2"",""note"":""ground truth of the synthetic generator""}",true
8acdd6eb-3f5d-5be0-8360-98f37730fb39,c7df5212-ab60-5561-aa36-9acc415e9b5b,1.0,GENERATED,SYNTHETIC,accept,Electrician,"{""generator"":""v2"",""note"":""ground truth of the synthetic generator""}",true
23f663a0-ce8e-5975-bec8-900f34fd687b,c7df5212-ab60-5561-aa36-9acc415e9b5b,1.0,GENERATED,SYNTHETIC,accept,इलेक्ट्रिशियन,"{""generator"":""v2"",""note"":""ground truth of the synthetic generator""}",true
751909d2-8db7-5573-a2e4-b9c7a8c527a8,c7df5212-ab60-5561-aa36-9acc415e9b5b,1.0,GENERATED,SYNTHETIC,accept,इलेक्ट्रिशियन,"{""generator"":""v2"",""note"":""ground truth of the synthetic generator""}",true
62a2181a-6548-57d4-b971-bb7290c6b52e,c7df5212-ab60-5561-aa36-9acc415e9b5b,1.0,GENERATED,SYNTHETIC,accept,Electrician,"{""generator"":""v2"",""note"":""ground truth of the synthetic generator""}",true
eba3e493-015e-53f1-b41a-9ea22a5ffa9a,c7df5212-ab60-5561-aa36-9acc415e9b5b,1.0,GENERATED,SYNTHETIC,accept,Electrician,"{""generator"":""v2"",""note"":""ground truth of the synthetic generator""}",true
2a5a8629-3928-5b90-8321-cfbe9730a2db,c7df5212-ab60-5561-aa36-9acc415e9b5b,1.0,GENERATED,SYNTHETIC,accept,इलेक्ट्रीशियन,"{""generator"":""v2"",""note"":""ground truth of the synthetic generator""}",true
1d2f4ce5-c207-5100-bcf6-7cbc27a68ec2,c7df5212-ab60-5561-aa36-9acc415e9b5b,1.0,GENERATED,SYNTHETIC,accept,Electrician (ITI),"{""generator"":""v2"",""note"":""ground truth of the synthetic generator""}",true
380ca148-77d6-5851-8d69-6c0dc0f5c490,c7df5212-ab60-5561-aa36-9acc415e9b5b,1.0,GENERATED,SYNTHETIC,accept,Industrial Electrician,"{""generator"":""v2"",""note"":""ground truth of the synthetic generator""}",true
992cc70b-f067-5204-a3b2-809fcd72fd98,c7df5212-ab60-5561-aa36-9acc415e9b5b,1.0,GENERATED,SYNTHETIC,accept,इलेक्ट्रिशियन,"{""generator"":""v2"",""note"":""ground truth of the synthetic generator""}",true
71b98c38-2273-52d9-8705-e89c812e8fc2,c7df5212-ab60-5561-aa36-9acc415e9b5b,1.0,GENERATED,SYNTHETIC,accept,Building Electrician,"{""generator"":""v2"",""note"":""ground truth of the synthetic generator""}",true
4538646a-2e19-54eb-a704-40af6288e7bd,c7df5212-ab60-5561-aa36-9acc415e9b5b,1.0,GENERATED,SYNTHETIC,accept,Electrician (ITI),"{""generator"":""v2"",""note"":""ground truth of the synthetic generator""}",true
b6ebdc04-80da-513b-8b16-7c5bfbda8072,c7df5212-ab60-5561-aa36-9acc415e9b5b,1.0,GENERATED,SYNTHETIC,accept,Industrial Electrician,"{""generator"":""v2"",""note"":""ground truth of the synthetic generator""}",true
9bc55eee-0ccc-51e3-a976-9fece58078fc,c7df5212-ab60-5561-aa36-9acc415e9b5b,1.0,GENERATED,SYNTHETIC,accept,Electrician (ITI),"{""generator"":""v2"",""note"":""ground truth of the synthetic generator""}",true
d1d105a9-812d-5e71-b23a-9d4e3471ad90,c7df5212-ab60-5561-aa36-9acc415e9b5b,1.0,GENERATED,SYNTHETIC,accept,Industrial Electrician,"{""generator"":""v2"",""note"":""ground truth of the synthetic generator""}",true
44c7b5a5-afba-5d0f-83fe-f2248f2981ad,c7df5212-ab60-5561-aa36-9acc415e9b5b,1.0,GENERATED,SYNTHETIC,accept,Electrician (ITI),"{""generator"":""v2"",""note"":""ground truth of the synthetic generator""}",true
31b6e4ce-054f-5d47-b343-8cadfec93601,c7df5212-ab60-5561-aa36-9acc415e9b5b,1.0,GENERATED,SYNTHETIC,accept,Electrician,"{""generator"":""v2"",""note"":""ground truth of the synthetic generator""}",true
e4d8b510-937e-5791-a514-3ee1701adae5,c7df5212-ab60-5561-aa36-9acc415e9b5b,1.0,GENERATED,SYNTHETIC,accept,Industrial Electrician,"{""generator"":""v2"",""note"":""ground truth of the synthetic generator""}",true
34f3bc1b-83a2-55b7-b9e6-8b617733c2a5,c7df5212-ab60-5561-aa36-9acc415e9b5b,1.0,GENERATED,SYNTHETIC,accept,Building Electrician,"{""generator"":""v2"",""note"":""ground truth of the synthetic generator""}",true
45cb199b-9214-5b1e-b0b5-d475aa14db7b,c7df5212-ab60-5561-aa36-9acc415e9b5b,1.0,GENERATED,SYNTHETIC,accept,Industrial Electrician,"{""generator"":""v2"",""note"":""ground truth of the synthetic generator""}",true
c0c6040f-59f6-538e-a8a9-0c79401691c6,c7df5212-ab60-5561-aa36-9acc415e9b5b,1.0,GENERATED,SYNTHETIC,accept,Electrician,"{""generator"":""v2"",""note"":""ground truth of the synthetic generator""}",true
90c11656-7bfc-5ea6-9f8a-65509ab9749b,c7df5212-ab60-5561-aa36-9acc415e9b5b,1.0,GENERATED,SYNTHETIC,accept,इलेक्ट्रिशियन,"{""generator"":""v2"",""note"":""ground truth of the synthetic generator""}",true
5dd5fc63-fa97-5125-a06a-e5fa00d706ad,c7df5212-ab60-5561-aa36-9acc415e9b5b,1.0,GENERATED,SYNTHETIC,accept,Electrician,"{""generator"":""v2"",""note"":""ground truth of the synthetic generator""}",true
8fc54ab2-5d49-5629-9b15-1ad4ab807894,c7df5212-ab60-5561-aa36-9acc415e9b5b,1.0,GENERATED,SYNTHETIC,accept,Maintenance Electrician,"{""generator"":""v2"",""note"":""ground truth of the synthetic generator""}",true
bd6d5cb6-9a7b-535c-883b-52a64022973b,c7df5212-ab60-5561-aa36-9acc415e9b5b,1.0,GENERATED,SYNTHETIC,accept,Industrial Electrician,"{""generator"":""v2"",""note"":""ground truth of the synthetic generator""}",true
c17e1809-07fa-539f-b207-9fa3ab672a13,c7df5212-ab60-5561-aa36-9acc415e9b5b,1.0,GENERATED,SYNTHETIC,accept,इलेक्ट्रिशियन,"{""generator"":""v2"",""note"":""ground truth of the synthetic generator""}",true
6b9e402f-33b3-53dc-8f5b-9a7beb79684e,c7df5212-ab60-5561-aa36-9acc415e9b5b,1.0,GENERATED,SYNTHETIC,accept,Building Electrician,"{""generator"":""v2"",""note"":""ground truth of the synthetic generator""}",true
8ebe7eaa-32a7-552e-a08d-360ed0dbb633,c7df5212-ab60-5561-aa36-9acc415e9b5b,1.0,GENERATED,SYNTHETIC,accept,इलेक्ट्रिशियन,"{""generator"":""v2"",""note"":""ground truth of the synthetic generator""}",true
49f0c960-7e07-5177-838c-835a9bb52300,c7df5212-ab60-5561-aa36-9acc415e9b5b,1.0,GENERATED,SYNTHETIC,accept,Industrial Electrician,"{""generator"":""v2"",""note"":""ground truth of the synthetic generator""}",true
d8d2094d-16ec-5609-b086-fc6476b03371,c7df5212-ab60-5561-aa36-9acc415e9b5b,1.0,GENERATED,SYNTHETIC,accept,Industrial Electrician,"{""generator"":""v2"",""note"":""ground truth of the synthetic generator""}",true
7fecb6ba-3184-5447-8ebd-7bc98a1bec87,c7df5212-ab60-5561-aa36-9acc415e9b5b,1.0,GENERATED,SYNTHETIC,accept,Building Electrician,"{""generator"":""v2"",""note"":""ground truth of the synthetic generator""}",true
9a7cc742-bd1d-5f36-b06c-4566ab6111e1,c7df5212-ab60-5561-aa36-9acc415e9b5b,1.0,GENERATED,SYNTHETIC,accept,Electrician,"{""generator"":""v2"",""note"":""ground truth of the synthetic generator""}",true
af5e0f5d-f07a-51f4-b62b-fccbd1469ad2,c7df5212-ab60-5561-aa36-9acc415e9b5b,1.0,GENERATED,SYNTHETIC,accept,इलेक्ट्रिशियन,"{""generator"":""v2"",""note"":""ground truth of the synthetic generator""}",true
0ecc776d-000f-5303-a590-16a3c6778e79,c7df5212-ab60-5561-aa36-9acc415e9b5b,1.0,GENERATED,SYNTHETIC,accept,इलेक्ट्रीशियन,"{""generator"":""v2"",""note"":""ground truth of the synthetic generator""}",true
1a278431-28f2-5cda-9ff8-237d7e86d4bd,c7df5212-ab60-5561-aa36-9acc415e9b5b,1.0,GENERATED,SYNTHETIC,accept,Electrician (ITI),"{""generator"":""v2"",""note"":""ground truth of the synthetic generator""}",true
9f1dec7e-2800-51fc-8e5d-38d5e74c83a8,c7df5212-ab60-5561-aa36-9acc415e9b5b,1.0,GENERATED,SYNTHETIC,accept,Electrician,"{""generator"":""v2"",""note"":""ground truth of the synthetic generator""}",true
b0d8a8f2-ca68-577e-8f42-fedc6a9c9dac,c7df5212-ab60-5561-aa36-9acc415e9b5b,1.0,GENERATED,SYNTHETIC,accept,Maintenance Electrician,"{""generator"":""v2"",""note"":""ground truth of the synthetic generator""}",true
ef669d38-e24e-55f2-baca-8a3eb2f1e403,c7df5212-ab60-5561-aa36-9acc415e9b5b,1.0,GENERATED,SYNTHETIC,accept,इलेक्ट्रिशियन,"{""generator"":""v2"",""note"":""ground truth of the synthetic generator""}",true
5304f07a-0aa7-52b0-acea-2341ee2382d9,c7df5212-ab60-5561-aa36-9acc415e9b5b,1.0,GENERATED,SYNTHETIC,accept,Industrial Electrician,"{""generator"":""v2"",""note"":""ground truth of the synthetic generator""}",true
efbf0dca-ab40-5d3e-9512-f6bffb569a55,c7df5212-ab60-5561-aa36-9acc415e9b5b,1.0,GENERATED,SYNTHETIC,accept,Electrician (ITI),"{""generator"":""v2"",""note"":""ground truth of the synthetic generator""}",true
00a907bc-5eec-5650-be20-c86169e3133e,c7df5212-ab60-5561-aa36-9acc415e9b5b,1.0,GENERATED,SYNTHETIC,accept,Building Electrician,"{""generator"":""v2"",""note"":""ground truth of the synthetic generator""}",true
367b6ea8-ab90-5afb-ab67-fd18f6cec6e4,c7df5212-ab60-5561-aa36-9acc415e9b5b,1.0,GENERATED,SYNTHETIC,accept,Maintenance Electrician,"{""generator"":""v2"",""note"":""ground truth of the synthetic generator""}",true
bceae45d-b70b-5ea8-a7b4-37f64676eb11,c7df5212-ab60-5561-aa36-9acc415e9b5b,1.0,GENERATED,SYNTHETIC,accept,इलेक्ट्रीशियन,"{""generator"":""v2"",""note"":""ground truth of the synthetic generator""}",true
2d52623f-62f1-52b8-8d0b-b15424a020f9,c7df5212-ab60-5561-aa36-9acc415e9b5b,1.0,GENERATED,SYNTHETIC,accept,Industrial Electrician,"{""generator"":""v2"",""note"":""ground truth of the synthetic generator""}",true
ede8795f-99e2-5d9b-806f-985aea79c900,c7df5212-ab60-5561-aa36-9acc415e9b5b,1.0,GENERATED,SYNTHETIC,accept,Building Electrician,"{""generator"":""v2"",""note"":""ground truth of the synthetic generator""}",true
c057a779-81a6-5aa1-9362-79bdddf71cc4,c7df5212-ab60-5561-aa36-9acc415e9b5b,1.0,GENERATED,SYNTHETIC,accept,Building Electrician,"{""generator"":""v2"",""note"":""ground truth of the synthetic generator""}",true
ab03d236-1749-5db3-9855-6d5b06e7fb33,c7df5212-ab60-5561-aa36-9acc415e9b5b,1.0,GENERATED,SYNTHETIC,accept,Electrician (ITI),"{""generator"":""v2"",""note"":""ground truth of the synthetic generator""}",true
40f0ce67-ca07-5c8d-b0be-a6842dceca1d,c7df5212-ab60-5561-aa36-9acc415e9b5b,1.0,GENERATED,SYNTHETIC,accept,Electrician (ITI),"{""generator"":""v2"",""note"":""ground truth of the synthetic generator""}",true
da081db8-c45d-50ae-a04d-527c8ed853f4,c7df5212-ab60-5561-aa36-9acc415e9b5b,1.0,GENERATED,SYNTHETIC,accept,Building Electrician,"{""generator"":""v2"",""note"":""ground truth of the synthetic generator""}",true
c0b303e0-dada-5220-a3b0-5ce3e17ef9a9,c7df5212-ab60-5561-aa36-9acc415e9b5b,1.0,GENERATED,SYNTHETIC,accept,इलेक्ट्रिशियन,"{""generator"":""v2"",""note"":""ground truth of the synthetic generator""}",true
72b08220-57a9-5820-8e73-c69245b0e20a,c7df5212-ab60-5561-aa36-9acc415e9b5b,1.0,GENERATED,SYNTHETIC,accept,Maintenance Electrician,"{""generator"":""v2"",""note"":""ground truth of the synthetic generator""}",true
71ce719b-1911-5ab5-a482-269abb8c3c12,c7df5212-ab60-5561-aa36-9acc415e9b5b,1.0,GENERATED,SYNTHETIC,accept,Building Electrician,"{""generator"":""v2"",""note"":""ground truth of the synthetic generator""}",true
4e702c6a-9f6f-5e1a-8611-626875777680,c7df5212-ab60-5561-aa36-9acc415e9b5b,1.0,GENERATED,SYNTHETIC,accept,Industrial Electrician,"{""generator"":""v2"",""note"":""ground truth of the synthetic generator""}",true
3bd9afe3-412a-5c77-8d1c-8c8b8c2d2854,c7df5212-ab60-5561-aa36-9acc415e9b5b,1.0,GENERATED,SYNTHETIC,accept,Maintenance Electrician,"{""generator"":""v2"",""note"":""ground truth of the synthetic generator""}",true
f420949d-d572-5252-acbb-318c4e7e6285,c7df5212-ab60-5561-aa36-9acc415e9b5b,1.0,GENERATED,SYNTHETIC,accept,Industrial Electrician,"{""generator"":""v2"",""note"":""ground truth of the synthetic generator""}",true
4f742125-8975-526d-926d-d2acb2794df0,c7df5212-ab60-5561-aa36-9acc415e9b5b,1.0,GENERATED,SYNTHETIC,accept,इलेक्ट्रीशियन,"{""generator"":""v2"",""note"":""ground truth of the synthetic generator""}",true
c5b939c5-5921-55d7-93cb-74cec8a9a1fb,c7df5212-ab60-5561-aa36-9acc415e9b5b,1.0,GENERATED,SYNTHETIC,accept,Maintenance Electrician,"{""generator"":""v2"",""note"":""ground truth of the synthetic generator""}",true
95d22a58-0f33-5a0c-87af-87b759335a18,c7df5212-ab60-5561-aa36-9acc415e9b5b,1.0,GENERATED,SYNTHETIC,accept,इलेक्ट्रिशियन,"{""generator"":""v2"",""note"":""ground truth of the synthetic generator""}",true
4f2c6c7b-df1c-5ccf-a280-60fb9762f892,c7df5212-ab60-5561-aa36-9acc415e9b5b,1.0,GENERATED,SYNTHETIC,accept,इलेक्ट्रिशियन,"{""generator"":""v2"",""note"":""ground truth of the synthetic generator""}",true
358fe47e-cc17-5603-b817-485b7ee1ca01,c7df5212-ab60-5561-aa36-9acc415e9b5b,1.0,GENERATED,SYNTHETIC,accept,इलेक्ट्रिशियन,"{""generator"":""v2"",""note"":""ground truth of the synthetic generator""}",true
f3a5c842-a9ca-597e-9d8d-4f93b9dd3994,c7df5212-ab60-5561-aa36-9acc415e9b5b,1.0,GENERATED,SYNTHETIC,accept,Building Electrician,"{""generator"":""v2"",""note"":""ground truth of the synthetic generator""}",true
1fc46316-edc6-567f-9969-8693c29df1dc,c7df5212-ab60-5561-aa36-9acc415e9b5b,1.0,GENERATED,SYNTHETIC,accept,Building Electrician,"{""generator"":""v2"",""note"":""ground truth of the synthetic generator""}",true
dc82083f-2c2e-5871-8ca1-4ddc199e6f7b,c7df5212-ab60-5561-aa36-9acc415e9b5b,1.0,GENERATED,SYNTHETIC,accept,Industrial Electrician,"{""generator"":""v2"",""note"":""ground truth of the synthetic generator""}",true
db955e1d-ab1c-537b-ac44-cd3eb818c898,c7df5212-ab60-5561-aa36-9acc415e9b5b,1.0,GENERATED,SYNTHETIC,accept,Maintenance Electrician,"{""generator"":""v2"",""note"":""ground truth of the synthetic generator""}",true
6ba7f1ba-2ed5-5755-a92c-dd25a95d2a58,c7df5212-ab60-5561-aa36-9acc415e9b5b,1.0,GENERATED,SYNTHETIC,accept,Maintenance Electrician,"{""generator"":""v2"",""note"":""ground truth of the synthetic generator""}",true
4f509fef-cd18-5ab9-886f-02fb9d71525a,c7df5212-ab60-5561-aa36-9acc415e9b5b,1.0,GENERATED,SYNTHETIC,accept,Building Electrician,"{""generator"":""v2"",""note"":""ground truth of the synthetic generator""}",true
e2e86f56-dc57-5312-8af4-8ad575d61675,c7df5212-ab60-5561-aa36-9acc415e9b5b,1.0,GENERATED,SYNTHETIC,accept,इलेक्ट्रिशियन,"{""generator"":""v2"",""note"":""ground truth of the synthetic generator""}",true
4cd9ec3b-3d69-5022-b9f6-c1fd75a88aa1,c7df5212-ab60-5561-aa36-9acc415e9b5b,1.0,GENERATED,SYNTHETIC,accept,Maintenance Electrician,"{""generator"":""v2"",""note"":""ground truth of the synthetic generator""}",true
c59c215b-9b11-56b9-a73f-7d0768340cc0,c7df5212-ab60-5561-aa36-9acc415e9b5b,1.0,GENERATED,SYNTHETIC,accept,Building Electrician,"{""generator"":""v2"",""note"":""ground truth of the synthetic generator""}",true
0dc14bbc-2ae5-585d-9b8d-d22efa8702b0,c7df5212-ab60-5561-aa36-9acc415e9b5b,1.0,GENERATED,SYNTHETIC,accept,Maintenance Electrician,"{""generator"":""v2"",""note"":""ground truth of the synthetic generator""}",true
442fd83e-855f-5c6d-8604-d8a5ed45930d,c7df5212-ab60-5561-aa36-9acc415e9b5b,1.0,GENERATED,SYNTHETIC,accept,Electrician,"{""generator"":""v2"",""note"":""ground truth of the synthetic generator""}",true
375f6357-4be8-5a56-8d70-e5cdd4a9795b,c7df5212-ab60-5561-aa36-9acc415e9b5b,1.0,GENERATED,SYNTHETIC,accept,Building Electrician,"{""generator"":""v2"",""note"":""ground truth of the synthetic generator""}",true
06f8fc55-7e65-5db3-9900-1692c81f6772,c7df5212-ab60-5561-aa36-9acc415e9b5b,1.0,GENERATED,SYNTHETIC,accept,Industrial Electrician,"{""generator"":""v2"",""note"":""ground truth of the synthetic generator""}",true
e4264177-a300-551c-9e7b-25e754de8a7f,c7df5212-ab60-5561-aa36-9acc415e9b5b,1.0,GENERATED,SYNTHETIC,accept,Electrician,"{""generator"":""v2"",""note"":""ground truth of the synthetic generator""}",true
2ee37a68-9d8a-583b-ad45-723fddadd652,c7df5212-ab60-5561-aa36-9acc415e9b5b,1.0,GENERATED,SYNTHETIC,accept,Building Electrician,"{""generator"":""v2"",""note"":""ground truth of the synthetic generator""}",true
54e84a0d-9c87-568b-b5cc-9adcfb22cc66,c7df5212-ab60-5561-aa36-9acc415e9b5b,1.0,GENERATED,SYNTHETIC,accept,Maintenance Electrician,"{""generator"":""v2"",""note"":""ground truth of the synthetic generator""}",true
98c24ac7-52a7-5909-8a80-8709d293b8e4,c7df5212-ab60-5561-aa36-9acc415e9b5b,1.0,GENERATED,SYNTHETIC,accept,इलेक्ट्रिशियन,"{""generator"":""v2"",""note"":""ground truth of the synthetic generator""}",true
67212a11-a185-5321-86e3-9d5d0e695995,c7df5212-ab60-5561-aa36-9acc415e9b5b,1.0,GENERATED,SYNTHETIC,accept,इलेक्ट्रिशियन,"{""generator"":""v2"",""note"":""ground truth of the synthetic generator""}",true
4df2614b-7f2d-5bea-a5f9-f8cd84934626,c7df5212-ab60-5561-aa36-9acc415e9b5b,1.0,GENERATED,SYNTHETIC,accept,Building Electrician,"{""generator"":""v2"",""note"":""ground truth of the synthetic generator""}",true
e2cf3670-ac56-5440-910e-a72c7a2c7712,c7df5212-ab60-5561-aa36-9acc415e9b5b,1.0,GENERATED,SYNTHETIC,accept,Electrician,"{""generator"":""v2"",""note"":""ground truth of the synthetic generator""}",true
368fba47-ecee-52bb-9fcb-c593c1d96c56,c7df5212-ab60-5561-aa36-9acc415e9b5b,1.0,GENERATED,SYNTHETIC,accept,Industrial Electrician,"{""generator"":""v2"",""note"":""ground truth of the synthetic generator""}",true
a62df0ed-8c50-58c2-af48-4d91351ef247,c7df5212-ab60-5561-aa36-9acc415e9b5b,1.0,GENERATED,SYNTHETIC,accept,Maintenance Electrician,"{""generator"":""v2"",""note"":""ground truth of the synthetic generator""}",true
59676277-4f96-502c-b867-f11eb4baa5af,c7df5212-ab60-5561-aa36-9acc415e9b5b,1.0,GENERATED,SYNTHETIC,accept,Building Electrician,"{""generator"":""v2"",""note"":""ground truth of the synthetic generator""}",true
d2035f98-3e73-554c-8b00-ea650abe448c,c7df5212-ab60-5561-aa36-9acc415e9b5b,1.0,GENERATED,SYNTHETIC,accept,Building Electrician,"{""generator"":""v2"",""note"":""ground truth of the synthetic generator""}",true
4300e418-dcaf-53c5-b019-927fecedef68,c7df5212-ab60-5561-aa36-9acc415e9b5b,1.0,GENERATED,SYNTHETIC,accept,इलेक्ट्रिशियन,"{""generator"":""v2"",""note"":""ground truth of the synthetic generator""}",true
65e606b0-e283-5975-a821-5d50f54ac275,c7df5212-ab60-5561-aa36-9acc415e9b5b,1.0,GENERATED,SYNTHETIC,accept,Building Electrician,"{""generator"":""v2"",""note"":""ground truth of the synthetic generator""}",true
3a7171e9-ae63-5b9a-915e-9c821b3990ca,c7df5212-ab60-5561-aa36-9acc415e9b5b,1.0,GENERATED,SYNTHETIC,accept,इलेक्ट्रिशियन,"{""generator"":""v2"",""note"":""ground truth of the synthetic generator""}",true
649141f8-fd62-519c-81f1-fe62de43733a,c7df5212-ab60-5561-aa36-9acc415e9b5b,1.0,GENERATED,SYNTHETIC,accept,इलेक्ट्रिशियन,"{""generator"":""v2"",""note"":""ground truth of the synthetic generator""}",true
4387fa31-8ad6-5892-aed6-2fd7235ffbb1,c7df5212-ab60-5561-aa36-9acc415e9b5b,1.0,GENERATED,SYNTHETIC,accept,Electrician (ITI),"{""generator"":""v2"",""note"":""ground truth of the synthetic generator""}",true
a43e028b-ac93-539e-9134-40a96a68b7f4,c7df5212-ab60-5561-aa36-9acc415e9b5b,1.0,GENERATED,SYNTHETIC,accept,Maintenance Electrician,"{""generator"":""v2"",""note"":""ground truth of the synthetic generator""}",true
133b2443-1de9-5095-91a5-d5552ceebbbb,c7df5212-ab60-5561-aa36-9acc415e9b5b,1.0,GENERATED,SYNTHETIC,accept,इलेक्ट्रिशियन,"{""generator"":""v2"",""note"":""ground truth of the synthetic generator""}",true
550d9505-d0c9-5824-b8b0-470e653603e4,c7df5212-ab60-5561-aa36-9acc415e9b5b,1.0,GENERATED,SYNTHETIC,accept,Maintenance Electrician,"{""generator"":""v2"",""note"":""ground truth of the synthetic generator""}",true
31ece02f-94e2-5a21-978e-81d9534208bb,c7df5212-ab60-5561-aa36-9acc415e9b5b,1.0,GENERATED,SYNTHETIC,accept,Industrial Electrician,"{""generator"":""v2"",""note"":""ground truth of the synthetic generator""}",true
84bf9f83-6105-5746-8bd3-228d0460d058,c7df5212-ab60-5561-aa36-9acc415e9b5b,1.0,GENERATED,SYNTHETIC,accept,Maintenance Electrician,"{""generator"":""v2"",""note"":""ground truth of the synthetic generator""}",true
a1710d66-9686-5a5b-b566-33d0c4e6904b,c7df5212-ab60-5561-aa36-9acc415e9b5b,1.0,GENERATED,SYNTHETIC,accept,Industrial Electrician,"{""generator"":""v2"",""note"":""ground truth of the synthetic generator""}",true
6ba61085-5b15-56b0-969d-a2c6ad92cbb1,c7df5212-ab60-5561-aa36-9acc415e9b5b,1.0,GENERATED,SYNTHETIC,accept,इलेक्ट्रीशियन,"{""generator"":""v2"",""note"":""ground truth of the synthetic generator""}",true
c1237750-628b-553f-8e25-374d0d10e8ae,c7df5212-ab60-5561-aa36-9acc415e9b5b,1.0,GENERATED,SYNTHETIC,accept,इलेक्ट्रिशियन,"{""generator"":""v2"",""note"":""ground truth of the synthetic generator""}",true
0beacb51-4e6d-5cdb-bb06-8db827c83f10,c7df5212-ab60-5561-aa36-9acc415e9b5b,1.0,GENERATED,SYNTHETIC,accept,इलेक्ट्रिशियन,"{""generator"":""v2"",""note"":""ground truth of the synthetic generator""}",true
f843a0cb-44c9-5f0f-83c3-bae9c944138b,c7df5212-ab60-5561-aa36-9acc415e9b5b,1.0,GENERATED,SYNTHETIC,accept,इलेक्ट्रीशियन,"{""generator"":""v2"",""note"":""ground truth of the synthetic generator""}",true
4485a988-8d3b-5668-a2ba-12302af2b1c6,c7df5212-ab60-5561-aa36-9acc415e9b5b,1.0,GENERATED,SYNTHETIC,accept,Electrician,"{""generator"":""v2"",""note"":""ground truth of the synthetic generator""}",true
5d18537b-cacf-5d49-b8b4-495c03c123db,c7df5212-ab60-5561-aa36-9acc415e9b5b,1.0,GENERATED,SYNTHETIC,accept,इलेक्ट्रीशियन,"{""generator"":""v2"",""note"":""ground truth of the synthetic generator""}",true
f99f6c8a-aa12-55cc-a677-6428678e771e,c7df5212-ab60-5561-aa36-9acc415e9b5b,1.0,GENERATED,SYNTHETIC,accept,Maintenance Electrician,"{""generator"":""v2"",""note"":""ground truth of the synthetic generator""}",true
2031bc26-bc9d-52a2-865f-59a9e69521d5,c7df5212-ab60-5561-aa36-9acc415e9b5b,1.0,GENERATED,SYNTHETIC,accept,Building Electrician,"{""generator"":""v2"",""note"":""ground truth of the synthetic generator""}",true
b7d59794-1a54-51dd-aea4-2b31fd08582c,c7df5212-ab60-5561-aa36-9acc415e9b5b,1.0,GENERATED,SYNTHETIC,accept,Industrial Electrician,"{""generator"":""v2"",""note"":""ground truth of the synthetic generator""}",true
01cdaeb5-621f-50ca-8e13-ff59ce46e170,c7df5212-ab60-5561-aa36-9acc415e9b5b,1.0,GENERATED,SYNTHETIC,accept,इलेक्ट्रिशियन,"{""generator"":""v2"",""note"":""ground truth of the synthetic generator""}",true
391577a5-e137-5b92-bedc-a9ee1167c239,c7df5212-ab60-5561-aa36-9acc415e9b5b,1.0,GENERATED,SYNTHETIC,accept,इलेक्ट्रीशियन,"{""generator"":""v2"",""note"":""ground truth of the synthetic generator""}",true
928c94ef-0875-52cf-b1aa-7a9f8794ba3a,c7df5212-ab60-5561-aa36-9acc415e9b5b,1.0,GENERATED,SYNTHETIC,accept,Industrial Electrician,"{""generator"":""v2"",""note"":""ground truth of the synthetic generator""}",true
67259c45-9a08-5ba1-aa2f-0cb67b53ea0b,c7df5212-ab60-5561-aa36-9acc415e9b5b,1.0,GENERATED,SYNTHETIC,accept,Maintenance Electrician,"{""generator"":""v2"",""note"":""ground truth of the synthetic generator""}",true
06f0de0d-2697-5694-9dbf-3dee4a3748df,c7df5212-ab60-5561-aa36-9acc415e9b5b,1.0,GENERATED,SYNTHETIC,accept,इलेक्ट्रिशियन,"{""generator"":""v2"",""note"":""ground truth of the synthetic generator""}",true
8793bb67-0864-5f0c-91a8-70616082fb0d,c7df5212-ab60-5561-aa36-9acc415e9b5b,1.0,GENERATED,SYNTHETIC,accept,Industrial Electrician,"{""generator"":""v2"",""note"":""ground truth of the synthetic generator""}",true
36d2ea39-53af-5bdc-80a3-c1eea38a14d5,c7df5212-ab60-5561-aa36-9acc415e9b5b,1.0,GENERATED,SYNTHETIC,accept,इलेक्ट्रिशियन,"{""generator"":""v2"",""note"":""ground truth of the synthetic generator""}",true
f5104906-4b57-52a1-83af-9de10164f72a,c7df5212-ab60-5561-aa36-9acc415e9b5b,1.0,GENERATED,SYNTHETIC,accept,Electrician,"{""generator"":""v2"",""note"":""ground truth of the synthetic generator""}",true
fa14d9a5-bc28-5eaf-b9ed-24f4b068bce5,c7df5212-ab60-5561-aa36-9acc415e9b5b,1.0,GENERATED,SYNTHETIC,accept,Industrial Electrician,"{""generator"":""v2"",""note"":""ground truth of the synthetic generator""}",true
5f0b8295-c608-5b8f-8079-5ecd3ebea68b,c7df5212-ab60-5561-aa36-9acc415e9b5b,1.0,GENERATED,SYNTHETIC,accept,Building Electrician,"{""generator"":""v2"",""note"":""ground truth of the synthetic generator""}",true
7cd712b9-ccae-5671-ab4c-88cd22a53d2b,c7df5212-ab60-5561-aa36-9acc415e9b5b,1.0,GENERATED,SYNTHETIC,accept,Building Electrician,"{""generator"":""v2"",""note"":""ground truth of the synthetic generator""}",true
65e79e43-3b86-5fb2-828d-8779d943725f,c7df5212-ab60-5561-aa36-9acc415e9b5b,1.0,GENERATED,SYNTHETIC,accept,Industrial Electrician,"{""generator"":""v2"",""note"":""ground truth of the synthetic generator""}",true
7eb589c2-4fd4-5516-a502-4ff1192cd0ec,c7df5212-ab60-5561-aa36-9acc415e9b5b,1.0,GENERATED,SYNTHETIC,accept,इलेक्ट्रिशियन,"{""generator"":""v2"",""note"":""ground truth of the synthetic generator""}",true
8673da96-2d5d-5388-9b66-9364246fa601,c7df5212-ab60-5561-aa36-9acc415e9b5b,1.0,GENERATED,SYNTHETIC,accept,इलेक्ट्रिशियन,"{""generator"":""v2"",""note"":""ground truth of the synthetic generator""}",true
18e13f25-5ad5-5ac2-9c20-de168c6c8270,c7df5212-ab60-5561-aa36-9acc415e9b5b,1.0,GENERATED,SYNTHETIC,accept,Electrician,"{""generator"":""v2"",""note"":""ground truth of the synthetic generator""}",true
06c23279-dc51-5435-92b1-01b0c8b1d112,c7df5212-ab60-5561-aa36-9acc415e9b5b,1.0,GENERATED,SYNTHETIC,accept,Maintenance Electrician,"{""generator"":""v2"",""note"":""ground truth of the synthetic generator""}",true
6774c57b-a0ca-5e26-a9b1-e799428818fd,c7df5212-ab60-5561-aa36-9acc415e9b5b,1.0,GENERATED,SYNTHETIC,accept,Industrial Electrician,"{""generator"":""v2"",""note"":""ground truth of the synthetic generator""}",true
f233f87d-b83a-5c6f-b5b8-15751cecac24,c7df5212-ab60-5561-aa36-9acc415e9b5b,1.0,GENERATED,SYNTHETIC,accept,Electrician,"{""generator"":""v2"",""note"":""ground truth of the synthetic generator""}",true
fdff5bbe-d3d7-5b99-a8c2-08eb38eb0282,c7df5212-ab60-5561-aa36-9acc415e9b5b,1.0,GENERATED,SYNTHETIC,accept,Industrial Electrician,"{""generator"":""v2"",""note"":""ground truth of the synthetic generator""}",true
96cdc2b5-3702-56ca-af42-ad35749999d8,c7df5212-ab60-5561-aa36-9acc415e9b5b,1.0,GENERATED,SYNTHETIC,accept,Maintenance Electrician,"{""generator"":""v2"",""note"":""ground truth of the synthetic generator""}",true
211baf8b-ed14-568a-b624-9b2ff7c455a3,c7df5212-ab60-5561-aa36-9acc415e9b5b,1.0,GENERATED,SYNTHETIC,accept,Industrial Electrician,"{""generator"":""v2"",""note"":""ground truth of the synthetic generator""}",true
64d8ec86-c0cc-547d-9b04-61ac55e9513f,c7df5212-ab60-5561-aa36-9acc415e9b5b,1.0,GENERATED,SYNTHETIC,accept,इलेक्ट्रिशियन,"{""generator"":""v2"",""note"":""ground truth of the synthetic generator""}",true
e7d1f48d-2e11-5a51-ba20-ca62a2cd298f,c7df5212-ab60-5561-aa36-9acc415e9b5b,1.0,GENERATED,SYNTHETIC,accept,Industrial Electrician,"{""generator"":""v2"",""note"":""ground truth of the synthetic generator""}",true
63c0b6ce-5129-55c1-89fa-c8c17b3f2708,c7df5212-ab60-5561-aa36-9acc415e9b5b,1.0,GENERATED,SYNTHETIC,accept,इलेक्ट्रिशियन,"{""generator"":""v2"",""note"":""ground truth of the synthetic generator""}",true
04ddff5a-3657-58e0-af70-4964eb76e265,c7df5212-ab60-5561-aa36-9acc415e9b5b,1.0,GENERATED,SYNTHETIC,accept,Industrial Electrician,"{""generator"":""v2"",""note"":""ground truth of the synthetic generator""}",true
a7da3394-9bae-5f72-95ea-d8c76dc447ff,c7df5212-ab60-5561-aa36-9acc415e9b5b,1.0,GENERATED,SYNTHETIC,accept,Electrician (ITI),"{""generator"":""v2"",""note"":""ground truth of the synthetic generator""}",true
53311cf8-cbb1-5692-a559-1ebfbed51d59,c7df5212-ab60-5561-aa36-9acc415e9b5b,1.0,GENERATED,SYNTHETIC,accept,Industrial Electrician,"{""generator"":""v2"",""note"":""ground truth of the synthetic generator""}",true
29ecab56-a583-5781-8efc-82ec067bd4be,c7df5212-ab60-5561-aa36-9acc415e9b5b,1.0,GENERATED,SYNTHETIC,accept,Building Electrician,"{""generator"":""v2"",""note"":""ground truth of the synthetic generator""}",true
11b73294-47bb-5dc0-bd70-ecce1069b869,c7df5212-ab60-5561-aa36-9acc415e9b5b,1.0,GENERATED,SYNTHETIC,accept,Industrial Electrician,"{""generator"":""v2"",""note"":""ground truth of the synthetic generator""}",true
53aad7ad-d439-5e61-97c3-cbc5dac58c48,c7df5212-ab60-5561-aa36-9acc415e9b5b,1.0,GENERATED,SYNTHETIC,accept,Building Electrician,"{""generator"":""v2"",""note"":""ground truth of the synthetic generator""}",true
e64e3689-ae40-592e-b806-226be8a98929,c7df5212-ab60-5561-aa36-9acc415e9b5b,1.0,GENERATED,SYNTHETIC,accept,Maintenance Electrician,"{""generator"":""v2"",""note"":""ground truth of the synthetic generator""}",true
0313b91e-1c6e-5b18-a26f-470f23e86201,c7df5212-ab60-5561-aa36-9acc415e9b5b,1.0,GENERATED,SYNTHETIC,accept,Electrician,"{""generator"":""v2"",""note"":""ground truth of the synthetic generator""}",true
d32cc156-3d03-552d-ab4c-f3e01b35a2a8,c7df5212-ab60-5561-aa36-9acc415e9b5b,1.0,GENERATED,SYNTHETIC,accept,Building Electrician,"{""generator"":""v2"",""note"":""ground truth of the synthetic generator""}",true
2bedf6be-c2eb-57d1-a4de-4877dab8e8fb,c7df5212-ab60-5561-aa36-9acc415e9b5b,1.0,GENERATED,SYNTHETIC,accept,Maintenance Electrician,"{""generator"":""v2"",""note"":""ground truth of the synthetic generator""}",true
7730c52f-5ffb-5b59-9c57-2ef6eb01df85,c7df5212-ab60-5561-aa36-9acc415e9b5b,1.0,GENERATED,SYNTHETIC,accept,Industrial Electrician,"{""generator"":""v2"",""note"":""ground truth of the synthetic generator""}",true
70299204-13c0-5a5d-a2ff-6d88461d73dd,c7df5212-ab60-5561-aa36-9acc415e9b5b,1.0,GENERATED,SYNTHETIC,accept,इलेक्ट्रिशियन,"{""generator"":""v2"",""note"":""ground truth of the synthetic generator""}",true
e9c47eb5-1843-577e-a8e6-b204e5dd7266,c7df5212-ab60-5561-aa36-9acc415e9b5b,1.0,GENERATED,SYNTHETIC,accept,Electrician (ITI),"{""generator"":""v2"",""note"":""ground truth of the synthetic generator""}",true
8154dedd-9feb-54d5-8d8d-35d5d1d07bae,c7df5212-ab60-5561-aa36-9acc415e9b5b,1.0,GENERATED,SYNTHETIC,accept,Electrician,"{""generator"":""v2"",""note"":""ground truth of the synthetic generator""}",true
1c14fdc3-cfd8-58df-884c-53bb32f15e33,c7df5212-ab60-5561-aa36-9acc415e9b5b,1.0,GENERATED,SYNTHETIC,accept,Maintenance Electrician,"{""generator"":""v2"",""note"":""ground truth of the synthetic generator""}",true
a519865e-6ef1-594a-af37-924452093bbb,c7df5212-ab60-5561-aa36-9acc415e9b5b,1.0,GENERATED,SYNTHETIC,accept,इलेक्ट्रिशियन,"{""generator"":""v2"",""note"":""ground truth of the synthetic generator""}",true
aad5d464-4383-5caa-a3d2-ce3fababdbec,c7df5212-ab60-5561-aa36-9acc415e9b5b,1.0,GENERATED,SYNTHETIC,accept,Industrial Electrician,"{""generator"":""v2"",""note"":""ground truth of the synthetic generator""}",true
b4747ff9-e900-5495-81ab-037b4c7c6b95,c7df5212-ab60-5561-aa36-9acc415e9b5b,1.0,GENERATED,SYNTHETIC,accept,Building Electrician,"{""generator"":""v2"",""note"":""ground truth of the synthetic generator""}",true
5ef6ef67-fd21-50fb-bc98-690e89381224,c7df5212-ab60-5561-aa36-9acc415e9b5b,1.0,GENERATED,SYNTHETIC,accept,Electrician (ITI),"{""generator"":""v2"",""note"":""ground truth of the synthetic generator""}",true
39b7a3c9-2458-57d4-884a-fdda81cf841f,c7df5212-ab60-5561-aa36-9acc415e9b5b,1.0,GENERATED,SYNTHETIC,accept,Electrician,"{""generator"":""v2"",""note"":""ground truth of the synthetic generator""}",true
27c72ddb-c4f7-54dc-ad0f-fffee7ca0f36,c7df5212-ab60-5561-aa36-9acc415e9b5b,1.0,GENERATED,SYNTHETIC,accept,Building Electrician,"{""generator"":""v2"",""note"":""ground truth of the synthetic generator""}",true
42af208d-552b-560b-945f-ce597c470277,c7df5212-ab60-5561-aa36-9acc415e9b5b,1.0,GENERATED,SYNTHETIC,accept,Maintenance Electrician,"{""generator"":""v2"",""note"":""ground truth of the synthetic generator""}",true
411e5026-6049-5a73-bc78-9b9956dc30d5,c7df5212-ab60-5561-aa36-9acc415e9b5b,1.0,GENERATED,SYNTHETIC,accept,इलेक्ट्रीशियन,"{""generator"":""v2"",""note"":""ground truth of the synthetic generator""}",true
44a4f673-18d4-552b-b461-0641cbaef2d1,c7df5212-ab60-5561-aa36-9acc415e9b5b,1.0,GENERATED,SYNTHETIC,accept,Electrician,"{""generator"":""v2"",""note"":""ground truth of the synthetic generator""}",true
d53b9574-a216-57a4-ba29-dca078e28dc2,c7df5212-ab60-5561-aa36-9acc415e9b5b,1.0,GENERATED,SYNTHETIC,accept,इलेक्ट्रिशियन,"{""generator"":""v2"",""note"":""ground truth of the synthetic generator""}",true
00e965e3-f2c0-512c-b72c-2c1f1d31b6ae,c7df5212-ab60-5561-aa36-9acc415e9b5b,1.0,GENERATED,SYNTHETIC,accept,Industrial Electrician,"{""generator"":""v2"",""note"":""ground truth of the synthetic generator""}",true
36e1e988-74d6-5694-bbe3-f3f6345139ed,c7df5212-ab60-5561-aa36-9acc415e9b5b,1.0,GENERATED,SYNTHETIC,accept,Industrial Electrician,"{""generator"":""v2"",""note"":""ground truth of the synthetic generator""}",true
0c217706-4bd8-5ef4-9c3a-277383eeca0e,c7df5212-ab60-5561-aa36-9acc415e9b5b,1.0,GENERATED,SYNTHETIC,accept,Maintenance Electrician,"{""generator"":""v2"",""note"":""ground truth of the synthetic generator""}",true
5bd19c0c-229f-5e50-a6d9-f8e936e08765,c7df5212-ab60-5561-aa36-9acc415e9b5b,1.0,GENERATED,SYNTHETIC,accept,इलेक्ट्रिशियन,"{""generator"":""v2"",""note"":""ground truth of the synthetic generator""}",true
db7d9897-addf-5f2b-a902-5bb8f7e098b8,c7df5212-ab60-5561-aa36-9acc415e9b5b,1.0,GENERATED,SYNTHETIC,accept,Maintenance Electrician,"{""generator"":""v2"",""note"":""ground truth of the synthetic generator""}",true
eea54875-372c-5702-afc0-8ff58f0674ae,c7df5212-ab60-5561-aa36-9acc415e9b5b,1.0,GENERATED,SYNTHETIC,accept,Electrician (ITI),"{""generator"":""v2"",""note"":""ground truth of the synthetic generator""}",true
b6c1deaa-7795-570d-ad0f-8104b66e5eaf,c7df5212-ab60-5561-aa36-9acc415e9b5b,1.0,GENERATED,SYNTHETIC,accept,Industrial Electrician,"{""generator"":""v2"",""note"":""ground truth of the synthetic generator""}",true
d4d8c4af-6fb6-57ff-a06c-76c3e30ef547,2f571be3-597c-576f-8dbd-e8baff7c9dfe,1.0,GENERATED,SYNTHETIC,accept,House Wiring Technician,"{""generator"":""v2"",""note"":""ground truth of the synthetic generator""}",true
7ad46221-95a4-59ac-beb1-fa7e7c529f9a,2f571be3-597c-576f-8dbd-e8baff7c9dfe,1.0,GENERATED,SYNTHETIC,accept,Electrical Wireman,"{""generator"":""v2"",""note"":""ground truth of the synthetic generator""}",true
bb316356-6025-5f60-abc0-fda8bb962ffd,2f571be3-597c-576f-8dbd-e8baff7c9dfe,1.0,GENERATED,SYNTHETIC,accept,Electrical Wireman,"{""generator"":""v2"",""note"":""ground truth of the synthetic generator""}",true
50a7b6d3-b17e-553b-8164-0118a8e2866c,2f571be3-597c-576f-8dbd-e8baff7c9dfe,1.0,GENERATED,SYNTHETIC,accept,Electrical Wireman,"{""generator"":""v2"",""note"":""ground truth of the synthetic generator""}",true
08088f84-fe67-5e79-8ae6-2bcbb8c70845,2f571be3-597c-576f-8dbd-e8baff7c9dfe,1.0,GENERATED,SYNTHETIC,accept,Electrical Wireman,"{""generator"":""v2"",""note"":""ground truth of the synthetic generator""}",true
486f63ea-82b4-5ad2-b287-eadf2f4c4da0,2f571be3-597c-576f-8dbd-e8baff7c9dfe,1.0,GENERATED,SYNTHETIC,accept,वायरमन,"{""generator"":""v2"",""note"":""ground truth of the synthetic generator""}",true
f4dd2744-9c6b-5eb8-b7a2-f9e04bad0f6e,2f571be3-597c-576f-8dbd-e8baff7c9dfe,1.0,GENERATED,SYNTHETIC,accept,Wireman,"{""generator"":""v2"",""note"":""ground truth of the synthetic generator""}",true
d16ee4ac-7db8-5924-b0d4-c8489a3de252,2f571be3-597c-576f-8dbd-e8baff7c9dfe,1.0,GENERATED,SYNTHETIC,accept,Wireman,"{""generator"":""v2"",""note"":""ground truth of the synthetic generator""}",true
91104241-3399-58fa-baf5-fdae61711760,2f571be3-597c-576f-8dbd-e8baff7c9dfe,1.0,GENERATED,SYNTHETIC,accept,Electrical Wireman,"{""generator"":""v2"",""note"":""ground truth of the synthetic generator""}",true
02c51c06-a8ea-5bfa-b2ed-0a0e60c7369d,2f571be3-597c-576f-8dbd-e8baff7c9dfe,1.0,GENERATED,SYNTHETIC,accept,Electrical Wireman,"{""generator"":""v2"",""note"":""ground truth of the synthetic generator""}",true
c40bec29-480b-5834-af4c-bf0173188abd,2f571be3-597c-576f-8dbd-e8baff7c9dfe,1.0,GENERATED,SYNTHETIC,accept,House Wiring Technician,"{""generator"":""v2"",""note"":""ground truth of the synthetic generator""}",true
e713beb9-c5a7-5357-956c-15e12a35a7e9,2f571be3-597c-576f-8dbd-e8baff7c9dfe,1.0,GENERATED,SYNTHETIC,accept,वायरमैन,"{""generator"":""v2"",""note"":""ground truth of the synthetic generator""}",true
41bb1d9f-b106-504b-8fbb-be7774a7ae48,2f571be3-597c-576f-8dbd-e8baff7c9dfe,1.0,GENERATED,SYNTHETIC,accept,Electrical Wireman,"{""generator"":""v2"",""note"":""ground truth of the synthetic generator""}",true
5b21d7ca-1047-5d58-94d8-decb52ca9a74,2f571be3-597c-576f-8dbd-e8baff7c9dfe,1.0,GENERATED,SYNTHETIC,accept,House Wiring Technician,"{""generator"":""v2"",""note"":""ground truth of the synthetic generator""}",true
9287a1c7-56c5-5593-ad67-4bbae50b710a,2f571be3-597c-576f-8dbd-e8baff7c9dfe,1.0,GENERATED,SYNTHETIC,accept,House Wiring Technician,"{""generator"":""v2"",""note"":""ground truth of the synthetic generator""}",true
f3e98f1d-fa65-5420-8906-17a0fbda4108,2f571be3-597c-576f-8dbd-e8baff7c9dfe,1.0,GENERATED,SYNTHETIC,accept,Electrical Wireman,"{""generator"":""v2"",""note"":""ground truth of the synthetic generator""}",true
9faa9c71-d290-51ce-8f6b-90be0453da86,2f571be3-597c-576f-8dbd-e8baff7c9dfe,1.0,GENERATED,SYNTHETIC,accept,Electrical Wireman,"{""generator"":""v2"",""note"":""ground truth of the synthetic generator""}",true
71388588-c6db-5ff3-bc27-fa10ec0ea190,2f571be3-597c-576f-8dbd-e8baff7c9dfe,1.0,GENERATED,SYNTHETIC,accept,Electrical Wireman,"{""generator"":""v2"",""note"":""ground truth of the synthetic generator""}",true
f6bd1ef7-a6c7-5196-b93a-c2b1817a485c,2f571be3-597c-576f-8dbd-e8baff7c9dfe,1.0,GENERATED,SYNTHETIC,accept,Wireman,"{""generator"":""v2"",""note"":""ground truth of the synthetic generator""}",true
b24db018-978e-5216-b99d-ddaae785b7ee,2f571be3-597c-576f-8dbd-e8baff7c9dfe,1.0,GENERATED,SYNTHETIC,accept,वायरमन,"{""generator"":""v2"",""note"":""ground truth of the synthetic generator""}",true
6f23c993-c5bc-5615-b583-c94f64603b77,2f571be3-597c-576f-8dbd-e8baff7c9dfe,1.0,GENERATED,SYNTHETIC,accept,Wireman,"{""generator"":""v2"",""note"":""ground truth of the synthetic generator""}",true
7155e952-7b12-5bff-b47b-d32a0b60ccdb,03766387-41ff-5119-95b7-86ce19e0d729,1.0,GENERATED,SYNTHETIC,accept,Rewinding Mechanic,"{""generator"":""v2"",""note"":""ground truth of the synthetic generator""}",true
4a838e2a-6bfd-5a1c-97d3-becacbef996f,03766387-41ff-5119-95b7-86ce19e0d729,1.0,GENERATED,SYNTHETIC,accept,Motor Rewinder,"{""generator"":""v2"",""note"":""ground truth of the synthetic generator""}",true
a4b499a9-0f08-5448-8669-1fb65d340e71,03766387-41ff-5119-95b7-86ce19e0d729,1.0,GENERATED,SYNTHETIC,accept,Motor Winding Technician,"{""generator"":""v2"",""note"":""ground truth of the synthetic generator""}",true
aed21cb4-778a-580b-a486-ab19635bd7f8,03766387-41ff-5119-95b7-86ce19e0d729,1.0,GENERATED,SYNTHETIC,accept,Motor Winding Technician,"{""generator"":""v2"",""note"":""ground truth of the synthetic generator""}",true
c4d9aaf8-b569-5972-bf07-4b10136dbf2b,03766387-41ff-5119-95b7-86ce19e0d729,1.0,GENERATED,SYNTHETIC,accept,Motor Rewinder,"{""generator"":""v2"",""note"":""ground truth of the synthetic generator""}",true
d46a9475-d9eb-54b8-b82a-0c5fb8f76ed2,03766387-41ff-5119-95b7-86ce19e0d729,1.0,GENERATED,SYNTHETIC,accept,Motor Rewinder,"{""generator"":""v2"",""note"":""ground truth of the synthetic generator""}",true
83a9570b-2545-5d5e-898d-f840e6cb5c3f,03766387-41ff-5119-95b7-86ce19e0d729,1.0,GENERATED,SYNTHETIC,accept,मोटर वाइंडर,"{""generator"":""v2"",""note"":""ground truth of the synthetic generator""}",true
ae9983b0-100a-52e5-9fd9-71b67103944f,03766387-41ff-5119-95b7-86ce19e0d729,1.0,GENERATED,SYNTHETIC,accept,Motor Winding Technician,"{""generator"":""v2"",""note"":""ground truth of the synthetic generator""}",true
146537a3-607b-5978-a305-b762f6bf7caa,03766387-41ff-5119-95b7-86ce19e0d729,1.0,GENERATED,SYNTHETIC,accept,Rewinding Mechanic,"{""generator"":""v2"",""note"":""ground truth of the synthetic generator""}",true
f0740166-48dd-5b18-958c-c1114d430990,03766387-41ff-5119-95b7-86ce19e0d729,1.0,GENERATED,SYNTHETIC,accept,Motor Rewinder,"{""generator"":""v2"",""note"":""ground truth of the synthetic generator""}",true
9777b440-1032-5a94-ab67-a7c2032d50a6,03766387-41ff-5119-95b7-86ce19e0d729,1.0,GENERATED,SYNTHETIC,accept,मोटर वाइंडर,"{""generator"":""v2"",""note"":""ground truth of the synthetic generator""}",true
5b9de3c9-bb30-5aa6-ade4-f1f1b67ebd84,03766387-41ff-5119-95b7-86ce19e0d729,1.0,GENERATED,SYNTHETIC,accept,Motor Rewinder,"{""generator"":""v2"",""note"":""ground truth of the synthetic generator""}",true
dc99f170-2225-52c2-9564-f9cb0bd01963,03766387-41ff-5119-95b7-86ce19e0d729,1.0,GENERATED,SYNTHETIC,accept,Motor Winding Technician,"{""generator"":""v2"",""note"":""ground truth of the synthetic generator""}",true
c15f0f79-16c4-50c1-a184-94641a88ed12,03766387-41ff-5119-95b7-86ce19e0d729,1.0,GENERATED,SYNTHETIC,accept,Motor Rewinder,"{""generator"":""v2"",""note"":""ground truth of the synthetic generator""}",true
28f43488-2000-5f39-bdc4-4a3583b0f07b,03766387-41ff-5119-95b7-86ce19e0d729,1.0,GENERATED,SYNTHETIC,accept,Motor Rewinder,"{""generator"":""v2"",""note"":""ground truth of the synthetic generator""}",true
56186cdb-b92f-577d-903b-818ee62cbce3,03766387-41ff-5119-95b7-86ce19e0d729,1.0,GENERATED,SYNTHETIC,accept,Motor Rewinder,"{""generator"":""v2"",""note"":""ground truth of the synthetic generator""}",true
62efd83e-790b-5433-be1b-d49c7182dd94,03766387-41ff-5119-95b7-86ce19e0d729,1.0,GENERATED,SYNTHETIC,accept,Motor Rewinder,"{""generator"":""v2"",""note"":""ground truth of the synthetic generator""}",true
4a111b55-a455-54ea-b36b-c71694824a06,03766387-41ff-5119-95b7-86ce19e0d729,1.0,GENERATED,SYNTHETIC,accept,Rewinding Mechanic,"{""generator"":""v2"",""note"":""ground truth of the synthetic generator""}",true
cc7254c9-090a-5379-951b-17da7c4f0ea5,03766387-41ff-5119-95b7-86ce19e0d729,1.0,GENERATED,SYNTHETIC,accept,मोटर वाइंडर,"{""generator"":""v2"",""note"":""ground truth of the synthetic generator""}",true
4db84d18-98d4-563f-802a-90c2f22cd88f,03766387-41ff-5119-95b7-86ce19e0d729,1.0,GENERATED,SYNTHETIC,accept,Motor Winding Technician,"{""generator"":""v2"",""note"":""ground truth of the synthetic generator""}",true
42ee735a-f625-51ea-865e-f11688245efb,03766387-41ff-5119-95b7-86ce19e0d729,1.0,GENERATED,SYNTHETIC,accept,Rewinding Mechanic,"{""generator"":""v2"",""note"":""ground truth of the synthetic generator""}",true
6ac60e0a-aec9-5c3f-8b4e-0158e5bd44f4,03766387-41ff-5119-95b7-86ce19e0d729,1.0,GENERATED,SYNTHETIC,accept,Motor Rewinder,"{""generator"":""v2"",""note"":""ground truth of the synthetic generator""}",true
b915f631-1cb5-580b-a4fe-efdae5d18b26,03766387-41ff-5119-95b7-86ce19e0d729,1.0,GENERATED,SYNTHETIC,accept,Motor Rewinder,"{""generator"":""v2"",""note"":""ground truth of the synthetic generator""}",true
550faae6-b310-5746-a97a-762ae3cc824d,03766387-41ff-5119-95b7-86ce19e0d729,1.0,GENERATED,SYNTHETIC,accept,Motor Rewinder,"{""generator"":""v2"",""note"":""ground truth of the synthetic generator""}",true
981eafc1-5a54-5165-92cb-ae923ab1cdbf,03766387-41ff-5119-95b7-86ce19e0d729,1.0,GENERATED,SYNTHETIC,accept,Rewinding Mechanic,"{""generator"":""v2"",""note"":""ground truth of the synthetic generator""}",true
94eecb5a-a008-51f0-aa8a-27054135d2aa,03766387-41ff-5119-95b7-86ce19e0d729,1.0,GENERATED,SYNTHETIC,accept,मोटर वाइंडर,"{""generator"":""v2"",""note"":""ground truth of the synthetic generator""}",true
d92d5857-8501-52a8-ad09-9898750dc717,608cbacd-5b75-535a-92f4-6a1d0aa606f5,1.0,GENERATED,SYNTHETIC,accept,सोलर पॅनल इन्स्टॉलर,"{""generator"":""v2"",""note"":""ground truth of the synthetic generator""}",true
bfac2052-7d7c-5493-ba94-ae3e7920da06,608cbacd-5b75-535a-92f4-6a1d0aa606f5,1.0,GENERATED,SYNTHETIC,accept,Solar PV Installer,"{""generator"":""v2"",""note"":""ground truth of the synthetic generator""}",true
0f8192e2-b857-5f66-8707-87f874243a1d,608cbacd-5b75-535a-92f4-6a1d0aa606f5,1.0,GENERATED,SYNTHETIC,accept,Solar PV Installer,"{""generator"":""v2"",""note"":""ground truth of the synthetic generator""}",true
28ca4891-b7ae-59ee-a048-abeee479602a,608cbacd-5b75-535a-92f4-6a1d0aa606f5,1.0,GENERATED,SYNTHETIC,accept,Solar PV Installer,"{""generator"":""v2"",""note"":""ground truth of the synthetic generator""}",true
7e2082a2-af72-5e04-a0a5-4ac9bba83052,608cbacd-5b75-535a-92f4-6a1d0aa606f5,1.0,GENERATED,SYNTHETIC,accept,सोलर पैनल इंस्टॉलर,"{""generator"":""v2"",""note"":""ground truth of the synthetic generator""}",true
0d499f31-eea5-59f0-bdb7-6974c92532c6,608cbacd-5b75-535a-92f4-6a1d0aa606f5,1.0,GENERATED,SYNTHETIC,accept,Solar PV Installer,"{""generator"":""v2"",""note"":""ground truth of the synthetic generator""}",true
a2c3bc99-b702-5e6e-b0be-169b4d9918ff,608cbacd-5b75-535a-92f4-6a1d0aa606f5,1.0,GENERATED,SYNTHETIC,accept,Solar PV Installer,"{""generator"":""v2"",""note"":""ground truth of the synthetic generator""}",true
3a35ce1f-6114-552b-a158-1a1bd0617617,608cbacd-5b75-535a-92f4-6a1d0aa606f5,1.0,GENERATED,SYNTHETIC,accept,Rooftop Solar Installer,"{""generator"":""v2"",""note"":""ground truth of the synthetic generator""}",true
fd9471e5-8231-5e4b-b742-c39ba84050a5,608cbacd-5b75-535a-92f4-6a1d0aa606f5,1.0,GENERATED,SYNTHETIC,accept,Solar Panel Fitter,"{""generator"":""v2"",""note"":""ground truth of the synthetic generator""}",true
e335ddf5-f76a-5f3f-8f3c-0ba5362d1951,608cbacd-5b75-535a-92f4-6a1d0aa606f5,1.0,GENERATED,SYNTHETIC,accept,Solar PV Installer,"{""generator"":""v2"",""note"":""ground truth of the synthetic generator""}",true
c5b429f0-a8d1-582d-9095-cdf5e3d94d18,608cbacd-5b75-535a-92f4-6a1d0aa606f5,1.0,GENERATED,SYNTHETIC,accept,सोलर पैनल इंस्टॉलर,"{""generator"":""v2"",""note"":""ground truth of the synthetic generator""}",true
bbb00bee-5f6b-5600-ad6a-25d2437485d4,608cbacd-5b75-535a-92f4-6a1d0aa606f5,1.0,GENERATED,SYNTHETIC,accept,Solar PV Installer,"{""generator"":""v2"",""note"":""ground truth of the synthetic generator""}",true
1f810009-cda0-5b42-9122-e559ecbbb2d3,608cbacd-5b75-535a-92f4-6a1d0aa606f5,1.0,GENERATED,SYNTHETIC,accept,Rooftop Solar Installer,"{""generator"":""v2"",""note"":""ground truth of the synthetic generator""}",true
5b2ed05f-305e-53fa-9e8f-fbed40893b3a,608cbacd-5b75-535a-92f4-6a1d0aa606f5,1.0,GENERATED,SYNTHETIC,accept,सोलर पॅनल इन्स्टॉलर,"{""generator"":""v2"",""note"":""ground truth of the synthetic generator""}",true
3c9e7c5b-a451-5e43-8b2e-6c290e5ba21e,608cbacd-5b75-535a-92f4-6a1d0aa606f5,1.0,GENERATED,SYNTHETIC,accept,Rooftop Solar Installer,"{""generator"":""v2"",""note"":""ground truth of the synthetic generator""}",true
718f9bce-b22f-51bc-96ac-8c01d51ec8f9,608cbacd-5b75-535a-92f4-6a1d0aa606f5,1.0,GENERATED,SYNTHETIC,accept,सोलर पैनल इंस्टॉलर,"{""generator"":""v2"",""note"":""ground truth of the synthetic generator""}",true
c0080047-6999-5e15-9c38-ba6753ad70df,608cbacd-5b75-535a-92f4-6a1d0aa606f5,1.0,GENERATED,SYNTHETIC,accept,Rooftop Solar Installer,"{""generator"":""v2"",""note"":""ground truth of the synthetic generator""}",true
df7e3a9e-1d54-51b5-b1ff-8391f0ab8345,608cbacd-5b75-535a-92f4-6a1d0aa606f5,1.0,GENERATED,SYNTHETIC,accept,सोलर पॅनल इन्स्टॉलर,"{""generator"":""v2"",""note"":""ground truth of the synthetic generator""}",true
daabe837-1ebb-5e79-9c16-f483eac26f49,608cbacd-5b75-535a-92f4-6a1d0aa606f5,1.0,GENERATED,SYNTHETIC,accept,Rooftop Solar Installer,"{""generator"":""v2"",""note"":""ground truth of the synthetic generator""}",true
6be6e82b-0473-580b-b94d-ecc61a509f80,608cbacd-5b75-535a-92f4-6a1d0aa606f5,1.0,GENERATED,SYNTHETIC,accept,Rooftop Solar Installer,"{""generator"":""v2"",""note"":""ground truth of the synthetic generator""}",true
22a2e914-e8c5-5654-86d0-1483dada5d65,608cbacd-5b75-535a-92f4-6a1d0aa606f5,1.0,GENERATED,SYNTHETIC,accept,Solar PV Installer,"{""generator"":""v2"",""note"":""ground truth of the synthetic generator""}",true
68e8b5aa-5c43-5d4a-b2ed-7c880c886fe4,608cbacd-5b75-535a-92f4-6a1d0aa606f5,1.0,GENERATED,SYNTHETIC,accept,Solar Panel Fitter,"{""generator"":""v2"",""note"":""ground truth of the synthetic generator""}",true
bf8035b6-5d34-5d3c-a3c7-37a12406ea4e,608cbacd-5b75-535a-92f4-6a1d0aa606f5,1.0,GENERATED,SYNTHETIC,accept,Solar PV Installer,"{""generator"":""v2"",""note"":""ground truth of the synthetic generator""}",true
bd7ef80d-0a85-5d8b-8b72-e4417114072d,608cbacd-5b75-535a-92f4-6a1d0aa606f5,1.0,GENERATED,SYNTHETIC,accept,Solar PV Installer,"{""generator"":""v2"",""note"":""ground truth of the synthetic generator""}",true
006aff6a-19b8-5baf-b0eb-f0a6d4cfca06,608cbacd-5b75-535a-92f4-6a1d0aa606f5,1.0,GENERATED,SYNTHETIC,accept,सोलर पॅनल इन्स्टॉलर,"{""generator"":""v2"",""note"":""ground truth of the synthetic generator""}",true
128e0e7e-8855-5fe7-8db2-51fdd112a7db,608cbacd-5b75-535a-92f4-6a1d0aa606f5,1.0,GENERATED,SYNTHETIC,accept,Solar PV Installer,"{""generator"":""v2"",""note"":""ground truth of the synthetic generator""}",true
b14df182-c941-5a00-89f9-fc14e5d61859,608cbacd-5b75-535a-92f4-6a1d0aa606f5,1.0,GENERATED,SYNTHETIC,accept,Rooftop Solar Installer,"{""generator"":""v2"",""note"":""ground truth of the synthetic generator""}",true
049c633e-cb19-54ed-89bf-561b94b6a1c3,608cbacd-5b75-535a-92f4-6a1d0aa606f5,1.0,GENERATED,SYNTHETIC,accept,Solar PV Installer,"{""generator"":""v2"",""note"":""ground truth of the synthetic generator""}",true
4d1cc9ea-c26a-55af-bd90-4f7130b264ff,608cbacd-5b75-535a-92f4-6a1d0aa606f5,1.0,GENERATED,SYNTHETIC,accept,Solar PV Installer,"{""generator"":""v2"",""note"":""ground truth of the synthetic generator""}",true
186f12cf-5473-515e-8a53-846840d9f0fa,608cbacd-5b75-535a-92f4-6a1d0aa606f5,1.0,GENERATED,SYNTHETIC,accept,Rooftop Solar Installer,"{""generator"":""v2"",""note"":""ground truth of the synthetic generator""}",true
d7424e6b-8172-531d-9be4-202d8733b0b5,608cbacd-5b75-535a-92f4-6a1d0aa606f5,1.0,GENERATED,SYNTHETIC,accept,Solar PV Installer,"{""generator"":""v2"",""note"":""ground truth of the synthetic generator""}",true
d0bb08c1-4603-5c01-ad43-eaa7accc3ba0,608cbacd-5b75-535a-92f4-6a1d0aa606f5,1.0,GENERATED,SYNTHETIC,accept,Rooftop Solar Installer,"{""generator"":""v2"",""note"":""ground truth of the synthetic generator""}",true
b224003b-65b2-5331-a734-c98ad9754ade,608cbacd-5b75-535a-92f4-6a1d0aa606f5,1.0,GENERATED,SYNTHETIC,accept,Solar PV Installer,"{""generator"":""v2"",""note"":""ground truth of the synthetic generator""}",true
547332e6-73ce-5ff2-9e5d-ada5e14d86c2,608cbacd-5b75-535a-92f4-6a1d0aa606f5,1.0,GENERATED,SYNTHETIC,accept,सोलर पॅनल इन्स्टॉलर,"{""generator"":""v2"",""note"":""ground truth of the synthetic generator""}",true
e16631a8-f6e9-530d-8ed8-88c7bf53ffd9,608cbacd-5b75-535a-92f4-6a1d0aa606f5,1.0,GENERATED,SYNTHETIC,accept,Solar PV Installer,"{""generator"":""v2"",""note"":""ground truth of the synthetic generator""}",true
10af72d6-ff26-53ef-aade-2ba29db21cb4,608cbacd-5b75-535a-92f4-6a1d0aa606f5,1.0,GENERATED,SYNTHETIC,accept,Solar PV Installer,"{""generator"":""v2"",""note"":""ground truth of the synthetic generator""}",true
3441b550-0ce1-57e6-aecb-4f25c627b703,608cbacd-5b75-535a-92f4-6a1d0aa606f5,1.0,GENERATED,SYNTHETIC,accept,Rooftop Solar Installer,"{""generator"":""v2"",""note"":""ground truth of the synthetic generator""}",true
76df80b7-ca25-5bb1-aaf8-d63202fb098d,608cbacd-5b75-535a-92f4-6a1d0aa606f5,1.0,GENERATED,SYNTHETIC,accept,Rooftop Solar Installer,"{""generator"":""v2"",""note"":""ground truth of the synthetic generator""}",true
6034de93-2533-58be-8a85-c28cb1623275,608cbacd-5b75-535a-92f4-6a1d0aa606f5,1.0,GENERATED,SYNTHETIC,accept,Solar PV Installer,"{""generator"":""v2"",""note"":""ground truth of the synthetic generator""}",true
f9e6219d-416a-5140-b719-bf606333944e,608cbacd-5b75-535a-92f4-6a1d0aa606f5,1.0,GENERATED,SYNTHETIC,accept,Rooftop Solar Installer,"{""generator"":""v2"",""note"":""ground truth of the synthetic generator""}",true
d0b62ecd-bb9d-57fb-93fd-8a7a2ca1de29,608cbacd-5b75-535a-92f4-6a1d0aa606f5,1.0,GENERATED,SYNTHETIC,accept,Solar Panel Fitter,"{""generator"":""v2"",""note"":""ground truth of the synthetic generator""}",true
3b10d989-a535-54b5-ac3a-90e5ff9bb842,608cbacd-5b75-535a-92f4-6a1d0aa606f5,1.0,GENERATED,SYNTHETIC,accept,सोलर पॅनल इन्स्टॉलर,"{""generator"":""v2"",""note"":""ground truth of the synthetic generator""}",true
a7444c63-8fab-5ca9-a0c0-591049842ed3,608cbacd-5b75-535a-92f4-6a1d0aa606f5,1.0,GENERATED,SYNTHETIC,accept,Solar Panel Fitter,"{""generator"":""v2"",""note"":""ground truth of the synthetic generator""}",true
7b5c94ef-fb7b-5c5b-975a-c2cc032f17bf,608cbacd-5b75-535a-92f4-6a1d0aa606f5,1.0,GENERATED,SYNTHETIC,accept,Solar PV Installer,"{""generator"":""v2"",""note"":""ground truth of the synthetic generator""}",true
baff590c-2c78-5a44-96f4-286f75e752e5,608cbacd-5b75-535a-92f4-6a1d0aa606f5,1.0,GENERATED,SYNTHETIC,accept,Solar PV Installer,"{""generator"":""v2"",""note"":""ground truth of the synthetic generator""}",true
a1190dfa-22d8-5fba-bb4c-b10546daf6f9,608cbacd-5b75-535a-92f4-6a1d0aa606f5,1.0,GENERATED,SYNTHETIC,accept,Solar Panel Fitter,"{""generator"":""v2"",""note"":""ground truth of the synthetic generator""}",true
f8854aaf-edd3-54ee-96c1-456aec50dd1c,608cbacd-5b75-535a-92f4-6a1d0aa606f5,1.0,GENERATED,SYNTHETIC,accept,सोलर पॅनल इन्स्टॉलर,"{""generator"":""v2"",""note"":""ground truth of the synthetic generator""}",true
0e869255-2eb4-56d9-b3d2-b8ac3efd5387,608cbacd-5b75-535a-92f4-6a1d0aa606f5,1.0,GENERATED,SYNTHETIC,accept,Solar Panel Fitter,"{""generator"":""v2"",""note"":""ground truth of the synthetic generator""}",true
ba048622-2c78-5e7a-989a-06abfb4c0516,608cbacd-5b75-535a-92f4-6a1d0aa606f5,1.0,GENERATED,SYNTHETIC,accept,Solar PV Installer,"{""generator"":""v2"",""note"":""ground truth of the synthetic generator""}",true
497b7865-9073-5ff6-81c8-0fd732691635,608cbacd-5b75-535a-92f4-6a1d0aa606f5,1.0,GENERATED,SYNTHETIC,accept,Rooftop Solar Installer,"{""generator"":""v2"",""note"":""ground truth of the synthetic generator""}",true
ddaf338a-7156-5a2b-a4a7-d2fd2d53450c,608cbacd-5b75-535a-92f4-6a1d0aa606f5,1.0,GENERATED,SYNTHETIC,accept,Solar PV Installer,"{""generator"":""v2"",""note"":""ground truth of the synthetic generator""}",true
e16ddb3a-f325-596e-b566-a3c9090e785c,608cbacd-5b75-535a-92f4-6a1d0aa606f5,1.0,GENERATED,SYNTHETIC,accept,Rooftop Solar Installer,"{""generator"":""v2"",""note"":""ground truth of the synthetic generator""}",true
075f5acd-5974-597a-9534-86e4f2c1b931,608cbacd-5b75-535a-92f4-6a1d0aa606f5,1.0,GENERATED,SYNTHETIC,accept,सोलर पॅनल इन्स्टॉलर,"{""generator"":""v2"",""note"":""ground truth of the synthetic generator""}",true
70d08ba1-fdb0-5dbd-9268-8af6ea5e444a,608cbacd-5b75-535a-92f4-6a1d0aa606f5,1.0,GENERATED,SYNTHETIC,accept,सोलर पैनल इंस्टॉलर,"{""generator"":""v2"",""note"":""ground truth of the synthetic generator""}",true
138be1cf-e5ba-537d-8fa8-28d188048b02,608cbacd-5b75-535a-92f4-6a1d0aa606f5,1.0,GENERATED,SYNTHETIC,accept,Solar PV Installer,"{""generator"":""v2"",""note"":""ground truth of the synthetic generator""}",true
acac26d3-8f3b-50c1-a185-261e1ec3655c,608cbacd-5b75-535a-92f4-6a1d0aa606f5,1.0,GENERATED,SYNTHETIC,accept,Solar Panel Fitter,"{""generator"":""v2"",""note"":""ground truth of the synthetic generator""}",true
197b1630-c0e3-5a86-b842-64f18975178f,b943fcf7-9b8c-5261-907f-3a3ad77dfba0,1.0,GENERATED,SYNTHETIC,accept,Solar Service Technician,"{""generator"":""v2"",""note"":""ground truth of the synthetic generator""}",true
b7e6b9a3-9d55-58f0-933f-9056d0bcdfe9,b943fcf7-9b8c-5261-907f-3a3ad77dfba0,1.0,GENERATED,SYNTHETIC,accept,Solar O&M Technician,"{""generator"":""v2"",""note"":""ground truth of the synthetic generator""}",true
cd5654c2-6f91-5636-9cc2-3fd6ab7c9684,b943fcf7-9b8c-5261-907f-3a3ad77dfba0,1.0,GENERATED,SYNTHETIC,accept,Solar Inverter Technician,"{""generator"":""v2"",""note"":""ground truth of the synthetic generator""}",true
eb94c260-b980-5941-82f5-3b36d3d0bb46,b943fcf7-9b8c-5261-907f-3a3ad77dfba0,1.0,GENERATED,SYNTHETIC,accept,Solar Service Technician,"{""generator"":""v2"",""note"":""ground truth of the synthetic generator""}",true
2be3205b-6516-5c18-9f75-ecfe08cc88b3,b943fcf7-9b8c-5261-907f-3a3ad77dfba0,1.0,GENERATED,SYNTHETIC,accept,Solar Service Technician,"{""generator"":""v2"",""note"":""ground truth of the synthetic generator""}",true
8f60e7e4-fa29-53b8-825c-44d72e4167fa,b943fcf7-9b8c-5261-907f-3a3ad77dfba0,1.0,GENERATED,SYNTHETIC,accept,Solar Service Technician,"{""generator"":""v2"",""note"":""ground truth of the synthetic generator""}",true
e45e8dd5-2fbf-5aa1-bb03-1170faa97669,b943fcf7-9b8c-5261-907f-3a3ad77dfba0,1.0,GENERATED,SYNTHETIC,accept,सोलर सर्विस तकनीशियन,"{""generator"":""v2"",""note"":""ground truth of the synthetic generator""}",true
522b86b5-b021-52f0-853f-ce4c089fd46d,b943fcf7-9b8c-5261-907f-3a3ad77dfba0,1.0,GENERATED,SYNTHETIC,accept,Solar Inverter Technician,"{""generator"":""v2"",""note"":""ground truth of the synthetic generator""}",true
23a6924e-3325-5110-a91e-13f3da4c2ac3,b943fcf7-9b8c-5261-907f-3a3ad77dfba0,1.0,GENERATED,SYNTHETIC,accept,Solar O&M Technician,"{""generator"":""v2"",""note"":""ground truth of the synthetic generator""}",true
dbddf09c-2471-5782-b969-f6b78091d695,b943fcf7-9b8c-5261-907f-3a3ad77dfba0,1.0,GENERATED,SYNTHETIC,accept,Solar Service Technician,"{""generator"":""v2"",""note"":""ground truth of the synthetic generator""}",true
52a64b97-ec76-58ac-84ca-5d37edc2313f,b943fcf7-9b8c-5261-907f-3a3ad77dfba0,1.0,GENERATED,SYNTHETIC,accept,Solar Inverter Technician,"{""generator"":""v2"",""note"":""ground truth of the synthetic generator""}",true
6d49d68d-0463-5578-91ed-87c137e996d2,b943fcf7-9b8c-5261-907f-3a3ad77dfba0,1.0,GENERATED,SYNTHETIC,accept,Solar O&M Technician,"{""generator"":""v2"",""note"":""ground truth of the synthetic generator""}",true
336b5dd7-45f9-538c-8da0-9d6bd8e8a9b2,b943fcf7-9b8c-5261-907f-3a3ad77dfba0,1.0,GENERATED,SYNTHETIC,accept,Solar Inverter Technician,"{""generator"":""v2"",""note"":""ground truth of the synthetic generator""}",true
d50f332f-095a-56ca-854c-770edc2025e9,b943fcf7-9b8c-5261-907f-3a3ad77dfba0,1.0,GENERATED,SYNTHETIC,accept,सोलर सर्व्हिस टेक्निशियन,"{""generator"":""v2"",""note"":""ground truth of the synthetic generator""}",true
012fe87f-e081-5fa4-b834-21e09856dc24,b943fcf7-9b8c-5261-907f-3a3ad77dfba0,1.0,GENERATED,SYNTHETIC,accept,Solar Service Technician,"{""generator"":""v2"",""note"":""ground truth of the synthetic generator""}",true
a27b0ea7-420b-5058-876a-5437228d4235,b943fcf7-9b8c-5261-907f-3a3ad77dfba0,1.0,GENERATED,SYNTHETIC,accept,सोलर सर्व्हिस टेक्निशियन,"{""generator"":""v2"",""note"":""ground truth of the synthetic generator""}",true
f1215db5-51b7-53b3-b197-8f2f36b2c16b,b943fcf7-9b8c-5261-907f-3a3ad77dfba0,1.0,GENERATED,SYNTHETIC,accept,Solar Service Technician,"{""generator"":""v2"",""note"":""ground truth of the synthetic generator""}",true
9ea7e4a5-39e3-52ae-8414-0bc4fc7408c7,b943fcf7-9b8c-5261-907f-3a3ad77dfba0,1.0,GENERATED,SYNTHETIC,accept,सोलर सर्व्हिस टेक्निशियन,"{""generator"":""v2"",""note"":""ground truth of the synthetic generator""}",true
f1d6d89f-d868-51ed-bffb-bd2ee546ff28,b943fcf7-9b8c-5261-907f-3a3ad77dfba0,1.0,GENERATED,SYNTHETIC,accept,Solar Inverter Technician,"{""generator"":""v2"",""note"":""ground truth of the synthetic generator""}",true
2489dc1d-c9d0-5251-b765-aa9cffbe72b8,b943fcf7-9b8c-5261-907f-3a3ad77dfba0,1.0,GENERATED,SYNTHETIC,accept,सोलर सर्व्हिस टेक्निशियन,"{""generator"":""v2"",""note"":""ground truth of the synthetic generator""}",true
b172e335-497c-575e-aab8-80abb5ae4aec,b943fcf7-9b8c-5261-907f-3a3ad77dfba0,1.0,GENERATED,SYNTHETIC,accept,Solar O&M Technician,"{""generator"":""v2"",""note"":""ground truth of the synthetic generator""}",true
91043f02-1e26-59e9-b55e-c05f109c53ef,b943fcf7-9b8c-5261-907f-3a3ad77dfba0,1.0,GENERATED,SYNTHETIC,accept,Solar Service Technician,"{""generator"":""v2"",""note"":""ground truth of the synthetic generator""}",true
362d56e5-d164-53da-a144-7c819f0b8080,b943fcf7-9b8c-5261-907f-3a3ad77dfba0,1.0,GENERATED,SYNTHETIC,accept,Solar O&M Technician,"{""generator"":""v2"",""note"":""ground truth of the synthetic generator""}",true
cf6c1458-b5a6-58ee-ab2a-6225681cd062,b943fcf7-9b8c-5261-907f-3a3ad77dfba0,1.0,GENERATED,SYNTHETIC,accept,Solar Service Technician,"{""generator"":""v2"",""note"":""ground truth of the synthetic generator""}",true
9f5ac308-d058-56eb-ad81-6d99363bb2cb,45a4b4a2-7e42-55f6-933d-be42ed3a5b81,1.0,GENERATED,SYNTHETIC,accept,ईवी सर्विस तकनीशियन,"{""generator"":""v2"",""note"":""ground truth of the synthetic generator""}",true
1e3637bd-0c3e-5548-ac85-1698a4e9cf20,45a4b4a2-7e42-55f6-933d-be42ed3a5b81,1.0,GENERATED,SYNTHETIC,accept,EV Technician,"{""generator"":""v2"",""note"":""ground truth of the synthetic generator""}",true
0b49aed7-b377-57e6-ba91-a1d1e150b94e,45a4b4a2-7e42-55f6-933d-be42ed3a5b81,1.0,GENERATED,SYNTHETIC,accept,Electric Vehicle Mechanic,"{""generator"":""v2"",""note"":""ground truth of the synthetic generator""}",true
514d8689-3ace-5c2f-a69a-cb104f304e6f,45a4b4a2-7e42-55f6-933d-be42ed3a5b81,1.0,GENERATED,SYNTHETIC,accept,Electric Vehicle Mechanic,"{""generator"":""v2"",""note"":""ground truth of the synthetic generator""}",true
438bf1e6-0e88-5135-964d-eed6826fa942,45a4b4a2-7e42-55f6-933d-be42ed3a5b81,1.0,GENERATED,SYNTHETIC,accept,EV Service Technician,"{""generator"":""v2"",""note"":""ground truth of the synthetic generator""}",true
0e19f891-f11e-5899-ac99-051fdbd7daaa,45a4b4a2-7e42-55f6-933d-be42ed3a5b81,1.0,GENERATED,SYNTHETIC,accept,Electric Vehicle Mechanic,"{""generator"":""v2"",""note"":""ground truth of the synthetic generator""}",true
469e29af-cee6-577f-bf19-e9354db798b4,45a4b4a2-7e42-55f6-933d-be42ed3a5b81,1.0,GENERATED,SYNTHETIC,accept,Electric Vehicle Mechanic,"{""generator"":""v2"",""note"":""ground truth of the synthetic generator""}",true
ba52a0ab-d82f-5507-bfac-50dfd49d1f80,45a4b4a2-7e42-55f6-933d-be42ed3a5b81,1.0,GENERATED,SYNTHETIC,accept,Electric Vehicle Mechanic,"{""generator"":""v2"",""note"":""ground truth of the synthetic generator""}",true
e0460d90-2ff0-51d7-8085-fa3a06551193,45a4b4a2-7e42-55f6-933d-be42ed3a5b81,1.0,GENERATED,SYNTHETIC,accept,EV Technician,"{""generator"":""v2"",""note"":""ground truth of the synthetic generator""}",true
824ccfcb-b6af-5d65-a091-94b4d2493ebb,45a4b4a2-7e42-55f6-933d-be42ed3a5b81,1.0,GENERATED,SYNTHETIC,accept,Electric Vehicle Mechanic,"{""generator"":""v2"",""note"":""ground truth of the synthetic generator""}",true
faf051b6-b8c2-5cb8-a3e4-048e41d6289d,45a4b4a2-7e42-55f6-933d-be42ed3a5b81,1.0,GENERATED,SYNTHETIC,accept,Electric Vehicle Mechanic,"{""generator"":""v2"",""note"":""ground truth of the synthetic generator""}",true
0967b46b-218c-525c-a135-55e1c9d52c35,45a4b4a2-7e42-55f6-933d-be42ed3a5b81,1.0,GENERATED,SYNTHETIC,accept,EV Technician,"{""generator"":""v2"",""note"":""ground truth of the synthetic generator""}",true
40dbcb22-8364-5d2c-bae0-932716d7d132,45a4b4a2-7e42-55f6-933d-be42ed3a5b81,1.0,GENERATED,SYNTHETIC,accept,EV Technician,"{""generator"":""v2"",""note"":""ground truth of the synthetic generator""}",true
2c9d83bc-b4c0-5227-b615-d25a543e851a,45a4b4a2-7e42-55f6-933d-be42ed3a5b81,1.0,GENERATED,SYNTHETIC,accept,EV Technician,"{""generator"":""v2"",""note"":""ground truth of the synthetic generator""}",true
05234546-0364-5401-b4e4-da7bc55aab9d,45a4b4a2-7e42-55f6-933d-be42ed3a5b81,1.0,GENERATED,SYNTHETIC,accept,EV Workshop Technician,"{""generator"":""v2"",""note"":""ground truth of the synthetic generator""}",true
c5a8d045-c796-5652-bf63-e1a5cc9fda42,45a4b4a2-7e42-55f6-933d-be42ed3a5b81,1.0,GENERATED,SYNTHETIC,accept,EV Technician,"{""generator"":""v2"",""note"":""ground truth of the synthetic generator""}",true
57db6b4d-3723-5973-8a6e-b88a65bf31c3,45a4b4a2-7e42-55f6-933d-be42ed3a5b81,1.0,GENERATED,SYNTHETIC,accept,EV Technician,"{""generator"":""v2"",""note"":""ground truth of the synthetic generator""}",true
e0402942-e809-51db-b084-802ae3d82a91,45a4b4a2-7e42-55f6-933d-be42ed3a5b81,1.0,GENERATED,SYNTHETIC,accept,EV Workshop Technician,"{""generator"":""v2"",""note"":""ground truth of the synthetic generator""}",true
199ef1d4-25a9-54db-ad7a-b04478a21333,45a4b4a2-7e42-55f6-933d-be42ed3a5b81,1.0,GENERATED,SYNTHETIC,accept,EV Workshop Technician,"{""generator"":""v2"",""note"":""ground truth of the synthetic generator""}",true
8c9912c0-33b9-596e-a94d-5ecef9ab8956,45a4b4a2-7e42-55f6-933d-be42ed3a5b81,1.0,GENERATED,SYNTHETIC,accept,EV Service Technician,"{""generator"":""v2"",""note"":""ground truth of the synthetic generator""}",true
aa2cd1bf-72ce-55b6-9e50-f795e10b9491,45a4b4a2-7e42-55f6-933d-be42ed3a5b81,1.0,GENERATED,SYNTHETIC,accept,ईवी सर्विस तकनीशियन,"{""generator"":""v2"",""note"":""ground truth of the synthetic generator""}",true
07a8f39a-c1e3-5e9b-94ed-b449f34d853c,45a4b4a2-7e42-55f6-933d-be42ed3a5b81,1.0,GENERATED,SYNTHETIC,accept,EV Technician,"{""generator"":""v2"",""note"":""ground truth of the synthetic generator""}",true
560fe86f-5b6d-5883-b286-9aba0371d0fe,45a4b4a2-7e42-55f6-933d-be42ed3a5b81,1.0,GENERATED,SYNTHETIC,accept,EV Technician,"{""generator"":""v2"",""note"":""ground truth of the synthetic generator""}",true
2bb9c573-6175-5118-9425-711721989a0d,45a4b4a2-7e42-55f6-933d-be42ed3a5b81,1.0,GENERATED,SYNTHETIC,accept,EV Technician,"{""generator"":""v2"",""note"":""ground truth of the synthetic generator""}",true
3edb558a-3e45-5d5f-8c8b-f809878fb2df,45a4b4a2-7e42-55f6-933d-be42ed3a5b81,1.0,GENERATED,SYNTHETIC,accept,EV Workshop Technician,"{""generator"":""v2"",""note"":""ground truth of the synthetic generator""}",true
a371fe21-bd16-564d-82c8-bc3ffe845b46,45a4b4a2-7e42-55f6-933d-be42ed3a5b81,1.0,GENERATED,SYNTHETIC,accept,ईवी सर्विस तकनीशियन,"{""generator"":""v2"",""note"":""ground truth of the synthetic generator""}",true
d12b9d07-2eb7-526f-8dc0-a4cd7186e1b3,45a4b4a2-7e42-55f6-933d-be42ed3a5b81,1.0,GENERATED,SYNTHETIC,accept,ईवी सर्विस तकनीशियन,"{""generator"":""v2"",""note"":""ground truth of the synthetic generator""}",true
2f6f330f-708c-536d-849f-438a9b124615,45a4b4a2-7e42-55f6-933d-be42ed3a5b81,1.0,GENERATED,SYNTHETIC,accept,Electric Vehicle Mechanic,"{""generator"":""v2"",""note"":""ground truth of the synthetic generator""}",true
64f9e766-7829-5ae6-9987-5161a75633f6,45a4b4a2-7e42-55f6-933d-be42ed3a5b81,1.0,GENERATED,SYNTHETIC,accept,EV Technician,"{""generator"":""v2"",""note"":""ground truth of the synthetic generator""}",true
c4fc54fd-8b21-561d-9a5f-1e4b816bf1ab,45a4b4a2-7e42-55f6-933d-be42ed3a5b81,1.0,GENERATED,SYNTHETIC,accept,ईवी सर्विस तकनीशियन,"{""generator"":""v2"",""note"":""ground truth of the synthetic generator""}",true
34d5fd5c-1f0e-524d-b11f-e491f3b7777e,45a4b4a2-7e42-55f6-933d-be42ed3a5b81,1.0,GENERATED,SYNTHETIC,accept,Electric Vehicle Mechanic,"{""generator"":""v2"",""note"":""ground truth of the synthetic generator""}",true
8797f891-4421-5d5b-9178-eeef77ad079e,45a4b4a2-7e42-55f6-933d-be42ed3a5b81,1.0,GENERATED,SYNTHETIC,accept,EV Workshop Technician,"{""generator"":""v2"",""note"":""ground truth of the synthetic generator""}",true
20672c83-f608-5a49-968f-5e35287e1feb,45a4b4a2-7e42-55f6-933d-be42ed3a5b81,1.0,GENERATED,SYNTHETIC,accept,EV Service Technician,"{""generator"":""v2"",""note"":""ground truth of the synthetic generator""}",true
ff4e33c2-36d9-571c-b8a7-0be3881ee88c,45a4b4a2-7e42-55f6-933d-be42ed3a5b81,1.0,GENERATED,SYNTHETIC,accept,EV Technician,"{""generator"":""v2"",""note"":""ground truth of the synthetic generator""}",true
daaaf8f6-5b5d-58b3-a579-fbe26a9ec55b,45a4b4a2-7e42-55f6-933d-be42ed3a5b81,1.0,GENERATED,SYNTHETIC,accept,ईवी सर्विस तकनीशियन,"{""generator"":""v2"",""note"":""ground truth of the synthetic generator""}",true
479862d3-62d1-5b2c-86bb-448f28f14d71,45a4b4a2-7e42-55f6-933d-be42ed3a5b81,1.0,GENERATED,SYNTHETIC,accept,EV Technician,"{""generator"":""v2"",""note"":""ground truth of the synthetic generator""}",true
9434908d-7704-56e9-9394-dc22dc8e74c2,45a4b4a2-7e42-55f6-933d-be42ed3a5b81,1.0,GENERATED,SYNTHETIC,accept,EV Technician,"{""generator"":""v2"",""note"":""ground truth of the synthetic generator""}",true
3498f11b-e485-5f91-a31e-40a5182cecfb,45a4b4a2-7e42-55f6-933d-be42ed3a5b81,1.0,GENERATED,SYNTHETIC,accept,EV Workshop Technician,"{""generator"":""v2"",""note"":""ground truth of the synthetic generator""}",true
456e3952-d01c-5c57-89e6-75e1cbb80123,45a4b4a2-7e42-55f6-933d-be42ed3a5b81,1.0,GENERATED,SYNTHETIC,accept,ईवी सर्विस तकनीशियन,"{""generator"":""v2"",""note"":""ground truth of the synthetic generator""}",true
2e0d39a4-ac90-5dea-a62a-97beb85a0adc,45a4b4a2-7e42-55f6-933d-be42ed3a5b81,1.0,GENERATED,SYNTHETIC,accept,EV Technician,"{""generator"":""v2"",""note"":""ground truth of the synthetic generator""}",true
2200bba5-4aba-5f67-91f6-c2171ef101f6,45a4b4a2-7e42-55f6-933d-be42ed3a5b81,1.0,GENERATED,SYNTHETIC,accept,EV Service Technician,"{""generator"":""v2"",""note"":""ground truth of the synthetic generator""}",true
d5c4b76e-deee-5b3f-a8fd-467bb549dac7,45a4b4a2-7e42-55f6-933d-be42ed3a5b81,1.0,GENERATED,SYNTHETIC,accept,EV Workshop Technician,"{""generator"":""v2"",""note"":""ground truth of the synthetic generator""}",true
31eb59f9-8817-5526-9224-57892b28fc02,45a4b4a2-7e42-55f6-933d-be42ed3a5b81,1.0,GENERATED,SYNTHETIC,accept,Electric Vehicle Mechanic,"{""generator"":""v2"",""note"":""ground truth of the synthetic generator""}",true
741bafd0-7e27-5c90-9817-85f5699ec268,45a4b4a2-7e42-55f6-933d-be42ed3a5b81,1.0,GENERATED,SYNTHETIC,accept,EV Technician,"{""generator"":""v2"",""note"":""ground truth of the synthetic generator""}",true
9edb2c85-7adf-53ba-bec9-fdc8bf05a57d,45a4b4a2-7e42-55f6-933d-be42ed3a5b81,1.0,GENERATED,SYNTHETIC,accept,ईवी सर्विस तकनीशियन,"{""generator"":""v2"",""note"":""ground truth of the synthetic generator""}",true
8d7c7f68-1a21-5b6f-94b3-b0c111b786e3,45a4b4a2-7e42-55f6-933d-be42ed3a5b81,1.0,GENERATED,SYNTHETIC,accept,EV Technician,"{""generator"":""v2"",""note"":""ground truth of the synthetic generator""}",true
b7ad72ee-5776-5cdf-8427-d4fabfd69b9d,45a4b4a2-7e42-55f6-933d-be42ed3a5b81,1.0,GENERATED,SYNTHETIC,accept,EV Technician,"{""generator"":""v2"",""note"":""ground truth of the synthetic generator""}",true
8b6fa2bd-a088-5c37-a2c1-f97acb91b93e,45a4b4a2-7e42-55f6-933d-be42ed3a5b81,1.0,GENERATED,SYNTHETIC,accept,Electric Vehicle Mechanic,"{""generator"":""v2"",""note"":""ground truth of the synthetic generator""}",true
09c657c7-824c-5d4e-b74e-fbfb33674ca9,45a4b4a2-7e42-55f6-933d-be42ed3a5b81,1.0,GENERATED,SYNTHETIC,accept,EV Workshop Technician,"{""generator"":""v2"",""note"":""ground truth of the synthetic generator""}",true
f288d92c-6007-5341-a791-4db6a6ec482e,45a4b4a2-7e42-55f6-933d-be42ed3a5b81,1.0,GENERATED,SYNTHETIC,accept,EV Service Technician,"{""generator"":""v2"",""note"":""ground truth of the synthetic generator""}",true
9e11e7b9-14da-576d-86b8-c7dcdec3ef76,45a4b4a2-7e42-55f6-933d-be42ed3a5b81,1.0,GENERATED,SYNTHETIC,accept,Electric Vehicle Mechanic,"{""generator"":""v2"",""note"":""ground truth of the synthetic generator""}",true
cd037e1c-521a-5c66-9389-e0a0690f97cb,45a4b4a2-7e42-55f6-933d-be42ed3a5b81,1.0,GENERATED,SYNTHETIC,accept,EV Technician,"{""generator"":""v2"",""note"":""ground truth of the synthetic generator""}",true
a4f521ea-46a0-5417-809c-b46cdd74d0bd,45a4b4a2-7e42-55f6-933d-be42ed3a5b81,1.0,GENERATED,SYNTHETIC,accept,EV Service Technician,"{""generator"":""v2"",""note"":""ground truth of the synthetic generator""}",true
93546fbe-9f6b-5590-a542-9db3b45b2c68,45a4b4a2-7e42-55f6-933d-be42ed3a5b81,1.0,GENERATED,SYNTHETIC,accept,Electric Vehicle Mechanic,"{""generator"":""v2"",""note"":""ground truth of the synthetic generator""}",true
a3311907-92ca-502b-b5f6-4dd338692b7a,45a4b4a2-7e42-55f6-933d-be42ed3a5b81,1.0,GENERATED,SYNTHETIC,accept,ईव्ही सर्व्हिस टेक्निशियन,"{""generator"":""v2"",""note"":""ground truth of the synthetic generator""}",true
f90f0c5e-e800-5b78-a0ad-877219668a20,45a4b4a2-7e42-55f6-933d-be42ed3a5b81,1.0,GENERATED,SYNTHETIC,accept,Electric Vehicle Mechanic,"{""generator"":""v2"",""note"":""ground truth of the synthetic generator""}",true
2c8def14-1428-55df-b95c-bee3e83ff169,45a4b4a2-7e42-55f6-933d-be42ed3a5b81,1.0,GENERATED,SYNTHETIC,accept,EV Service Technician,"{""generator"":""v2"",""note"":""ground truth of the synthetic generator""}",true
319cf24d-89e6-5c73-bed5-7fcc2a0fd4de,45a4b4a2-7e42-55f6-933d-be42ed3a5b81,1.0,GENERATED,SYNTHETIC,accept,Electric Vehicle Mechanic,"{""generator"":""v2"",""note"":""ground truth of the synthetic generator""}",true
fcd5ca15-bc02-521e-89ee-b6f1a6c2febb,45a4b4a2-7e42-55f6-933d-be42ed3a5b81,1.0,GENERATED,SYNTHETIC,accept,ईवी सर्विस तकनीशियन,"{""generator"":""v2"",""note"":""ground truth of the synthetic generator""}",true
3725722b-b4b6-5ad0-8ff4-f2c0615361e3,45a4b4a2-7e42-55f6-933d-be42ed3a5b81,1.0,GENERATED,SYNTHETIC,accept,EV Workshop Technician,"{""generator"":""v2"",""note"":""ground truth of the synthetic generator""}",true
7ebca77f-a1b1-5412-8ed5-f728385065aa,45a4b4a2-7e42-55f6-933d-be42ed3a5b81,1.0,GENERATED,SYNTHETIC,accept,EV Workshop Technician,"{""generator"":""v2"",""note"":""ground truth of the synthetic generator""}",true
2f99c215-1b81-5ef7-b896-b8dea1a9ca60,45a4b4a2-7e42-55f6-933d-be42ed3a5b81,1.0,GENERATED,SYNTHETIC,accept,EV Technician,"{""generator"":""v2"",""note"":""ground truth of the synthetic generator""}",true
c104a042-996a-515c-9ff3-3468daf39165,45a4b4a2-7e42-55f6-933d-be42ed3a5b81,1.0,GENERATED,SYNTHETIC,accept,EV Service Technician,"{""generator"":""v2"",""note"":""ground truth of the synthetic generator""}",true
f9729f80-6a1c-5661-8de5-6065422aa729,45a4b4a2-7e42-55f6-933d-be42ed3a5b81,1.0,GENERATED,SYNTHETIC,accept,EV Service Technician,"{""generator"":""v2"",""note"":""ground truth of the synthetic generator""}",true
5dc3c77f-634e-589f-97a0-91ebd42c7c60,45a4b4a2-7e42-55f6-933d-be42ed3a5b81,1.0,GENERATED,SYNTHETIC,accept,ईवी सर्विस तकनीशियन,"{""generator"":""v2"",""note"":""ground truth of the synthetic generator""}",true
b365d2c5-a92e-5b1e-829b-367e7ba2116f,45a4b4a2-7e42-55f6-933d-be42ed3a5b81,1.0,GENERATED,SYNTHETIC,accept,EV Workshop Technician,"{""generator"":""v2"",""note"":""ground truth of the synthetic generator""}",true
2f25d99b-98fd-535c-98bb-90c751c6b2ef,45a4b4a2-7e42-55f6-933d-be42ed3a5b81,1.0,GENERATED,SYNTHETIC,accept,Electric Vehicle Mechanic,"{""generator"":""v2"",""note"":""ground truth of the synthetic generator""}",true
68b9e151-a1ea-5ae1-a542-b45e82b3a730,45a4b4a2-7e42-55f6-933d-be42ed3a5b81,1.0,GENERATED,SYNTHETIC,accept,EV Technician,"{""generator"":""v2"",""note"":""ground truth of the synthetic generator""}",true
e32a7b70-22ed-5082-984e-86796e95156d,45a4b4a2-7e42-55f6-933d-be42ed3a5b81,1.0,GENERATED,SYNTHETIC,accept,Electric Vehicle Mechanic,"{""generator"":""v2"",""note"":""ground truth of the synthetic generator""}",true
2f26c6d5-20b1-5b32-b4bc-27b2ec276646,45a4b4a2-7e42-55f6-933d-be42ed3a5b81,1.0,GENERATED,SYNTHETIC,accept,ईवी सर्विस तकनीशियन,"{""generator"":""v2"",""note"":""ground truth of the synthetic generator""}",true
1b627a1e-b22b-5e51-9413-b9f02f97c660,45a4b4a2-7e42-55f6-933d-be42ed3a5b81,1.0,GENERATED,SYNTHETIC,accept,EV Technician,"{""generator"":""v2"",""note"":""ground truth of the synthetic generator""}",true
da35f21a-7697-524e-9085-08a06fa8adcb,45a4b4a2-7e42-55f6-933d-be42ed3a5b81,1.0,GENERATED,SYNTHETIC,accept,EV Technician,"{""generator"":""v2"",""note"":""ground truth of the synthetic generator""}",true
7a58f069-acee-502b-8d89-acd584a3575f,45a4b4a2-7e42-55f6-933d-be42ed3a5b81,1.0,GENERATED,SYNTHETIC,accept,Electric Vehicle Mechanic,"{""generator"":""v2"",""note"":""ground truth of the synthetic generator""}",true
48b602bb-8dba-50a4-b3a2-4493c5eadcf0,45a4b4a2-7e42-55f6-933d-be42ed3a5b81,1.0,GENERATED,SYNTHETIC,accept,Electric Vehicle Mechanic,"{""generator"":""v2"",""note"":""ground truth of the synthetic generator""}",true
20822aaa-f1cc-5cf9-a027-70fafa8c1dc5,45a4b4a2-7e42-55f6-933d-be42ed3a5b81,1.0,GENERATED,SYNTHETIC,accept,ईव्ही सर्व्हिस टेक्निशियन,"{""generator"":""v2"",""note"":""ground truth of the synthetic generator""}",true
05e6b27c-1468-5519-b477-ccbaa428bc85,45a4b4a2-7e42-55f6-933d-be42ed3a5b81,1.0,GENERATED,SYNTHETIC,accept,EV Workshop Technician,"{""generator"":""v2"",""note"":""ground truth of the synthetic generator""}",true
91a6616b-76c9-5b3d-834f-a1ef2d7bff8b,45a4b4a2-7e42-55f6-933d-be42ed3a5b81,1.0,GENERATED,SYNTHETIC,accept,Electric Vehicle Mechanic,"{""generator"":""v2"",""note"":""ground truth of the synthetic generator""}",true
32c7d6e6-4455-5f61-80ba-5df534aa7d47,45a4b4a2-7e42-55f6-933d-be42ed3a5b81,1.0,GENERATED,SYNTHETIC,accept,EV Service Technician,"{""generator"":""v2"",""note"":""ground truth of the synthetic generator""}",true
e645932f-4d73-5105-9bf5-1a07137418f6,45a4b4a2-7e42-55f6-933d-be42ed3a5b81,1.0,GENERATED,SYNTHETIC,accept,Electric Vehicle Mechanic,"{""generator"":""v2"",""note"":""ground truth of the synthetic generator""}",true
f8365020-85ff-56ea-b023-f308674e6e4d,45a4b4a2-7e42-55f6-933d-be42ed3a5b81,1.0,GENERATED,SYNTHETIC,accept,EV Service Technician,"{""generator"":""v2"",""note"":""ground truth of the synthetic generator""}",true
b377242a-fd50-5021-a281-63cb1e6f620b,45a4b4a2-7e42-55f6-933d-be42ed3a5b81,1.0,GENERATED,SYNTHETIC,accept,EV Technician,"{""generator"":""v2"",""note"":""ground truth of the synthetic generator""}",true
9bb5dc5f-0935-505e-90f1-1f9d2eaf7ffd,45a4b4a2-7e42-55f6-933d-be42ed3a5b81,1.0,GENERATED,SYNTHETIC,accept,EV Workshop Technician,"{""generator"":""v2"",""note"":""ground truth of the synthetic generator""}",true
da0c5c94-2078-54b9-80e8-5c57ed8d4827,45a4b4a2-7e42-55f6-933d-be42ed3a5b81,1.0,GENERATED,SYNTHETIC,accept,ईव्ही सर्व्हिस टेक्निशियन,"{""generator"":""v2"",""note"":""ground truth of the synthetic generator""}",true
0a7e1ead-0280-5464-9e06-6e7440902dab,45a4b4a2-7e42-55f6-933d-be42ed3a5b81,1.0,GENERATED,SYNTHETIC,accept,ईवी सर्विस तकनीशियन,"{""generator"":""v2"",""note"":""ground truth of the synthetic generator""}",true
e78941f9-a86c-57eb-ad79-aa5dd82db60d,45a4b4a2-7e42-55f6-933d-be42ed3a5b81,1.0,GENERATED,SYNTHETIC,accept,Electric Vehicle Mechanic,"{""generator"":""v2"",""note"":""ground truth of the synthetic generator""}",true
396770d7-cdd2-5045-97c8-18ead13d43e4,45a4b4a2-7e42-55f6-933d-be42ed3a5b81,1.0,GENERATED,SYNTHETIC,accept,EV Workshop Technician,"{""generator"":""v2"",""note"":""ground truth of the synthetic generator""}",true
c5f35c0b-9d84-5a98-83e7-b88b3f75cb32,45a4b4a2-7e42-55f6-933d-be42ed3a5b81,1.0,GENERATED,SYNTHETIC,accept,ईव्ही सर्व्हिस टेक्निशियन,"{""generator"":""v2"",""note"":""ground truth of the synthetic generator""}",true
a0ce767d-684b-5dab-be50-6e9e1b486baf,45a4b4a2-7e42-55f6-933d-be42ed3a5b81,1.0,GENERATED,SYNTHETIC,accept,Electric Vehicle Mechanic,"{""generator"":""v2"",""note"":""ground truth of the synthetic generator""}",true
f0e10bc0-76ce-552f-a28a-88db19f5e086,45a4b4a2-7e42-55f6-933d-be42ed3a5b81,1.0,GENERATED,SYNTHETIC,accept,Electric Vehicle Mechanic,"{""generator"":""v2"",""note"":""ground truth of the synthetic generator""}",true
2d12ce52-8777-5afa-8a68-23e3b483538d,45a4b4a2-7e42-55f6-933d-be42ed3a5b81,1.0,GENERATED,SYNTHETIC,accept,EV Workshop Technician,"{""generator"":""v2"",""note"":""ground truth of the synthetic generator""}",true
d62bbee5-cdca-51d9-8299-c85cea753720,45a4b4a2-7e42-55f6-933d-be42ed3a5b81,1.0,GENERATED,SYNTHETIC,accept,Electric Vehicle Mechanic,"{""generator"":""v2"",""note"":""ground truth of the synthetic generator""}",true
2a91a522-15b6-5f51-b105-d93079520235,45a4b4a2-7e42-55f6-933d-be42ed3a5b81,1.0,GENERATED,SYNTHETIC,accept,ईवी सर्विस तकनीशियन,"{""generator"":""v2"",""note"":""ground truth of the synthetic generator""}",true
b7ddfbf2-095f-56bb-b402-f9f2bbb05c90,45a4b4a2-7e42-55f6-933d-be42ed3a5b81,1.0,GENERATED,SYNTHETIC,accept,EV Workshop Technician,"{""generator"":""v2"",""note"":""ground truth of the synthetic generator""}",true
5552f582-6e13-5d3f-9d75-798777694dab,45a4b4a2-7e42-55f6-933d-be42ed3a5b81,1.0,GENERATED,SYNTHETIC,accept,EV Technician,"{""generator"":""v2"",""note"":""ground truth of the synthetic generator""}",true
8124f559-0fa1-580e-af4f-9cf0687cec7b,45a4b4a2-7e42-55f6-933d-be42ed3a5b81,1.0,GENERATED,SYNTHETIC,accept,ईव्ही सर्व्हिस टेक्निशियन,"{""generator"":""v2"",""note"":""ground truth of the synthetic generator""}",true
54e7b101-52d1-595d-95d6-46f88c82fe3e,45a4b4a2-7e42-55f6-933d-be42ed3a5b81,1.0,GENERATED,SYNTHETIC,accept,Electric Vehicle Mechanic,"{""generator"":""v2"",""note"":""ground truth of the synthetic generator""}",true
cb219f6c-cf0c-576f-8fab-3465c37780a0,45a4b4a2-7e42-55f6-933d-be42ed3a5b81,1.0,GENERATED,SYNTHETIC,accept,EV Service Technician,"{""generator"":""v2"",""note"":""ground truth of the synthetic generator""}",true
a712567c-d75f-5ef0-bd92-91f1befcb5a9,45a4b4a2-7e42-55f6-933d-be42ed3a5b81,1.0,GENERATED,SYNTHETIC,accept,ईवी सर्विस तकनीशियन,"{""generator"":""v2"",""note"":""ground truth of the synthetic generator""}",true
1528ac5f-69ad-5b8f-926a-c1fc7c92ac5e,45a4b4a2-7e42-55f6-933d-be42ed3a5b81,1.0,GENERATED,SYNTHETIC,accept,EV Workshop Technician,"{""generator"":""v2"",""note"":""ground truth of the synthetic generator""}",true
0031e511-5600-5ced-96f1-f2ae9a1cb7c8,45a4b4a2-7e42-55f6-933d-be42ed3a5b81,1.0,GENERATED,SYNTHETIC,accept,EV Workshop Technician,"{""generator"":""v2"",""note"":""ground truth of the synthetic generator""}",true
21f2d634-94ba-580f-86c3-3a63e830094a,45a4b4a2-7e42-55f6-933d-be42ed3a5b81,1.0,GENERATED,SYNTHETIC,accept,EV Technician,"{""generator"":""v2"",""note"":""ground truth of the synthetic generator""}",true
d6fded46-d60a-576a-95a2-1d9cfc5dfa68,45a4b4a2-7e42-55f6-933d-be42ed3a5b81,1.0,GENERATED,SYNTHETIC,accept,EV Technician,"{""generator"":""v2"",""note"":""ground truth of the synthetic generator""}",true
66235d4f-efda-5608-9fb4-469ed1ef9ee7,45a4b4a2-7e42-55f6-933d-be42ed3a5b81,1.0,GENERATED,SYNTHETIC,accept,EV Technician,"{""generator"":""v2"",""note"":""ground truth of the synthetic generator""}",true
f18d7b26-aa68-5f7a-8ba3-d2f37c81f3fb,45a4b4a2-7e42-55f6-933d-be42ed3a5b81,1.0,GENERATED,SYNTHETIC,accept,EV Workshop Technician,"{""generator"":""v2"",""note"":""ground truth of the synthetic generator""}",true
c3e65319-75c9-5e67-aeb0-53e42519c5fa,45a4b4a2-7e42-55f6-933d-be42ed3a5b81,1.0,GENERATED,SYNTHETIC,accept,ईवी सर्विस तकनीशियन,"{""generator"":""v2"",""note"":""ground truth of the synthetic generator""}",true
2acacee8-2d2f-50d9-aed8-8af5f6db30bb,45a4b4a2-7e42-55f6-933d-be42ed3a5b81,1.0,GENERATED,SYNTHETIC,accept,EV Service Technician,"{""generator"":""v2"",""note"":""ground truth of the synthetic generator""}",true
0f8eb123-c075-5ad5-bcd7-967e576ca1ac,45a4b4a2-7e42-55f6-933d-be42ed3a5b81,1.0,GENERATED,SYNTHETIC,accept,EV Workshop Technician,"{""generator"":""v2"",""note"":""ground truth of the synthetic generator""}",true
c5f54fbc-7bb4-528d-a1f6-960eb92f6c28,45a4b4a2-7e42-55f6-933d-be42ed3a5b81,1.0,GENERATED,SYNTHETIC,accept,ईवी सर्विस तकनीशियन,"{""generator"":""v2"",""note"":""ground truth of the synthetic generator""}",true
56e045c3-b9a8-5735-8ed3-0cd782f57734,45a4b4a2-7e42-55f6-933d-be42ed3a5b81,1.0,GENERATED,SYNTHETIC,accept,EV Service Technician,"{""generator"":""v2"",""note"":""ground truth of the synthetic generator""}",true
c7098c07-638a-5eac-a0a1-43d52487638e,45a4b4a2-7e42-55f6-933d-be42ed3a5b81,1.0,GENERATED,SYNTHETIC,accept,EV Technician,"{""generator"":""v2"",""note"":""ground truth of the synthetic generator""}",true
42190edc-5d0c-51c0-af01-68d97437c271,19cab99e-6d9d-55f2-8e67-70f21663603e,1.0,GENERATED,SYNTHETIC,accept,EV Charger Installation Technician,"{""generator"":""v2"",""note"":""ground truth of the synthetic generator""}",true
b680cbe3-b238-52da-a919-57f2694db133,19cab99e-6d9d-55f2-8e67-70f21663603e,1.0,GENERATED,SYNTHETIC,accept,EV Charging Technician,"{""generator"":""v2"",""note"":""ground truth of the synthetic generator""}",true
3927dd31-a57c-5878-ba6f-b724f326cce9,19cab99e-6d9d-55f2-8e67-70f21663603e,1.0,GENERATED,SYNTHETIC,accept,ईवी चार्जर इंस्टॉलेशन तकनीशियन,"{""generator"":""v2"",""note"":""ground truth of the synthetic generator""}",true
485fdf85-8828-54aa-aca7-1e31c4de54fa,19cab99e-6d9d-55f2-8e67-70f21663603e,1.0,GENERATED,SYNTHETIC,accept,EV Charger Installation Technician,"{""generator"":""v2"",""note"":""ground truth of the synthetic generator""}",true
1cc4bf85-81f5-52ba-9ea2-17c978f45720,19cab99e-6d9d-55f2-8e67-70f21663603e,1.0,GENERATED,SYNTHETIC,accept,EV Charging Technician,"{""generator"":""v2"",""note"":""ground truth of the synthetic generator""}",true
16a8efca-b11c-5eb8-a322-9481d3bd5060,19cab99e-6d9d-55f2-8e67-70f21663603e,1.0,GENERATED,SYNTHETIC,accept,EV Charging Technician,"{""generator"":""v2"",""note"":""ground truth of the synthetic generator""}",true
386024d1-1c49-5900-95e6-8a72f2c85ae3,19cab99e-6d9d-55f2-8e67-70f21663603e,1.0,GENERATED,SYNTHETIC,accept,EV Charging Technician,"{""generator"":""v2"",""note"":""ground truth of the synthetic generator""}",true
87d42d51-bc9e-537a-8646-a908f791ffc2,19cab99e-6d9d-55f2-8e67-70f21663603e,1.0,GENERATED,SYNTHETIC,accept,EV Charger Installation Technician,"{""generator"":""v2"",""note"":""ground truth of the synthetic generator""}",true
8a4598bd-a848-51de-aee1-68128ac912b2,19cab99e-6d9d-55f2-8e67-70f21663603e,1.0,GENERATED,SYNTHETIC,accept,Charging Station Installer,"{""generator"":""v2"",""note"":""ground truth of the synthetic generator""}",true
8c70d51e-251b-5ce4-a61c-486f7ed6d594,19cab99e-6d9d-55f2-8e67-70f21663603e,1.0,GENERATED,SYNTHETIC,accept,Charging Station Installer,"{""generator"":""v2"",""note"":""ground truth of the synthetic generator""}",true
7a17aec0-46f8-5d8e-9b08-d4ddf42163f0,19cab99e-6d9d-55f2-8e67-70f21663603e,1.0,GENERATED,SYNTHETIC,accept,Charging Station Installer,"{""generator"":""v2"",""note"":""ground truth of the synthetic generator""}",true
a270fa2a-17d2-51f6-be81-911ea83e3371,19cab99e-6d9d-55f2-8e67-70f21663603e,1.0,GENERATED,SYNTHETIC,accept,ईव्ही चार्जर इन्स्टॉलेशन टेक्निशियन,"{""generator"":""v2"",""note"":""ground truth of the synthetic generator""}",true
0abc712c-8c7a-589a-93de-fff6717b298c,19cab99e-6d9d-55f2-8e67-70f21663603e,1.0,GENERATED,SYNTHETIC,accept,ईवी चार्जर इंस्टॉलेशन तकनीशियन,"{""generator"":""v2"",""note"":""ground truth of the synthetic generator""}",true
4f4d909c-a60e-57de-930b-a90d0cc8cdfc,19cab99e-6d9d-55f2-8e67-70f21663603e,1.0,GENERATED,SYNTHETIC,accept,EV Charging Technician,"{""generator"":""v2"",""note"":""ground truth of the synthetic generator""}",true
d8710571-ca0b-55ea-b2a6-ece840cbda3f,19cab99e-6d9d-55f2-8e67-70f21663603e,1.0,GENERATED,SYNTHETIC,accept,EV Charging Technician,"{""generator"":""v2"",""note"":""ground truth of the synthetic generator""}",true
5b635351-b16b-5d46-8fde-867224955a86,19cab99e-6d9d-55f2-8e67-70f21663603e,1.0,GENERATED,SYNTHETIC,accept,ईव्ही चार्जर इन्स्टॉलेशन टेक्निशियन,"{""generator"":""v2"",""note"":""ground truth of the synthetic generator""}",true
d0020c3b-8678-5002-9e24-a3503566f4b1,19cab99e-6d9d-55f2-8e67-70f21663603e,1.0,GENERATED,SYNTHETIC,accept,EV Charger Installation Technician,"{""generator"":""v2"",""note"":""ground truth of the synthetic generator""}",true
38f7d8dc-8642-50ce-9087-80258b7fafeb,19cab99e-6d9d-55f2-8e67-70f21663603e,1.0,GENERATED,SYNTHETIC,accept,EV Charger Installation Technician,"{""generator"":""v2"",""note"":""ground truth of the synthetic generator""}",true
d0d52a9d-6529-55b5-b73d-f944c3bb720f,19cab99e-6d9d-55f2-8e67-70f21663603e,1.0,GENERATED,SYNTHETIC,accept,EV Charger Installation Technician,"{""generator"":""v2"",""note"":""ground truth of the synthetic generator""}",true
5bebbb6e-88a3-57dd-ba8d-fc10603e5b48,19cab99e-6d9d-55f2-8e67-70f21663603e,1.0,GENERATED,SYNTHETIC,accept,EV Charger Installation Technician,"{""generator"":""v2"",""note"":""ground truth of the synthetic generator""}",true
21785d42-88ee-5820-854f-c98a87a714cf,19cab99e-6d9d-55f2-8e67-70f21663603e,1.0,GENERATED,SYNTHETIC,accept,Charging Station Installer,"{""generator"":""v2"",""note"":""ground truth of the synthetic generator""}",true
00624844-3610-57dc-a74a-c343cd912d8b,19cab99e-6d9d-55f2-8e67-70f21663603e,1.0,GENERATED,SYNTHETIC,accept,ईवी चार्जर इंस्टॉलेशन तकनीशियन,"{""generator"":""v2"",""note"":""ground truth of the synthetic generator""}",true
eff64aef-f2f7-5979-951d-edf442156061,19cab99e-6d9d-55f2-8e67-70f21663603e,1.0,GENERATED,SYNTHETIC,accept,Charging Station Installer,"{""generator"":""v2"",""note"":""ground truth of the synthetic generator""}",true
4ee59733-d4d6-5a44-bce8-ed2f99b53f52,19cab99e-6d9d-55f2-8e67-70f21663603e,1.0,GENERATED,SYNTHETIC,accept,Charging Station Installer,"{""generator"":""v2"",""note"":""ground truth of the synthetic generator""}",true
e874ea78-c90e-5945-97dd-1489ed0d7670,19cab99e-6d9d-55f2-8e67-70f21663603e,1.0,GENERATED,SYNTHETIC,accept,EV Charger Installation Technician,"{""generator"":""v2"",""note"":""ground truth of the synthetic generator""}",true
b9136a67-9517-5808-9afe-6f073ab33ad0,19cab99e-6d9d-55f2-8e67-70f21663603e,1.0,GENERATED,SYNTHETIC,accept,Charging Station Installer,"{""generator"":""v2"",""note"":""ground truth of the synthetic generator""}",true
3eae30ba-eed2-5d56-b47c-1bee12a2e1f1,19cab99e-6d9d-55f2-8e67-70f21663603e,1.0,GENERATED,SYNTHETIC,accept,ईव्ही चार्जर इन्स्टॉलेशन टेक्निशियन,"{""generator"":""v2"",""note"":""ground truth of the synthetic generator""}",true
a3b9260d-19fc-5da0-9551-e8424cbf5f63,19cab99e-6d9d-55f2-8e67-70f21663603e,1.0,GENERATED,SYNTHETIC,accept,EV Charger Installation Technician,"{""generator"":""v2"",""note"":""ground truth of the synthetic generator""}",true
e8fc6eaa-9ca0-53f2-ae39-ae5d84bdb3b4,19cab99e-6d9d-55f2-8e67-70f21663603e,1.0,GENERATED,SYNTHETIC,accept,Charging Station Installer,"{""generator"":""v2"",""note"":""ground truth of the synthetic generator""}",true
db83f575-af96-5da1-9a59-945165fbc995,19cab99e-6d9d-55f2-8e67-70f21663603e,1.0,GENERATED,SYNTHETIC,accept,Charging Station Installer,"{""generator"":""v2"",""note"":""ground truth of the synthetic generator""}",true
0fdcf26a-1b24-5bef-b338-0834a470d6c1,19cab99e-6d9d-55f2-8e67-70f21663603e,1.0,GENERATED,SYNTHETIC,accept,Charging Station Installer,"{""generator"":""v2"",""note"":""ground truth of the synthetic generator""}",true
70f1a471-7fb8-5dbb-b7d8-132f1c0c8deb,19cab99e-6d9d-55f2-8e67-70f21663603e,1.0,GENERATED,SYNTHETIC,accept,ईव्ही चार्जर इन्स्टॉलेशन टेक्निशियन,"{""generator"":""v2"",""note"":""ground truth of the synthetic generator""}",true
cf04f9c7-5150-5bbf-bebf-b5459ea0940f,19cab99e-6d9d-55f2-8e67-70f21663603e,1.0,GENERATED,SYNTHETIC,accept,Charging Station Installer,"{""generator"":""v2"",""note"":""ground truth of the synthetic generator""}",true
c6cc0f9a-8095-52a7-aa5d-513fb18193a7,19cab99e-6d9d-55f2-8e67-70f21663603e,1.0,GENERATED,SYNTHETIC,accept,ईव्ही चार्जर इन्स्टॉलेशन टेक्निशियन,"{""generator"":""v2"",""note"":""ground truth of the synthetic generator""}",true
9e9f6eb8-36ff-5e43-b8ec-9e0487a6031a,19cab99e-6d9d-55f2-8e67-70f21663603e,1.0,GENERATED,SYNTHETIC,accept,EV Charging Technician,"{""generator"":""v2"",""note"":""ground truth of the synthetic generator""}",true
7dac7e65-e467-53ee-a2b0-3d041b5c67e9,19cab99e-6d9d-55f2-8e67-70f21663603e,1.0,GENERATED,SYNTHETIC,accept,EV Charger Installation Technician,"{""generator"":""v2"",""note"":""ground truth of the synthetic generator""}",true
92c9df06-3233-5bd2-8c8b-c44669464b3c,19cab99e-6d9d-55f2-8e67-70f21663603e,1.0,GENERATED,SYNTHETIC,accept,EV Charging Technician,"{""generator"":""v2"",""note"":""ground truth of the synthetic generator""}",true
c4ba8c05-b2d1-5b7d-8ec9-fe2b8f20bbd2,19cab99e-6d9d-55f2-8e67-70f21663603e,1.0,GENERATED,SYNTHETIC,accept,ईव्ही चार्जर इन्स्टॉलेशन टेक्निशियन,"{""generator"":""v2"",""note"":""ground truth of the synthetic generator""}",true
ad4989f3-728c-5beb-9309-f605e7049ca6,19cab99e-6d9d-55f2-8e67-70f21663603e,1.0,GENERATED,SYNTHETIC,accept,EV Charger Installation Technician,"{""generator"":""v2"",""note"":""ground truth of the synthetic generator""}",true
0542bc5d-8280-5c65-8d53-1e2d0d8b70a0,19cab99e-6d9d-55f2-8e67-70f21663603e,1.0,GENERATED,SYNTHETIC,accept,ईव्ही चार्जर इन्स्टॉलेशन टेक्निशियन,"{""generator"":""v2"",""note"":""ground truth of the synthetic generator""}",true
283ecfa7-9740-547d-ac32-125b590fd627,19cab99e-6d9d-55f2-8e67-70f21663603e,1.0,GENERATED,SYNTHETIC,accept,ईवी चार्जर इंस्टॉलेशन तकनीशियन,"{""generator"":""v2"",""note"":""ground truth of the synthetic generator""}",true
39cf52f6-e701-5434-bd95-b4dbfcc18ee0,19cab99e-6d9d-55f2-8e67-70f21663603e,1.0,GENERATED,SYNTHETIC,accept,Charging Station Installer,"{""generator"":""v2"",""note"":""ground truth of the synthetic generator""}",true
d230ae49-10ce-5982-ad9d-1891ccb03b74,19cab99e-6d9d-55f2-8e67-70f21663603e,1.0,GENERATED,SYNTHETIC,accept,EV Charger Installation Technician,"{""generator"":""v2"",""note"":""ground truth of the synthetic generator""}",true
22258515-85ae-53d5-9586-904f31eb8b8f,19cab99e-6d9d-55f2-8e67-70f21663603e,1.0,GENERATED,SYNTHETIC,accept,EV Charging Technician,"{""generator"":""v2"",""note"":""ground truth of the synthetic generator""}",true
39b3b5e6-dfd8-5a53-9124-baefecdf9f7e,19cab99e-6d9d-55f2-8e67-70f21663603e,1.0,GENERATED,SYNTHETIC,accept,EV Charging Technician,"{""generator"":""v2"",""note"":""ground truth of the synthetic generator""}",true
4fa63395-20ea-597d-b220-d9dea1cd2241,19cab99e-6d9d-55f2-8e67-70f21663603e,1.0,GENERATED,SYNTHETIC,accept,Charging Station Installer,"{""generator"":""v2"",""note"":""ground truth of the synthetic generator""}",true
85fd36c4-d4c8-561a-bebb-77bca10dc9e8,19cab99e-6d9d-55f2-8e67-70f21663603e,1.0,GENERATED,SYNTHETIC,accept,EV Charging Technician,"{""generator"":""v2"",""note"":""ground truth of the synthetic generator""}",true
f180cb41-138b-5d62-b2be-27cc90396346,19cab99e-6d9d-55f2-8e67-70f21663603e,1.0,GENERATED,SYNTHETIC,accept,Charging Station Installer,"{""generator"":""v2"",""note"":""ground truth of the synthetic generator""}",true
26d401a6-b307-58ba-b15a-e69f33baf42d,19cab99e-6d9d-55f2-8e67-70f21663603e,1.0,GENERATED,SYNTHETIC,accept,Charging Station Installer,"{""generator"":""v2"",""note"":""ground truth of the synthetic generator""}",true
d18b0e78-4051-56d7-afec-183c5c51c52a,19cab99e-6d9d-55f2-8e67-70f21663603e,1.0,GENERATED,SYNTHETIC,accept,ईवी चार्जर इंस्टॉलेशन तकनीशियन,"{""generator"":""v2"",""note"":""ground truth of the synthetic generator""}",true
8c3ae2e8-1696-5f4c-a145-bd8c463d3e9c,19cab99e-6d9d-55f2-8e67-70f21663603e,1.0,GENERATED,SYNTHETIC,accept,EV Charger Installation Technician,"{""generator"":""v2"",""note"":""ground truth of the synthetic generator""}",true
e3517023-34ee-5bf8-a75e-16429c6b6d57,19cab99e-6d9d-55f2-8e67-70f21663603e,1.0,GENERATED,SYNTHETIC,accept,EV Charger Installation Technician,"{""generator"":""v2"",""note"":""ground truth of the synthetic generator""}",true
7d1be40b-1d7c-5931-ae73-c1209255f86b,19cab99e-6d9d-55f2-8e67-70f21663603e,1.0,GENERATED,SYNTHETIC,accept,EV Charger Installation Technician,"{""generator"":""v2"",""note"":""ground truth of the synthetic generator""}",true
4f8d1d65-a502-5914-bd72-eeafc40be7b3,19cab99e-6d9d-55f2-8e67-70f21663603e,1.0,GENERATED,SYNTHETIC,accept,EV Charger Installation Technician,"{""generator"":""v2"",""note"":""ground truth of the synthetic generator""}",true
ea6816d9-82a9-5372-a98a-45219e8d1661,19cab99e-6d9d-55f2-8e67-70f21663603e,1.0,GENERATED,SYNTHETIC,accept,ईव्ही चार्जर इन्स्टॉलेशन टेक्निशियन,"{""generator"":""v2"",""note"":""ground truth of the synthetic generator""}",true
8c8ba06a-2ed8-5490-8ce8-b21668f59859,19cab99e-6d9d-55f2-8e67-70f21663603e,1.0,GENERATED,SYNTHETIC,accept,ईव्ही चार्जर इन्स्टॉलेशन टेक्निशियन,"{""generator"":""v2"",""note"":""ground truth of the synthetic generator""}",true
534e8217-6dc1-5ded-a84b-ec7e1ec537dc,19cab99e-6d9d-55f2-8e67-70f21663603e,1.0,GENERATED,SYNTHETIC,accept,ईव्ही चार्जर इन्स्टॉलेशन टेक्निशियन,"{""generator"":""v2"",""note"":""ground truth of the synthetic generator""}",true
7e9e6c0a-41a9-5b40-9e97-b483d555895a,19cab99e-6d9d-55f2-8e67-70f21663603e,1.0,GENERATED,SYNTHETIC,accept,Charging Station Installer,"{""generator"":""v2"",""note"":""ground truth of the synthetic generator""}",true
b29d0075-27ca-5d6a-bf4c-5013ae48e605,19cab99e-6d9d-55f2-8e67-70f21663603e,1.0,GENERATED,SYNTHETIC,accept,EV Charger Installation Technician,"{""generator"":""v2"",""note"":""ground truth of the synthetic generator""}",true
71e67be4-1988-55a4-9ad7-fef52a0d0d9f,19cab99e-6d9d-55f2-8e67-70f21663603e,1.0,GENERATED,SYNTHETIC,accept,ईव्ही चार्जर इन्स्टॉलेशन टेक्निशियन,"{""generator"":""v2"",""note"":""ground truth of the synthetic generator""}",true
2e570a12-38ea-5860-b861-eaddf38f0da9,19cab99e-6d9d-55f2-8e67-70f21663603e,1.0,GENERATED,SYNTHETIC,accept,Charging Station Installer,"{""generator"":""v2"",""note"":""ground truth of the synthetic generator""}",true
f3a658dc-b838-58fb-b2ee-1cb9e7e6360a,19cab99e-6d9d-55f2-8e67-70f21663603e,1.0,GENERATED,SYNTHETIC,accept,Charging Station Installer,"{""generator"":""v2"",""note"":""ground truth of the synthetic generator""}",true
6e0a1067-3117-561f-821e-36c42f32d427,19cab99e-6d9d-55f2-8e67-70f21663603e,1.0,GENERATED,SYNTHETIC,accept,EV Charger Installation Technician,"{""generator"":""v2"",""note"":""ground truth of the synthetic generator""}",true
d2b3cc82-671c-5797-85c0-13fad912993b,19cab99e-6d9d-55f2-8e67-70f21663603e,1.0,GENERATED,SYNTHETIC,accept,Charging Station Installer,"{""generator"":""v2"",""note"":""ground truth of the synthetic generator""}",true
c61d9b45-68be-50d7-bd2e-dfc75374df69,19cab99e-6d9d-55f2-8e67-70f21663603e,1.0,GENERATED,SYNTHETIC,accept,Charging Station Installer,"{""generator"":""v2"",""note"":""ground truth of the synthetic generator""}",true
31e26b7b-aacd-5472-a823-c639d199ffff,19cab99e-6d9d-55f2-8e67-70f21663603e,1.0,GENERATED,SYNTHETIC,accept,Charging Station Installer,"{""generator"":""v2"",""note"":""ground truth of the synthetic generator""}",true
d1ce3a77-c174-5d1b-9d14-818b8ba175c8,19cab99e-6d9d-55f2-8e67-70f21663603e,1.0,GENERATED,SYNTHETIC,accept,Charging Station Installer,"{""generator"":""v2"",""note"":""ground truth of the synthetic generator""}",true
afc36e2d-f896-513a-8f3f-45bda6666f3c,19cab99e-6d9d-55f2-8e67-70f21663603e,1.0,GENERATED,SYNTHETIC,accept,Charging Station Installer,"{""generator"":""v2"",""note"":""ground truth of the synthetic generator""}",true
3263c2cb-db9d-5312-911c-e900d0ad8043,c7df5212-ab60-5561-aa36-9acc415e9b5b,1.0,GENERATED,SYNTHETIC,accept,Maintenance Electrician,"{""generator"":""v2"",""note"":""ground truth of the synthetic generator""}",true
95b44dda-1dbd-5659-a0a7-dc5b9d11a8fd,c7df5212-ab60-5561-aa36-9acc415e9b5b,1.0,GENERATED,SYNTHETIC,accept,Electrician,"{""generator"":""v2"",""note"":""ground truth of the synthetic generator""}",true
adcb7f38-6864-5953-a2d5-ae17e1bbe9e9,c7df5212-ab60-5561-aa36-9acc415e9b5b,1.0,GENERATED,SYNTHETIC,accept,Electrician (ITI),"{""generator"":""v2"",""note"":""ground truth of the synthetic generator""}",true
82c7bc82-ac2e-5228-8c31-4160097272da,c7df5212-ab60-5561-aa36-9acc415e9b5b,1.0,GENERATED,SYNTHETIC,accept,Electrician,"{""generator"":""v2"",""note"":""ground truth of the synthetic generator""}",true
7ad82b80-ffe4-589a-8be2-4024a141c5f6,c7df5212-ab60-5561-aa36-9acc415e9b5b,1.0,GENERATED,SYNTHETIC,accept,Building Electrician,"{""generator"":""v2"",""note"":""ground truth of the synthetic generator""}",true
4024de0f-0b60-55b7-9947-b274b1a6f177,c7df5212-ab60-5561-aa36-9acc415e9b5b,1.0,GENERATED,SYNTHETIC,accept,Building Electrician,"{""generator"":""v2"",""note"":""ground truth of the synthetic generator""}",true
45889a45-8aee-5a8b-8c77-dc98cf2d13e0,c7df5212-ab60-5561-aa36-9acc415e9b5b,1.0,GENERATED,SYNTHETIC,accept,Electrician (ITI),"{""generator"":""v2"",""note"":""ground truth of the synthetic generator""}",true
5c340c28-9941-5789-8df3-dac18aff8585,c7df5212-ab60-5561-aa36-9acc415e9b5b,1.0,GENERATED,SYNTHETIC,accept,Electrician (ITI),"{""generator"":""v2"",""note"":""ground truth of the synthetic generator""}",true
927fc500-8b63-5114-8692-3291baa31c08,c7df5212-ab60-5561-aa36-9acc415e9b5b,1.0,GENERATED,SYNTHETIC,accept,इलेक्ट्रिशियन,"{""generator"":""v2"",""note"":""ground truth of the synthetic generator""}",true
0aed2092-7609-5a2a-9d93-1242e10dc7bc,c7df5212-ab60-5561-aa36-9acc415e9b5b,1.0,GENERATED,SYNTHETIC,accept,Building Electrician,"{""generator"":""v2"",""note"":""ground truth of the synthetic generator""}",true
1d29bb92-3e8f-53a1-a6de-56c9c843ecaa,c7df5212-ab60-5561-aa36-9acc415e9b5b,1.0,GENERATED,SYNTHETIC,accept,Building Electrician,"{""generator"":""v2"",""note"":""ground truth of the synthetic generator""}",true
3b63ed1a-43dc-5570-a9ae-8521e100be1c,c7df5212-ab60-5561-aa36-9acc415e9b5b,1.0,GENERATED,SYNTHETIC,accept,Building Electrician,"{""generator"":""v2"",""note"":""ground truth of the synthetic generator""}",true
eef20134-5f49-5ac5-b4b2-c60a0743a531,c7df5212-ab60-5561-aa36-9acc415e9b5b,1.0,GENERATED,SYNTHETIC,accept,Industrial Electrician,"{""generator"":""v2"",""note"":""ground truth of the synthetic generator""}",true
ee1db3af-3600-5184-8782-dcbbab0cfc86,c7df5212-ab60-5561-aa36-9acc415e9b5b,1.0,GENERATED,SYNTHETIC,accept,Electrician,"{""generator"":""v2"",""note"":""ground truth of the synthetic generator""}",true
3152c69a-b238-5140-986d-c9a780622e1d,c7df5212-ab60-5561-aa36-9acc415e9b5b,1.0,GENERATED,SYNTHETIC,accept,Building Electrician,"{""generator"":""v2"",""note"":""ground truth of the synthetic generator""}",true
c44c3afb-cd3f-5bb4-9df6-003b69964be3,c7df5212-ab60-5561-aa36-9acc415e9b5b,1.0,GENERATED,SYNTHETIC,accept,Electrician (ITI),"{""generator"":""v2"",""note"":""ground truth of the synthetic generator""}",true
9d4dbd16-8973-5682-925a-72c1f7af2ae4,c7df5212-ab60-5561-aa36-9acc415e9b5b,1.0,GENERATED,SYNTHETIC,accept,Electrician (ITI),"{""generator"":""v2"",""note"":""ground truth of the synthetic generator""}",true
dd53eb25-6b76-5547-831f-c2291a5e8d52,c7df5212-ab60-5561-aa36-9acc415e9b5b,1.0,GENERATED,SYNTHETIC,accept,Building Electrician,"{""generator"":""v2"",""note"":""ground truth of the synthetic generator""}",true
e121b0df-ec53-5fb3-bf54-a642c90a7678,c7df5212-ab60-5561-aa36-9acc415e9b5b,1.0,GENERATED,SYNTHETIC,accept,Building Electrician,"{""generator"":""v2"",""note"":""ground truth of the synthetic generator""}",true
201347af-7733-5f1d-aa1a-a8b0f0f21ff9,c7df5212-ab60-5561-aa36-9acc415e9b5b,1.0,GENERATED,SYNTHETIC,accept,Industrial Electrician,"{""generator"":""v2"",""note"":""ground truth of the synthetic generator""}",true
96fa6988-1c86-5f1b-8c49-800084949a02,c7df5212-ab60-5561-aa36-9acc415e9b5b,1.0,GENERATED,SYNTHETIC,accept,Electrician,"{""generator"":""v2"",""note"":""ground truth of the synthetic generator""}",true
ebcb3148-ec16-5170-b17a-3d00c805c18a,c7df5212-ab60-5561-aa36-9acc415e9b5b,1.0,GENERATED,SYNTHETIC,accept,Building Electrician,"{""generator"":""v2"",""note"":""ground truth of the synthetic generator""}",true
8b4630f6-335b-5384-8591-da8c116a27ca,c7df5212-ab60-5561-aa36-9acc415e9b5b,1.0,GENERATED,SYNTHETIC,accept,Building Electrician,"{""generator"":""v2"",""note"":""ground truth of the synthetic generator""}",true
769f55eb-9d58-538f-bf8e-a6eea59dc90b,c7df5212-ab60-5561-aa36-9acc415e9b5b,1.0,GENERATED,SYNTHETIC,accept,इलेक्ट्रीशियन,"{""generator"":""v2"",""note"":""ground truth of the synthetic generator""}",true
a0a050bc-f201-5c11-b336-7dcca616c66a,c7df5212-ab60-5561-aa36-9acc415e9b5b,1.0,GENERATED,SYNTHETIC,accept,Electrician,"{""generator"":""v2"",""note"":""ground truth of the synthetic generator""}",true
36a551f7-c6c6-58d8-8ddb-3d4ac65886a8,c7df5212-ab60-5561-aa36-9acc415e9b5b,1.0,GENERATED,SYNTHETIC,accept,Building Electrician,"{""generator"":""v2"",""note"":""ground truth of the synthetic generator""}",true
a9cd378d-3683-5f7f-b9ca-1fefb37422da,c7df5212-ab60-5561-aa36-9acc415e9b5b,1.0,GENERATED,SYNTHETIC,accept,इलेक्ट्रीशियन,"{""generator"":""v2"",""note"":""ground truth of the synthetic generator""}",true
c8308eb7-9545-5678-bd96-320d82c56130,c7df5212-ab60-5561-aa36-9acc415e9b5b,1.0,GENERATED,SYNTHETIC,accept,Electrician,"{""generator"":""v2"",""note"":""ground truth of the synthetic generator""}",true
ad3f911f-91dd-5ea1-b54a-a493e259364e,c7df5212-ab60-5561-aa36-9acc415e9b5b,1.0,GENERATED,SYNTHETIC,accept,इलेक्ट्रिशियन,"{""generator"":""v2"",""note"":""ground truth of the synthetic generator""}",true
65177aad-a6fe-5784-a410-426336afb699,c7df5212-ab60-5561-aa36-9acc415e9b5b,1.0,GENERATED,SYNTHETIC,accept,Maintenance Electrician,"{""generator"":""v2"",""note"":""ground truth of the synthetic generator""}",true
886b29e8-3a15-5aba-a907-5f0cdba3fb4a,c7df5212-ab60-5561-aa36-9acc415e9b5b,1.0,GENERATED,SYNTHETIC,accept,Electrician,"{""generator"":""v2"",""note"":""ground truth of the synthetic generator""}",true
c9f3806c-73a3-5c1e-84b3-4e500b92e6c3,c7df5212-ab60-5561-aa36-9acc415e9b5b,1.0,GENERATED,SYNTHETIC,accept,Maintenance Electrician,"{""generator"":""v2"",""note"":""ground truth of the synthetic generator""}",true
1f9c8e33-1258-5589-9b24-17610f0edd16,c7df5212-ab60-5561-aa36-9acc415e9b5b,1.0,GENERATED,SYNTHETIC,accept,Building Electrician,"{""generator"":""v2"",""note"":""ground truth of the synthetic generator""}",true
f5d4a13d-7ed8-5769-b019-2ec62e0bf0f2,c7df5212-ab60-5561-aa36-9acc415e9b5b,1.0,GENERATED,SYNTHETIC,accept,Industrial Electrician,"{""generator"":""v2"",""note"":""ground truth of the synthetic generator""}",true
b75ea729-3183-5ea5-ac24-9fa02ab42dde,c7df5212-ab60-5561-aa36-9acc415e9b5b,1.0,GENERATED,SYNTHETIC,accept,Industrial Electrician,"{""generator"":""v2"",""note"":""ground truth of the synthetic generator""}",true
f45e7cd4-4fec-5900-a9e6-5a1c84095981,c7df5212-ab60-5561-aa36-9acc415e9b5b,1.0,GENERATED,SYNTHETIC,accept,Industrial Electrician,"{""generator"":""v2"",""note"":""ground truth of the synthetic generator""}",true
f154720f-bb84-5352-a826-36593e1d20d9,c7df5212-ab60-5561-aa36-9acc415e9b5b,1.0,GENERATED,SYNTHETIC,accept,Electrician (ITI),"{""generator"":""v2"",""note"":""ground truth of the synthetic generator""}",true
64436a6b-07bd-5c59-b28c-fa23b9d2e09c,c7df5212-ab60-5561-aa36-9acc415e9b5b,1.0,GENERATED,SYNTHETIC,accept,इलेक्ट्रीशियन,"{""generator"":""v2"",""note"":""ground truth of the synthetic generator""}",true
c32288f5-90c1-58b4-b6dd-96dcc9b4e04b,c7df5212-ab60-5561-aa36-9acc415e9b5b,1.0,GENERATED,SYNTHETIC,accept,इलेक्ट्रिशियन,"{""generator"":""v2"",""note"":""ground truth of the synthetic generator""}",true
60119c9c-c04c-56b4-9723-dc0223c48fe7,c7df5212-ab60-5561-aa36-9acc415e9b5b,1.0,GENERATED,SYNTHETIC,accept,Maintenance Electrician,"{""generator"":""v2"",""note"":""ground truth of the synthetic generator""}",true
327b9302-c2d2-56db-a787-f1895d806468,c7df5212-ab60-5561-aa36-9acc415e9b5b,1.0,GENERATED,SYNTHETIC,accept,इलेक्ट्रीशियन,"{""generator"":""v2"",""note"":""ground truth of the synthetic generator""}",true
4c7021e8-5ae5-5390-8cc8-86d5c0778c47,c7df5212-ab60-5561-aa36-9acc415e9b5b,1.0,GENERATED,SYNTHETIC,accept,Building Electrician,"{""generator"":""v2"",""note"":""ground truth of the synthetic generator""}",true
a31c2018-d22e-5eca-a2fc-2fe58e16040f,c7df5212-ab60-5561-aa36-9acc415e9b5b,1.0,GENERATED,SYNTHETIC,accept,Maintenance Electrician,"{""generator"":""v2"",""note"":""ground truth of the synthetic generator""}",true
456baf4f-3f47-5776-aa30-8e2e97ff0064,c7df5212-ab60-5561-aa36-9acc415e9b5b,1.0,GENERATED,SYNTHETIC,accept,Maintenance Electrician,"{""generator"":""v2"",""note"":""ground truth of the synthetic generator""}",true
7389e5bd-c57c-5f56-90e9-c2ee0012ea27,c7df5212-ab60-5561-aa36-9acc415e9b5b,1.0,GENERATED,SYNTHETIC,accept,Building Electrician,"{""generator"":""v2"",""note"":""ground truth of the synthetic generator""}",true
745fda01-2138-5f25-82fb-1a7373ddf8e5,c7df5212-ab60-5561-aa36-9acc415e9b5b,1.0,GENERATED,SYNTHETIC,accept,इलेक्ट्रिशियन,"{""generator"":""v2"",""note"":""ground truth of the synthetic generator""}",true
62dab464-f3b9-5a86-a92e-43291c7ddade,c7df5212-ab60-5561-aa36-9acc415e9b5b,1.0,GENERATED,SYNTHETIC,accept,Electrician,"{""generator"":""v2"",""note"":""ground truth of the synthetic generator""}",true
8cdcc09f-056b-53d2-a587-c8be17a75521,c7df5212-ab60-5561-aa36-9acc415e9b5b,1.0,GENERATED,SYNTHETIC,accept,इलेक्ट्रिशियन,"{""generator"":""v2"",""note"":""ground truth of the synthetic generator""}",true
d1007d9f-6ac2-548e-abc5-9f136b0d0bae,c7df5212-ab60-5561-aa36-9acc415e9b5b,1.0,GENERATED,SYNTHETIC,accept,Electrician (ITI),"{""generator"":""v2"",""note"":""ground truth of the synthetic generator""}",true
21bc9e90-78ff-53c9-b6a9-01f9948dd1ff,c7df5212-ab60-5561-aa36-9acc415e9b5b,1.0,GENERATED,SYNTHETIC,accept,Building Electrician,"{""generator"":""v2"",""note"":""ground truth of the synthetic generator""}",true
462d06cf-a8ae-5827-97e8-332c3a485341,c7df5212-ab60-5561-aa36-9acc415e9b5b,1.0,GENERATED,SYNTHETIC,accept,इलेक्ट्रिशियन,"{""generator"":""v2"",""note"":""ground truth of the synthetic generator""}",true
131b688c-0922-5b90-8e1d-1e5f6665b944,c7df5212-ab60-5561-aa36-9acc415e9b5b,1.0,GENERATED,SYNTHETIC,accept,Industrial Electrician,"{""generator"":""v2"",""note"":""ground truth of the synthetic generator""}",true
15b855ea-8efb-5225-a008-63fbcd2fc679,c7df5212-ab60-5561-aa36-9acc415e9b5b,1.0,GENERATED,SYNTHETIC,accept,Building Electrician,"{""generator"":""v2"",""note"":""ground truth of the synthetic generator""}",true
97478bfa-cbef-5f41-9af0-27b0c0e44cc1,c7df5212-ab60-5561-aa36-9acc415e9b5b,1.0,GENERATED,SYNTHETIC,accept,Electrician,"{""generator"":""v2"",""note"":""ground truth of the synthetic generator""}",true
b9e7275f-a246-55c5-81d6-22393df3330c,c7df5212-ab60-5561-aa36-9acc415e9b5b,1.0,GENERATED,SYNTHETIC,accept,Electrician (ITI),"{""generator"":""v2"",""note"":""ground truth of the synthetic generator""}",true
35fccc90-1950-5a43-8d99-46ec24609676,c7df5212-ab60-5561-aa36-9acc415e9b5b,1.0,GENERATED,SYNTHETIC,accept,Industrial Electrician,"{""generator"":""v2"",""note"":""ground truth of the synthetic generator""}",true
d3dc8889-f794-5cda-9f14-01ad0f6598d5,c7df5212-ab60-5561-aa36-9acc415e9b5b,1.0,GENERATED,SYNTHETIC,accept,इलेक्ट्रिशियन,"{""generator"":""v2"",""note"":""ground truth of the synthetic generator""}",true
b718bea9-c7f6-5885-b40b-f7080b087978,c7df5212-ab60-5561-aa36-9acc415e9b5b,1.0,GENERATED,SYNTHETIC,accept,Electrician,"{""generator"":""v2"",""note"":""ground truth of the synthetic generator""}",true
b809e927-db63-5875-8315-bec12f54767f,c7df5212-ab60-5561-aa36-9acc415e9b5b,1.0,GENERATED,SYNTHETIC,accept,Maintenance Electrician,"{""generator"":""v2"",""note"":""ground truth of the synthetic generator""}",true
6d0177c9-b23f-54f8-91ea-a9432106987d,c7df5212-ab60-5561-aa36-9acc415e9b5b,1.0,GENERATED,SYNTHETIC,accept,Industrial Electrician,"{""generator"":""v2"",""note"":""ground truth of the synthetic generator""}",true
2ccc40a0-4c71-533b-8b72-15a7f16328eb,c7df5212-ab60-5561-aa36-9acc415e9b5b,1.0,GENERATED,SYNTHETIC,accept,Electrician,"{""generator"":""v2"",""note"":""ground truth of the synthetic generator""}",true
ff9bc73c-87f2-54ec-b79c-ca58958cdd4f,c7df5212-ab60-5561-aa36-9acc415e9b5b,1.0,GENERATED,SYNTHETIC,accept,Building Electrician,"{""generator"":""v2"",""note"":""ground truth of the synthetic generator""}",true
96904c77-dd13-5e91-aeb6-ad3a8d26a5b0,c7df5212-ab60-5561-aa36-9acc415e9b5b,1.0,GENERATED,SYNTHETIC,accept,Electrician (ITI),"{""generator"":""v2"",""note"":""ground truth of the synthetic generator""}",true
98f6e82e-de3e-573d-b1f2-5bd4f573e6b8,c7df5212-ab60-5561-aa36-9acc415e9b5b,1.0,GENERATED,SYNTHETIC,accept,Industrial Electrician,"{""generator"":""v2"",""note"":""ground truth of the synthetic generator""}",true
77755c96-29ac-5dbe-ae00-4189d3ee016d,c7df5212-ab60-5561-aa36-9acc415e9b5b,1.0,GENERATED,SYNTHETIC,accept,Building Electrician,"{""generator"":""v2"",""note"":""ground truth of the synthetic generator""}",true
bb96b437-dda8-572e-9d27-ae21f2a55728,c7df5212-ab60-5561-aa36-9acc415e9b5b,1.0,GENERATED,SYNTHETIC,accept,इलेक्ट्रिशियन,"{""generator"":""v2"",""note"":""ground truth of the synthetic generator""}",true
0306cb88-d26b-5dd6-976c-ca15c1cf694f,c7df5212-ab60-5561-aa36-9acc415e9b5b,1.0,GENERATED,SYNTHETIC,accept,Industrial Electrician,"{""generator"":""v2"",""note"":""ground truth of the synthetic generator""}",true
a404a8bf-280e-5caa-a84a-d1b446a6de5f,c7df5212-ab60-5561-aa36-9acc415e9b5b,1.0,GENERATED,SYNTHETIC,accept,Maintenance Electrician,"{""generator"":""v2"",""note"":""ground truth of the synthetic generator""}",true
a86b4d6d-b6dc-5b91-9880-7649a52313de,c7df5212-ab60-5561-aa36-9acc415e9b5b,1.0,GENERATED,SYNTHETIC,accept,Maintenance Electrician,"{""generator"":""v2"",""note"":""ground truth of the synthetic generator""}",true
5c4b67fc-b280-5a1f-a813-d378937aeeee,c7df5212-ab60-5561-aa36-9acc415e9b5b,1.0,GENERATED,SYNTHETIC,accept,Electrician (ITI),"{""generator"":""v2"",""note"":""ground truth of the synthetic generator""}",true
6db9d648-f488-5aba-a871-1f8bb1f9041d,c7df5212-ab60-5561-aa36-9acc415e9b5b,1.0,GENERATED,SYNTHETIC,accept,इलेक्ट्रीशियन,"{""generator"":""v2"",""note"":""ground truth of the synthetic generator""}",true
2fce510e-6a99-5420-817e-a94d6b452fd1,c7df5212-ab60-5561-aa36-9acc415e9b5b,1.0,GENERATED,SYNTHETIC,accept,इलेक्ट्रिशियन,"{""generator"":""v2"",""note"":""ground truth of the synthetic generator""}",true
5280318e-e5e7-5df9-a9b7-e9a7187c42f0,c7df5212-ab60-5561-aa36-9acc415e9b5b,1.0,GENERATED,SYNTHETIC,accept,Maintenance Electrician,"{""generator"":""v2"",""note"":""ground truth of the synthetic generator""}",true
055f9b24-7e1e-5f50-a04f-75f435d385d6,c7df5212-ab60-5561-aa36-9acc415e9b5b,1.0,GENERATED,SYNTHETIC,accept,Electrician,"{""generator"":""v2"",""note"":""ground truth of the synthetic generator""}",true
77990dbd-b006-570a-894a-f794eb06359b,c7df5212-ab60-5561-aa36-9acc415e9b5b,1.0,GENERATED,SYNTHETIC,accept,Electrician,"{""generator"":""v2"",""note"":""ground truth of the synthetic generator""}",true
5defae35-5d85-5a1a-a3b3-0fc220fc78f7,c7df5212-ab60-5561-aa36-9acc415e9b5b,1.0,GENERATED,SYNTHETIC,accept,Industrial Electrician,"{""generator"":""v2"",""note"":""ground truth of the synthetic generator""}",true
324690bd-4d3b-51dd-96f3-b1c11b201d44,c7df5212-ab60-5561-aa36-9acc415e9b5b,1.0,GENERATED,SYNTHETIC,accept,Electrician,"{""generator"":""v2"",""note"":""ground truth of the synthetic generator""}",true
e18b562f-c20f-5c29-a908-6786c82909f9,c7df5212-ab60-5561-aa36-9acc415e9b5b,1.0,GENERATED,SYNTHETIC,accept,इलेक्ट्रिशियन,"{""generator"":""v2"",""note"":""ground truth of the synthetic generator""}",true
d67058d5-6ab8-5f23-8aa1-dacfcf801367,c7df5212-ab60-5561-aa36-9acc415e9b5b,1.0,GENERATED,SYNTHETIC,accept,Industrial Electrician,"{""generator"":""v2"",""note"":""ground truth of the synthetic generator""}",true
d3ebfce6-fbd6-5ead-a01f-830589b678d3,c7df5212-ab60-5561-aa36-9acc415e9b5b,1.0,GENERATED,SYNTHETIC,accept,Electrician,"{""generator"":""v2"",""note"":""ground truth of the synthetic generator""}",true
0b676f49-3043-5092-9ad6-b1efc4f0b92e,c7df5212-ab60-5561-aa36-9acc415e9b5b,1.0,GENERATED,SYNTHETIC,accept,इलेक्ट्रिशियन,"{""generator"":""v2"",""note"":""ground truth of the synthetic generator""}",true
e489384e-33ec-5f3e-b800-7ca3cf9d718b,c7df5212-ab60-5561-aa36-9acc415e9b5b,1.0,GENERATED,SYNTHETIC,accept,Electrician (ITI),"{""generator"":""v2"",""note"":""ground truth of the synthetic generator""}",true
e8d18ac0-6b4b-5726-97ff-bc5215db7056,c7df5212-ab60-5561-aa36-9acc415e9b5b,1.0,GENERATED,SYNTHETIC,accept,Electrician (ITI),"{""generator"":""v2"",""note"":""ground truth of the synthetic generator""}",true
3d8d93aa-7ca3-532f-b8e7-b0634d27a998,c7df5212-ab60-5561-aa36-9acc415e9b5b,1.0,GENERATED,SYNTHETIC,accept,Building Electrician,"{""generator"":""v2"",""note"":""ground truth of the synthetic generator""}",true
19e09f72-961c-5376-9d9c-6250d6442b2e,c7df5212-ab60-5561-aa36-9acc415e9b5b,1.0,GENERATED,SYNTHETIC,accept,Electrician (ITI),"{""generator"":""v2"",""note"":""ground truth of the synthetic generator""}",true
4835d259-d268-5626-b1b1-d4fc25271f7e,c7df5212-ab60-5561-aa36-9acc415e9b5b,1.0,GENERATED,SYNTHETIC,accept,इलेक्ट्रिशियन,"{""generator"":""v2"",""note"":""ground truth of the synthetic generator""}",true
4a4699d7-614d-5a4d-b273-a98f151391e4,c7df5212-ab60-5561-aa36-9acc415e9b5b,1.0,GENERATED,SYNTHETIC,accept,Maintenance Electrician,"{""generator"":""v2"",""note"":""ground truth of the synthetic generator""}",true
cfce7677-aa02-5ffb-a83b-5017220d4fea,c7df5212-ab60-5561-aa36-9acc415e9b5b,1.0,GENERATED,SYNTHETIC,accept,Industrial Electrician,"{""generator"":""v2"",""note"":""ground truth of the synthetic generator""}",true
e46246f4-057e-5c9a-8723-5bb3bfcf6360,c7df5212-ab60-5561-aa36-9acc415e9b5b,1.0,GENERATED,SYNTHETIC,accept,Maintenance Electrician,"{""generator"":""v2"",""note"":""ground truth of the synthetic generator""}",true
757f61b4-8a05-5905-b747-0357591d568b,c7df5212-ab60-5561-aa36-9acc415e9b5b,1.0,GENERATED,SYNTHETIC,accept,इलेक्ट्रिशियन,"{""generator"":""v2"",""note"":""ground truth of the synthetic generator""}",true
0b274e94-6e97-51a4-9173-dc4e0f94ccd9,c7df5212-ab60-5561-aa36-9acc415e9b5b,1.0,GENERATED,SYNTHETIC,accept,इलेक्ट्रीशियन,"{""generator"":""v2"",""note"":""ground truth of the synthetic generator""}",true
51ac5210-a3d1-5816-a2e3-5d4e1a29676c,c7df5212-ab60-5561-aa36-9acc415e9b5b,1.0,GENERATED,SYNTHETIC,accept,Building Electrician,"{""generator"":""v2"",""note"":""ground truth of the synthetic generator""}",true
76dbd040-7ba8-522c-b7d5-77dd859865ee,c7df5212-ab60-5561-aa36-9acc415e9b5b,1.0,GENERATED,SYNTHETIC,accept,Maintenance Electrician,"{""generator"":""v2"",""note"":""ground truth of the synthetic generator""}",true
7f8093e0-0392-53be-b761-68d5b80e56cb,c7df5212-ab60-5561-aa36-9acc415e9b5b,1.0,GENERATED,SYNTHETIC,accept,Electrician (ITI),"{""generator"":""v2"",""note"":""ground truth of the synthetic generator""}",true
792b3155-8b11-5e23-b949-ccbe119061a7,c7df5212-ab60-5561-aa36-9acc415e9b5b,1.0,GENERATED,SYNTHETIC,accept,Electrician (ITI),"{""generator"":""v2"",""note"":""ground truth of the synthetic generator""}",true
974614cc-e1e0-5f2c-8184-aa6e0f7f6669,c7df5212-ab60-5561-aa36-9acc415e9b5b,1.0,GENERATED,SYNTHETIC,accept,Building Electrician,"{""generator"":""v2"",""note"":""ground truth of the synthetic generator""}",true
58b33d65-b55d-5df6-84c5-8bd3e7a130b3,c7df5212-ab60-5561-aa36-9acc415e9b5b,1.0,GENERATED,SYNTHETIC,accept,इलेक्ट्रीशियन,"{""generator"":""v2"",""note"":""ground truth of the synthetic generator""}",true
5ac5c269-82f7-591f-b0fd-2f63e256860d,c7df5212-ab60-5561-aa36-9acc415e9b5b,1.0,GENERATED,SYNTHETIC,accept,Maintenance Electrician,"{""generator"":""v2"",""note"":""ground truth of the synthetic generator""}",true
6891a0b7-edd6-51cd-948e-fe8a570fa8a8,c7df5212-ab60-5561-aa36-9acc415e9b5b,1.0,GENERATED,SYNTHETIC,accept,इलेक्ट्रिशियन,"{""generator"":""v2"",""note"":""ground truth of the synthetic generator""}",true
cb3d1c27-f2ce-5a6f-9abd-b0da6590862c,c7df5212-ab60-5561-aa36-9acc415e9b5b,1.0,GENERATED,SYNTHETIC,accept,Electrician,"{""generator"":""v2"",""note"":""ground truth of the synthetic generator""}",true
1393a831-81b2-5846-96ed-f4fbf1903be5,c7df5212-ab60-5561-aa36-9acc415e9b5b,1.0,GENERATED,SYNTHETIC,accept,Electrician,"{""generator"":""v2"",""note"":""ground truth of the synthetic generator""}",true
6396734c-0c48-5aac-9218-b364c9b23573,c7df5212-ab60-5561-aa36-9acc415e9b5b,1.0,GENERATED,SYNTHETIC,accept,Electrician (ITI),"{""generator"":""v2"",""note"":""ground truth of the synthetic generator""}",true
665be06e-89a1-5257-92dd-8437b2895831,c7df5212-ab60-5561-aa36-9acc415e9b5b,1.0,GENERATED,SYNTHETIC,accept,Electrician (ITI),"{""generator"":""v2"",""note"":""ground truth of the synthetic generator""}",true
d89f11f1-4b51-5103-9cfc-01071a0fc77e,c7df5212-ab60-5561-aa36-9acc415e9b5b,1.0,GENERATED,SYNTHETIC,accept,Building Electrician,"{""generator"":""v2"",""note"":""ground truth of the synthetic generator""}",true
253d52c3-472b-5c2d-8d1b-63ecad1b87bb,c7df5212-ab60-5561-aa36-9acc415e9b5b,1.0,GENERATED,SYNTHETIC,accept,Maintenance Electrician,"{""generator"":""v2"",""note"":""ground truth of the synthetic generator""}",true
066e99d3-cb41-5fa5-bbb8-9a8f52ae32dd,c7df5212-ab60-5561-aa36-9acc415e9b5b,1.0,GENERATED,SYNTHETIC,accept,Electrician (ITI),"{""generator"":""v2"",""note"":""ground truth of the synthetic generator""}",true
47fd4529-2474-5270-9ae3-da7a630a31d9,c7df5212-ab60-5561-aa36-9acc415e9b5b,1.0,GENERATED,SYNTHETIC,accept,Electrician (ITI),"{""generator"":""v2"",""note"":""ground truth of the synthetic generator""}",true
22f4dda7-c84a-501b-895d-a73255443518,c7df5212-ab60-5561-aa36-9acc415e9b5b,1.0,GENERATED,SYNTHETIC,accept,Building Electrician,"{""generator"":""v2"",""note"":""ground truth of the synthetic generator""}",true
95c70fa5-e344-5b46-884d-a65706de404e,c7df5212-ab60-5561-aa36-9acc415e9b5b,1.0,GENERATED,SYNTHETIC,accept,Electrician,"{""generator"":""v2"",""note"":""ground truth of the synthetic generator""}",true
2907f8e1-4af2-5eae-9065-ca4ea13564bb,c7df5212-ab60-5561-aa36-9acc415e9b5b,1.0,GENERATED,SYNTHETIC,accept,इलेक्ट्रिशियन,"{""generator"":""v2"",""note"":""ground truth of the synthetic generator""}",true
1953bb53-f177-5dbd-9e43-9ae0726fa1c4,c7df5212-ab60-5561-aa36-9acc415e9b5b,1.0,GENERATED,SYNTHETIC,accept,Industrial Electrician,"{""generator"":""v2"",""note"":""ground truth of the synthetic generator""}",true
8c0c86be-1a03-54f0-a3dd-ad6018bce4c7,c7df5212-ab60-5561-aa36-9acc415e9b5b,1.0,GENERATED,SYNTHETIC,accept,Industrial Electrician,"{""generator"":""v2"",""note"":""ground truth of the synthetic generator""}",true
fa0a9431-0cca-50fd-bb34-883dd6141f8f,c7df5212-ab60-5561-aa36-9acc415e9b5b,1.0,GENERATED,SYNTHETIC,accept,Building Electrician,"{""generator"":""v2"",""note"":""ground truth of the synthetic generator""}",true
f4d99431-301b-545d-9d15-3e2c3afc5abe,c7df5212-ab60-5561-aa36-9acc415e9b5b,1.0,GENERATED,SYNTHETIC,accept,Industrial Electrician,"{""generator"":""v2"",""note"":""ground truth of the synthetic generator""}",true
f1161fc7-2001-5a7c-a115-4ffb31406ac7,c7df5212-ab60-5561-aa36-9acc415e9b5b,1.0,GENERATED,SYNTHETIC,accept,Maintenance Electrician,"{""generator"":""v2"",""note"":""ground truth of the synthetic generator""}",true
ad512b57-4983-56bc-a4fe-40f7c01101b6,c7df5212-ab60-5561-aa36-9acc415e9b5b,1.0,GENERATED,SYNTHETIC,accept,इलेक्ट्रिशियन,"{""generator"":""v2"",""note"":""ground truth of the synthetic generator""}",true
7700fd3f-1f2c-5b91-94cc-9bd67badb5a3,c7df5212-ab60-5561-aa36-9acc415e9b5b,1.0,GENERATED,SYNTHETIC,accept,इलेक्ट्रीशियन,"{""generator"":""v2"",""note"":""ground truth of the synthetic generator""}",true
35dee7e1-0e47-51a2-a8a9-8aded59e8152,c7df5212-ab60-5561-aa36-9acc415e9b5b,1.0,GENERATED,SYNTHETIC,accept,Industrial Electrician,"{""generator"":""v2"",""note"":""ground truth of the synthetic generator""}",true
5291d4eb-a44e-5b86-bffd-2ec4fccdfb71,c7df5212-ab60-5561-aa36-9acc415e9b5b,1.0,GENERATED,SYNTHETIC,accept,Building Electrician,"{""generator"":""v2"",""note"":""ground truth of the synthetic generator""}",true
430ce5a6-bb8c-577a-bd13-16c59b4b94be,c7df5212-ab60-5561-aa36-9acc415e9b5b,1.0,GENERATED,SYNTHETIC,accept,इलेक्ट्रीशियन,"{""generator"":""v2"",""note"":""ground truth of the synthetic generator""}",true
6aba9fa1-2766-5a8e-afd3-b3c39414acee,c7df5212-ab60-5561-aa36-9acc415e9b5b,1.0,GENERATED,SYNTHETIC,accept,Electrician,"{""generator"":""v2"",""note"":""ground truth of the synthetic generator""}",true
c0ef322f-cdde-594b-84d8-edb9e650ef7c,c7df5212-ab60-5561-aa36-9acc415e9b5b,1.0,GENERATED,SYNTHETIC,accept,Electrician (ITI),"{""generator"":""v2"",""note"":""ground truth of the synthetic generator""}",true
42b22f48-aafb-51fa-91b3-ea5affbbc148,c7df5212-ab60-5561-aa36-9acc415e9b5b,1.0,GENERATED,SYNTHETIC,accept,Maintenance Electrician,"{""generator"":""v2"",""note"":""ground truth of the synthetic generator""}",true
130ad141-771d-537c-81bf-a9bc90254f03,c7df5212-ab60-5561-aa36-9acc415e9b5b,1.0,GENERATED,SYNTHETIC,accept,Electrician (ITI),"{""generator"":""v2"",""note"":""ground truth of the synthetic generator""}",true
60089725-3982-5df9-ac51-56a5f2fa5daa,c7df5212-ab60-5561-aa36-9acc415e9b5b,1.0,GENERATED,SYNTHETIC,accept,Electrician (ITI),"{""generator"":""v2"",""note"":""ground truth of the synthetic generator""}",true
7f9b665c-3888-552c-bad9-8c01e27ca211,c7df5212-ab60-5561-aa36-9acc415e9b5b,1.0,GENERATED,SYNTHETIC,accept,Maintenance Electrician,"{""generator"":""v2"",""note"":""ground truth of the synthetic generator""}",true
fc86d4ad-c991-584e-b831-b6f7d44b3db7,c7df5212-ab60-5561-aa36-9acc415e9b5b,1.0,GENERATED,SYNTHETIC,accept,Industrial Electrician,"{""generator"":""v2"",""note"":""ground truth of the synthetic generator""}",true
7d793dd8-0544-58c4-9d4b-722194b5a2c9,c7df5212-ab60-5561-aa36-9acc415e9b5b,1.0,GENERATED,SYNTHETIC,accept,इलेक्ट्रिशियन,"{""generator"":""v2"",""note"":""ground truth of the synthetic generator""}",true
d18473c3-1189-55ea-8002-e7f47bb8f75c,c7df5212-ab60-5561-aa36-9acc415e9b5b,1.0,GENERATED,SYNTHETIC,accept,Industrial Electrician,"{""generator"":""v2"",""note"":""ground truth of the synthetic generator""}",true
1dda9b25-bab6-5e3b-8b1c-607ff8d2b5bd,c7df5212-ab60-5561-aa36-9acc415e9b5b,1.0,GENERATED,SYNTHETIC,accept,Building Electrician,"{""generator"":""v2"",""note"":""ground truth of the synthetic generator""}",true
21793ae6-de23-5c4f-9983-7fdf49bb3913,c7df5212-ab60-5561-aa36-9acc415e9b5b,1.0,GENERATED,SYNTHETIC,accept,इलेक्ट्रीशियन,"{""generator"":""v2"",""note"":""ground truth of the synthetic generator""}",true
c67338a9-04ad-5a82-9d98-e836c2e85877,c7df5212-ab60-5561-aa36-9acc415e9b5b,1.0,GENERATED,SYNTHETIC,accept,Electrician (ITI),"{""generator"":""v2"",""note"":""ground truth of the synthetic generator""}",true
cb9bb3bd-d2e1-5c64-9777-9e5d54d241fa,c7df5212-ab60-5561-aa36-9acc415e9b5b,1.0,GENERATED,SYNTHETIC,accept,Electrician,"{""generator"":""v2"",""note"":""ground truth of the synthetic generator""}",true
00113ec3-5af1-560d-b074-011d48bfaf68,c7df5212-ab60-5561-aa36-9acc415e9b5b,1.0,GENERATED,SYNTHETIC,accept,Industrial Electrician,"{""generator"":""v2"",""note"":""ground truth of the synthetic generator""}",true
a165109b-0bdf-589d-9c67-8e8b55209931,c7df5212-ab60-5561-aa36-9acc415e9b5b,1.0,GENERATED,SYNTHETIC,accept,Industrial Electrician,"{""generator"":""v2"",""note"":""ground truth of the synthetic generator""}",true
8001cc33-7b90-5b0a-8ff5-a0faf662a5b8,c7df5212-ab60-5561-aa36-9acc415e9b5b,1.0,GENERATED,SYNTHETIC,accept,Maintenance Electrician,"{""generator"":""v2"",""note"":""ground truth of the synthetic generator""}",true
aa723058-8867-56f1-ab38-00e0c2c1414c,c7df5212-ab60-5561-aa36-9acc415e9b5b,1.0,GENERATED,SYNTHETIC,accept,Electrician,"{""generator"":""v2"",""note"":""ground truth of the synthetic generator""}",true
93a10374-5716-58e2-99a4-a830cc9906be,c7df5212-ab60-5561-aa36-9acc415e9b5b,1.0,GENERATED,SYNTHETIC,accept,Electrician,"{""generator"":""v2"",""note"":""ground truth of the synthetic generator""}",true
7a3c5d8d-ff17-58fa-8273-b85813afa5b8,c7df5212-ab60-5561-aa36-9acc415e9b5b,1.0,GENERATED,SYNTHETIC,accept,Electrician (ITI),"{""generator"":""v2"",""note"":""ground truth of the synthetic generator""}",true
48479b68-a09a-59e5-b883-0451c6a77257,c7df5212-ab60-5561-aa36-9acc415e9b5b,1.0,GENERATED,SYNTHETIC,accept,Electrician,"{""generator"":""v2"",""note"":""ground truth of the synthetic generator""}",true
f2a2b0b4-2ccc-58cb-93b1-4338950ce818,c7df5212-ab60-5561-aa36-9acc415e9b5b,1.0,GENERATED,SYNTHETIC,accept,Electrician (ITI),"{""generator"":""v2"",""note"":""ground truth of the synthetic generator""}",true
87356791-50f0-5246-a51f-4594baa0cd21,c7df5212-ab60-5561-aa36-9acc415e9b5b,1.0,GENERATED,SYNTHETIC,accept,Maintenance Electrician,"{""generator"":""v2"",""note"":""ground truth of the synthetic generator""}",true
44b82d3b-6b41-575b-9b1e-22888c026a80,c7df5212-ab60-5561-aa36-9acc415e9b5b,1.0,GENERATED,SYNTHETIC,accept,Electrician,"{""generator"":""v2"",""note"":""ground truth of the synthetic generator""}",true
1334fb0b-b4b1-5e9e-90fb-6bcfc9d7c22e,c7df5212-ab60-5561-aa36-9acc415e9b5b,1.0,GENERATED,SYNTHETIC,accept,इलेक्ट्रीशियन,"{""generator"":""v2"",""note"":""ground truth of the synthetic generator""}",true
2482d674-c20d-5a74-a9a9-99e2eacbc21f,c7df5212-ab60-5561-aa36-9acc415e9b5b,1.0,GENERATED,SYNTHETIC,accept,Electrician,"{""generator"":""v2"",""note"":""ground truth of the synthetic generator""}",true
881bff68-eddd-546f-a230-adfba18e49c6,c7df5212-ab60-5561-aa36-9acc415e9b5b,1.0,GENERATED,SYNTHETIC,accept,इलेक्ट्रिशियन,"{""generator"":""v2"",""note"":""ground truth of the synthetic generator""}",true
00873fdc-8b86-5183-b2b4-f4a3f71b1d91,c7df5212-ab60-5561-aa36-9acc415e9b5b,1.0,GENERATED,SYNTHETIC,accept,Electrician (ITI),"{""generator"":""v2"",""note"":""ground truth of the synthetic generator""}",true
c01df6bc-2f99-5fb1-b1e1-f94e3c80abd9,c7df5212-ab60-5561-aa36-9acc415e9b5b,1.0,GENERATED,SYNTHETIC,accept,Industrial Electrician,"{""generator"":""v2"",""note"":""ground truth of the synthetic generator""}",true
fadf06bd-0d5f-5a0a-b8e2-865021be7c19,c7df5212-ab60-5561-aa36-9acc415e9b5b,1.0,GENERATED,SYNTHETIC,accept,इलेक्ट्रीशियन,"{""generator"":""v2"",""note"":""ground truth of the synthetic generator""}",true
b0a91c8c-d7ea-5ea9-9829-99578453c6ff,c7df5212-ab60-5561-aa36-9acc415e9b5b,1.0,GENERATED,SYNTHETIC,accept,इलेक्ट्रिशियन,"{""generator"":""v2"",""note"":""ground truth of the synthetic generator""}",true
4d832729-ea85-5362-86ac-d66e28f828e1,c7df5212-ab60-5561-aa36-9acc415e9b5b,1.0,GENERATED,SYNTHETIC,accept,Industrial Electrician,"{""generator"":""v2"",""note"":""ground truth of the synthetic generator""}",true
9b7523f7-fbeb-5933-a752-888b523a0d62,c7df5212-ab60-5561-aa36-9acc415e9b5b,1.0,GENERATED,SYNTHETIC,accept,Maintenance Electrician,"{""generator"":""v2"",""note"":""ground truth of the synthetic generator""}",true
33068049-7e95-5ae3-beab-d9a8651dbdea,c7df5212-ab60-5561-aa36-9acc415e9b5b,1.0,GENERATED,SYNTHETIC,accept,इलेक्ट्रीशियन,"{""generator"":""v2"",""note"":""ground truth of the synthetic generator""}",true
d66db505-6092-584c-8920-c168ad285b68,c7df5212-ab60-5561-aa36-9acc415e9b5b,1.0,GENERATED,SYNTHETIC,accept,Building Electrician,"{""generator"":""v2"",""note"":""ground truth of the synthetic generator""}",true
edb277e2-b66f-525b-8eed-c1f674db4b51,c7df5212-ab60-5561-aa36-9acc415e9b5b,1.0,GENERATED,SYNTHETIC,accept,Industrial Electrician,"{""generator"":""v2"",""note"":""ground truth of the synthetic generator""}",true
d6de64bf-772e-5201-930b-df7da37db7d4,c7df5212-ab60-5561-aa36-9acc415e9b5b,1.0,GENERATED,SYNTHETIC,accept,Electrician,"{""generator"":""v2"",""note"":""ground truth of the synthetic generator""}",true
d5a936c3-ea98-57cd-97f9-3a2a7176be3e,c7df5212-ab60-5561-aa36-9acc415e9b5b,1.0,GENERATED,SYNTHETIC,accept,Industrial Electrician,"{""generator"":""v2"",""note"":""ground truth of the synthetic generator""}",true
ff2a45df-95a2-5481-b788-1b236b60a9ee,c7df5212-ab60-5561-aa36-9acc415e9b5b,1.0,GENERATED,SYNTHETIC,accept,Electrician,"{""generator"":""v2"",""note"":""ground truth of the synthetic generator""}",true
5ce1746f-a948-55c7-82a6-9fd92ce1ed11,c7df5212-ab60-5561-aa36-9acc415e9b5b,1.0,GENERATED,SYNTHETIC,accept,Electrician (ITI),"{""generator"":""v2"",""note"":""ground truth of the synthetic generator""}",true
c572af25-17b5-5bf5-a47a-282c74472052,c7df5212-ab60-5561-aa36-9acc415e9b5b,1.0,GENERATED,SYNTHETIC,accept,Maintenance Electrician,"{""generator"":""v2"",""note"":""ground truth of the synthetic generator""}",true
90b412e1-2157-5a7f-9dee-e2aaafe0512b,c7df5212-ab60-5561-aa36-9acc415e9b5b,1.0,GENERATED,SYNTHETIC,accept,Electrician (ITI),"{""generator"":""v2"",""note"":""ground truth of the synthetic generator""}",true
49ec6cb7-9161-5721-a0d0-9ae61c9fbf14,c7df5212-ab60-5561-aa36-9acc415e9b5b,1.0,GENERATED,SYNTHETIC,accept,Industrial Electrician,"{""generator"":""v2"",""note"":""ground truth of the synthetic generator""}",true
f59ccfda-f1bc-5828-a502-8f16710ef52c,c7df5212-ab60-5561-aa36-9acc415e9b5b,1.0,GENERATED,SYNTHETIC,accept,Industrial Electrician,"{""generator"":""v2"",""note"":""ground truth of the synthetic generator""}",true
81dd74ec-b0ca-596b-b270-fce92f650d71,c7df5212-ab60-5561-aa36-9acc415e9b5b,1.0,GENERATED,SYNTHETIC,accept,Electrician (ITI),"{""generator"":""v2"",""note"":""ground truth of the synthetic generator""}",true
b1e07723-b24b-5894-842e-18826063ab27,c7df5212-ab60-5561-aa36-9acc415e9b5b,1.0,GENERATED,SYNTHETIC,accept,Electrician (ITI),"{""generator"":""v2"",""note"":""ground truth of the synthetic generator""}",true
20cbe90d-2e01-5571-bcae-5bd4f77e2720,c7df5212-ab60-5561-aa36-9acc415e9b5b,1.0,GENERATED,SYNTHETIC,accept,Electrician,"{""generator"":""v2"",""note"":""ground truth of the synthetic generator""}",true
347f4f0b-9984-5b07-9233-eb62f87ae8c9,c7df5212-ab60-5561-aa36-9acc415e9b5b,1.0,GENERATED,SYNTHETIC,accept,Industrial Electrician,"{""generator"":""v2"",""note"":""ground truth of the synthetic generator""}",true
4b47d5e5-66da-5e51-bc38-bf1ce79158ac,c7df5212-ab60-5561-aa36-9acc415e9b5b,1.0,GENERATED,SYNTHETIC,accept,Maintenance Electrician,"{""generator"":""v2"",""note"":""ground truth of the synthetic generator""}",true
43881743-7082-5ac8-8c46-d847bf3bdfca,c7df5212-ab60-5561-aa36-9acc415e9b5b,1.0,GENERATED,SYNTHETIC,accept,Electrician,"{""generator"":""v2"",""note"":""ground truth of the synthetic generator""}",true
a30472f1-3102-5a40-8b55-620ab5e46f10,c7df5212-ab60-5561-aa36-9acc415e9b5b,1.0,GENERATED,SYNTHETIC,accept,Electrician (ITI),"{""generator"":""v2"",""note"":""ground truth of the synthetic generator""}",true
3334811d-993a-5194-8d08-df8dbedb3564,c7df5212-ab60-5561-aa36-9acc415e9b5b,1.0,GENERATED,SYNTHETIC,accept,Electrician,"{""generator"":""v2"",""note"":""ground truth of the synthetic generator""}",true
a5ff43a9-7dc1-5048-a1b7-800bd75b9815,c7df5212-ab60-5561-aa36-9acc415e9b5b,1.0,GENERATED,SYNTHETIC,accept,Industrial Electrician,"{""generator"":""v2"",""note"":""ground truth of the synthetic generator""}",true
4f3996a0-6a02-5c1e-96c1-5a6226764569,c7df5212-ab60-5561-aa36-9acc415e9b5b,1.0,GENERATED,SYNTHETIC,accept,Industrial Electrician,"{""generator"":""v2"",""note"":""ground truth of the synthetic generator""}",true
578dd428-2cea-5368-9848-c426ee5c2b3e,c7df5212-ab60-5561-aa36-9acc415e9b5b,1.0,GENERATED,SYNTHETIC,accept,Maintenance Electrician,"{""generator"":""v2"",""note"":""ground truth of the synthetic generator""}",true
ed9d2168-b532-56d2-8afb-16fc45e33554,c7df5212-ab60-5561-aa36-9acc415e9b5b,1.0,GENERATED,SYNTHETIC,accept,Industrial Electrician,"{""generator"":""v2"",""note"":""ground truth of the synthetic generator""}",true
b37adba6-17bb-58bf-b6d4-09cf88c891c7,c7df5212-ab60-5561-aa36-9acc415e9b5b,1.0,GENERATED,SYNTHETIC,accept,Electrician,"{""generator"":""v2"",""note"":""ground truth of the synthetic generator""}",true
c2116308-649c-5e8a-a40c-07008a663ecb,c7df5212-ab60-5561-aa36-9acc415e9b5b,1.0,GENERATED,SYNTHETIC,accept,Building Electrician,"{""generator"":""v2"",""note"":""ground truth of the synthetic generator""}",true
ebecaa8a-db69-58f6-873b-921c5a3d40a3,c7df5212-ab60-5561-aa36-9acc415e9b5b,1.0,GENERATED,SYNTHETIC,accept,Electrician,"{""generator"":""v2"",""note"":""ground truth of the synthetic generator""}",true
b27e5c9e-6c90-5f49-be75-04b259eab5eb,c7df5212-ab60-5561-aa36-9acc415e9b5b,1.0,GENERATED,SYNTHETIC,accept,Maintenance Electrician,"{""generator"":""v2"",""note"":""ground truth of the synthetic generator""}",true
4cc46dd6-15e6-5ebe-ac7d-c60eb83d2e68,c7df5212-ab60-5561-aa36-9acc415e9b5b,1.0,GENERATED,SYNTHETIC,accept,Building Electrician,"{""generator"":""v2"",""note"":""ground truth of the synthetic generator""}",true
0088a82d-58d2-51f7-8f0e-7de1d565fbf4,c7df5212-ab60-5561-aa36-9acc415e9b5b,1.0,GENERATED,SYNTHETIC,accept,Maintenance Electrician,"{""generator"":""v2"",""note"":""ground truth of the synthetic generator""}",true
d31d1a8b-505c-586b-819e-ac946eb9ba67,c7df5212-ab60-5561-aa36-9acc415e9b5b,1.0,GENERATED,SYNTHETIC,accept,Electrician (ITI),"{""generator"":""v2"",""note"":""ground truth of the synthetic generator""}",true
cd22550c-e1b9-58b7-930a-45e8abcfab03,c7df5212-ab60-5561-aa36-9acc415e9b5b,1.0,GENERATED,SYNTHETIC,accept,Electrician (ITI),"{""generator"":""v2"",""note"":""ground truth of the synthetic generator""}",true
2641adc5-a921-5b1d-b61b-614807405660,c7df5212-ab60-5561-aa36-9acc415e9b5b,1.0,GENERATED,SYNTHETIC,accept,Electrician,"{""generator"":""v2"",""note"":""ground truth of the synthetic generator""}",true
0f9bc468-00e5-5184-a2e5-0d5dbfca82f1,c7df5212-ab60-5561-aa36-9acc415e9b5b,1.0,GENERATED,SYNTHETIC,accept,इलेक्ट्रिशियन,"{""generator"":""v2"",""note"":""ground truth of the synthetic generator""}",true
013e7e1f-f6b1-5d44-8f4f-af7470e89da5,c7df5212-ab60-5561-aa36-9acc415e9b5b,1.0,GENERATED,SYNTHETIC,accept,Building Electrician,"{""generator"":""v2"",""note"":""ground truth of the synthetic generator""}",true
c88e3d00-7b92-52c4-b638-0023224321bf,c7df5212-ab60-5561-aa36-9acc415e9b5b,1.0,GENERATED,SYNTHETIC,accept,इलेक्ट्रीशियन,"{""generator"":""v2"",""note"":""ground truth of the synthetic generator""}",true
936c646d-4f11-584c-9943-b48d8f1895b2,c7df5212-ab60-5561-aa36-9acc415e9b5b,1.0,GENERATED,SYNTHETIC,accept,Electrician,"{""generator"":""v2"",""note"":""ground truth of the synthetic generator""}",true
5d8cd35a-bc15-5216-9fae-bd86e1a3104b,c7df5212-ab60-5561-aa36-9acc415e9b5b,1.0,GENERATED,SYNTHETIC,accept,Industrial Electrician,"{""generator"":""v2"",""note"":""ground truth of the synthetic generator""}",true
0b12c1b7-126e-5bfc-b63b-66f8b95b9cf5,c7df5212-ab60-5561-aa36-9acc415e9b5b,1.0,GENERATED,SYNTHETIC,accept,Maintenance Electrician,"{""generator"":""v2"",""note"":""ground truth of the synthetic generator""}",true
f60b3f54-079c-5ba1-82b1-974705ca81b2,c7df5212-ab60-5561-aa36-9acc415e9b5b,1.0,GENERATED,SYNTHETIC,accept,इलेक्ट्रीशियन,"{""generator"":""v2"",""note"":""ground truth of the synthetic generator""}",true
2ffa3477-ec94-5d18-ad4a-36f708bbe59a,c7df5212-ab60-5561-aa36-9acc415e9b5b,1.0,GENERATED,SYNTHETIC,accept,इलेक्ट्रिशियन,"{""generator"":""v2"",""note"":""ground truth of the synthetic generator""}",true
95f83188-b91b-568e-9676-0d34a2e5a037,c7df5212-ab60-5561-aa36-9acc415e9b5b,1.0,GENERATED,SYNTHETIC,accept,Electrician,"{""generator"":""v2"",""note"":""ground truth of the synthetic generator""}",true
07639bb7-75b1-524e-a045-f22ebf8677bf,c7df5212-ab60-5561-aa36-9acc415e9b5b,1.0,GENERATED,SYNTHETIC,accept,Electrician,"{""generator"":""v2"",""note"":""ground truth of the synthetic generator""}",true
2d8f2602-56b9-5c10-b0e4-03afe5310ed4,c7df5212-ab60-5561-aa36-9acc415e9b5b,1.0,GENERATED,SYNTHETIC,accept,Electrician,"{""generator"":""v2"",""note"":""ground truth of the synthetic generator""}",true
ea8dd058-24f7-5803-a9dc-5edd1466a068,c7df5212-ab60-5561-aa36-9acc415e9b5b,1.0,GENERATED,SYNTHETIC,accept,Electrician (ITI),"{""generator"":""v2"",""note"":""ground truth of the synthetic generator""}",true
96754a51-f466-5b1b-a259-b54be8ee6754,c7df5212-ab60-5561-aa36-9acc415e9b5b,1.0,GENERATED,SYNTHETIC,accept,Electrician,"{""generator"":""v2"",""note"":""ground truth of the synthetic generator""}",true
6324f2b4-ebb9-5577-91ea-7ced90528e60,c7df5212-ab60-5561-aa36-9acc415e9b5b,1.0,GENERATED,SYNTHETIC,accept,Industrial Electrician,"{""generator"":""v2"",""note"":""ground truth of the synthetic generator""}",true
861c78c8-98a5-5c20-9326-5c991091dd45,c7df5212-ab60-5561-aa36-9acc415e9b5b,1.0,GENERATED,SYNTHETIC,accept,Maintenance Electrician,"{""generator"":""v2"",""note"":""ground truth of the synthetic generator""}",true
dea9ff85-0e13-5511-bbd5-2206a0e241b3,c7df5212-ab60-5561-aa36-9acc415e9b5b,1.0,GENERATED,SYNTHETIC,accept,इलेक्ट्रीशियन,"{""generator"":""v2"",""note"":""ground truth of the synthetic generator""}",true
5f1d128c-0a4d-5abc-8653-cee7b8410062,c7df5212-ab60-5561-aa36-9acc415e9b5b,1.0,GENERATED,SYNTHETIC,accept,Electrician (ITI),"{""generator"":""v2"",""note"":""ground truth of the synthetic generator""}",true
0f3e4f49-2f1c-58c3-b268-c65c0e2d97c0,c7df5212-ab60-5561-aa36-9acc415e9b5b,1.0,GENERATED,SYNTHETIC,accept,Building Electrician,"{""generator"":""v2"",""note"":""ground truth of the synthetic generator""}",true
ae63475d-6ca3-5eb3-b91b-ae8957abb848,c7df5212-ab60-5561-aa36-9acc415e9b5b,1.0,GENERATED,SYNTHETIC,accept,इलेक्ट्रिशियन,"{""generator"":""v2"",""note"":""ground truth of the synthetic generator""}",true
efb83f14-4d3e-56bb-b896-83adf260d868,c7df5212-ab60-5561-aa36-9acc415e9b5b,1.0,GENERATED,SYNTHETIC,accept,Industrial Electrician,"{""generator"":""v2"",""note"":""ground truth of the synthetic generator""}",true
2d53338e-ca3c-5098-a549-29310dbb183b,c7df5212-ab60-5561-aa36-9acc415e9b5b,1.0,GENERATED,SYNTHETIC,accept,Industrial Electrician,"{""generator"":""v2"",""note"":""ground truth of the synthetic generator""}",true
8333cf4a-754b-51ff-b6d5-5439fa9fa5d7,c7df5212-ab60-5561-aa36-9acc415e9b5b,1.0,GENERATED,SYNTHETIC,accept,Industrial Electrician,"{""generator"":""v2"",""note"":""ground truth of the synthetic generator""}",true
568a80a3-35c7-5b24-869e-0b4eaf12af87,c7df5212-ab60-5561-aa36-9acc415e9b5b,1.0,GENERATED,SYNTHETIC,accept,Maintenance Electrician,"{""generator"":""v2"",""note"":""ground truth of the synthetic generator""}",true
10e52252-6c4d-5a0f-959f-2a0d88d5d80e,c7df5212-ab60-5561-aa36-9acc415e9b5b,1.0,GENERATED,SYNTHETIC,accept,इलेक्ट्रीशियन,"{""generator"":""v2"",""note"":""ground truth of the synthetic generator""}",true
3ea4f447-3489-5726-84a4-ec35f6046740,c7df5212-ab60-5561-aa36-9acc415e9b5b,1.0,GENERATED,SYNTHETIC,accept,Electrician (ITI),"{""generator"":""v2"",""note"":""ground truth of the synthetic generator""}",true
7d17088e-6825-597e-8145-f2932af56f68,c7df5212-ab60-5561-aa36-9acc415e9b5b,1.0,GENERATED,SYNTHETIC,accept,इलेक्ट्रिशियन,"{""generator"":""v2"",""note"":""ground truth of the synthetic generator""}",true
7c99cebe-0306-5f1a-b8a2-a4c06e54d50f,c7df5212-ab60-5561-aa36-9acc415e9b5b,1.0,GENERATED,SYNTHETIC,accept,Building Electrician,"{""generator"":""v2"",""note"":""ground truth of the synthetic generator""}",true
331d99e3-9652-50fb-9f2b-bc9aca1ee2f6,c7df5212-ab60-5561-aa36-9acc415e9b5b,1.0,GENERATED,SYNTHETIC,accept,Maintenance Electrician,"{""generator"":""v2"",""note"":""ground truth of the synthetic generator""}",true
e54730fa-e8d6-5e96-b9ac-ca5c167dbdde,c7df5212-ab60-5561-aa36-9acc415e9b5b,1.0,GENERATED,SYNTHETIC,accept,Electrician (ITI),"{""generator"":""v2"",""note"":""ground truth of the synthetic generator""}",true
2241e26c-286a-5136-b6c6-46d6b5d3874e,c7df5212-ab60-5561-aa36-9acc415e9b5b,1.0,GENERATED,SYNTHETIC,accept,Building Electrician,"{""generator"":""v2"",""note"":""ground truth of the synthetic generator""}",true
77f77c55-c710-58e2-99e2-2dc061a3794b,c7df5212-ab60-5561-aa36-9acc415e9b5b,1.0,GENERATED,SYNTHETIC,accept,Electrician,"{""generator"":""v2"",""note"":""ground truth of the synthetic generator""}",true
a9b992e4-b257-5801-803e-f78a0548d816,c7df5212-ab60-5561-aa36-9acc415e9b5b,1.0,GENERATED,SYNTHETIC,accept,Building Electrician,"{""generator"":""v2"",""note"":""ground truth of the synthetic generator""}",true
db0e1d0f-2fbe-592d-a6b9-7db4add48d92,c7df5212-ab60-5561-aa36-9acc415e9b5b,1.0,GENERATED,SYNTHETIC,accept,Electrician (ITI),"{""generator"":""v2"",""note"":""ground truth of the synthetic generator""}",true
82c9b37e-1716-5b77-b939-aab6e6528295,c7df5212-ab60-5561-aa36-9acc415e9b5b,1.0,GENERATED,SYNTHETIC,accept,Building Electrician,"{""generator"":""v2"",""note"":""ground truth of the synthetic generator""}",true
ef3beff6-f5e8-59c9-8cd6-29b06c9ab788,c7df5212-ab60-5561-aa36-9acc415e9b5b,1.0,GENERATED,SYNTHETIC,accept,Maintenance Electrician,"{""generator"":""v2"",""note"":""ground truth of the synthetic generator""}",true
91a74fb4-ed1d-5852-a38f-bfb228a83e13,c7df5212-ab60-5561-aa36-9acc415e9b5b,1.0,GENERATED,SYNTHETIC,accept,Electrician (ITI),"{""generator"":""v2"",""note"":""ground truth of the synthetic generator""}",true
31d0c020-b203-5c72-a312-8b9d4a799ecd,c7df5212-ab60-5561-aa36-9acc415e9b5b,1.0,GENERATED,SYNTHETIC,accept,Electrician,"{""generator"":""v2"",""note"":""ground truth of the synthetic generator""}",true
13be4e93-d6d5-5be2-8af1-a1055057846d,c7df5212-ab60-5561-aa36-9acc415e9b5b,1.0,GENERATED,SYNTHETIC,accept,Building Electrician,"{""generator"":""v2"",""note"":""ground truth of the synthetic generator""}",true
7adfde95-10c0-5d80-8d22-f8ae5e4a6414,c7df5212-ab60-5561-aa36-9acc415e9b5b,1.0,GENERATED,SYNTHETIC,accept,Industrial Electrician,"{""generator"":""v2"",""note"":""ground truth of the synthetic generator""}",true
93111ea4-ced6-5119-8246-8f82e1854755,c7df5212-ab60-5561-aa36-9acc415e9b5b,1.0,GENERATED,SYNTHETIC,accept,इलेक्ट्रिशियन,"{""generator"":""v2"",""note"":""ground truth of the synthetic generator""}",true
4eeeef1d-049e-5b07-995d-7a6a0f8f253e,c7df5212-ab60-5561-aa36-9acc415e9b5b,1.0,GENERATED,SYNTHETIC,accept,Electrician (ITI),"{""generator"":""v2"",""note"":""ground truth of the synthetic generator""}",true
c775ca36-28d8-5234-8841-5a370913b7ba,c7df5212-ab60-5561-aa36-9acc415e9b5b,1.0,GENERATED,SYNTHETIC,accept,इलेक्ट्रिशियन,"{""generator"":""v2"",""note"":""ground truth of the synthetic generator""}",true
87a7bd3f-3f21-5267-956d-0cbecbecd8aa,c7df5212-ab60-5561-aa36-9acc415e9b5b,1.0,GENERATED,SYNTHETIC,accept,इलेक्ट्रीशियन,"{""generator"":""v2"",""note"":""ground truth of the synthetic generator""}",true
99b21c36-58cc-5e2d-8249-a0a1f8aa598b,c7df5212-ab60-5561-aa36-9acc415e9b5b,1.0,GENERATED,SYNTHETIC,accept,Maintenance Electrician,"{""generator"":""v2"",""note"":""ground truth of the synthetic generator""}",true
344d5b57-0c1f-5d25-bba3-40db72a16118,c7df5212-ab60-5561-aa36-9acc415e9b5b,1.0,GENERATED,SYNTHETIC,accept,Building Electrician,"{""generator"":""v2"",""note"":""ground truth of the synthetic generator""}",true
8d1b74ae-a203-5d8a-997a-4b218a5af9b6,c7df5212-ab60-5561-aa36-9acc415e9b5b,1.0,GENERATED,SYNTHETIC,accept,Electrician (ITI),"{""generator"":""v2"",""note"":""ground truth of the synthetic generator""}",true
d5f4fc49-a89b-5f7e-85b5-b77d2e9eeab6,c7df5212-ab60-5561-aa36-9acc415e9b5b,1.0,GENERATED,SYNTHETIC,accept,Industrial Electrician,"{""generator"":""v2"",""note"":""ground truth of the synthetic generator""}",true
c86de1ad-5edf-5bde-a15e-57a736dab268,c7df5212-ab60-5561-aa36-9acc415e9b5b,1.0,GENERATED,SYNTHETIC,accept,Building Electrician,"{""generator"":""v2"",""note"":""ground truth of the synthetic generator""}",true
47455a2a-58fd-5cb1-b56d-f7d17e8c4f1a,c7df5212-ab60-5561-aa36-9acc415e9b5b,1.0,GENERATED,SYNTHETIC,accept,Maintenance Electrician,"{""generator"":""v2"",""note"":""ground truth of the synthetic generator""}",true
91370818-aec1-5702-8c7f-17e002b47f64,c7df5212-ab60-5561-aa36-9acc415e9b5b,1.0,GENERATED,SYNTHETIC,accept,Building Electrician,"{""generator"":""v2"",""note"":""ground truth of the synthetic generator""}",true
ba7cbada-4a00-56ae-bada-609bdd1d0b29,c7df5212-ab60-5561-aa36-9acc415e9b5b,1.0,GENERATED,SYNTHETIC,accept,इलेक्ट्रीशियन,"{""generator"":""v2"",""note"":""ground truth of the synthetic generator""}",true
ff921fab-06c7-57d0-9ea9-e4031c06ee0f,c7df5212-ab60-5561-aa36-9acc415e9b5b,1.0,GENERATED,SYNTHETIC,accept,Electrician,"{""generator"":""v2"",""note"":""ground truth of the synthetic generator""}",true
f35bfcea-9f6c-511a-9344-55051eeed3b7,c7df5212-ab60-5561-aa36-9acc415e9b5b,1.0,GENERATED,SYNTHETIC,accept,इलेक्ट्रिशियन,"{""generator"":""v2"",""note"":""ground truth of the synthetic generator""}",true
8beddf39-ed3c-54d2-8fcb-bcebc52e9aad,c7df5212-ab60-5561-aa36-9acc415e9b5b,1.0,GENERATED,SYNTHETIC,accept,Building Electrician,"{""generator"":""v2"",""note"":""ground truth of the synthetic generator""}",true
194304e6-dcdc-5568-8124-fb18a8059a6b,c7df5212-ab60-5561-aa36-9acc415e9b5b,1.0,GENERATED,SYNTHETIC,accept,Building Electrician,"{""generator"":""v2"",""note"":""ground truth of the synthetic generator""}",true
f1c51991-10c6-52a6-881f-aa79b4d3cdfa,c7df5212-ab60-5561-aa36-9acc415e9b5b,1.0,GENERATED,SYNTHETIC,accept,Electrician,"{""generator"":""v2"",""note"":""ground truth of the synthetic generator""}",true
e0392a34-67ba-5b2d-b5e9-6e249c34b6e4,c7df5212-ab60-5561-aa36-9acc415e9b5b,1.0,GENERATED,SYNTHETIC,accept,Industrial Electrician,"{""generator"":""v2"",""note"":""ground truth of the synthetic generator""}",true
b2fc5b17-d2ea-5fcb-b643-927b8b210ce8,c7df5212-ab60-5561-aa36-9acc415e9b5b,1.0,GENERATED,SYNTHETIC,accept,Maintenance Electrician,"{""generator"":""v2"",""note"":""ground truth of the synthetic generator""}",true
3d907aef-bcb3-50d7-ba35-71a4c098aa51,c7df5212-ab60-5561-aa36-9acc415e9b5b,1.0,GENERATED,SYNTHETIC,accept,Electrician,"{""generator"":""v2"",""note"":""ground truth of the synthetic generator""}",true
f99b9533-6cc8-5187-af30-041d248f27f6,c7df5212-ab60-5561-aa36-9acc415e9b5b,1.0,GENERATED,SYNTHETIC,accept,इलेक्ट्रिशियन,"{""generator"":""v2"",""note"":""ground truth of the synthetic generator""}",true
ff640ad6-2262-54e2-897c-983bcdba5153,c7df5212-ab60-5561-aa36-9acc415e9b5b,1.0,GENERATED,SYNTHETIC,accept,Maintenance Electrician,"{""generator"":""v2"",""note"":""ground truth of the synthetic generator""}",true
6fe17cfe-eb95-573a-9aec-8269b6f35620,c7df5212-ab60-5561-aa36-9acc415e9b5b,1.0,GENERATED,SYNTHETIC,accept,Electrician,"{""generator"":""v2"",""note"":""ground truth of the synthetic generator""}",true
e0194b69-c1e3-5264-a990-798b0ea5103d,c7df5212-ab60-5561-aa36-9acc415e9b5b,1.0,GENERATED,SYNTHETIC,accept,Industrial Electrician,"{""generator"":""v2"",""note"":""ground truth of the synthetic generator""}",true
51bacab8-8412-5d72-b495-3c01cf390e4f,c7df5212-ab60-5561-aa36-9acc415e9b5b,1.0,GENERATED,SYNTHETIC,accept,Industrial Electrician,"{""generator"":""v2"",""note"":""ground truth of the synthetic generator""}",true
e03f6b07-7ecf-51b9-8e80-4eea93458802,c7df5212-ab60-5561-aa36-9acc415e9b5b,1.0,GENERATED,SYNTHETIC,accept,Maintenance Electrician,"{""generator"":""v2"",""note"":""ground truth of the synthetic generator""}",true
9363aee1-9b91-5e35-ade6-7baafdbe9b86,c7df5212-ab60-5561-aa36-9acc415e9b5b,1.0,GENERATED,SYNTHETIC,accept,इलेक्ट्रिशियन,"{""generator"":""v2"",""note"":""ground truth of the synthetic generator""}",true
6c7810e7-32ef-518a-a256-9d835442855a,c7df5212-ab60-5561-aa36-9acc415e9b5b,1.0,GENERATED,SYNTHETIC,accept,इलेक्ट्रिशियन,"{""generator"":""v2"",""note"":""ground truth of the synthetic generator""}",true
dcbb9fd5-e562-5493-b2d7-426036669950,c7df5212-ab60-5561-aa36-9acc415e9b5b,1.0,GENERATED,SYNTHETIC,accept,Electrician,"{""generator"":""v2"",""note"":""ground truth of the synthetic generator""}",true
917301a8-74a1-5339-a631-e04c8baace01,c7df5212-ab60-5561-aa36-9acc415e9b5b,1.0,GENERATED,SYNTHETIC,accept,Industrial Electrician,"{""generator"":""v2"",""note"":""ground truth of the synthetic generator""}",true
6eb1633f-aab2-5b06-b76a-cbe3748fef1f,c7df5212-ab60-5561-aa36-9acc415e9b5b,1.0,GENERATED,SYNTHETIC,accept,इलेक्ट्रीशियन,"{""generator"":""v2"",""note"":""ground truth of the synthetic generator""}",true
34695b45-723a-590f-91f3-6e1282fceb9d,c7df5212-ab60-5561-aa36-9acc415e9b5b,1.0,GENERATED,SYNTHETIC,accept,Electrician (ITI),"{""generator"":""v2"",""note"":""ground truth of the synthetic generator""}",true
06e3828a-35ac-5df7-acb5-43481c058d2c,c7df5212-ab60-5561-aa36-9acc415e9b5b,1.0,GENERATED,SYNTHETIC,accept,Electrician (ITI),"{""generator"":""v2"",""note"":""ground truth of the synthetic generator""}",true
6a315106-4294-50cd-b96e-2d6435c6e0e8,c7df5212-ab60-5561-aa36-9acc415e9b5b,1.0,GENERATED,SYNTHETIC,accept,Industrial Electrician,"{""generator"":""v2"",""note"":""ground truth of the synthetic generator""}",true
5013c3d7-c12e-526e-a62a-7032727f45b5,c7df5212-ab60-5561-aa36-9acc415e9b5b,1.0,GENERATED,SYNTHETIC,accept,इलेक्ट्रीशियन,"{""generator"":""v2"",""note"":""ground truth of the synthetic generator""}",true
47770c48-d95e-53c0-8241-d1535dd1c913,c7df5212-ab60-5561-aa36-9acc415e9b5b,1.0,GENERATED,SYNTHETIC,accept,इलेक्ट्रिशियन,"{""generator"":""v2"",""note"":""ground truth of the synthetic generator""}",true
c53c9f73-c19b-51c0-a904-6fa62d5e8ba1,c7df5212-ab60-5561-aa36-9acc415e9b5b,1.0,GENERATED,SYNTHETIC,accept,इलेक्ट्रिशियन,"{""generator"":""v2"",""note"":""ground truth of the synthetic generator""}",true
c0e9cfc0-9566-56d7-abbf-0547f3c119f6,c7df5212-ab60-5561-aa36-9acc415e9b5b,1.0,GENERATED,SYNTHETIC,accept,Electrician (ITI),"{""generator"":""v2"",""note"":""ground truth of the synthetic generator""}",true
49eee059-652f-5b16-a9d3-dc43b8019497,c7df5212-ab60-5561-aa36-9acc415e9b5b,1.0,GENERATED,SYNTHETIC,accept,इलेक्ट्रिशियन,"{""generator"":""v2"",""note"":""ground truth of the synthetic generator""}",true
6e7b434e-2c49-5e1a-af6b-f1478ad1c1fc,c7df5212-ab60-5561-aa36-9acc415e9b5b,1.0,GENERATED,SYNTHETIC,accept,Building Electrician,"{""generator"":""v2"",""note"":""ground truth of the synthetic generator""}",true
bcad77a4-9951-5d58-9dcd-141cc5767ba6,c7df5212-ab60-5561-aa36-9acc415e9b5b,1.0,GENERATED,SYNTHETIC,accept,Maintenance Electrician,"{""generator"":""v2"",""note"":""ground truth of the synthetic generator""}",true
276758e3-f29a-5407-9e99-065c836056ed,c7df5212-ab60-5561-aa36-9acc415e9b5b,1.0,GENERATED,SYNTHETIC,accept,Electrician,"{""generator"":""v2"",""note"":""ground truth of the synthetic generator""}",true
a3747c99-01b3-5ccc-87bb-30a1248eca41,c7df5212-ab60-5561-aa36-9acc415e9b5b,1.0,GENERATED,SYNTHETIC,accept,Maintenance Electrician,"{""generator"":""v2"",""note"":""ground truth of the synthetic generator""}",true
8cb7bafe-e05e-5d90-855d-823c3c55d929,c7df5212-ab60-5561-aa36-9acc415e9b5b,1.0,GENERATED,SYNTHETIC,accept,Electrician,"{""generator"":""v2"",""note"":""ground truth of the synthetic generator""}",true
9ed91be7-aa41-5b3b-98c0-69b97f882c0d,c7df5212-ab60-5561-aa36-9acc415e9b5b,1.0,GENERATED,SYNTHETIC,accept,Maintenance Electrician,"{""generator"":""v2"",""note"":""ground truth of the synthetic generator""}",true
e47ffc9c-5dab-57c7-9898-b2fad1fa1ec2,c7df5212-ab60-5561-aa36-9acc415e9b5b,1.0,GENERATED,SYNTHETIC,accept,Building Electrician,"{""generator"":""v2"",""note"":""ground truth of the synthetic generator""}",true
68722dba-1548-58e1-87d8-cf971a228722,c7df5212-ab60-5561-aa36-9acc415e9b5b,1.0,GENERATED,SYNTHETIC,accept,Maintenance Electrician,"{""generator"":""v2"",""note"":""ground truth of the synthetic generator""}",true
22f14192-96b9-561d-9a48-01f541c8090c,c7df5212-ab60-5561-aa36-9acc415e9b5b,1.0,GENERATED,SYNTHETIC,accept,Building Electrician,"{""generator"":""v2"",""note"":""ground truth of the synthetic generator""}",true
d36eb926-ac05-5613-8240-177b64fab685,c7df5212-ab60-5561-aa36-9acc415e9b5b,1.0,GENERATED,SYNTHETIC,accept,इलेक्ट्रीशियन,"{""generator"":""v2"",""note"":""ground truth of the synthetic generator""}",true
04406238-b33f-5666-85ed-f0a56249f363,c7df5212-ab60-5561-aa36-9acc415e9b5b,1.0,GENERATED,SYNTHETIC,accept,Electrician (ITI),"{""generator"":""v2"",""note"":""ground truth of the synthetic generator""}",true
7ab8578f-afa6-5ebc-8f8e-025cc60189a6,c7df5212-ab60-5561-aa36-9acc415e9b5b,1.0,GENERATED,SYNTHETIC,accept,Electrician,"{""generator"":""v2"",""note"":""ground truth of the synthetic generator""}",true
e5476198-bee5-58fd-95c7-7a00d94d34ca,c7df5212-ab60-5561-aa36-9acc415e9b5b,1.0,GENERATED,SYNTHETIC,accept,Electrician,"{""generator"":""v2"",""note"":""ground truth of the synthetic generator""}",true
fd443817-8612-5d0f-850c-1b0b215f7c9d,c7df5212-ab60-5561-aa36-9acc415e9b5b,1.0,GENERATED,SYNTHETIC,accept,Maintenance Electrician,"{""generator"":""v2"",""note"":""ground truth of the synthetic generator""}",true
48e04756-9fe4-5fc5-b711-e83a1ccfeee1,c7df5212-ab60-5561-aa36-9acc415e9b5b,1.0,GENERATED,SYNTHETIC,accept,Building Electrician,"{""generator"":""v2"",""note"":""ground truth of the synthetic generator""}",true
3dd99a43-158a-57e6-8ec1-4ab0888d0f06,c7df5212-ab60-5561-aa36-9acc415e9b5b,1.0,GENERATED,SYNTHETIC,accept,Industrial Electrician,"{""generator"":""v2"",""note"":""ground truth of the synthetic generator""}",true
8619bd7c-2bf1-52fd-a0e0-f5a2a789efe3,c7df5212-ab60-5561-aa36-9acc415e9b5b,1.0,GENERATED,SYNTHETIC,accept,इलेक्ट्रीशियन,"{""generator"":""v2"",""note"":""ground truth of the synthetic generator""}",true
8aa51656-1c3f-55e7-911a-2b3676adff37,c7df5212-ab60-5561-aa36-9acc415e9b5b,1.0,GENERATED,SYNTHETIC,accept,Industrial Electrician,"{""generator"":""v2"",""note"":""ground truth of the synthetic generator""}",true
0ea7023d-a4d5-5653-8653-4a9e340d0e30,c7df5212-ab60-5561-aa36-9acc415e9b5b,1.0,GENERATED,SYNTHETIC,accept,Building Electrician,"{""generator"":""v2"",""note"":""ground truth of the synthetic generator""}",true
1dd4bfbd-16a8-567a-a276-4f1715e30846,c7df5212-ab60-5561-aa36-9acc415e9b5b,1.0,GENERATED,SYNTHETIC,accept,Industrial Electrician,"{""generator"":""v2"",""note"":""ground truth of the synthetic generator""}",true
a00f8ab9-1f4c-539f-bebf-2b47122345ea,c7df5212-ab60-5561-aa36-9acc415e9b5b,1.0,GENERATED,SYNTHETIC,accept,Electrician (ITI),"{""generator"":""v2"",""note"":""ground truth of the synthetic generator""}",true
5d6073a3-925b-5993-b5ea-032c09d37ba7,c7df5212-ab60-5561-aa36-9acc415e9b5b,1.0,GENERATED,SYNTHETIC,accept,Building Electrician,"{""generator"":""v2"",""note"":""ground truth of the synthetic generator""}",true
90ca6e66-e0da-5141-89a1-1438dbfa57e1,c7df5212-ab60-5561-aa36-9acc415e9b5b,1.0,GENERATED,SYNTHETIC,accept,Building Electrician,"{""generator"":""v2"",""note"":""ground truth of the synthetic generator""}",true
05e84c6a-726b-5693-9174-1a2a972a5e81,c7df5212-ab60-5561-aa36-9acc415e9b5b,1.0,GENERATED,SYNTHETIC,accept,Building Electrician,"{""generator"":""v2"",""note"":""ground truth of the synthetic generator""}",true
4a966d9a-c84d-5c24-9a8c-f789c55bd3c8,c7df5212-ab60-5561-aa36-9acc415e9b5b,1.0,GENERATED,SYNTHETIC,accept,इलेक्ट्रीशियन,"{""generator"":""v2"",""note"":""ground truth of the synthetic generator""}",true
97a184f0-03d1-5936-839e-22529083f44b,c7df5212-ab60-5561-aa36-9acc415e9b5b,1.0,GENERATED,SYNTHETIC,accept,Electrician (ITI),"{""generator"":""v2"",""note"":""ground truth of the synthetic generator""}",true
df7f570f-a4a8-5062-afc5-428f6215c676,c7df5212-ab60-5561-aa36-9acc415e9b5b,1.0,GENERATED,SYNTHETIC,accept,Maintenance Electrician,"{""generator"":""v2"",""note"":""ground truth of the synthetic generator""}",true
2a45535a-742a-5388-b2dc-030364637b7a,c7df5212-ab60-5561-aa36-9acc415e9b5b,1.0,GENERATED,SYNTHETIC,accept,Maintenance Electrician,"{""generator"":""v2"",""note"":""ground truth of the synthetic generator""}",true
c129e78b-81d1-5f05-999c-0b2939b572c4,c7df5212-ab60-5561-aa36-9acc415e9b5b,1.0,GENERATED,SYNTHETIC,accept,इलेक्ट्रिशियन,"{""generator"":""v2"",""note"":""ground truth of the synthetic generator""}",true
cffc63b9-abc0-5078-b756-fa8cbe124f9d,c7df5212-ab60-5561-aa36-9acc415e9b5b,1.0,GENERATED,SYNTHETIC,accept,Electrician (ITI),"{""generator"":""v2"",""note"":""ground truth of the synthetic generator""}",true
2e2eaaf9-fe22-561b-90b4-b6cfaa928d2f,c7df5212-ab60-5561-aa36-9acc415e9b5b,1.0,GENERATED,SYNTHETIC,accept,Maintenance Electrician,"{""generator"":""v2"",""note"":""ground truth of the synthetic generator""}",true
fb1fa308-3c16-55ab-8ddd-cea5191bf96d,c7df5212-ab60-5561-aa36-9acc415e9b5b,1.0,GENERATED,SYNTHETIC,accept,Electrician (ITI),"{""generator"":""v2"",""note"":""ground truth of the synthetic generator""}",true
5413eed7-a286-5316-a3bf-d6eb76a42b56,c7df5212-ab60-5561-aa36-9acc415e9b5b,1.0,GENERATED,SYNTHETIC,accept,इलेक्ट्रीशियन,"{""generator"":""v2"",""note"":""ground truth of the synthetic generator""}",true
6396dda0-cb14-574a-88f4-99f7e985825a,c7df5212-ab60-5561-aa36-9acc415e9b5b,1.0,GENERATED,SYNTHETIC,accept,Electrician,"{""generator"":""v2"",""note"":""ground truth of the synthetic generator""}",true
dbc88131-6cce-5b1d-aa4e-864b8b619306,c7df5212-ab60-5561-aa36-9acc415e9b5b,1.0,GENERATED,SYNTHETIC,accept,Building Electrician,"{""generator"":""v2"",""note"":""ground truth of the synthetic generator""}",true
2f59d44e-9ddc-55a9-97cd-d636bdecfada,c7df5212-ab60-5561-aa36-9acc415e9b5b,1.0,GENERATED,SYNTHETIC,accept,Electrician (ITI),"{""generator"":""v2"",""note"":""ground truth of the synthetic generator""}",true
43c022a1-f931-5a69-a286-6115dcf6c7b2,c7df5212-ab60-5561-aa36-9acc415e9b5b,1.0,GENERATED,SYNTHETIC,accept,Maintenance Electrician,"{""generator"":""v2"",""note"":""ground truth of the synthetic generator""}",true
3b4a318e-0209-5b55-8f99-327b022268af,c7df5212-ab60-5561-aa36-9acc415e9b5b,1.0,GENERATED,SYNTHETIC,accept,इलेक्ट्रीशियन,"{""generator"":""v2"",""note"":""ground truth of the synthetic generator""}",true
15256ce0-9bee-56f5-8437-840736262ee7,c7df5212-ab60-5561-aa36-9acc415e9b5b,1.0,GENERATED,SYNTHETIC,accept,Building Electrician,"{""generator"":""v2"",""note"":""ground truth of the synthetic generator""}",true
115cf0d3-e469-5aa7-ba7e-65e8381d6beb,c7df5212-ab60-5561-aa36-9acc415e9b5b,1.0,GENERATED,SYNTHETIC,accept,Industrial Electrician,"{""generator"":""v2"",""note"":""ground truth of the synthetic generator""}",true
bdce3456-ca4c-5c01-b949-83bc365bf0b7,c7df5212-ab60-5561-aa36-9acc415e9b5b,1.0,GENERATED,SYNTHETIC,accept,Electrician,"{""generator"":""v2"",""note"":""ground truth of the synthetic generator""}",true
a1580953-ad17-526b-a3a2-6b01b9324125,c7df5212-ab60-5561-aa36-9acc415e9b5b,1.0,GENERATED,SYNTHETIC,accept,Maintenance Electrician,"{""generator"":""v2"",""note"":""ground truth of the synthetic generator""}",true
da93c534-c666-5f43-a111-e371f90d36c8,c7df5212-ab60-5561-aa36-9acc415e9b5b,1.0,GENERATED,SYNTHETIC,accept,Electrician (ITI),"{""generator"":""v2"",""note"":""ground truth of the synthetic generator""}",true
0e68da95-a67e-5a92-b436-686896381d56,c7df5212-ab60-5561-aa36-9acc415e9b5b,1.0,GENERATED,SYNTHETIC,accept,Electrician,"{""generator"":""v2"",""note"":""ground truth of the synthetic generator""}",true
08a9a761-5412-5264-beda-e8556920e02f,c7df5212-ab60-5561-aa36-9acc415e9b5b,1.0,GENERATED,SYNTHETIC,accept,Building Electrician,"{""generator"":""v2"",""note"":""ground truth of the synthetic generator""}",true
e88a7ed4-2c4d-5b2e-900e-13c3bf92b4b8,c7df5212-ab60-5561-aa36-9acc415e9b5b,1.0,GENERATED,SYNTHETIC,accept,Electrician,"{""generator"":""v2"",""note"":""ground truth of the synthetic generator""}",true
074dc86d-8b36-5864-9155-365f5d253e0f,c7df5212-ab60-5561-aa36-9acc415e9b5b,1.0,GENERATED,SYNTHETIC,accept,इलेक्ट्रिशियन,"{""generator"":""v2"",""note"":""ground truth of the synthetic generator""}",true
5c6e1efd-4f62-559d-be51-32d76ed1735e,c7df5212-ab60-5561-aa36-9acc415e9b5b,1.0,GENERATED,SYNTHETIC,accept,इलेक्ट्रिशियन,"{""generator"":""v2"",""note"":""ground truth of the synthetic generator""}",true
54f24769-53e7-5b5b-b0cf-ac1d5885dbf9,c7df5212-ab60-5561-aa36-9acc415e9b5b,1.0,GENERATED,SYNTHETIC,accept,Maintenance Electrician,"{""generator"":""v2"",""note"":""ground truth of the synthetic generator""}",true
0d97de27-9ae6-5a27-9c74-a5b57feb405b,c7df5212-ab60-5561-aa36-9acc415e9b5b,1.0,GENERATED,SYNTHETIC,accept,इलेक्ट्रीशियन,"{""generator"":""v2"",""note"":""ground truth of the synthetic generator""}",true
6b9b79e9-c5ee-5fb4-87b2-0b29d64f7d4a,c7df5212-ab60-5561-aa36-9acc415e9b5b,1.0,GENERATED,SYNTHETIC,accept,Maintenance Electrician,"{""generator"":""v2"",""note"":""ground truth of the synthetic generator""}",true
9393ada4-d85e-5da5-91a8-70e480636395,c7df5212-ab60-5561-aa36-9acc415e9b5b,1.0,GENERATED,SYNTHETIC,accept,इलेक्ट्रीशियन,"{""generator"":""v2"",""note"":""ground truth of the synthetic generator""}",true
4c93d6fa-c450-5811-a8e1-a7343e06276d,c7df5212-ab60-5561-aa36-9acc415e9b5b,1.0,GENERATED,SYNTHETIC,accept,इलेक्ट्रिशियन,"{""generator"":""v2"",""note"":""ground truth of the synthetic generator""}",true
a0f7aae6-f7aa-5f6f-b573-1334715229d6,c7df5212-ab60-5561-aa36-9acc415e9b5b,1.0,GENERATED,SYNTHETIC,accept,Industrial Electrician,"{""generator"":""v2"",""note"":""ground truth of the synthetic generator""}",true
391522ab-0b68-50db-bfb1-53ed1ab45f2c,c7df5212-ab60-5561-aa36-9acc415e9b5b,1.0,GENERATED,SYNTHETIC,accept,Maintenance Electrician,"{""generator"":""v2"",""note"":""ground truth of the synthetic generator""}",true
867b48b8-f62a-59c8-be2c-eb46d98a4d6e,c7df5212-ab60-5561-aa36-9acc415e9b5b,1.0,GENERATED,SYNTHETIC,accept,Electrician (ITI),"{""generator"":""v2"",""note"":""ground truth of the synthetic generator""}",true
5e3eeb62-f97b-5aef-b7a7-696649a27ab8,c7df5212-ab60-5561-aa36-9acc415e9b5b,1.0,GENERATED,SYNTHETIC,accept,Building Electrician,"{""generator"":""v2"",""note"":""ground truth of the synthetic generator""}",true
e9028de0-7b7d-5d23-876b-bb6679b3a422,c7df5212-ab60-5561-aa36-9acc415e9b5b,1.0,GENERATED,SYNTHETIC,accept,इलेक्ट्रीशियन,"{""generator"":""v2"",""note"":""ground truth of the synthetic generator""}",true
ce391488-2515-5c3b-8daf-165113770510,c7df5212-ab60-5561-aa36-9acc415e9b5b,1.0,GENERATED,SYNTHETIC,accept,Electrician,"{""generator"":""v2"",""note"":""ground truth of the synthetic generator""}",true
4d498aaf-fb20-539b-a54e-19457723c670,c7df5212-ab60-5561-aa36-9acc415e9b5b,1.0,GENERATED,SYNTHETIC,accept,इलेक्ट्रिशियन,"{""generator"":""v2"",""note"":""ground truth of the synthetic generator""}",true
5fc78b10-ca16-5c11-b6a6-038761caafec,c7df5212-ab60-5561-aa36-9acc415e9b5b,1.0,GENERATED,SYNTHETIC,accept,Electrician (ITI),"{""generator"":""v2"",""note"":""ground truth of the synthetic generator""}",true
638adc27-c762-5cb2-bff4-baffca6eb540,c7df5212-ab60-5561-aa36-9acc415e9b5b,1.0,GENERATED,SYNTHETIC,accept,Maintenance Electrician,"{""generator"":""v2"",""note"":""ground truth of the synthetic generator""}",true
7245e443-12f5-5717-a3af-94f505363584,c7df5212-ab60-5561-aa36-9acc415e9b5b,1.0,GENERATED,SYNTHETIC,accept,Building Electrician,"{""generator"":""v2"",""note"":""ground truth of the synthetic generator""}",true
6df7f8c1-979d-56e6-b850-f5cd44664d66,c7df5212-ab60-5561-aa36-9acc415e9b5b,1.0,GENERATED,SYNTHETIC,accept,Industrial Electrician,"{""generator"":""v2"",""note"":""ground truth of the synthetic generator""}",true
f595da73-6d67-5d64-b9e7-4440dc9b0348,c7df5212-ab60-5561-aa36-9acc415e9b5b,1.0,GENERATED,SYNTHETIC,accept,Electrician,"{""generator"":""v2"",""note"":""ground truth of the synthetic generator""}",true
3ed4b838-31f7-507e-beec-2db80fd5d909,c7df5212-ab60-5561-aa36-9acc415e9b5b,1.0,GENERATED,SYNTHETIC,accept,Industrial Electrician,"{""generator"":""v2"",""note"":""ground truth of the synthetic generator""}",true
eaf9cc40-b270-5881-bc77-e947d6a2e1db,c7df5212-ab60-5561-aa36-9acc415e9b5b,1.0,GENERATED,SYNTHETIC,accept,इलेक्ट्रीशियन,"{""generator"":""v2"",""note"":""ground truth of the synthetic generator""}",true
2fbe6fde-9a79-5ef9-a558-42f2ac4b3429,c7df5212-ab60-5561-aa36-9acc415e9b5b,1.0,GENERATED,SYNTHETIC,accept,Electrician (ITI),"{""generator"":""v2"",""note"":""ground truth of the synthetic generator""}",true
0ab96230-374f-5acd-a06d-d4251d5becbf,c7df5212-ab60-5561-aa36-9acc415e9b5b,1.0,GENERATED,SYNTHETIC,accept,Industrial Electrician,"{""generator"":""v2"",""note"":""ground truth of the synthetic generator""}",true
cf12bc39-72cf-550b-b815-68193e156dd4,c7df5212-ab60-5561-aa36-9acc415e9b5b,1.0,GENERATED,SYNTHETIC,accept,Maintenance Electrician,"{""generator"":""v2"",""note"":""ground truth of the synthetic generator""}",true
c0c76aa9-f5d8-592e-a707-d1291774a221,c7df5212-ab60-5561-aa36-9acc415e9b5b,1.0,GENERATED,SYNTHETIC,accept,Building Electrician,"{""generator"":""v2"",""note"":""ground truth of the synthetic generator""}",true
8f0be5b1-5d53-5f8c-921e-8401a07bdb14,c7df5212-ab60-5561-aa36-9acc415e9b5b,1.0,GENERATED,SYNTHETIC,accept,Electrician,"{""generator"":""v2"",""note"":""ground truth of the synthetic generator""}",true
44839165-8375-54db-a9f3-8169502ff18b,c7df5212-ab60-5561-aa36-9acc415e9b5b,1.0,GENERATED,SYNTHETIC,accept,इलेक्ट्रीशियन,"{""generator"":""v2"",""note"":""ground truth of the synthetic generator""}",true
61095ad3-2c2e-5f2b-946c-2d537cdedcdf,c7df5212-ab60-5561-aa36-9acc415e9b5b,1.0,GENERATED,SYNTHETIC,accept,Electrician (ITI),"{""generator"":""v2"",""note"":""ground truth of the synthetic generator""}",true
826c7a70-4583-5412-ada9-4008fd320a10,c7df5212-ab60-5561-aa36-9acc415e9b5b,1.0,GENERATED,SYNTHETIC,accept,Maintenance Electrician,"{""generator"":""v2"",""note"":""ground truth of the synthetic generator""}",true
939578ce-3456-5320-84fa-f4ccff3d0c4e,c7df5212-ab60-5561-aa36-9acc415e9b5b,1.0,GENERATED,SYNTHETIC,accept,Maintenance Electrician,"{""generator"":""v2"",""note"":""ground truth of the synthetic generator""}",true
6f12382a-d2f4-58b7-901c-082195dfb746,c7df5212-ab60-5561-aa36-9acc415e9b5b,1.0,GENERATED,SYNTHETIC,accept,Electrician,"{""generator"":""v2"",""note"":""ground truth of the synthetic generator""}",true
f5ccbb0a-2bd9-5247-8a5a-70986335dd45,c7df5212-ab60-5561-aa36-9acc415e9b5b,1.0,GENERATED,SYNTHETIC,accept,इलेक्ट्रीशियन,"{""generator"":""v2"",""note"":""ground truth of the synthetic generator""}",true
f6fc4b6a-28a8-520a-8147-f636acb77c21,c7df5212-ab60-5561-aa36-9acc415e9b5b,1.0,GENERATED,SYNTHETIC,accept,Electrician (ITI),"{""generator"":""v2"",""note"":""ground truth of the synthetic generator""}",true
c5085c77-9073-55d1-8b7a-3f77cce57eda,c7df5212-ab60-5561-aa36-9acc415e9b5b,1.0,GENERATED,SYNTHETIC,accept,Maintenance Electrician,"{""generator"":""v2"",""note"":""ground truth of the synthetic generator""}",true
783df72d-7836-5661-bf58-483605aa1289,c7df5212-ab60-5561-aa36-9acc415e9b5b,1.0,GENERATED,SYNTHETIC,accept,Electrician (ITI),"{""generator"":""v2"",""note"":""ground truth of the synthetic generator""}",true
6cd33269-88bf-5eb9-b3fd-cf41170b7887,c7df5212-ab60-5561-aa36-9acc415e9b5b,1.0,GENERATED,SYNTHETIC,accept,Electrician (ITI),"{""generator"":""v2"",""note"":""ground truth of the synthetic generator""}",true
bef1c780-eb6b-568f-a9ab-ef36e0d321cd,c7df5212-ab60-5561-aa36-9acc415e9b5b,1.0,GENERATED,SYNTHETIC,accept,Maintenance Electrician,"{""generator"":""v2"",""note"":""ground truth of the synthetic generator""}",true
8b400c33-3def-5da6-a16f-84ad0213a865,c7df5212-ab60-5561-aa36-9acc415e9b5b,1.0,GENERATED,SYNTHETIC,accept,Building Electrician,"{""generator"":""v2"",""note"":""ground truth of the synthetic generator""}",true
4fa01da9-b4a1-5770-82fd-de8d5c66e811,c7df5212-ab60-5561-aa36-9acc415e9b5b,1.0,GENERATED,SYNTHETIC,accept,इलेक्ट्रिशियन,"{""generator"":""v2"",""note"":""ground truth of the synthetic generator""}",true
7dc80502-3ba1-53ab-b18b-036b4e67c8ff,c7df5212-ab60-5561-aa36-9acc415e9b5b,1.0,GENERATED,SYNTHETIC,accept,Building Electrician,"{""generator"":""v2"",""note"":""ground truth of the synthetic generator""}",true
470eacd1-eda2-5c07-9271-eee0e1e08e5a,c7df5212-ab60-5561-aa36-9acc415e9b5b,1.0,GENERATED,SYNTHETIC,accept,Building Electrician,"{""generator"":""v2"",""note"":""ground truth of the synthetic generator""}",true
f0bca4db-5d0c-507a-8d1e-bdf135ac1624,c7df5212-ab60-5561-aa36-9acc415e9b5b,1.0,GENERATED,SYNTHETIC,accept,Electrician,"{""generator"":""v2"",""note"":""ground truth of the synthetic generator""}",true
3edf055c-e65f-5a1a-ac65-bf6cb18e2316,c7df5212-ab60-5561-aa36-9acc415e9b5b,1.0,GENERATED,SYNTHETIC,accept,Building Electrician,"{""generator"":""v2"",""note"":""ground truth of the synthetic generator""}",true
af62b0e8-ff90-5c30-869e-124b7220a312,c7df5212-ab60-5561-aa36-9acc415e9b5b,1.0,GENERATED,SYNTHETIC,accept,Maintenance Electrician,"{""generator"":""v2"",""note"":""ground truth of the synthetic generator""}",true
f6ccc678-6e37-5646-951a-418e9f539da2,c7df5212-ab60-5561-aa36-9acc415e9b5b,1.0,GENERATED,SYNTHETIC,accept,इलेक्ट्रीशियन,"{""generator"":""v2"",""note"":""ground truth of the synthetic generator""}",true
dab4c22e-e993-51a6-a865-db1794551fd1,c7df5212-ab60-5561-aa36-9acc415e9b5b,1.0,GENERATED,SYNTHETIC,accept,इलेक्ट्रीशियन,"{""generator"":""v2"",""note"":""ground truth of the synthetic generator""}",true
0080de9c-13d3-559c-835c-6ee4e06ac0bf,c7df5212-ab60-5561-aa36-9acc415e9b5b,1.0,GENERATED,SYNTHETIC,accept,Electrician (ITI),"{""generator"":""v2"",""note"":""ground truth of the synthetic generator""}",true
95c10930-3308-50ec-8928-5cde6346f803,c7df5212-ab60-5561-aa36-9acc415e9b5b,1.0,GENERATED,SYNTHETIC,accept,Industrial Electrician,"{""generator"":""v2"",""note"":""ground truth of the synthetic generator""}",true
eecdd8ca-4dc8-5e4f-bdde-bd85dd75cec2,c7df5212-ab60-5561-aa36-9acc415e9b5b,1.0,GENERATED,SYNTHETIC,accept,इलेक्ट्रिशियन,"{""generator"":""v2"",""note"":""ground truth of the synthetic generator""}",true
f85b3479-f80c-5fa2-9217-fc00a704539d,c7df5212-ab60-5561-aa36-9acc415e9b5b,1.0,GENERATED,SYNTHETIC,accept,Industrial Electrician,"{""generator"":""v2"",""note"":""ground truth of the synthetic generator""}",true
3704b0e9-8ca2-5885-9717-f87f98594f61,c7df5212-ab60-5561-aa36-9acc415e9b5b,1.0,GENERATED,SYNTHETIC,accept,Electrician,"{""generator"":""v2"",""note"":""ground truth of the synthetic generator""}",true
01e03058-1423-558d-b3cb-bfafac5f4e0d,c7df5212-ab60-5561-aa36-9acc415e9b5b,1.0,GENERATED,SYNTHETIC,accept,Maintenance Electrician,"{""generator"":""v2"",""note"":""ground truth of the synthetic generator""}",true
02d642e1-41ff-54a0-964a-c3d0aab1bc90,c7df5212-ab60-5561-aa36-9acc415e9b5b,1.0,GENERATED,SYNTHETIC,accept,Electrician,"{""generator"":""v2"",""note"":""ground truth of the synthetic generator""}",true
2a92d888-3f1f-5e3e-ad20-51c453d613fa,c7df5212-ab60-5561-aa36-9acc415e9b5b,1.0,GENERATED,SYNTHETIC,accept,Maintenance Electrician,"{""generator"":""v2"",""note"":""ground truth of the synthetic generator""}",true
3e55a443-5273-5820-8529-74caba12db4f,c7df5212-ab60-5561-aa36-9acc415e9b5b,1.0,GENERATED,SYNTHETIC,accept,इलेक्ट्रिशियन,"{""generator"":""v2"",""note"":""ground truth of the synthetic generator""}",true
0ff449f4-fa73-58e5-98c0-cfa8568f4db5,c7df5212-ab60-5561-aa36-9acc415e9b5b,1.0,GENERATED,SYNTHETIC,accept,Building Electrician,"{""generator"":""v2"",""note"":""ground truth of the synthetic generator""}",true
72b25aa5-7386-5dcc-a8c5-e4c826567caf,c7df5212-ab60-5561-aa36-9acc415e9b5b,1.0,GENERATED,SYNTHETIC,accept,Maintenance Electrician,"{""generator"":""v2"",""note"":""ground truth of the synthetic generator""}",true
c90de9d7-c4bc-5853-a308-845ee7cbe99d,c7df5212-ab60-5561-aa36-9acc415e9b5b,1.0,GENERATED,SYNTHETIC,accept,Electrician,"{""generator"":""v2"",""note"":""ground truth of the synthetic generator""}",true
ac50c5d5-2d33-59be-bf4d-3d3165e5a0c3,c7df5212-ab60-5561-aa36-9acc415e9b5b,1.0,GENERATED,SYNTHETIC,accept,Maintenance Electrician,"{""generator"":""v2"",""note"":""ground truth of the synthetic generator""}",true
f08651e5-a347-5ee9-baf3-8a062eae459b,c7df5212-ab60-5561-aa36-9acc415e9b5b,1.0,GENERATED,SYNTHETIC,accept,Electrician (ITI),"{""generator"":""v2"",""note"":""ground truth of the synthetic generator""}",true
40737d00-ba5b-5b50-bd09-6676b9e7db8c,c7df5212-ab60-5561-aa36-9acc415e9b5b,1.0,GENERATED,SYNTHETIC,accept,Maintenance Electrician,"{""generator"":""v2"",""note"":""ground truth of the synthetic generator""}",true
7a55a7ed-7f80-5096-a79f-d82b293be09f,c7df5212-ab60-5561-aa36-9acc415e9b5b,1.0,GENERATED,SYNTHETIC,accept,Building Electrician,"{""generator"":""v2"",""note"":""ground truth of the synthetic generator""}",true
a36c399f-037a-5ecc-ba48-e1b5a6908ac2,c7df5212-ab60-5561-aa36-9acc415e9b5b,1.0,GENERATED,SYNTHETIC,accept,Maintenance Electrician,"{""generator"":""v2"",""note"":""ground truth of the synthetic generator""}",true
0eff7678-d435-59f7-9e7a-eb03c6292595,c7df5212-ab60-5561-aa36-9acc415e9b5b,1.0,GENERATED,SYNTHETIC,accept,Maintenance Electrician,"{""generator"":""v2"",""note"":""ground truth of the synthetic generator""}",true
88d45c53-30ae-5b5d-8526-eba362a2dd29,c7df5212-ab60-5561-aa36-9acc415e9b5b,1.0,GENERATED,SYNTHETIC,accept,Electrician,"{""generator"":""v2"",""note"":""ground truth of the synthetic generator""}",true
ae51c489-b62a-5ebd-beca-571b5851bcff,c7df5212-ab60-5561-aa36-9acc415e9b5b,1.0,GENERATED,SYNTHETIC,accept,Industrial Electrician,"{""generator"":""v2"",""note"":""ground truth of the synthetic generator""}",true
201ad392-9740-52c9-b1d5-ca23a8f271be,c7df5212-ab60-5561-aa36-9acc415e9b5b,1.0,GENERATED,SYNTHETIC,accept,Electrician (ITI),"{""generator"":""v2"",""note"":""ground truth of the synthetic generator""}",true
cf763f06-3134-59da-b6d3-8653ecb39567,c7df5212-ab60-5561-aa36-9acc415e9b5b,1.0,GENERATED,SYNTHETIC,accept,इलेक्ट्रिशियन,"{""generator"":""v2"",""note"":""ground truth of the synthetic generator""}",true
ef9d8aae-c131-54c2-8406-94f9672b7707,c7df5212-ab60-5561-aa36-9acc415e9b5b,1.0,GENERATED,SYNTHETIC,accept,Maintenance Electrician,"{""generator"":""v2"",""note"":""ground truth of the synthetic generator""}",true
6a565248-418c-50cf-8849-0effba52efb6,c7df5212-ab60-5561-aa36-9acc415e9b5b,1.0,GENERATED,SYNTHETIC,accept,Industrial Electrician,"{""generator"":""v2"",""note"":""ground truth of the synthetic generator""}",true
d2d1f9c5-07a1-55b8-92e8-c3c93c80386c,2f571be3-597c-576f-8dbd-e8baff7c9dfe,1.0,GENERATED,SYNTHETIC,accept,House Wiring Technician,"{""generator"":""v2"",""note"":""ground truth of the synthetic generator""}",true
060b5b51-884a-5539-b232-b2c1c54414e4,2f571be3-597c-576f-8dbd-e8baff7c9dfe,1.0,GENERATED,SYNTHETIC,accept,House Wiring Technician,"{""generator"":""v2"",""note"":""ground truth of the synthetic generator""}",true
6f5b35bf-1ef5-5026-b4af-edf20af2f7f4,2f571be3-597c-576f-8dbd-e8baff7c9dfe,1.0,GENERATED,SYNTHETIC,accept,Wireman,"{""generator"":""v2"",""note"":""ground truth of the synthetic generator""}",true
6e0ff698-09d2-5290-b77f-486431b00f75,2f571be3-597c-576f-8dbd-e8baff7c9dfe,1.0,GENERATED,SYNTHETIC,accept,Wireman,"{""generator"":""v2"",""note"":""ground truth of the synthetic generator""}",true
35c91175-b587-5adf-ba13-85a241cf7742,2f571be3-597c-576f-8dbd-e8baff7c9dfe,1.0,GENERATED,SYNTHETIC,accept,House Wiring Technician,"{""generator"":""v2"",""note"":""ground truth of the synthetic generator""}",true
fa8ff0dc-8339-5a99-9f9c-8e93978ec275,2f571be3-597c-576f-8dbd-e8baff7c9dfe,1.0,GENERATED,SYNTHETIC,accept,House Wiring Technician,"{""generator"":""v2"",""note"":""ground truth of the synthetic generator""}",true
834f0e15-12b8-582e-be33-eb709809d634,2f571be3-597c-576f-8dbd-e8baff7c9dfe,1.0,GENERATED,SYNTHETIC,accept,House Wiring Technician,"{""generator"":""v2"",""note"":""ground truth of the synthetic generator""}",true
bf549fd3-ae62-5d21-99fc-50c20a008460,2f571be3-597c-576f-8dbd-e8baff7c9dfe,1.0,GENERATED,SYNTHETIC,accept,House Wiring Technician,"{""generator"":""v2"",""note"":""ground truth of the synthetic generator""}",true
6971158a-4854-5e4e-942d-3eabe6fd7fde,2f571be3-597c-576f-8dbd-e8baff7c9dfe,1.0,GENERATED,SYNTHETIC,accept,House Wiring Technician,"{""generator"":""v2"",""note"":""ground truth of the synthetic generator""}",true
0653abf1-ba76-5764-8a42-407be0ce5ff8,2f571be3-597c-576f-8dbd-e8baff7c9dfe,1.0,GENERATED,SYNTHETIC,accept,House Wiring Technician,"{""generator"":""v2"",""note"":""ground truth of the synthetic generator""}",true
3c4bb801-4fab-534d-ad8f-462b6145b882,2f571be3-597c-576f-8dbd-e8baff7c9dfe,1.0,GENERATED,SYNTHETIC,accept,Electrical Wireman,"{""generator"":""v2"",""note"":""ground truth of the synthetic generator""}",true
d63ec8e9-5cd0-5587-819f-6a2b3bf8da7d,2f571be3-597c-576f-8dbd-e8baff7c9dfe,1.0,GENERATED,SYNTHETIC,accept,House Wiring Technician,"{""generator"":""v2"",""note"":""ground truth of the synthetic generator""}",true
182c65a6-feb8-5adb-9057-0d70bef04564,2f571be3-597c-576f-8dbd-e8baff7c9dfe,1.0,GENERATED,SYNTHETIC,accept,Wireman,"{""generator"":""v2"",""note"":""ground truth of the synthetic generator""}",true
4e0a4512-de2c-5c6c-8b05-9c130407c2b7,2f571be3-597c-576f-8dbd-e8baff7c9dfe,1.0,GENERATED,SYNTHETIC,accept,Electrical Wireman,"{""generator"":""v2"",""note"":""ground truth of the synthetic generator""}",true
0a02285b-9f7f-52b5-8610-1371d881a2a6,2f571be3-597c-576f-8dbd-e8baff7c9dfe,1.0,GENERATED,SYNTHETIC,accept,Wireman,"{""generator"":""v2"",""note"":""ground truth of the synthetic generator""}",true
16830d6e-ba67-5e4b-9ff3-45f97cc23b79,2f571be3-597c-576f-8dbd-e8baff7c9dfe,1.0,GENERATED,SYNTHETIC,accept,वायरमन,"{""generator"":""v2"",""note"":""ground truth of the synthetic generator""}",true
444a93cc-1526-5bc7-8f39-63aa28ff6a2e,2f571be3-597c-576f-8dbd-e8baff7c9dfe,1.0,GENERATED,SYNTHETIC,accept,Electrical Wireman,"{""generator"":""v2"",""note"":""ground truth of the synthetic generator""}",true
b83f02b0-bc2d-5150-b81e-a3d20b94eb1b,2f571be3-597c-576f-8dbd-e8baff7c9dfe,1.0,GENERATED,SYNTHETIC,accept,House Wiring Technician,"{""generator"":""v2"",""note"":""ground truth of the synthetic generator""}",true
4e73fa1e-6c66-5362-9089-0f6450ebad9e,2f571be3-597c-576f-8dbd-e8baff7c9dfe,1.0,GENERATED,SYNTHETIC,accept,Wireman,"{""generator"":""v2"",""note"":""ground truth of the synthetic generator""}",true
a5164f87-583f-5d22-81a8-8f57729d0b16,2f571be3-597c-576f-8dbd-e8baff7c9dfe,1.0,GENERATED,SYNTHETIC,accept,House Wiring Technician,"{""generator"":""v2"",""note"":""ground truth of the synthetic generator""}",true
f39b9274-22e0-5a82-b35e-7a9d6b07a265,2f571be3-597c-576f-8dbd-e8baff7c9dfe,1.0,GENERATED,SYNTHETIC,accept,Electrical Wireman,"{""generator"":""v2"",""note"":""ground truth of the synthetic generator""}",true
e9305849-e45a-58d4-8a83-03384e7f2132,2f571be3-597c-576f-8dbd-e8baff7c9dfe,1.0,GENERATED,SYNTHETIC,accept,House Wiring Technician,"{""generator"":""v2"",""note"":""ground truth of the synthetic generator""}",true
66574b9c-3ace-51c2-b5ff-3f4303b9c686,2f571be3-597c-576f-8dbd-e8baff7c9dfe,1.0,GENERATED,SYNTHETIC,accept,Electrical Wireman,"{""generator"":""v2"",""note"":""ground truth of the synthetic generator""}",true
14008dde-4464-5697-88f0-819110208a78,2f571be3-597c-576f-8dbd-e8baff7c9dfe,1.0,GENERATED,SYNTHETIC,accept,Electrical Wireman,"{""generator"":""v2"",""note"":""ground truth of the synthetic generator""}",true
e5bd4d87-52a2-5d86-9c08-c3e3de3dfab2,2f571be3-597c-576f-8dbd-e8baff7c9dfe,1.0,GENERATED,SYNTHETIC,accept,Electrical Wireman,"{""generator"":""v2"",""note"":""ground truth of the synthetic generator""}",true
b8351703-046d-5ae0-9825-b88905111919,2f571be3-597c-576f-8dbd-e8baff7c9dfe,1.0,GENERATED,SYNTHETIC,accept,Wireman,"{""generator"":""v2"",""note"":""ground truth of the synthetic generator""}",true
d153a747-fa36-5633-9137-dfb574c8dc2c,2f571be3-597c-576f-8dbd-e8baff7c9dfe,1.0,GENERATED,SYNTHETIC,accept,Electrical Wireman,"{""generator"":""v2"",""note"":""ground truth of the synthetic generator""}",true
7d76e454-3c72-57cb-99d4-87fa99168dcc,03766387-41ff-5119-95b7-86ce19e0d729,1.0,GENERATED,SYNTHETIC,accept,Motor Rewinder,"{""generator"":""v2"",""note"":""ground truth of the synthetic generator""}",true
d925ac84-538c-5ade-96dd-83a9e7e2e2e2,03766387-41ff-5119-95b7-86ce19e0d729,1.0,GENERATED,SYNTHETIC,accept,Rewinding Mechanic,"{""generator"":""v2"",""note"":""ground truth of the synthetic generator""}",true
962bfa1f-ad3b-5dcc-869a-7c43104f9bad,03766387-41ff-5119-95b7-86ce19e0d729,1.0,GENERATED,SYNTHETIC,accept,Motor Rewinder,"{""generator"":""v2"",""note"":""ground truth of the synthetic generator""}",true
09ab7e60-4892-5bdf-a33e-571e18ae7935,03766387-41ff-5119-95b7-86ce19e0d729,1.0,GENERATED,SYNTHETIC,accept,Motor Rewinder,"{""generator"":""v2"",""note"":""ground truth of the synthetic generator""}",true
cea2d367-98ff-5d23-84fb-3415330081be,03766387-41ff-5119-95b7-86ce19e0d729,1.0,GENERATED,SYNTHETIC,accept,मोटर वाइंडर,"{""generator"":""v2"",""note"":""ground truth of the synthetic generator""}",true
1553074c-6f4a-5054-ad36-1e73040cf66c,03766387-41ff-5119-95b7-86ce19e0d729,1.0,GENERATED,SYNTHETIC,accept,मोटर वाइंडर,"{""generator"":""v2"",""note"":""ground truth of the synthetic generator""}",true
be5eba66-1978-5772-973c-c5cf41c76e95,03766387-41ff-5119-95b7-86ce19e0d729,1.0,GENERATED,SYNTHETIC,accept,Rewinding Mechanic,"{""generator"":""v2"",""note"":""ground truth of the synthetic generator""}",true
7b2e243e-63a0-59b2-ad97-01912785a599,03766387-41ff-5119-95b7-86ce19e0d729,1.0,GENERATED,SYNTHETIC,accept,मोटर वाइंडर,"{""generator"":""v2"",""note"":""ground truth of the synthetic generator""}",true
6b62faf1-d141-54c6-b356-ee6e938f71f8,03766387-41ff-5119-95b7-86ce19e0d729,1.0,GENERATED,SYNTHETIC,accept,Motor Winding Technician,"{""generator"":""v2"",""note"":""ground truth of the synthetic generator""}",true
3bea662d-60cc-5307-8c14-a1be0fc1c359,03766387-41ff-5119-95b7-86ce19e0d729,1.0,GENERATED,SYNTHETIC,accept,Motor Winding Technician,"{""generator"":""v2"",""note"":""ground truth of the synthetic generator""}",true
2f360bde-cc67-51dd-abc0-01d3a1f030b3,03766387-41ff-5119-95b7-86ce19e0d729,1.0,GENERATED,SYNTHETIC,accept,Motor Rewinder,"{""generator"":""v2"",""note"":""ground truth of the synthetic generator""}",true
9e8364ea-2d7b-5417-8c9f-11f17768f7d7,03766387-41ff-5119-95b7-86ce19e0d729,1.0,GENERATED,SYNTHETIC,accept,Rewinding Mechanic,"{""generator"":""v2"",""note"":""ground truth of the synthetic generator""}",true
6ef1c25d-eb44-5df4-805b-712e69c71361,03766387-41ff-5119-95b7-86ce19e0d729,1.0,GENERATED,SYNTHETIC,accept,Motor Rewinder,"{""generator"":""v2"",""note"":""ground truth of the synthetic generator""}",true
e0036bcd-e0ca-5855-a4f3-6d6195ad170d,03766387-41ff-5119-95b7-86ce19e0d729,1.0,GENERATED,SYNTHETIC,accept,Motor Rewinder,"{""generator"":""v2"",""note"":""ground truth of the synthetic generator""}",true
78b3bc0f-2209-541c-beaf-0276eac6c724,03766387-41ff-5119-95b7-86ce19e0d729,1.0,GENERATED,SYNTHETIC,accept,Rewinding Mechanic,"{""generator"":""v2"",""note"":""ground truth of the synthetic generator""}",true
e6fef240-9bfb-561b-bdac-fd5a1ee0f495,03766387-41ff-5119-95b7-86ce19e0d729,1.0,GENERATED,SYNTHETIC,accept,Motor Rewinder,"{""generator"":""v2"",""note"":""ground truth of the synthetic generator""}",true
eadabbc4-36e1-5c90-b2f1-83dc78262c8b,03766387-41ff-5119-95b7-86ce19e0d729,1.0,GENERATED,SYNTHETIC,accept,Rewinding Mechanic,"{""generator"":""v2"",""note"":""ground truth of the synthetic generator""}",true
d287a03f-7b6f-5731-9406-28aa4d711167,03766387-41ff-5119-95b7-86ce19e0d729,1.0,GENERATED,SYNTHETIC,accept,Rewinding Mechanic,"{""generator"":""v2"",""note"":""ground truth of the synthetic generator""}",true
f73c4f4d-d959-584f-a8f8-df7d4e21a01a,03766387-41ff-5119-95b7-86ce19e0d729,1.0,GENERATED,SYNTHETIC,accept,Motor Rewinder,"{""generator"":""v2"",""note"":""ground truth of the synthetic generator""}",true
6736592b-d008-56b3-852d-7900789d598f,03766387-41ff-5119-95b7-86ce19e0d729,1.0,GENERATED,SYNTHETIC,accept,Rewinding Mechanic,"{""generator"":""v2"",""note"":""ground truth of the synthetic generator""}",true
9930c2bd-f696-5bba-b0e8-9b37b6204111,03766387-41ff-5119-95b7-86ce19e0d729,1.0,GENERATED,SYNTHETIC,accept,Rewinding Mechanic,"{""generator"":""v2"",""note"":""ground truth of the synthetic generator""}",true
a01fae10-ddfc-5aba-b8cb-5edcb45be982,03766387-41ff-5119-95b7-86ce19e0d729,1.0,GENERATED,SYNTHETIC,accept,मोटर वाइंडर,"{""generator"":""v2"",""note"":""ground truth of the synthetic generator""}",true
be3ce4d0-2f9c-57a6-acbc-1e5167380510,03766387-41ff-5119-95b7-86ce19e0d729,1.0,GENERATED,SYNTHETIC,accept,मोटर वाइंडर,"{""generator"":""v2"",""note"":""ground truth of the synthetic generator""}",true
ad9e3527-4610-50f4-a23e-9a6c7691ae75,03766387-41ff-5119-95b7-86ce19e0d729,1.0,GENERATED,SYNTHETIC,accept,Motor Winding Technician,"{""generator"":""v2"",""note"":""ground truth of the synthetic generator""}",true
fdf547e9-b5cb-5f49-8c80-e31dbaf47b1e,03766387-41ff-5119-95b7-86ce19e0d729,1.0,GENERATED,SYNTHETIC,accept,Motor Winding Technician,"{""generator"":""v2"",""note"":""ground truth of the synthetic generator""}",true
d4c00d0e-ca37-5a72-987b-5141150a46d1,03766387-41ff-5119-95b7-86ce19e0d729,1.0,GENERATED,SYNTHETIC,accept,Rewinding Mechanic,"{""generator"":""v2"",""note"":""ground truth of the synthetic generator""}",true
e2abaf52-1ac2-5c2a-9412-9ad5cd020764,03766387-41ff-5119-95b7-86ce19e0d729,1.0,GENERATED,SYNTHETIC,accept,Motor Winding Technician,"{""generator"":""v2"",""note"":""ground truth of the synthetic generator""}",true
7ccd9281-40a8-533b-958f-9a50b7abfebc,03766387-41ff-5119-95b7-86ce19e0d729,1.0,GENERATED,SYNTHETIC,accept,मोटर वाइंडर,"{""generator"":""v2"",""note"":""ground truth of the synthetic generator""}",true
bb5cf75a-fb46-559e-aba7-29bcb7ec6f0d,03766387-41ff-5119-95b7-86ce19e0d729,1.0,GENERATED,SYNTHETIC,accept,मोटर वाइंडर,"{""generator"":""v2"",""note"":""ground truth of the synthetic generator""}",true
d2897f4e-6859-506e-b589-946aead95c5d,03766387-41ff-5119-95b7-86ce19e0d729,1.0,GENERATED,SYNTHETIC,accept,Motor Winding Technician,"{""generator"":""v2"",""note"":""ground truth of the synthetic generator""}",true
d71b62bb-2b66-5d74-b704-c0df5e1f71dd,03766387-41ff-5119-95b7-86ce19e0d729,1.0,GENERATED,SYNTHETIC,accept,Motor Winding Technician,"{""generator"":""v2"",""note"":""ground truth of the synthetic generator""}",true
05bcc690-79e1-5245-b33f-60577c4b4c11,03766387-41ff-5119-95b7-86ce19e0d729,1.0,GENERATED,SYNTHETIC,accept,Rewinding Mechanic,"{""generator"":""v2"",""note"":""ground truth of the synthetic generator""}",true
2471c420-1284-5429-900b-48d9f3a4681e,608cbacd-5b75-535a-92f4-6a1d0aa606f5,1.0,GENERATED,SYNTHETIC,accept,Solar PV Installer,"{""generator"":""v2"",""note"":""ground truth of the synthetic generator""}",true
82dc8bad-a651-52b3-bd19-3023d2a9de31,608cbacd-5b75-535a-92f4-6a1d0aa606f5,1.0,GENERATED,SYNTHETIC,accept,सोलर पॅनल इन्स्टॉलर,"{""generator"":""v2"",""note"":""ground truth of the synthetic generator""}",true
8f9c7d7c-b286-5f20-9390-4797b60b0363,608cbacd-5b75-535a-92f4-6a1d0aa606f5,1.0,GENERATED,SYNTHETIC,accept,Solar PV Installer,"{""generator"":""v2"",""note"":""ground truth of the synthetic generator""}",true
dde14ffd-a5e1-5f90-94c6-881f636459cc,608cbacd-5b75-535a-92f4-6a1d0aa606f5,1.0,GENERATED,SYNTHETIC,accept,सोलर पॅनल इन्स्टॉलर,"{""generator"":""v2"",""note"":""ground truth of the synthetic generator""}",true
ccb1353c-cbc1-5aba-a61d-e0522da88fff,608cbacd-5b75-535a-92f4-6a1d0aa606f5,1.0,GENERATED,SYNTHETIC,accept,Solar PV Installer,"{""generator"":""v2"",""note"":""ground truth of the synthetic generator""}",true
b1eb67e6-7353-56d4-a178-290d123286e6,608cbacd-5b75-535a-92f4-6a1d0aa606f5,1.0,GENERATED,SYNTHETIC,accept,Rooftop Solar Installer,"{""generator"":""v2"",""note"":""ground truth of the synthetic generator""}",true
d6ae79b9-95ec-5184-ba4f-8e0d073ab1d1,608cbacd-5b75-535a-92f4-6a1d0aa606f5,1.0,GENERATED,SYNTHETIC,accept,Rooftop Solar Installer,"{""generator"":""v2"",""note"":""ground truth of the synthetic generator""}",true
27ca12f6-b54a-550e-8042-a678604d8919,608cbacd-5b75-535a-92f4-6a1d0aa606f5,1.0,GENERATED,SYNTHETIC,accept,Solar PV Installer,"{""generator"":""v2"",""note"":""ground truth of the synthetic generator""}",true
cc3770af-a0a3-5a20-a0d9-e8c0629f9b34,608cbacd-5b75-535a-92f4-6a1d0aa606f5,1.0,GENERATED,SYNTHETIC,accept,Solar Panel Fitter,"{""generator"":""v2"",""note"":""ground truth of the synthetic generator""}",true
c2c5409f-bd90-5056-9b8f-2fe7ddfbfb67,608cbacd-5b75-535a-92f4-6a1d0aa606f5,1.0,GENERATED,SYNTHETIC,accept,सोलर पैनल इंस्टॉलर,"{""generator"":""v2"",""note"":""ground truth of the synthetic generator""}",true
c537ebce-4ae6-54ee-9ec9-d2d6776251e4,608cbacd-5b75-535a-92f4-6a1d0aa606f5,1.0,GENERATED,SYNTHETIC,accept,Solar Panel Fitter,"{""generator"":""v2"",""note"":""ground truth of the synthetic generator""}",true
58d69dae-e480-54ea-8c9e-60c6c9c6c371,608cbacd-5b75-535a-92f4-6a1d0aa606f5,1.0,GENERATED,SYNTHETIC,accept,Solar Panel Fitter,"{""generator"":""v2"",""note"":""ground truth of the synthetic generator""}",true
245fa4ac-8e14-5dd7-a3d8-ef71e274879e,608cbacd-5b75-535a-92f4-6a1d0aa606f5,1.0,GENERATED,SYNTHETIC,accept,Rooftop Solar Installer,"{""generator"":""v2"",""note"":""ground truth of the synthetic generator""}",true
6fcf15a6-ea66-59eb-9755-a48675937b26,608cbacd-5b75-535a-92f4-6a1d0aa606f5,1.0,GENERATED,SYNTHETIC,accept,Solar PV Installer,"{""generator"":""v2"",""note"":""ground truth of the synthetic generator""}",true
14c99590-2bf0-5e64-86d1-9ddfff63e024,608cbacd-5b75-535a-92f4-6a1d0aa606f5,1.0,GENERATED,SYNTHETIC,accept,Solar PV Installer,"{""generator"":""v2"",""note"":""ground truth of the synthetic generator""}",true
94e5f359-b9f5-59c0-ab79-603eba569782,608cbacd-5b75-535a-92f4-6a1d0aa606f5,1.0,GENERATED,SYNTHETIC,accept,Rooftop Solar Installer,"{""generator"":""v2"",""note"":""ground truth of the synthetic generator""}",true
323c4f6c-27f7-55d5-81b3-ab9b12c322cf,608cbacd-5b75-535a-92f4-6a1d0aa606f5,1.0,GENERATED,SYNTHETIC,accept,सोलर पैनल इंस्टॉलर,"{""generator"":""v2"",""note"":""ground truth of the synthetic generator""}",true
5533d1ac-4b22-5f2e-8aa0-9ee989453958,608cbacd-5b75-535a-92f4-6a1d0aa606f5,1.0,GENERATED,SYNTHETIC,accept,Solar PV Installer,"{""generator"":""v2"",""note"":""ground truth of the synthetic generator""}",true
4708c48d-1f47-53a2-803a-9a2cf23bad60,608cbacd-5b75-535a-92f4-6a1d0aa606f5,1.0,GENERATED,SYNTHETIC,accept,Solar PV Installer,"{""generator"":""v2"",""note"":""ground truth of the synthetic generator""}",true
79be348b-bdff-56b8-ad42-a4cfdc6a6370,608cbacd-5b75-535a-92f4-6a1d0aa606f5,1.0,GENERATED,SYNTHETIC,accept,Solar Panel Fitter,"{""generator"":""v2"",""note"":""ground truth of the synthetic generator""}",true
6629ce2f-2c49-5096-ba54-0728d219b51a,608cbacd-5b75-535a-92f4-6a1d0aa606f5,1.0,GENERATED,SYNTHETIC,accept,Solar PV Installer,"{""generator"":""v2"",""note"":""ground truth of the synthetic generator""}",true
ec8219ae-d094-58ff-a94e-1d03fc546bc3,608cbacd-5b75-535a-92f4-6a1d0aa606f5,1.0,GENERATED,SYNTHETIC,accept,Solar PV Installer,"{""generator"":""v2"",""note"":""ground truth of the synthetic generator""}",true
a6686d53-e3b6-5cca-9083-9fb31821e7a3,608cbacd-5b75-535a-92f4-6a1d0aa606f5,1.0,GENERATED,SYNTHETIC,accept,Solar Panel Fitter,"{""generator"":""v2"",""note"":""ground truth of the synthetic generator""}",true
b0696862-a101-577c-bb60-937e4a455471,608cbacd-5b75-535a-92f4-6a1d0aa606f5,1.0,GENERATED,SYNTHETIC,accept,Solar PV Installer,"{""generator"":""v2"",""note"":""ground truth of the synthetic generator""}",true
cad782de-e0e6-59dc-bf48-d574038bba6f,608cbacd-5b75-535a-92f4-6a1d0aa606f5,1.0,GENERATED,SYNTHETIC,accept,Rooftop Solar Installer,"{""generator"":""v2"",""note"":""ground truth of the synthetic generator""}",true
95ba2fe3-db22-5fc5-a653-e85c406880d9,608cbacd-5b75-535a-92f4-6a1d0aa606f5,1.0,GENERATED,SYNTHETIC,accept,Solar PV Installer,"{""generator"":""v2"",""note"":""ground truth of the synthetic generator""}",true
21bb8160-f1eb-5116-a664-e0c28969b168,608cbacd-5b75-535a-92f4-6a1d0aa606f5,1.0,GENERATED,SYNTHETIC,accept,Rooftop Solar Installer,"{""generator"":""v2"",""note"":""ground truth of the synthetic generator""}",true
cc3eae98-639d-5c6b-91ba-33c3034e2f03,608cbacd-5b75-535a-92f4-6a1d0aa606f5,1.0,GENERATED,SYNTHETIC,accept,Rooftop Solar Installer,"{""generator"":""v2"",""note"":""ground truth of the synthetic generator""}",true
fff273e3-5541-5b4f-9dc7-befdd1eaedb8,608cbacd-5b75-535a-92f4-6a1d0aa606f5,1.0,GENERATED,SYNTHETIC,accept,सोलर पॅनल इन्स्टॉलर,"{""generator"":""v2"",""note"":""ground truth of the synthetic generator""}",true
a3e6a772-220e-5754-9976-fb40e6d20372,608cbacd-5b75-535a-92f4-6a1d0aa606f5,1.0,GENERATED,SYNTHETIC,accept,सोलर पॅनल इन्स्टॉलर,"{""generator"":""v2"",""note"":""ground truth of the synthetic generator""}",true
ab95d435-217e-56f5-a7c3-ffc8f56064d1,608cbacd-5b75-535a-92f4-6a1d0aa606f5,1.0,GENERATED,SYNTHETIC,accept,Rooftop Solar Installer,"{""generator"":""v2"",""note"":""ground truth of the synthetic generator""}",true
5b68b7d0-4fe2-5034-98ff-4481774bf82f,608cbacd-5b75-535a-92f4-6a1d0aa606f5,1.0,GENERATED,SYNTHETIC,accept,सोलर पॅनल इन्स्टॉलर,"{""generator"":""v2"",""note"":""ground truth of the synthetic generator""}",true
0d6c40e5-565d-549d-aa7a-0893e0e062d3,608cbacd-5b75-535a-92f4-6a1d0aa606f5,1.0,GENERATED,SYNTHETIC,accept,सोलर पॅनल इन्स्टॉलर,"{""generator"":""v2"",""note"":""ground truth of the synthetic generator""}",true
cc1fa5a5-baca-5bd8-9acf-419a1c8ab66f,608cbacd-5b75-535a-92f4-6a1d0aa606f5,1.0,GENERATED,SYNTHETIC,accept,Solar Panel Fitter,"{""generator"":""v2"",""note"":""ground truth of the synthetic generator""}",true
a5dea0e6-d1b5-55b2-b07e-fe3149a32d72,608cbacd-5b75-535a-92f4-6a1d0aa606f5,1.0,GENERATED,SYNTHETIC,accept,Solar PV Installer,"{""generator"":""v2"",""note"":""ground truth of the synthetic generator""}",true
1f6b4c2a-722a-5070-bac3-96d25f050855,608cbacd-5b75-535a-92f4-6a1d0aa606f5,1.0,GENERATED,SYNTHETIC,accept,Rooftop Solar Installer,"{""generator"":""v2"",""note"":""ground truth of the synthetic generator""}",true
45591a64-b282-5c9e-acb7-4877b1c911e2,608cbacd-5b75-535a-92f4-6a1d0aa606f5,1.0,GENERATED,SYNTHETIC,accept,Rooftop Solar Installer,"{""generator"":""v2"",""note"":""ground truth of the synthetic generator""}",true
e6ef1f96-4d44-501a-a6a8-3ac212666fba,608cbacd-5b75-535a-92f4-6a1d0aa606f5,1.0,GENERATED,SYNTHETIC,accept,Solar PV Installer,"{""generator"":""v2"",""note"":""ground truth of the synthetic generator""}",true
d360c6e5-759e-52b1-a5f5-69bc27c23fa2,608cbacd-5b75-535a-92f4-6a1d0aa606f5,1.0,GENERATED,SYNTHETIC,accept,Solar Panel Fitter,"{""generator"":""v2"",""note"":""ground truth of the synthetic generator""}",true
505361a5-cf3e-5845-b57a-4aea7fdba04c,608cbacd-5b75-535a-92f4-6a1d0aa606f5,1.0,GENERATED,SYNTHETIC,accept,सोलर पॅनल इन्स्टॉलर,"{""generator"":""v2"",""note"":""ground truth of the synthetic generator""}",true
17c40f3a-6bc3-5353-be8b-a8d76662784e,608cbacd-5b75-535a-92f4-6a1d0aa606f5,1.0,GENERATED,SYNTHETIC,accept,सोलर पैनल इंस्टॉलर,"{""generator"":""v2"",""note"":""ground truth of the synthetic generator""}",true
0ba5229e-fb8e-5177-b475-53b40c3ff85d,608cbacd-5b75-535a-92f4-6a1d0aa606f5,1.0,GENERATED,SYNTHETIC,accept,Solar Panel Fitter,"{""generator"":""v2"",""note"":""ground truth of the synthetic generator""}",true
71605a95-da9f-5f21-8cba-13a4f96e58b0,608cbacd-5b75-535a-92f4-6a1d0aa606f5,1.0,GENERATED,SYNTHETIC,accept,Rooftop Solar Installer,"{""generator"":""v2"",""note"":""ground truth of the synthetic generator""}",true
cfb3a14d-9703-54a9-8c29-2839e0e76a92,608cbacd-5b75-535a-92f4-6a1d0aa606f5,1.0,GENERATED,SYNTHETIC,accept,सोलर पॅनल इन्स्टॉलर,"{""generator"":""v2"",""note"":""ground truth of the synthetic generator""}",true
614ff73a-fe6b-533e-a74e-a1bd375fe134,608cbacd-5b75-535a-92f4-6a1d0aa606f5,1.0,GENERATED,SYNTHETIC,accept,Rooftop Solar Installer,"{""generator"":""v2"",""note"":""ground truth of the synthetic generator""}",true
094578e6-b8f8-5010-b792-235417c00a32,608cbacd-5b75-535a-92f4-6a1d0aa606f5,1.0,GENERATED,SYNTHETIC,accept,सोलर पॅनल इन्स्टॉलर,"{""generator"":""v2"",""note"":""ground truth of the synthetic generator""}",true
66a29cd1-cf27-53f6-ab8e-a0192259ae7e,608cbacd-5b75-535a-92f4-6a1d0aa606f5,1.0,GENERATED,SYNTHETIC,accept,Rooftop Solar Installer,"{""generator"":""v2"",""note"":""ground truth of the synthetic generator""}",true
b38cfaa7-477c-5359-96cb-37f595cd5e5a,608cbacd-5b75-535a-92f4-6a1d0aa606f5,1.0,GENERATED,SYNTHETIC,accept,Solar Panel Fitter,"{""generator"":""v2"",""note"":""ground truth of the synthetic generator""}",true
735afcdb-bdd1-5f15-89e6-f51595c4015d,608cbacd-5b75-535a-92f4-6a1d0aa606f5,1.0,GENERATED,SYNTHETIC,accept,Solar Panel Fitter,"{""generator"":""v2"",""note"":""ground truth of the synthetic generator""}",true
1d2199ca-3644-58ee-8d17-e68bbb16a971,608cbacd-5b75-535a-92f4-6a1d0aa606f5,1.0,GENERATED,SYNTHETIC,accept,Solar PV Installer,"{""generator"":""v2"",""note"":""ground truth of the synthetic generator""}",true
6afc72d8-e5d7-5f96-aaa6-361c076d3dfa,608cbacd-5b75-535a-92f4-6a1d0aa606f5,1.0,GENERATED,SYNTHETIC,accept,Rooftop Solar Installer,"{""generator"":""v2"",""note"":""ground truth of the synthetic generator""}",true
65424d7e-ff4e-5022-bba3-b32ac385f5f2,608cbacd-5b75-535a-92f4-6a1d0aa606f5,1.0,GENERATED,SYNTHETIC,accept,Rooftop Solar Installer,"{""generator"":""v2"",""note"":""ground truth of the synthetic generator""}",true
c1b54cd8-1140-5050-a29b-81a134158ec8,608cbacd-5b75-535a-92f4-6a1d0aa606f5,1.0,GENERATED,SYNTHETIC,accept,Rooftop Solar Installer,"{""generator"":""v2"",""note"":""ground truth of the synthetic generator""}",true
33463fb6-9159-5b4a-8107-c26fea213c60,608cbacd-5b75-535a-92f4-6a1d0aa606f5,1.0,GENERATED,SYNTHETIC,accept,Rooftop Solar Installer,"{""generator"":""v2"",""note"":""ground truth of the synthetic generator""}",true
21f76052-4dde-527d-9714-a6734b4a0376,608cbacd-5b75-535a-92f4-6a1d0aa606f5,1.0,GENERATED,SYNTHETIC,accept,Solar Panel Fitter,"{""generator"":""v2"",""note"":""ground truth of the synthetic generator""}",true
500556ca-945d-547d-aa25-66ac306f156d,608cbacd-5b75-535a-92f4-6a1d0aa606f5,1.0,GENERATED,SYNTHETIC,accept,Rooftop Solar Installer,"{""generator"":""v2"",""note"":""ground truth of the synthetic generator""}",true
f2cbe1a1-c2fd-54a4-abe6-5ddb183270ce,608cbacd-5b75-535a-92f4-6a1d0aa606f5,1.0,GENERATED,SYNTHETIC,accept,सोलर पैनल इंस्टॉलर,"{""generator"":""v2"",""note"":""ground truth of the synthetic generator""}",true
fd407c18-a16e-5d66-98b8-f06d7d6bfab2,608cbacd-5b75-535a-92f4-6a1d0aa606f5,1.0,GENERATED,SYNTHETIC,accept,सोलर पॅनल इन्स्टॉलर,"{""generator"":""v2"",""note"":""ground truth of the synthetic generator""}",true
1061cd56-9581-541d-8df5-2c8bbd390ebb,608cbacd-5b75-535a-92f4-6a1d0aa606f5,1.0,GENERATED,SYNTHETIC,accept,Solar PV Installer,"{""generator"":""v2"",""note"":""ground truth of the synthetic generator""}",true
b80b7eee-ac99-5224-ac92-9a1379a2a224,608cbacd-5b75-535a-92f4-6a1d0aa606f5,1.0,GENERATED,SYNTHETIC,accept,Solar Panel Fitter,"{""generator"":""v2"",""note"":""ground truth of the synthetic generator""}",true
e3c4ca47-cb95-599f-98a1-818fa86d0060,608cbacd-5b75-535a-92f4-6a1d0aa606f5,1.0,GENERATED,SYNTHETIC,accept,Solar PV Installer,"{""generator"":""v2"",""note"":""ground truth of the synthetic generator""}",true
1826907a-e032-5a65-b4aa-1859ab1368fa,608cbacd-5b75-535a-92f4-6a1d0aa606f5,1.0,GENERATED,SYNTHETIC,accept,Solar Panel Fitter,"{""generator"":""v2"",""note"":""ground truth of the synthetic generator""}",true
f904b108-6166-579b-8a2d-77b0a593e4d2,608cbacd-5b75-535a-92f4-6a1d0aa606f5,1.0,GENERATED,SYNTHETIC,accept,सोलर पॅनल इन्स्टॉलर,"{""generator"":""v2"",""note"":""ground truth of the synthetic generator""}",true
41e72519-2cb5-51d7-86e3-c2670d38cdf9,608cbacd-5b75-535a-92f4-6a1d0aa606f5,1.0,GENERATED,SYNTHETIC,accept,Solar PV Installer,"{""generator"":""v2"",""note"":""ground truth of the synthetic generator""}",true
47c7c968-d943-5657-b9a3-b2e2494e7628,608cbacd-5b75-535a-92f4-6a1d0aa606f5,1.0,GENERATED,SYNTHETIC,accept,Rooftop Solar Installer,"{""generator"":""v2"",""note"":""ground truth of the synthetic generator""}",true
fd6f500a-1fc8-5961-8925-79f83b01ee15,608cbacd-5b75-535a-92f4-6a1d0aa606f5,1.0,GENERATED,SYNTHETIC,accept,Solar Panel Fitter,"{""generator"":""v2"",""note"":""ground truth of the synthetic generator""}",true
f2eb5ee2-eb65-552a-b2c7-9d39e527320c,608cbacd-5b75-535a-92f4-6a1d0aa606f5,1.0,GENERATED,SYNTHETIC,accept,Rooftop Solar Installer,"{""generator"":""v2"",""note"":""ground truth of the synthetic generator""}",true
017b3737-a2a9-54bf-8ccd-813be7d97246,608cbacd-5b75-535a-92f4-6a1d0aa606f5,1.0,GENERATED,SYNTHETIC,accept,Rooftop Solar Installer,"{""generator"":""v2"",""note"":""ground truth of the synthetic generator""}",true
e1892b5f-ce79-52b6-a283-f21e963e91d3,608cbacd-5b75-535a-92f4-6a1d0aa606f5,1.0,GENERATED,SYNTHETIC,accept,Rooftop Solar Installer,"{""generator"":""v2"",""note"":""ground truth of the synthetic generator""}",true
8b8c9447-7f2a-561f-aab6-2391359101e9,608cbacd-5b75-535a-92f4-6a1d0aa606f5,1.0,GENERATED,SYNTHETIC,accept,Rooftop Solar Installer,"{""generator"":""v2"",""note"":""ground truth of the synthetic generator""}",true
3468c8cf-1782-5616-b946-332f0c18f84a,608cbacd-5b75-535a-92f4-6a1d0aa606f5,1.0,GENERATED,SYNTHETIC,accept,Solar PV Installer,"{""generator"":""v2"",""note"":""ground truth of the synthetic generator""}",true
a94b78d9-dff6-5159-9427-daa5eda88df9,608cbacd-5b75-535a-92f4-6a1d0aa606f5,1.0,GENERATED,SYNTHETIC,accept,Solar Panel Fitter,"{""generator"":""v2"",""note"":""ground truth of the synthetic generator""}",true
e763ba58-0d65-5343-8155-d2cf6cebc1ef,608cbacd-5b75-535a-92f4-6a1d0aa606f5,1.0,GENERATED,SYNTHETIC,accept,Solar Panel Fitter,"{""generator"":""v2"",""note"":""ground truth of the synthetic generator""}",true
97d264cf-e598-58c2-9457-78aad97de896,608cbacd-5b75-535a-92f4-6a1d0aa606f5,1.0,GENERATED,SYNTHETIC,accept,Solar PV Installer,"{""generator"":""v2"",""note"":""ground truth of the synthetic generator""}",true
6e9a7648-abe2-5afe-8f6e-e0609b27401f,608cbacd-5b75-535a-92f4-6a1d0aa606f5,1.0,GENERATED,SYNTHETIC,accept,Rooftop Solar Installer,"{""generator"":""v2"",""note"":""ground truth of the synthetic generator""}",true
ab12c185-ac3e-514b-ac20-88ab3bd83987,608cbacd-5b75-535a-92f4-6a1d0aa606f5,1.0,GENERATED,SYNTHETIC,accept,Solar PV Installer,"{""generator"":""v2"",""note"":""ground truth of the synthetic generator""}",true
bb580b19-769e-52f9-9a17-9275cdd29e79,608cbacd-5b75-535a-92f4-6a1d0aa606f5,1.0,GENERATED,SYNTHETIC,accept,Solar Panel Fitter,"{""generator"":""v2"",""note"":""ground truth of the synthetic generator""}",true
53b160ff-c26e-59b7-ba4d-1569ab481b92,608cbacd-5b75-535a-92f4-6a1d0aa606f5,1.0,GENERATED,SYNTHETIC,accept,सोलर पैनल इंस्टॉलर,"{""generator"":""v2"",""note"":""ground truth of the synthetic generator""}",true
9fc30373-b296-5f60-a34a-2e9142177e70,608cbacd-5b75-535a-92f4-6a1d0aa606f5,1.0,GENERATED,SYNTHETIC,accept,सोलर पैनल इंस्टॉलर,"{""generator"":""v2"",""note"":""ground truth of the synthetic generator""}",true
60cbb681-82db-594f-825a-5e364b766004,608cbacd-5b75-535a-92f4-6a1d0aa606f5,1.0,GENERATED,SYNTHETIC,accept,Solar Panel Fitter,"{""generator"":""v2"",""note"":""ground truth of the synthetic generator""}",true
4e353b54-914c-5eef-b445-f811981667cf,608cbacd-5b75-535a-92f4-6a1d0aa606f5,1.0,GENERATED,SYNTHETIC,accept,Solar Panel Fitter,"{""generator"":""v2"",""note"":""ground truth of the synthetic generator""}",true
a3b7a946-ec30-5e7c-93f9-3f013da4804d,608cbacd-5b75-535a-92f4-6a1d0aa606f5,1.0,GENERATED,SYNTHETIC,accept,Solar PV Installer,"{""generator"":""v2"",""note"":""ground truth of the synthetic generator""}",true
631fcfdd-702e-593f-91da-c97de5bf7f43,608cbacd-5b75-535a-92f4-6a1d0aa606f5,1.0,GENERATED,SYNTHETIC,accept,Rooftop Solar Installer,"{""generator"":""v2"",""note"":""ground truth of the synthetic generator""}",true
06ad7db4-e4a1-500e-a26d-cf399b5a0015,608cbacd-5b75-535a-92f4-6a1d0aa606f5,1.0,GENERATED,SYNTHETIC,accept,Solar Panel Fitter,"{""generator"":""v2"",""note"":""ground truth of the synthetic generator""}",true
852518d5-5079-5ee6-89d1-e5bcfdb8525c,608cbacd-5b75-535a-92f4-6a1d0aa606f5,1.0,GENERATED,SYNTHETIC,accept,Rooftop Solar Installer,"{""generator"":""v2"",""note"":""ground truth of the synthetic generator""}",true
3a2d3011-aebe-5f6b-b831-7abc718e8410,608cbacd-5b75-535a-92f4-6a1d0aa606f5,1.0,GENERATED,SYNTHETIC,accept,Rooftop Solar Installer,"{""generator"":""v2"",""note"":""ground truth of the synthetic generator""}",true
0d4f94f0-b2c4-58c3-906c-5eaf87876999,b943fcf7-9b8c-5261-907f-3a3ad77dfba0,1.0,GENERATED,SYNTHETIC,accept,Solar Inverter Technician,"{""generator"":""v2"",""note"":""ground truth of the synthetic generator""}",true
a310b10b-a344-5f16-a67c-df8fef07a5a7,b943fcf7-9b8c-5261-907f-3a3ad77dfba0,1.0,GENERATED,SYNTHETIC,accept,Solar Service Technician,"{""generator"":""v2"",""note"":""ground truth of the synthetic generator""}",true
3073462d-bb26-50ef-9699-d0a16d76ee5b,b943fcf7-9b8c-5261-907f-3a3ad77dfba0,1.0,GENERATED,SYNTHETIC,accept,Solar Service Technician,"{""generator"":""v2"",""note"":""ground truth of the synthetic generator""}",true
48ba7439-4dce-5365-8996-c98d2558545a,b943fcf7-9b8c-5261-907f-3a3ad77dfba0,1.0,GENERATED,SYNTHETIC,accept,Solar Service Technician,"{""generator"":""v2"",""note"":""ground truth of the synthetic generator""}",true
4360dc92-bf0d-5f76-b9d4-e7aebd895ad7,b943fcf7-9b8c-5261-907f-3a3ad77dfba0,1.0,GENERATED,SYNTHETIC,accept,Solar Inverter Technician,"{""generator"":""v2"",""note"":""ground truth of the synthetic generator""}",true
3b288687-a006-51d5-9098-58e6b49ffbeb,b943fcf7-9b8c-5261-907f-3a3ad77dfba0,1.0,GENERATED,SYNTHETIC,accept,Solar O&M Technician,"{""generator"":""v2"",""note"":""ground truth of the synthetic generator""}",true
c1ba2144-cf78-5997-bf17-022262e3c797,b943fcf7-9b8c-5261-907f-3a3ad77dfba0,1.0,GENERATED,SYNTHETIC,accept,Solar Service Technician,"{""generator"":""v2"",""note"":""ground truth of the synthetic generator""}",true
5658ff39-c8a0-5214-a027-160df686d148,b943fcf7-9b8c-5261-907f-3a3ad77dfba0,1.0,GENERATED,SYNTHETIC,accept,सोलर सर्व्हिस टेक्निशियन,"{""generator"":""v2"",""note"":""ground truth of the synthetic generator""}",true
f2fd0d85-50d3-56b8-ba0f-07b10f754433,b943fcf7-9b8c-5261-907f-3a3ad77dfba0,1.0,GENERATED,SYNTHETIC,accept,Solar O&M Technician,"{""generator"":""v2"",""note"":""ground truth of the synthetic generator""}",true
f39f6975-a723-5ee8-a978-d403dc863bc5,b943fcf7-9b8c-5261-907f-3a3ad77dfba0,1.0,GENERATED,SYNTHETIC,accept,Solar O&M Technician,"{""generator"":""v2"",""note"":""ground truth of the synthetic generator""}",true
809ce205-9200-55fe-91b6-d630d07a9af0,b943fcf7-9b8c-5261-907f-3a3ad77dfba0,1.0,GENERATED,SYNTHETIC,accept,Solar Inverter Technician,"{""generator"":""v2"",""note"":""ground truth of the synthetic generator""}",true
d63530fb-64e4-507e-802c-4729f9e6a1f1,b943fcf7-9b8c-5261-907f-3a3ad77dfba0,1.0,GENERATED,SYNTHETIC,accept,Solar O&M Technician,"{""generator"":""v2"",""note"":""ground truth of the synthetic generator""}",true
73437e0a-90b9-50be-b1f3-2776c6ef9dfe,b943fcf7-9b8c-5261-907f-3a3ad77dfba0,1.0,GENERATED,SYNTHETIC,accept,सोलर सर्विस तकनीशियन,"{""generator"":""v2"",""note"":""ground truth of the synthetic generator""}",true
b1a05a44-a6c2-5f9f-8229-43bd5b0f536e,b943fcf7-9b8c-5261-907f-3a3ad77dfba0,1.0,GENERATED,SYNTHETIC,accept,Solar Inverter Technician,"{""generator"":""v2"",""note"":""ground truth of the synthetic generator""}",true
92bea176-26a0-582c-a897-85368fbdb7d2,b943fcf7-9b8c-5261-907f-3a3ad77dfba0,1.0,GENERATED,SYNTHETIC,accept,Solar Service Technician,"{""generator"":""v2"",""note"":""ground truth of the synthetic generator""}",true
729ddbe9-ae25-5b7c-9a8a-1821093cb4ec,b943fcf7-9b8c-5261-907f-3a3ad77dfba0,1.0,GENERATED,SYNTHETIC,accept,Solar Service Technician,"{""generator"":""v2"",""note"":""ground truth of the synthetic generator""}",true
d08b8c4d-1dc6-5fe4-bb7a-b0b676129d16,b943fcf7-9b8c-5261-907f-3a3ad77dfba0,1.0,GENERATED,SYNTHETIC,accept,Solar O&M Technician,"{""generator"":""v2"",""note"":""ground truth of the synthetic generator""}",true
0c4183a2-8c35-55da-992a-52f60ae7f6a5,b943fcf7-9b8c-5261-907f-3a3ad77dfba0,1.0,GENERATED,SYNTHETIC,accept,Solar Inverter Technician,"{""generator"":""v2"",""note"":""ground truth of the synthetic generator""}",true
b82be9ad-f2f0-5e0c-987b-92109c956be3,b943fcf7-9b8c-5261-907f-3a3ad77dfba0,1.0,GENERATED,SYNTHETIC,accept,Solar Inverter Technician,"{""generator"":""v2"",""note"":""ground truth of the synthetic generator""}",true
d33a0dab-1f56-524b-a7c9-6bcc39365981,b943fcf7-9b8c-5261-907f-3a3ad77dfba0,1.0,GENERATED,SYNTHETIC,accept,Solar O&M Technician,"{""generator"":""v2"",""note"":""ground truth of the synthetic generator""}",true
73f71968-916e-5403-a203-2632caf0bac7,b943fcf7-9b8c-5261-907f-3a3ad77dfba0,1.0,GENERATED,SYNTHETIC,accept,Solar Service Technician,"{""generator"":""v2"",""note"":""ground truth of the synthetic generator""}",true
3d8cea72-c2de-594d-92d6-ef5678fc3a16,b943fcf7-9b8c-5261-907f-3a3ad77dfba0,1.0,GENERATED,SYNTHETIC,accept,Solar Inverter Technician,"{""generator"":""v2"",""note"":""ground truth of the synthetic generator""}",true
bcc881e6-95c4-56fe-a15a-f687632c290c,b943fcf7-9b8c-5261-907f-3a3ad77dfba0,1.0,GENERATED,SYNTHETIC,accept,Solar Service Technician,"{""generator"":""v2"",""note"":""ground truth of the synthetic generator""}",true
c4f1d44c-e629-5dcb-8ed3-b6d794f65060,b943fcf7-9b8c-5261-907f-3a3ad77dfba0,1.0,GENERATED,SYNTHETIC,accept,सोलर सर्व्हिस टेक्निशियन,"{""generator"":""v2"",""note"":""ground truth of the synthetic generator""}",true
04f00fca-1cac-5da6-a8e7-bc53bc12d5a3,b943fcf7-9b8c-5261-907f-3a3ad77dfba0,1.0,GENERATED,SYNTHETIC,accept,सोलर सर्व्हिस टेक्निशियन,"{""generator"":""v2"",""note"":""ground truth of the synthetic generator""}",true
c1240553-ae5e-5f9b-b4e9-8221b2c60873,b943fcf7-9b8c-5261-907f-3a3ad77dfba0,1.0,GENERATED,SYNTHETIC,accept,Solar Service Technician,"{""generator"":""v2"",""note"":""ground truth of the synthetic generator""}",true
24af71e4-4dd9-5731-b195-aae9107e8497,b943fcf7-9b8c-5261-907f-3a3ad77dfba0,1.0,GENERATED,SYNTHETIC,accept,सोलर सर्विस तकनीशियन,"{""generator"":""v2"",""note"":""ground truth of the synthetic generator""}",true
515cbee8-d222-5b43-8a4e-416b726f8aa0,b943fcf7-9b8c-5261-907f-3a3ad77dfba0,1.0,GENERATED,SYNTHETIC,accept,Solar O&M Technician,"{""generator"":""v2"",""note"":""ground truth of the synthetic generator""}",true
9335371f-e471-5094-808d-759aa415efe9,b943fcf7-9b8c-5261-907f-3a3ad77dfba0,1.0,GENERATED,SYNTHETIC,accept,Solar Inverter Technician,"{""generator"":""v2"",""note"":""ground truth of the synthetic generator""}",true
8cf614db-21e5-5580-96d0-2810d18bf788,b943fcf7-9b8c-5261-907f-3a3ad77dfba0,1.0,GENERATED,SYNTHETIC,accept,Solar Inverter Technician,"{""generator"":""v2"",""note"":""ground truth of the synthetic generator""}",true
487539d6-187b-5bcd-9960-8e7c417b2e44,b943fcf7-9b8c-5261-907f-3a3ad77dfba0,1.0,GENERATED,SYNTHETIC,accept,Solar Inverter Technician,"{""generator"":""v2"",""note"":""ground truth of the synthetic generator""}",true
b05442de-6977-57f1-876c-309bca76504b,b943fcf7-9b8c-5261-907f-3a3ad77dfba0,1.0,GENERATED,SYNTHETIC,accept,Solar O&M Technician,"{""generator"":""v2"",""note"":""ground truth of the synthetic generator""}",true
a9bab2b1-9341-5ea6-a120-2ea9546b711f,b943fcf7-9b8c-5261-907f-3a3ad77dfba0,1.0,GENERATED,SYNTHETIC,accept,Solar O&M Technician,"{""generator"":""v2"",""note"":""ground truth of the synthetic generator""}",true
c4bb035a-36f1-5076-b66c-51a77c8187bd,b943fcf7-9b8c-5261-907f-3a3ad77dfba0,1.0,GENERATED,SYNTHETIC,accept,Solar Service Technician,"{""generator"":""v2"",""note"":""ground truth of the synthetic generator""}",true
42725272-2db1-516e-9209-e66146ec16f1,b943fcf7-9b8c-5261-907f-3a3ad77dfba0,1.0,GENERATED,SYNTHETIC,accept,सोलर सर्व्हिस टेक्निशियन,"{""generator"":""v2"",""note"":""ground truth of the synthetic generator""}",true
e95d04d4-577e-5de3-bfaf-6b7520e76b59,b943fcf7-9b8c-5261-907f-3a3ad77dfba0,1.0,GENERATED,SYNTHETIC,accept,सोलर सर्व्हिस टेक्निशियन,"{""generator"":""v2"",""note"":""ground truth of the synthetic generator""}",true
d36a9ea1-b10f-5b58-a5d6-c3a5da4ed946,b943fcf7-9b8c-5261-907f-3a3ad77dfba0,1.0,GENERATED,SYNTHETIC,accept,Solar O&M Technician,"{""generator"":""v2"",""note"":""ground truth of the synthetic generator""}",true
623720b6-fc13-52aa-b516-fc2b6570795d,b943fcf7-9b8c-5261-907f-3a3ad77dfba0,1.0,GENERATED,SYNTHETIC,accept,सोलर सर्विस तकनीशियन,"{""generator"":""v2"",""note"":""ground truth of the synthetic generator""}",true
725b7bce-1205-5999-b104-7e068002405f,b943fcf7-9b8c-5261-907f-3a3ad77dfba0,1.0,GENERATED,SYNTHETIC,accept,Solar O&M Technician,"{""generator"":""v2"",""note"":""ground truth of the synthetic generator""}",true
4993ee0e-faf0-5178-9765-b85ccdcc3dc6,b943fcf7-9b8c-5261-907f-3a3ad77dfba0,1.0,GENERATED,SYNTHETIC,accept,Solar Service Technician,"{""generator"":""v2"",""note"":""ground truth of the synthetic generator""}",true
afe40ce4-ae68-5004-aaed-263d83d8896c,b943fcf7-9b8c-5261-907f-3a3ad77dfba0,1.0,GENERATED,SYNTHETIC,accept,Solar O&M Technician,"{""generator"":""v2"",""note"":""ground truth of the synthetic generator""}",true
8443880b-fd60-51f7-81a1-1050580191f4,b943fcf7-9b8c-5261-907f-3a3ad77dfba0,1.0,GENERATED,SYNTHETIC,accept,सोलर सर्विस तकनीशियन,"{""generator"":""v2"",""note"":""ground truth of the synthetic generator""}",true
b27a0942-32b7-53d8-a6fc-32a74efb3cac,45a4b4a2-7e42-55f6-933d-be42ed3a5b81,1.0,GENERATED,SYNTHETIC,accept,Electric Vehicle Mechanic,"{""generator"":""v2"",""note"":""ground truth of the synthetic generator""}",true
746e7d79-e653-58bd-a927-ba48c5553033,45a4b4a2-7e42-55f6-933d-be42ed3a5b81,1.0,GENERATED,SYNTHETIC,accept,EV Workshop Technician,"{""generator"":""v2"",""note"":""ground truth of the synthetic generator""}",true
36c006d6-741c-5ca9-b060-07c33f3e9b65,45a4b4a2-7e42-55f6-933d-be42ed3a5b81,1.0,GENERATED,SYNTHETIC,accept,ईवी सर्विस तकनीशियन,"{""generator"":""v2"",""note"":""ground truth of the synthetic generator""}",true
19749790-533b-584b-9803-a7923423168d,45a4b4a2-7e42-55f6-933d-be42ed3a5b81,1.0,GENERATED,SYNTHETIC,accept,EV Technician,"{""generator"":""v2"",""note"":""ground truth of the synthetic generator""}",true
ffab8c8b-d207-530b-b536-76752bf54b39,45a4b4a2-7e42-55f6-933d-be42ed3a5b81,1.0,GENERATED,SYNTHETIC,accept,EV Workshop Technician,"{""generator"":""v2"",""note"":""ground truth of the synthetic generator""}",true
6713ba49-0feb-5ceb-b26c-d5857fb07316,45a4b4a2-7e42-55f6-933d-be42ed3a5b81,1.0,GENERATED,SYNTHETIC,accept,EV Service Technician,"{""generator"":""v2"",""note"":""ground truth of the synthetic generator""}",true
9c29c557-5af1-588a-9854-5c1a039deb28,45a4b4a2-7e42-55f6-933d-be42ed3a5b81,1.0,GENERATED,SYNTHETIC,accept,Electric Vehicle Mechanic,"{""generator"":""v2"",""note"":""ground truth of the synthetic generator""}",true
3a289988-aaa0-530d-b228-f4d8ac6b12f3,45a4b4a2-7e42-55f6-933d-be42ed3a5b81,1.0,GENERATED,SYNTHETIC,accept,Electric Vehicle Mechanic,"{""generator"":""v2"",""note"":""ground truth of the synthetic generator""}",true
8e034eb6-c7a5-5dd1-8027-449403975fc6,45a4b4a2-7e42-55f6-933d-be42ed3a5b81,1.0,GENERATED,SYNTHETIC,accept,EV Technician,"{""generator"":""v2"",""note"":""ground truth of the synthetic generator""}",true
ae22c3b7-179a-5b53-8fe8-8dc5c3b8ecd2,45a4b4a2-7e42-55f6-933d-be42ed3a5b81,1.0,GENERATED,SYNTHETIC,accept,ईवी सर्विस तकनीशियन,"{""generator"":""v2"",""note"":""ground truth of the synthetic generator""}",true
19a38dbe-90d4-5853-b9b2-aef762332952,45a4b4a2-7e42-55f6-933d-be42ed3a5b81,1.0,GENERATED,SYNTHETIC,accept,EV Service Technician,"{""generator"":""v2"",""note"":""ground truth of the synthetic generator""}",true
3c76b8aa-4a06-51f5-886d-610f3d894a42,45a4b4a2-7e42-55f6-933d-be42ed3a5b81,1.0,GENERATED,SYNTHETIC,accept,EV Technician,"{""generator"":""v2"",""note"":""ground truth of the synthetic generator""}",true
af075529-e746-57e1-bd59-0fbbd10cdf69,45a4b4a2-7e42-55f6-933d-be42ed3a5b81,1.0,GENERATED,SYNTHETIC,accept,EV Service Technician,"{""generator"":""v2"",""note"":""ground truth of the synthetic generator""}",true
404648cf-90ac-54fe-9e94-a36ef1ad85f5,45a4b4a2-7e42-55f6-933d-be42ed3a5b81,1.0,GENERATED,SYNTHETIC,accept,EV Technician,"{""generator"":""v2"",""note"":""ground truth of the synthetic generator""}",true
1360f264-3223-5947-9a64-daf68a0cddd2,45a4b4a2-7e42-55f6-933d-be42ed3a5b81,1.0,GENERATED,SYNTHETIC,accept,EV Service Technician,"{""generator"":""v2"",""note"":""ground truth of the synthetic generator""}",true
42bd52b6-c790-592b-825e-e39d1d400e28,45a4b4a2-7e42-55f6-933d-be42ed3a5b81,1.0,GENERATED,SYNTHETIC,accept,EV Workshop Technician,"{""generator"":""v2"",""note"":""ground truth of the synthetic generator""}",true
9d8e8d32-7a9d-560a-ac06-5e40ea7841fa,45a4b4a2-7e42-55f6-933d-be42ed3a5b81,1.0,GENERATED,SYNTHETIC,accept,EV Workshop Technician,"{""generator"":""v2"",""note"":""ground truth of the synthetic generator""}",true
60553738-89d9-5723-86b1-5d9ca8f9b796,45a4b4a2-7e42-55f6-933d-be42ed3a5b81,1.0,GENERATED,SYNTHETIC,accept,ईव्ही सर्व्हिस टेक्निशियन,"{""generator"":""v2"",""note"":""ground truth of the synthetic generator""}",true
bac33800-c0c8-57fe-b00f-6ecee6fb642b,45a4b4a2-7e42-55f6-933d-be42ed3a5b81,1.0,GENERATED,SYNTHETIC,accept,Electric Vehicle Mechanic,"{""generator"":""v2"",""note"":""ground truth of the synthetic generator""}",true
f2d999c1-927b-50a4-8c6f-68cffe73225d,45a4b4a2-7e42-55f6-933d-be42ed3a5b81,1.0,GENERATED,SYNTHETIC,accept,EV Workshop Technician,"{""generator"":""v2"",""note"":""ground truth of the synthetic generator""}",true
e2480745-a8c6-5e49-93e1-1d09169d3d4e,45a4b4a2-7e42-55f6-933d-be42ed3a5b81,1.0,GENERATED,SYNTHETIC,accept,ईव्ही सर्व्हिस टेक्निशियन,"{""generator"":""v2"",""note"":""ground truth of the synthetic generator""}",true
478dc252-c35e-5977-a666-206c8e27459e,45a4b4a2-7e42-55f6-933d-be42ed3a5b81,1.0,GENERATED,SYNTHETIC,accept,EV Workshop Technician,"{""generator"":""v2"",""note"":""ground truth of the synthetic generator""}",true
e9fdf24e-13f4-58e4-8b89-43f8baa63a97,45a4b4a2-7e42-55f6-933d-be42ed3a5b81,1.0,GENERATED,SYNTHETIC,accept,ईव्ही सर्व्हिस टेक्निशियन,"{""generator"":""v2"",""note"":""ground truth of the synthetic generator""}",true
3f647c91-f539-5081-9c83-5312d6375d40,45a4b4a2-7e42-55f6-933d-be42ed3a5b81,1.0,GENERATED,SYNTHETIC,accept,Electric Vehicle Mechanic,"{""generator"":""v2"",""note"":""ground truth of the synthetic generator""}",true
de2f5a56-4b4b-5c4e-afd3-9dc12cb2e5c8,45a4b4a2-7e42-55f6-933d-be42ed3a5b81,1.0,GENERATED,SYNTHETIC,accept,EV Workshop Technician,"{""generator"":""v2"",""note"":""ground truth of the synthetic generator""}",true
25f69940-27f4-567e-9731-7b437c082d29,45a4b4a2-7e42-55f6-933d-be42ed3a5b81,1.0,GENERATED,SYNTHETIC,accept,EV Service Technician,"{""generator"":""v2"",""note"":""ground truth of the synthetic generator""}",true
571cc614-858e-5f45-a7f9-460f88320426,45a4b4a2-7e42-55f6-933d-be42ed3a5b81,1.0,GENERATED,SYNTHETIC,accept,EV Technician,"{""generator"":""v2"",""note"":""ground truth of the synthetic generator""}",true
28947b3f-705f-57ae-8a26-9099565aba56,19cab99e-6d9d-55f2-8e67-70f21663603e,1.0,GENERATED,SYNTHETIC,accept,EV Charging Technician,"{""generator"":""v2"",""note"":""ground truth of the synthetic generator""}",true
4d639f78-98fa-552f-a2e9-bc036cb11ab9,19cab99e-6d9d-55f2-8e67-70f21663603e,1.0,GENERATED,SYNTHETIC,accept,ईव्ही चार्जर इन्स्टॉलेशन टेक्निशियन,"{""generator"":""v2"",""note"":""ground truth of the synthetic generator""}",true
cb627392-7f23-5f71-b466-7d95eb800269,19cab99e-6d9d-55f2-8e67-70f21663603e,1.0,GENERATED,SYNTHETIC,accept,EV Charging Technician,"{""generator"":""v2"",""note"":""ground truth of the synthetic generator""}",true
91d1d4fb-ca3e-509b-b048-0d0b946de39f,19cab99e-6d9d-55f2-8e67-70f21663603e,1.0,GENERATED,SYNTHETIC,accept,Charging Station Installer,"{""generator"":""v2"",""note"":""ground truth of the synthetic generator""}",true
9dcc9567-1b0d-5992-884b-54742ff04b75,19cab99e-6d9d-55f2-8e67-70f21663603e,1.0,GENERATED,SYNTHETIC,accept,EV Charger Installation Technician,"{""generator"":""v2"",""note"":""ground truth of the synthetic generator""}",true
24b83070-3dd3-5c13-816d-362641d6ea50,19cab99e-6d9d-55f2-8e67-70f21663603e,1.0,GENERATED,SYNTHETIC,accept,Charging Station Installer,"{""generator"":""v2"",""note"":""ground truth of the synthetic generator""}",true
b5ceaa81-2351-5f6b-914b-2c3157761944,19cab99e-6d9d-55f2-8e67-70f21663603e,1.0,GENERATED,SYNTHETIC,accept,EV Charging Technician,"{""generator"":""v2"",""note"":""ground truth of the synthetic generator""}",true
f34343d1-7268-55b6-9a46-4e1258d499f2,19cab99e-6d9d-55f2-8e67-70f21663603e,1.0,GENERATED,SYNTHETIC,accept,EV Charger Installation Technician,"{""generator"":""v2"",""note"":""ground truth of the synthetic generator""}",true
0326b678-6f71-5b4c-99a7-792fe44f02fe,19cab99e-6d9d-55f2-8e67-70f21663603e,1.0,GENERATED,SYNTHETIC,accept,EV Charging Technician,"{""generator"":""v2"",""note"":""ground truth of the synthetic generator""}",true
7078628d-5382-5346-895e-1eaff067d3ab,19cab99e-6d9d-55f2-8e67-70f21663603e,1.0,GENERATED,SYNTHETIC,accept,ईवी चार्जर इंस्टॉलेशन तकनीशियन,"{""generator"":""v2"",""note"":""ground truth of the synthetic generator""}",true
c49d0f56-7183-5017-8af9-06131f427a25,19cab99e-6d9d-55f2-8e67-70f21663603e,1.0,GENERATED,SYNTHETIC,accept,EV Charging Technician,"{""generator"":""v2"",""note"":""ground truth of the synthetic generator""}",true
45f9dd91-5d96-54ad-9bc3-8dcf34245e27,19cab99e-6d9d-55f2-8e67-70f21663603e,1.0,GENERATED,SYNTHETIC,accept,ईव्ही चार्जर इन्स्टॉलेशन टेक्निशियन,"{""generator"":""v2"",""note"":""ground truth of the synthetic generator""}",true
128d1003-a3cc-5b2b-b807-962d445c08fb,19cab99e-6d9d-55f2-8e67-70f21663603e,1.0,GENERATED,SYNTHETIC,accept,ईवी चार्जर इंस्टॉलेशन तकनीशियन,"{""generator"":""v2"",""note"":""ground truth of the synthetic generator""}",true
68b7ef71-4dcc-5d71-b7cf-720461d1dd2e,19cab99e-6d9d-55f2-8e67-70f21663603e,1.0,GENERATED,SYNTHETIC,accept,ईव्ही चार्जर इन्स्टॉलेशन टेक्निशियन,"{""generator"":""v2"",""note"":""ground truth of the synthetic generator""}",true
cf256c0b-4145-51bc-bec4-91002da9acf8,19cab99e-6d9d-55f2-8e67-70f21663603e,1.0,GENERATED,SYNTHETIC,accept,EV Charging Technician,"{""generator"":""v2"",""note"":""ground truth of the synthetic generator""}",true
bb2895cc-9ce9-5bd6-9544-b8cc45a946b1,c7df5212-ab60-5561-aa36-9acc415e9b5b,1.0,GENERATED,SYNTHETIC,accept,Industrial Electrician,"{""generator"":""v2"",""note"":""ground truth of the synthetic generator""}",true
b4711621-24f5-5813-949d-3ff9404779c1,c7df5212-ab60-5561-aa36-9acc415e9b5b,1.0,GENERATED,SYNTHETIC,accept,Building Electrician,"{""generator"":""v2"",""note"":""ground truth of the synthetic generator""}",true
8ef88ca9-2e96-5fb3-b727-860734a42029,c7df5212-ab60-5561-aa36-9acc415e9b5b,1.0,GENERATED,SYNTHETIC,accept,Building Electrician,"{""generator"":""v2"",""note"":""ground truth of the synthetic generator""}",true
db114e59-28d2-5dd2-92c4-215834cab0f8,c7df5212-ab60-5561-aa36-9acc415e9b5b,1.0,GENERATED,SYNTHETIC,accept,Maintenance Electrician,"{""generator"":""v2"",""note"":""ground truth of the synthetic generator""}",true
0843ac30-3d3a-5dea-9883-07a54e039172,c7df5212-ab60-5561-aa36-9acc415e9b5b,1.0,GENERATED,SYNTHETIC,accept,Industrial Electrician,"{""generator"":""v2"",""note"":""ground truth of the synthetic generator""}",true
a1c4409c-6adb-52e6-9104-b828f3cb8f5e,c7df5212-ab60-5561-aa36-9acc415e9b5b,1.0,GENERATED,SYNTHETIC,accept,Maintenance Electrician,"{""generator"":""v2"",""note"":""ground truth of the synthetic generator""}",true
91190df8-2e4d-53b7-bf74-e813ade7de67,c7df5212-ab60-5561-aa36-9acc415e9b5b,1.0,GENERATED,SYNTHETIC,accept,Industrial Electrician,"{""generator"":""v2"",""note"":""ground truth of the synthetic generator""}",true
810f2d01-4b5c-5ce8-ae95-c947fe8c6d9e,c7df5212-ab60-5561-aa36-9acc415e9b5b,1.0,GENERATED,SYNTHETIC,accept,इलेक्ट्रिशियन,"{""generator"":""v2"",""note"":""ground truth of the synthetic generator""}",true
166694a4-a772-5a0d-baff-49850a5548a5,c7df5212-ab60-5561-aa36-9acc415e9b5b,1.0,GENERATED,SYNTHETIC,accept,Building Electrician,"{""generator"":""v2"",""note"":""ground truth of the synthetic generator""}",true
c79823e7-a3c8-5272-bc40-718a6131486a,c7df5212-ab60-5561-aa36-9acc415e9b5b,1.0,GENERATED,SYNTHETIC,accept,Industrial Electrician,"{""generator"":""v2"",""note"":""ground truth of the synthetic generator""}",true
d3399473-47f3-571a-81f3-5b7949e84750,c7df5212-ab60-5561-aa36-9acc415e9b5b,1.0,GENERATED,SYNTHETIC,accept,इलेक्ट्रिशियन,"{""generator"":""v2"",""note"":""ground truth of the synthetic generator""}",true
1745cad3-0631-56ba-a020-424c79a9eccb,c7df5212-ab60-5561-aa36-9acc415e9b5b,1.0,GENERATED,SYNTHETIC,accept,Electrician (ITI),"{""generator"":""v2"",""note"":""ground truth of the synthetic generator""}",true
95d2bde8-88c3-57c6-bfd6-b4c1f9fe1f43,c7df5212-ab60-5561-aa36-9acc415e9b5b,1.0,GENERATED,SYNTHETIC,accept,Building Electrician,"{""generator"":""v2"",""note"":""ground truth of the synthetic generator""}",true
db00fe72-5cf2-5f68-990d-df96f99dadce,c7df5212-ab60-5561-aa36-9acc415e9b5b,1.0,GENERATED,SYNTHETIC,accept,Maintenance Electrician,"{""generator"":""v2"",""note"":""ground truth of the synthetic generator""}",true
1152d729-301f-57be-b6f0-c39c23f44b44,c7df5212-ab60-5561-aa36-9acc415e9b5b,1.0,GENERATED,SYNTHETIC,accept,इलेक्ट्रीशियन,"{""generator"":""v2"",""note"":""ground truth of the synthetic generator""}",true
80931674-d557-50b4-af34-fe9bf8e6b2dd,c7df5212-ab60-5561-aa36-9acc415e9b5b,1.0,GENERATED,SYNTHETIC,accept,Building Electrician,"{""generator"":""v2"",""note"":""ground truth of the synthetic generator""}",true
6e29895c-154c-5a4e-98bd-7f42a1f54b82,c7df5212-ab60-5561-aa36-9acc415e9b5b,1.0,GENERATED,SYNTHETIC,accept,Building Electrician,"{""generator"":""v2"",""note"":""ground truth of the synthetic generator""}",true
4e1fe5fb-2618-5e88-8237-7a2b44d597d7,c7df5212-ab60-5561-aa36-9acc415e9b5b,1.0,GENERATED,SYNTHETIC,accept,Industrial Electrician,"{""generator"":""v2"",""note"":""ground truth of the synthetic generator""}",true
637cc0d2-8f84-5e3f-9eaf-fd1155d4cd42,c7df5212-ab60-5561-aa36-9acc415e9b5b,1.0,GENERATED,SYNTHETIC,accept,Electrician,"{""generator"":""v2"",""note"":""ground truth of the synthetic generator""}",true
2be1cf62-a99e-52af-9a35-ba0655a95047,c7df5212-ab60-5561-aa36-9acc415e9b5b,1.0,GENERATED,SYNTHETIC,accept,Industrial Electrician,"{""generator"":""v2"",""note"":""ground truth of the synthetic generator""}",true
0a2044c3-86b7-5978-bc9a-bddddbab8503,c7df5212-ab60-5561-aa36-9acc415e9b5b,1.0,GENERATED,SYNTHETIC,accept,Electrician,"{""generator"":""v2"",""note"":""ground truth of the synthetic generator""}",true
70bf7fe4-1980-5ab1-b4fd-4a801d3da7a7,c7df5212-ab60-5561-aa36-9acc415e9b5b,1.0,GENERATED,SYNTHETIC,accept,Building Electrician,"{""generator"":""v2"",""note"":""ground truth of the synthetic generator""}",true
8e33e1c6-2b3e-5ba9-b1a1-fa4b9ab3899f,c7df5212-ab60-5561-aa36-9acc415e9b5b,1.0,GENERATED,SYNTHETIC,accept,Electrician,"{""generator"":""v2"",""note"":""ground truth of the synthetic generator""}",true
135e5235-3e03-5347-a6ca-5a46621903a1,c7df5212-ab60-5561-aa36-9acc415e9b5b,1.0,GENERATED,SYNTHETIC,accept,Electrician (ITI),"{""generator"":""v2"",""note"":""ground truth of the synthetic generator""}",true
272488fb-917b-5aca-aeda-ea07207fc7d0,c7df5212-ab60-5561-aa36-9acc415e9b5b,1.0,GENERATED,SYNTHETIC,accept,Electrician (ITI),"{""generator"":""v2"",""note"":""ground truth of the synthetic generator""}",true
6a39e75f-1ed2-56ea-ad83-33b9e219bdc1,c7df5212-ab60-5561-aa36-9acc415e9b5b,1.0,GENERATED,SYNTHETIC,accept,Maintenance Electrician,"{""generator"":""v2"",""note"":""ground truth of the synthetic generator""}",true
a3d4dbfe-c16c-5780-9de5-70349365b529,c7df5212-ab60-5561-aa36-9acc415e9b5b,1.0,GENERATED,SYNTHETIC,accept,Maintenance Electrician,"{""generator"":""v2"",""note"":""ground truth of the synthetic generator""}",true
e6115313-f81a-5b56-a7b3-951264a1f2d9,c7df5212-ab60-5561-aa36-9acc415e9b5b,1.0,GENERATED,SYNTHETIC,accept,Electrician,"{""generator"":""v2"",""note"":""ground truth of the synthetic generator""}",true
803d78ab-1f63-59b8-b3c0-4a2441530cf6,c7df5212-ab60-5561-aa36-9acc415e9b5b,1.0,GENERATED,SYNTHETIC,accept,Maintenance Electrician,"{""generator"":""v2"",""note"":""ground truth of the synthetic generator""}",true
33b626da-bf01-5c4e-a8c7-291013316d92,c7df5212-ab60-5561-aa36-9acc415e9b5b,1.0,GENERATED,SYNTHETIC,accept,Maintenance Electrician,"{""generator"":""v2"",""note"":""ground truth of the synthetic generator""}",true
d9c984b8-e4b0-5fe8-b2be-052e3c2d15fb,c7df5212-ab60-5561-aa36-9acc415e9b5b,1.0,GENERATED,SYNTHETIC,accept,Building Electrician,"{""generator"":""v2"",""note"":""ground truth of the synthetic generator""}",true
e85c68db-5a75-56d9-a220-abc6ad2a5e09,c7df5212-ab60-5561-aa36-9acc415e9b5b,1.0,GENERATED,SYNTHETIC,accept,इलेक्ट्रीशियन,"{""generator"":""v2"",""note"":""ground truth of the synthetic generator""}",true
d14ceaa8-ba03-551b-9615-6c44d5419995,c7df5212-ab60-5561-aa36-9acc415e9b5b,1.0,GENERATED,SYNTHETIC,accept,Electrician (ITI),"{""generator"":""v2"",""note"":""ground truth of the synthetic generator""}",true
8a3e39cb-1cd8-5015-98fe-1d4e431d6bfa,c7df5212-ab60-5561-aa36-9acc415e9b5b,1.0,GENERATED,SYNTHETIC,accept,इलेक्ट्रिशियन,"{""generator"":""v2"",""note"":""ground truth of the synthetic generator""}",true
9cdbb07a-1b60-5def-95ab-c9974e1f68f0,c7df5212-ab60-5561-aa36-9acc415e9b5b,1.0,GENERATED,SYNTHETIC,accept,Electrician (ITI),"{""generator"":""v2"",""note"":""ground truth of the synthetic generator""}",true
d287edbd-ddf0-5920-ba02-2d119c0d9e21,c7df5212-ab60-5561-aa36-9acc415e9b5b,1.0,GENERATED,SYNTHETIC,accept,इलेक्ट्रीशियन,"{""generator"":""v2"",""note"":""ground truth of the synthetic generator""}",true
8a80bd04-fe39-5937-83a4-0cc973956566,c7df5212-ab60-5561-aa36-9acc415e9b5b,1.0,GENERATED,SYNTHETIC,accept,Industrial Electrician,"{""generator"":""v2"",""note"":""ground truth of the synthetic generator""}",true
5b5ab6b0-04c9-55d0-8e2e-91bfc23d3645,c7df5212-ab60-5561-aa36-9acc415e9b5b,1.0,GENERATED,SYNTHETIC,accept,इलेक्ट्रीशियन,"{""generator"":""v2"",""note"":""ground truth of the synthetic generator""}",true
252ca977-576d-536d-8834-b3026810dbe1,c7df5212-ab60-5561-aa36-9acc415e9b5b,1.0,GENERATED,SYNTHETIC,accept,Building Electrician,"{""generator"":""v2"",""note"":""ground truth of the synthetic generator""}",true
cdf76fb4-385c-5302-a5c5-8cc714ff100b,c7df5212-ab60-5561-aa36-9acc415e9b5b,1.0,GENERATED,SYNTHETIC,accept,Industrial Electrician,"{""generator"":""v2"",""note"":""ground truth of the synthetic generator""}",true
fa792de1-eeab-512a-87b5-e27efce07777,c7df5212-ab60-5561-aa36-9acc415e9b5b,1.0,GENERATED,SYNTHETIC,accept,इलेक्ट्रिशियन,"{""generator"":""v2"",""note"":""ground truth of the synthetic generator""}",true
c0ab7286-1120-520a-920c-08f179e93494,c7df5212-ab60-5561-aa36-9acc415e9b5b,1.0,GENERATED,SYNTHETIC,accept,Building Electrician,"{""generator"":""v2"",""note"":""ground truth of the synthetic generator""}",true
17b7e5ac-57bd-5705-be8c-ae2d403f9f39,c7df5212-ab60-5561-aa36-9acc415e9b5b,1.0,GENERATED,SYNTHETIC,accept,इलेक्ट्रीशियन,"{""generator"":""v2"",""note"":""ground truth of the synthetic generator""}",true
f0cfd6d9-a89c-5f45-81f6-65b0bc9c7f98,c7df5212-ab60-5561-aa36-9acc415e9b5b,1.0,GENERATED,SYNTHETIC,accept,Electrician,"{""generator"":""v2"",""note"":""ground truth of the synthetic generator""}",true
6cfa3655-b23a-5fd5-bedf-26f8c4797960,c7df5212-ab60-5561-aa36-9acc415e9b5b,1.0,GENERATED,SYNTHETIC,accept,Maintenance Electrician,"{""generator"":""v2"",""note"":""ground truth of the synthetic generator""}",true
6d6f3e56-5908-51a9-9192-77b7508066a1,c7df5212-ab60-5561-aa36-9acc415e9b5b,1.0,GENERATED,SYNTHETIC,accept,Electrician,"{""generator"":""v2"",""note"":""ground truth of the synthetic generator""}",true
c5faa94d-620d-56c0-8ee0-227093a947c0,c7df5212-ab60-5561-aa36-9acc415e9b5b,1.0,GENERATED,SYNTHETIC,accept,Industrial Electrician,"{""generator"":""v2"",""note"":""ground truth of the synthetic generator""}",true
64d33a49-912f-5a0f-8b7a-3fc5b8d1218a,c7df5212-ab60-5561-aa36-9acc415e9b5b,1.0,GENERATED,SYNTHETIC,accept,Electrician (ITI),"{""generator"":""v2"",""note"":""ground truth of the synthetic generator""}",true
1d916704-1a4d-59e5-89e6-f92eaffa077a,c7df5212-ab60-5561-aa36-9acc415e9b5b,1.0,GENERATED,SYNTHETIC,accept,Electrician (ITI),"{""generator"":""v2"",""note"":""ground truth of the synthetic generator""}",true
465c256f-0b45-55ca-8b0c-e1737c13a141,c7df5212-ab60-5561-aa36-9acc415e9b5b,1.0,GENERATED,SYNTHETIC,accept,इलेक्ट्रिशियन,"{""generator"":""v2"",""note"":""ground truth of the synthetic generator""}",true
562b9901-6107-59d3-a3dd-19f58c83fc96,c7df5212-ab60-5561-aa36-9acc415e9b5b,1.0,GENERATED,SYNTHETIC,accept,Building Electrician,"{""generator"":""v2"",""note"":""ground truth of the synthetic generator""}",true
81833289-bd6e-565e-9c62-89d7547604c1,c7df5212-ab60-5561-aa36-9acc415e9b5b,1.0,GENERATED,SYNTHETIC,accept,Maintenance Electrician,"{""generator"":""v2"",""note"":""ground truth of the synthetic generator""}",true
d3520047-c4c6-5330-bd89-a04e155a02ea,c7df5212-ab60-5561-aa36-9acc415e9b5b,1.0,GENERATED,SYNTHETIC,accept,Electrician,"{""generator"":""v2"",""note"":""ground truth of the synthetic generator""}",true
4baa1057-1ff8-5e90-a058-d586c99b12a8,c7df5212-ab60-5561-aa36-9acc415e9b5b,1.0,GENERATED,SYNTHETIC,accept,Maintenance Electrician,"{""generator"":""v2"",""note"":""ground truth of the synthetic generator""}",true
d85d4fba-88ca-5351-be5a-e981efc53bd9,c7df5212-ab60-5561-aa36-9acc415e9b5b,1.0,GENERATED,SYNTHETIC,accept,इलेक्ट्रीशियन,"{""generator"":""v2"",""note"":""ground truth of the synthetic generator""}",true
eb22af23-9c85-59b3-8e33-f8078e4551f5,c7df5212-ab60-5561-aa36-9acc415e9b5b,1.0,GENERATED,SYNTHETIC,accept,Building Electrician,"{""generator"":""v2"",""note"":""ground truth of the synthetic generator""}",true
7ccc9141-caf0-51b7-9931-dd777c4d4620,c7df5212-ab60-5561-aa36-9acc415e9b5b,1.0,GENERATED,SYNTHETIC,accept,इलेक्ट्रिशियन,"{""generator"":""v2"",""note"":""ground truth of the synthetic generator""}",true
95fcf8d5-eb0b-5bca-8122-7beb77b79431,c7df5212-ab60-5561-aa36-9acc415e9b5b,1.0,GENERATED,SYNTHETIC,accept,इलेक्ट्रिशियन,"{""generator"":""v2"",""note"":""ground truth of the synthetic generator""}",true
3f34000c-feb6-5a52-9f8e-4f92efb0e5ba,c7df5212-ab60-5561-aa36-9acc415e9b5b,1.0,GENERATED,SYNTHETIC,accept,Maintenance Electrician,"{""generator"":""v2"",""note"":""ground truth of the synthetic generator""}",true
7bdeef89-69ba-5cda-a8a4-532938b69e41,c7df5212-ab60-5561-aa36-9acc415e9b5b,1.0,GENERATED,SYNTHETIC,accept,Electrician (ITI),"{""generator"":""v2"",""note"":""ground truth of the synthetic generator""}",true
a3b99fff-1847-54d9-9b54-21a4d5b8384d,c7df5212-ab60-5561-aa36-9acc415e9b5b,1.0,GENERATED,SYNTHETIC,accept,इलेक्ट्रिशियन,"{""generator"":""v2"",""note"":""ground truth of the synthetic generator""}",true
8544dd9c-ab5c-559a-aaba-8e6202fc1174,c7df5212-ab60-5561-aa36-9acc415e9b5b,1.0,GENERATED,SYNTHETIC,accept,Industrial Electrician,"{""generator"":""v2"",""note"":""ground truth of the synthetic generator""}",true
55816b21-b638-54e6-a5ae-4c69e9fcc535,c7df5212-ab60-5561-aa36-9acc415e9b5b,1.0,GENERATED,SYNTHETIC,accept,Electrician (ITI),"{""generator"":""v2"",""note"":""ground truth of the synthetic generator""}",true
97e4869d-ba93-5b3b-bc8c-3810efc79efe,c7df5212-ab60-5561-aa36-9acc415e9b5b,1.0,GENERATED,SYNTHETIC,accept,इलेक्ट्रीशियन,"{""generator"":""v2"",""note"":""ground truth of the synthetic generator""}",true
bf790f8a-30de-588c-9592-d5b4acd2bb5c,c7df5212-ab60-5561-aa36-9acc415e9b5b,1.0,GENERATED,SYNTHETIC,accept,Building Electrician,"{""generator"":""v2"",""note"":""ground truth of the synthetic generator""}",true
449191ca-abfa-59f4-9bdc-faefda299cb3,c7df5212-ab60-5561-aa36-9acc415e9b5b,1.0,GENERATED,SYNTHETIC,accept,Electrician (ITI),"{""generator"":""v2"",""note"":""ground truth of the synthetic generator""}",true
08945655-9caa-5ec2-8c85-ad3eaa4d3763,c7df5212-ab60-5561-aa36-9acc415e9b5b,1.0,GENERATED,SYNTHETIC,accept,इलेक्ट्रीशियन,"{""generator"":""v2"",""note"":""ground truth of the synthetic generator""}",true
f583ee09-9d61-5ca2-a348-43f451e4140d,c7df5212-ab60-5561-aa36-9acc415e9b5b,1.0,GENERATED,SYNTHETIC,accept,Industrial Electrician,"{""generator"":""v2"",""note"":""ground truth of the synthetic generator""}",true
bb314c66-c738-5015-9789-7c1181c41261,c7df5212-ab60-5561-aa36-9acc415e9b5b,1.0,GENERATED,SYNTHETIC,accept,Electrician (ITI),"{""generator"":""v2"",""note"":""ground truth of the synthetic generator""}",true
354dfc0d-4657-515b-b2fc-87825464e8b7,c7df5212-ab60-5561-aa36-9acc415e9b5b,1.0,GENERATED,SYNTHETIC,accept,Industrial Electrician,"{""generator"":""v2"",""note"":""ground truth of the synthetic generator""}",true
c14b41bf-d251-5821-b93a-c752ae400bff,c7df5212-ab60-5561-aa36-9acc415e9b5b,1.0,GENERATED,SYNTHETIC,accept,Electrician,"{""generator"":""v2"",""note"":""ground truth of the synthetic generator""}",true
7c0533d6-43bc-5071-a43c-74ac693dc9a0,c7df5212-ab60-5561-aa36-9acc415e9b5b,1.0,GENERATED,SYNTHETIC,accept,इलेक्ट्रिशियन,"{""generator"":""v2"",""note"":""ground truth of the synthetic generator""}",true
af4c1f51-924d-53e5-a3f3-ac555f095f62,c7df5212-ab60-5561-aa36-9acc415e9b5b,1.0,GENERATED,SYNTHETIC,accept,इलेक्ट्रिशियन,"{""generator"":""v2"",""note"":""ground truth of the synthetic generator""}",true
b7e02a88-4116-514a-8007-f10c7e6ff0c0,c7df5212-ab60-5561-aa36-9acc415e9b5b,1.0,GENERATED,SYNTHETIC,accept,Industrial Electrician,"{""generator"":""v2"",""note"":""ground truth of the synthetic generator""}",true
a2ec688f-93b1-5a30-8469-6e493923a857,c7df5212-ab60-5561-aa36-9acc415e9b5b,1.0,GENERATED,SYNTHETIC,accept,इलेक्ट्रीशियन,"{""generator"":""v2"",""note"":""ground truth of the synthetic generator""}",true
b25ae120-021a-58d2-a8aa-6868a79099b2,c7df5212-ab60-5561-aa36-9acc415e9b5b,1.0,GENERATED,SYNTHETIC,accept,इलेक्ट्रिशियन,"{""generator"":""v2"",""note"":""ground truth of the synthetic generator""}",true
738e5361-bd5d-5aed-be42-de34766cd69a,c7df5212-ab60-5561-aa36-9acc415e9b5b,1.0,GENERATED,SYNTHETIC,accept,Building Electrician,"{""generator"":""v2"",""note"":""ground truth of the synthetic generator""}",true
532544c4-995a-5e0f-8b38-eaa08712182a,c7df5212-ab60-5561-aa36-9acc415e9b5b,1.0,GENERATED,SYNTHETIC,accept,Electrician,"{""generator"":""v2"",""note"":""ground truth of the synthetic generator""}",true
9cb3b116-43bb-524b-9ab0-2c53694e68a2,c7df5212-ab60-5561-aa36-9acc415e9b5b,1.0,GENERATED,SYNTHETIC,accept,Industrial Electrician,"{""generator"":""v2"",""note"":""ground truth of the synthetic generator""}",true
ec9ac66f-9ceb-5681-9135-da21919913d1,c7df5212-ab60-5561-aa36-9acc415e9b5b,1.0,GENERATED,SYNTHETIC,accept,Electrician,"{""generator"":""v2"",""note"":""ground truth of the synthetic generator""}",true
09321787-a353-58e8-bf36-f52f4927221c,c7df5212-ab60-5561-aa36-9acc415e9b5b,1.0,GENERATED,SYNTHETIC,accept,Electrician (ITI),"{""generator"":""v2"",""note"":""ground truth of the synthetic generator""}",true
f4d9d50c-1407-5db0-bb59-fde4f1bcd3b1,c7df5212-ab60-5561-aa36-9acc415e9b5b,1.0,GENERATED,SYNTHETIC,accept,इलेक्ट्रिशियन,"{""generator"":""v2"",""note"":""ground truth of the synthetic generator""}",true
dce386a1-36f4-509d-9b08-c6daab083262,c7df5212-ab60-5561-aa36-9acc415e9b5b,1.0,GENERATED,SYNTHETIC,accept,इलेक्ट्रीशियन,"{""generator"":""v2"",""note"":""ground truth of the synthetic generator""}",true
fe33e684-62d5-5b25-8386-26813ac0daaa,c7df5212-ab60-5561-aa36-9acc415e9b5b,1.0,GENERATED,SYNTHETIC,accept,Electrician (ITI),"{""generator"":""v2"",""note"":""ground truth of the synthetic generator""}",true
ad1ed662-3e61-5634-b47b-e47df6923509,c7df5212-ab60-5561-aa36-9acc415e9b5b,1.0,GENERATED,SYNTHETIC,accept,Maintenance Electrician,"{""generator"":""v2"",""note"":""ground truth of the synthetic generator""}",true
4699053a-6ccf-5f12-b3c9-2ae28f61ad60,c7df5212-ab60-5561-aa36-9acc415e9b5b,1.0,GENERATED,SYNTHETIC,accept,इलेक्ट्रिशियन,"{""generator"":""v2"",""note"":""ground truth of the synthetic generator""}",true
d87670e0-5090-57b5-aae8-7f622c2ac520,c7df5212-ab60-5561-aa36-9acc415e9b5b,1.0,GENERATED,SYNTHETIC,accept,इलेक्ट्रीशियन,"{""generator"":""v2"",""note"":""ground truth of the synthetic generator""}",true
6d8eb4d7-4ed3-52b2-83dd-c6b997126db2,c7df5212-ab60-5561-aa36-9acc415e9b5b,1.0,GENERATED,SYNTHETIC,accept,Maintenance Electrician,"{""generator"":""v2"",""note"":""ground truth of the synthetic generator""}",true
8f1054f5-3fb9-54ee-b406-fdcf0640366d,c7df5212-ab60-5561-aa36-9acc415e9b5b,1.0,GENERATED,SYNTHETIC,accept,Electrician,"{""generator"":""v2"",""note"":""ground truth of the synthetic generator""}",true
8a059693-68b0-580b-8bb8-ae1642f3823e,c7df5212-ab60-5561-aa36-9acc415e9b5b,1.0,GENERATED,SYNTHETIC,accept,Electrician (ITI),"{""generator"":""v2"",""note"":""ground truth of the synthetic generator""}",true
a41e684c-310a-55cc-b644-c8b24aff6754,c7df5212-ab60-5561-aa36-9acc415e9b5b,1.0,GENERATED,SYNTHETIC,accept,Industrial Electrician,"{""generator"":""v2"",""note"":""ground truth of the synthetic generator""}",true
12325275-c91e-593c-9c81-1ef84256a938,c7df5212-ab60-5561-aa36-9acc415e9b5b,1.0,GENERATED,SYNTHETIC,accept,इलेक्ट्रीशियन,"{""generator"":""v2"",""note"":""ground truth of the synthetic generator""}",true
816b12a5-d678-5c2c-a595-93032bf086c8,c7df5212-ab60-5561-aa36-9acc415e9b5b,1.0,GENERATED,SYNTHETIC,accept,Maintenance Electrician,"{""generator"":""v2"",""note"":""ground truth of the synthetic generator""}",true
d89648db-dfe9-5337-a805-c86ab4dcaa7f,c7df5212-ab60-5561-aa36-9acc415e9b5b,1.0,GENERATED,SYNTHETIC,accept,Electrician,"{""generator"":""v2"",""note"":""ground truth of the synthetic generator""}",true
963dc08a-fd76-5d8e-97a9-fc5eae0ab3ac,c7df5212-ab60-5561-aa36-9acc415e9b5b,1.0,GENERATED,SYNTHETIC,accept,इलेक्ट्रिशियन,"{""generator"":""v2"",""note"":""ground truth of the synthetic generator""}",true
a0d8967d-e971-5a68-ac6f-e46984817b18,c7df5212-ab60-5561-aa36-9acc415e9b5b,1.0,GENERATED,SYNTHETIC,accept,इलेक्ट्रिशियन,"{""generator"":""v2"",""note"":""ground truth of the synthetic generator""}",true
d823c6bd-0a72-5ca1-ab49-97b53735609d,c7df5212-ab60-5561-aa36-9acc415e9b5b,1.0,GENERATED,SYNTHETIC,accept,Industrial Electrician,"{""generator"":""v2"",""note"":""ground truth of the synthetic generator""}",true
868e3583-92bc-5d88-8317-6f1cb5b98cf5,c7df5212-ab60-5561-aa36-9acc415e9b5b,1.0,GENERATED,SYNTHETIC,accept,Industrial Electrician,"{""generator"":""v2"",""note"":""ground truth of the synthetic generator""}",true
c8664e23-42f5-5437-a6ac-52dd9f257b56,c7df5212-ab60-5561-aa36-9acc415e9b5b,1.0,GENERATED,SYNTHETIC,accept,Electrician,"{""generator"":""v2"",""note"":""ground truth of the synthetic generator""}",true
d3780002-d5c4-5f14-9091-a476289dd45d,c7df5212-ab60-5561-aa36-9acc415e9b5b,1.0,GENERATED,SYNTHETIC,accept,Industrial Electrician,"{""generator"":""v2"",""note"":""ground truth of the synthetic generator""}",true
fdd16ada-8917-5138-960b-7d595a306291,c7df5212-ab60-5561-aa36-9acc415e9b5b,1.0,GENERATED,SYNTHETIC,accept,इलेक्ट्रीशियन,"{""generator"":""v2"",""note"":""ground truth of the synthetic generator""}",true
9e12231f-64db-5401-a260-5d59335573db,c7df5212-ab60-5561-aa36-9acc415e9b5b,1.0,GENERATED,SYNTHETIC,accept,Industrial Electrician,"{""generator"":""v2"",""note"":""ground truth of the synthetic generator""}",true
cfab282a-ebb5-5d0c-9812-4a10398d4fae,c7df5212-ab60-5561-aa36-9acc415e9b5b,1.0,GENERATED,SYNTHETIC,accept,Electrician (ITI),"{""generator"":""v2"",""note"":""ground truth of the synthetic generator""}",true
dcfec7d0-5361-5694-8005-1ef169d41ec6,c7df5212-ab60-5561-aa36-9acc415e9b5b,1.0,GENERATED,SYNTHETIC,accept,Building Electrician,"{""generator"":""v2"",""note"":""ground truth of the synthetic generator""}",true
a0c4b157-0254-5722-ba0e-32e33e0bdfcc,c7df5212-ab60-5561-aa36-9acc415e9b5b,1.0,GENERATED,SYNTHETIC,accept,Electrician (ITI),"{""generator"":""v2"",""note"":""ground truth of the synthetic generator""}",true
8b424eb5-d1c5-5870-8522-b2427d74159d,c7df5212-ab60-5561-aa36-9acc415e9b5b,1.0,GENERATED,SYNTHETIC,accept,Electrician,"{""generator"":""v2"",""note"":""ground truth of the synthetic generator""}",true
b3507dba-0522-52ba-8a84-0ed06755eeac,c7df5212-ab60-5561-aa36-9acc415e9b5b,1.0,GENERATED,SYNTHETIC,accept,Electrician,"{""generator"":""v2"",""note"":""ground truth of the synthetic generator""}",true
5293058b-b4eb-575c-a4fe-f7e9fbcc0a41,c7df5212-ab60-5561-aa36-9acc415e9b5b,1.0,GENERATED,SYNTHETIC,accept,इलेक्ट्रीशियन,"{""generator"":""v2"",""note"":""ground truth of the synthetic generator""}",true
2b87650e-2535-54b8-b91d-5012ce1d30d8,c7df5212-ab60-5561-aa36-9acc415e9b5b,1.0,GENERATED,SYNTHETIC,accept,Electrician,"{""generator"":""v2"",""note"":""ground truth of the synthetic generator""}",true
a95e0ec2-a79b-53f6-baf6-9b733785acb4,c7df5212-ab60-5561-aa36-9acc415e9b5b,1.0,GENERATED,SYNTHETIC,accept,Maintenance Electrician,"{""generator"":""v2"",""note"":""ground truth of the synthetic generator""}",true
55801c7b-e1a4-5830-8e2e-fa21624f9c62,c7df5212-ab60-5561-aa36-9acc415e9b5b,1.0,GENERATED,SYNTHETIC,accept,Electrician,"{""generator"":""v2"",""note"":""ground truth of the synthetic generator""}",true
59a288cb-7ce5-59a1-9478-8f917fb0a7be,c7df5212-ab60-5561-aa36-9acc415e9b5b,1.0,GENERATED,SYNTHETIC,accept,Electrician (ITI),"{""generator"":""v2"",""note"":""ground truth of the synthetic generator""}",true
e6a89ccc-a9f3-5264-b473-c48fe54cb6a6,c7df5212-ab60-5561-aa36-9acc415e9b5b,1.0,GENERATED,SYNTHETIC,accept,Electrician,"{""generator"":""v2"",""note"":""ground truth of the synthetic generator""}",true
1b19bda4-0575-5788-ad15-1a35399aded2,c7df5212-ab60-5561-aa36-9acc415e9b5b,1.0,GENERATED,SYNTHETIC,accept,Electrician (ITI),"{""generator"":""v2"",""note"":""ground truth of the synthetic generator""}",true
6e8aed61-1f60-52e5-a8cf-e1d22d0ae161,c7df5212-ab60-5561-aa36-9acc415e9b5b,1.0,GENERATED,SYNTHETIC,accept,Maintenance Electrician,"{""generator"":""v2"",""note"":""ground truth of the synthetic generator""}",true
8605605f-e95f-5ec5-a41f-a5fca3749a01,c7df5212-ab60-5561-aa36-9acc415e9b5b,1.0,GENERATED,SYNTHETIC,accept,Electrician,"{""generator"":""v2"",""note"":""ground truth of the synthetic generator""}",true
ebeaafe9-aea3-59d1-abbb-a1aedc315566,c7df5212-ab60-5561-aa36-9acc415e9b5b,1.0,GENERATED,SYNTHETIC,accept,Industrial Electrician,"{""generator"":""v2"",""note"":""ground truth of the synthetic generator""}",true
8a12743d-ae0d-5da3-b4ed-aba138d0a040,c7df5212-ab60-5561-aa36-9acc415e9b5b,1.0,GENERATED,SYNTHETIC,accept,Electrician (ITI),"{""generator"":""v2"",""note"":""ground truth of the synthetic generator""}",true
d50fc5ee-0b14-57a8-baf9-d9ca6168b6c5,c7df5212-ab60-5561-aa36-9acc415e9b5b,1.0,GENERATED,SYNTHETIC,accept,Building Electrician,"{""generator"":""v2"",""note"":""ground truth of the synthetic generator""}",true
205574b0-31b0-5aad-9b86-1e549cfa8777,c7df5212-ab60-5561-aa36-9acc415e9b5b,1.0,GENERATED,SYNTHETIC,accept,Maintenance Electrician,"{""generator"":""v2"",""note"":""ground truth of the synthetic generator""}",true
3a149de5-c8b4-5426-b7e0-326d95a19321,c7df5212-ab60-5561-aa36-9acc415e9b5b,1.0,GENERATED,SYNTHETIC,accept,Industrial Electrician,"{""generator"":""v2"",""note"":""ground truth of the synthetic generator""}",true
bc6fc46b-9e17-50c8-aadb-aad1fd93020e,c7df5212-ab60-5561-aa36-9acc415e9b5b,1.0,GENERATED,SYNTHETIC,accept,Maintenance Electrician,"{""generator"":""v2"",""note"":""ground truth of the synthetic generator""}",true
2cbff5e1-285e-5926-95b3-68681c0482c7,c7df5212-ab60-5561-aa36-9acc415e9b5b,1.0,GENERATED,SYNTHETIC,accept,Maintenance Electrician,"{""generator"":""v2"",""note"":""ground truth of the synthetic generator""}",true
5ea0ef73-41d8-5d76-8483-3ad20ffdd4cb,c7df5212-ab60-5561-aa36-9acc415e9b5b,1.0,GENERATED,SYNTHETIC,accept,Maintenance Electrician,"{""generator"":""v2"",""note"":""ground truth of the synthetic generator""}",true
c0b242aa-100b-558c-9ed9-45f5422cf71e,c7df5212-ab60-5561-aa36-9acc415e9b5b,1.0,GENERATED,SYNTHETIC,accept,इलेक्ट्रिशियन,"{""generator"":""v2"",""note"":""ground truth of the synthetic generator""}",true
58c1383a-94cd-554f-b1a7-679e720c44c3,c7df5212-ab60-5561-aa36-9acc415e9b5b,1.0,GENERATED,SYNTHETIC,accept,इलेक्ट्रीशियन,"{""generator"":""v2"",""note"":""ground truth of the synthetic generator""}",true
29acd28b-1195-5836-9b53-bee60db2f9d8,c7df5212-ab60-5561-aa36-9acc415e9b5b,1.0,GENERATED,SYNTHETIC,accept,इलेक्ट्रिशियन,"{""generator"":""v2"",""note"":""ground truth of the synthetic generator""}",true
67d38eaa-2d50-539f-8246-e858685a253e,c7df5212-ab60-5561-aa36-9acc415e9b5b,1.0,GENERATED,SYNTHETIC,accept,Electrician (ITI),"{""generator"":""v2"",""note"":""ground truth of the synthetic generator""}",true
352b6cca-7a54-5e35-96e7-453689b8372e,c7df5212-ab60-5561-aa36-9acc415e9b5b,1.0,GENERATED,SYNTHETIC,accept,Maintenance Electrician,"{""generator"":""v2"",""note"":""ground truth of the synthetic generator""}",true
9e756d14-22a8-5cb5-9f79-ff904d59493b,c7df5212-ab60-5561-aa36-9acc415e9b5b,1.0,GENERATED,SYNTHETIC,accept,Industrial Electrician,"{""generator"":""v2"",""note"":""ground truth of the synthetic generator""}",true
0f894cea-fb70-5be8-9ef7-878a763bf184,c7df5212-ab60-5561-aa36-9acc415e9b5b,1.0,GENERATED,SYNTHETIC,accept,Electrician,"{""generator"":""v2"",""note"":""ground truth of the synthetic generator""}",true
ce270eeb-0c6f-5475-be6f-961ad9e91fc7,c7df5212-ab60-5561-aa36-9acc415e9b5b,1.0,GENERATED,SYNTHETIC,accept,Building Electrician,"{""generator"":""v2"",""note"":""ground truth of the synthetic generator""}",true
c050d12a-35cc-5e9d-82ee-2205db7f06f2,c7df5212-ab60-5561-aa36-9acc415e9b5b,1.0,GENERATED,SYNTHETIC,accept,Electrician (ITI),"{""generator"":""v2"",""note"":""ground truth of the synthetic generator""}",true
0f9bd083-e3db-57e6-8f17-26da89a60e43,c7df5212-ab60-5561-aa36-9acc415e9b5b,1.0,GENERATED,SYNTHETIC,accept,Electrician (ITI),"{""generator"":""v2"",""note"":""ground truth of the synthetic generator""}",true
f4ec3966-a462-53ac-9e99-6e6413101ec0,c7df5212-ab60-5561-aa36-9acc415e9b5b,1.0,GENERATED,SYNTHETIC,accept,Industrial Electrician,"{""generator"":""v2"",""note"":""ground truth of the synthetic generator""}",true
62e8e52b-d9b3-567b-bcbc-459fd1287b95,c7df5212-ab60-5561-aa36-9acc415e9b5b,1.0,GENERATED,SYNTHETIC,accept,Electrician (ITI),"{""generator"":""v2"",""note"":""ground truth of the synthetic generator""}",true
ba5ea9ee-116d-5be2-a552-aa7f9ac74b6d,c7df5212-ab60-5561-aa36-9acc415e9b5b,1.0,GENERATED,SYNTHETIC,accept,इलेक्ट्रीशियन,"{""generator"":""v2"",""note"":""ground truth of the synthetic generator""}",true
fb542b54-6fda-50ed-bd15-512a78f647f0,c7df5212-ab60-5561-aa36-9acc415e9b5b,1.0,GENERATED,SYNTHETIC,accept,Maintenance Electrician,"{""generator"":""v2"",""note"":""ground truth of the synthetic generator""}",true
674aadac-5040-5076-97ba-27fe4333b3a9,c7df5212-ab60-5561-aa36-9acc415e9b5b,1.0,GENERATED,SYNTHETIC,accept,Electrician (ITI),"{""generator"":""v2"",""note"":""ground truth of the synthetic generator""}",true
fc67a00d-34ee-5422-bb28-bb9eb3ee61e6,c7df5212-ab60-5561-aa36-9acc415e9b5b,1.0,GENERATED,SYNTHETIC,accept,Electrician (ITI),"{""generator"":""v2"",""note"":""ground truth of the synthetic generator""}",true
ce6b5a03-018c-58c7-9dc0-06302fa40189,c7df5212-ab60-5561-aa36-9acc415e9b5b,1.0,GENERATED,SYNTHETIC,accept,Building Electrician,"{""generator"":""v2"",""note"":""ground truth of the synthetic generator""}",true
576944e4-8bc1-52bc-b6bf-59ffa6e0f120,c7df5212-ab60-5561-aa36-9acc415e9b5b,1.0,GENERATED,SYNTHETIC,accept,इलेक्ट्रिशियन,"{""generator"":""v2"",""note"":""ground truth of the synthetic generator""}",true
3b133065-d4ba-5386-a3e2-28852cd4a3b2,c7df5212-ab60-5561-aa36-9acc415e9b5b,1.0,GENERATED,SYNTHETIC,accept,Maintenance Electrician,"{""generator"":""v2"",""note"":""ground truth of the synthetic generator""}",true
b2e9502c-854d-506c-b2b1-460f4e48d708,c7df5212-ab60-5561-aa36-9acc415e9b5b,1.0,GENERATED,SYNTHETIC,accept,Building Electrician,"{""generator"":""v2"",""note"":""ground truth of the synthetic generator""}",true
cbbc035a-592f-548b-ba92-bac8c4cdbd4b,c7df5212-ab60-5561-aa36-9acc415e9b5b,1.0,GENERATED,SYNTHETIC,accept,Building Electrician,"{""generator"":""v2"",""note"":""ground truth of the synthetic generator""}",true
45b55281-f623-5175-a4ad-7f1eee59f733,c7df5212-ab60-5561-aa36-9acc415e9b5b,1.0,GENERATED,SYNTHETIC,accept,Industrial Electrician,"{""generator"":""v2"",""note"":""ground truth of the synthetic generator""}",true
ce05d680-72aa-5be2-b6cb-6837cf37ba55,c7df5212-ab60-5561-aa36-9acc415e9b5b,1.0,GENERATED,SYNTHETIC,accept,इलेक्ट्रीशियन,"{""generator"":""v2"",""note"":""ground truth of the synthetic generator""}",true
60f974d7-6c2a-5653-b0ee-5bb0e5413019,c7df5212-ab60-5561-aa36-9acc415e9b5b,1.0,GENERATED,SYNTHETIC,accept,Industrial Electrician,"{""generator"":""v2"",""note"":""ground truth of the synthetic generator""}",true
3a06fc19-595a-5a14-be48-2bc3f21433e0,c7df5212-ab60-5561-aa36-9acc415e9b5b,1.0,GENERATED,SYNTHETIC,accept,इलेक्ट्रिशियन,"{""generator"":""v2"",""note"":""ground truth of the synthetic generator""}",true
56474dec-6fb3-559e-841c-da4b9051f847,c7df5212-ab60-5561-aa36-9acc415e9b5b,1.0,GENERATED,SYNTHETIC,accept,इलेक्ट्रिशियन,"{""generator"":""v2"",""note"":""ground truth of the synthetic generator""}",true
fc19e394-22c9-52b4-93eb-401e517cec21,c7df5212-ab60-5561-aa36-9acc415e9b5b,1.0,GENERATED,SYNTHETIC,accept,Maintenance Electrician,"{""generator"":""v2"",""note"":""ground truth of the synthetic generator""}",true
c1d2634c-9005-5434-90ae-ca3b1db7d3a4,c7df5212-ab60-5561-aa36-9acc415e9b5b,1.0,GENERATED,SYNTHETIC,accept,इलेक्ट्रिशियन,"{""generator"":""v2"",""note"":""ground truth of the synthetic generator""}",true
45f3ccf6-ccef-5400-9e5c-0ca17e9eaffc,c7df5212-ab60-5561-aa36-9acc415e9b5b,1.0,GENERATED,SYNTHETIC,accept,Electrician (ITI),"{""generator"":""v2"",""note"":""ground truth of the synthetic generator""}",true
0d60f7c9-fe99-50f7-8954-f45d612a74c3,c7df5212-ab60-5561-aa36-9acc415e9b5b,1.0,GENERATED,SYNTHETIC,accept,Industrial Electrician,"{""generator"":""v2"",""note"":""ground truth of the synthetic generator""}",true
c266ef2f-9c29-5c50-a590-b3234898559a,c7df5212-ab60-5561-aa36-9acc415e9b5b,1.0,GENERATED,SYNTHETIC,accept,Industrial Electrician,"{""generator"":""v2"",""note"":""ground truth of the synthetic generator""}",true
7443f1f4-408f-57eb-8410-e8846fce0c5a,c7df5212-ab60-5561-aa36-9acc415e9b5b,1.0,GENERATED,SYNTHETIC,accept,Building Electrician,"{""generator"":""v2"",""note"":""ground truth of the synthetic generator""}",true
223263d5-eced-5016-a133-d7107c5130a7,c7df5212-ab60-5561-aa36-9acc415e9b5b,1.0,GENERATED,SYNTHETIC,accept,Building Electrician,"{""generator"":""v2"",""note"":""ground truth of the synthetic generator""}",true
b24676de-c794-555f-9fe5-422dfaba71b3,c7df5212-ab60-5561-aa36-9acc415e9b5b,1.0,GENERATED,SYNTHETIC,accept,इलेक्ट्रिशियन,"{""generator"":""v2"",""note"":""ground truth of the synthetic generator""}",true
65388a44-6bd3-551e-94d7-36b173a7b656,c7df5212-ab60-5561-aa36-9acc415e9b5b,1.0,GENERATED,SYNTHETIC,accept,इलेक्ट्रिशियन,"{""generator"":""v2"",""note"":""ground truth of the synthetic generator""}",true
49bba05d-65d9-5c2a-8a96-bbd4f0257a9b,c7df5212-ab60-5561-aa36-9acc415e9b5b,1.0,GENERATED,SYNTHETIC,accept,Industrial Electrician,"{""generator"":""v2"",""note"":""ground truth of the synthetic generator""}",true
0c8639ab-a177-5add-a57b-0946342e707b,c7df5212-ab60-5561-aa36-9acc415e9b5b,1.0,GENERATED,SYNTHETIC,accept,Maintenance Electrician,"{""generator"":""v2"",""note"":""ground truth of the synthetic generator""}",true
c1ac2d23-a8c1-5342-acef-006907f0f140,c7df5212-ab60-5561-aa36-9acc415e9b5b,1.0,GENERATED,SYNTHETIC,accept,Maintenance Electrician,"{""generator"":""v2"",""note"":""ground truth of the synthetic generator""}",true
91e9546d-3267-5ea3-aa80-24cab94e2d2a,c7df5212-ab60-5561-aa36-9acc415e9b5b,1.0,GENERATED,SYNTHETIC,accept,इलेक्ट्रिशियन,"{""generator"":""v2"",""note"":""ground truth of the synthetic generator""}",true
7be17dae-626c-52a7-890e-ed5ad046988b,c7df5212-ab60-5561-aa36-9acc415e9b5b,1.0,GENERATED,SYNTHETIC,accept,Maintenance Electrician,"{""generator"":""v2"",""note"":""ground truth of the synthetic generator""}",true
d7b783ef-f9ed-50bd-a568-b1beef32d79d,c7df5212-ab60-5561-aa36-9acc415e9b5b,1.0,GENERATED,SYNTHETIC,accept,इलेक्ट्रिशियन,"{""generator"":""v2"",""note"":""ground truth of the synthetic generator""}",true
aa8d7292-ca40-5773-8964-dc39cb8ea8da,c7df5212-ab60-5561-aa36-9acc415e9b5b,1.0,GENERATED,SYNTHETIC,accept,Maintenance Electrician,"{""generator"":""v2"",""note"":""ground truth of the synthetic generator""}",true
77e45226-ab10-5082-871c-120c1d17cc58,c7df5212-ab60-5561-aa36-9acc415e9b5b,1.0,GENERATED,SYNTHETIC,accept,Building Electrician,"{""generator"":""v2"",""note"":""ground truth of the synthetic generator""}",true
7d3845ce-dfd7-5e1e-9550-c88c93e0e551,c7df5212-ab60-5561-aa36-9acc415e9b5b,1.0,GENERATED,SYNTHETIC,accept,इलेक्ट्रिशियन,"{""generator"":""v2"",""note"":""ground truth of the synthetic generator""}",true
d2ca0336-7b50-5ad2-8a1a-d8046e419331,c7df5212-ab60-5561-aa36-9acc415e9b5b,1.0,GENERATED,SYNTHETIC,accept,Building Electrician,"{""generator"":""v2"",""note"":""ground truth of the synthetic generator""}",true
06107365-da4c-5859-ad1d-38789a7772b7,c7df5212-ab60-5561-aa36-9acc415e9b5b,1.0,GENERATED,SYNTHETIC,accept,Building Electrician,"{""generator"":""v2"",""note"":""ground truth of the synthetic generator""}",true
4b12d648-f631-5698-a523-d53a05df11ed,c7df5212-ab60-5561-aa36-9acc415e9b5b,1.0,GENERATED,SYNTHETIC,accept,Industrial Electrician,"{""generator"":""v2"",""note"":""ground truth of the synthetic generator""}",true
1bb11fc0-0249-5488-9da6-1ac77106a1a8,c7df5212-ab60-5561-aa36-9acc415e9b5b,1.0,GENERATED,SYNTHETIC,accept,Building Electrician,"{""generator"":""v2"",""note"":""ground truth of the synthetic generator""}",true
e4afb303-78b3-5183-be0b-66409b8d0cf8,c7df5212-ab60-5561-aa36-9acc415e9b5b,1.0,GENERATED,SYNTHETIC,accept,Electrician,"{""generator"":""v2"",""note"":""ground truth of the synthetic generator""}",true
280183a2-325c-5e33-8463-2d3e3178cc5e,c7df5212-ab60-5561-aa36-9acc415e9b5b,1.0,GENERATED,SYNTHETIC,accept,Electrician,"{""generator"":""v2"",""note"":""ground truth of the synthetic generator""}",true
454c0651-e919-5303-819f-a4cf73b91269,c7df5212-ab60-5561-aa36-9acc415e9b5b,1.0,GENERATED,SYNTHETIC,accept,इलेक्ट्रीशियन,"{""generator"":""v2"",""note"":""ground truth of the synthetic generator""}",true
c13b51b9-d45f-5aa7-809e-61868871d406,c7df5212-ab60-5561-aa36-9acc415e9b5b,1.0,GENERATED,SYNTHETIC,accept,Electrician (ITI),"{""generator"":""v2"",""note"":""ground truth of the synthetic generator""}",true
e9c78f6c-9dae-59ee-9304-922b22f890bb,c7df5212-ab60-5561-aa36-9acc415e9b5b,1.0,GENERATED,SYNTHETIC,accept,Electrician,"{""generator"":""v2"",""note"":""ground truth of the synthetic generator""}",true
79bc609c-eefd-5003-9759-e63360bb315f,c7df5212-ab60-5561-aa36-9acc415e9b5b,1.0,GENERATED,SYNTHETIC,accept,Electrician,"{""generator"":""v2"",""note"":""ground truth of the synthetic generator""}",true
290b1a9f-9780-5dab-8827-005e47008df9,c7df5212-ab60-5561-aa36-9acc415e9b5b,1.0,GENERATED,SYNTHETIC,accept,Industrial Electrician,"{""generator"":""v2"",""note"":""ground truth of the synthetic generator""}",true
e2af476c-849e-5205-be81-b117e03c285b,c7df5212-ab60-5561-aa36-9acc415e9b5b,1.0,GENERATED,SYNTHETIC,accept,Building Electrician,"{""generator"":""v2"",""note"":""ground truth of the synthetic generator""}",true
1a383dab-4082-5b33-bde5-54b778954608,c7df5212-ab60-5561-aa36-9acc415e9b5b,1.0,GENERATED,SYNTHETIC,accept,Building Electrician,"{""generator"":""v2"",""note"":""ground truth of the synthetic generator""}",true
3e85e29b-10a3-5803-9df0-0314a9ad18fb,c7df5212-ab60-5561-aa36-9acc415e9b5b,1.0,GENERATED,SYNTHETIC,accept,Building Electrician,"{""generator"":""v2"",""note"":""ground truth of the synthetic generator""}",true
dc5b4ccb-ec3b-52cf-afc8-feda25fd7513,c7df5212-ab60-5561-aa36-9acc415e9b5b,1.0,GENERATED,SYNTHETIC,accept,Industrial Electrician,"{""generator"":""v2"",""note"":""ground truth of the synthetic generator""}",true
1080ab14-762e-5b9c-92e3-f441b928d9b7,c7df5212-ab60-5561-aa36-9acc415e9b5b,1.0,GENERATED,SYNTHETIC,accept,Electrician,"{""generator"":""v2"",""note"":""ground truth of the synthetic generator""}",true
a77c710d-a0ec-5992-b030-f42ba0abd7d2,c7df5212-ab60-5561-aa36-9acc415e9b5b,1.0,GENERATED,SYNTHETIC,accept,Building Electrician,"{""generator"":""v2"",""note"":""ground truth of the synthetic generator""}",true
0ad69563-1b2b-5074-8ed4-b9601d8ad81a,c7df5212-ab60-5561-aa36-9acc415e9b5b,1.0,GENERATED,SYNTHETIC,accept,इलेक्ट्रीशियन,"{""generator"":""v2"",""note"":""ground truth of the synthetic generator""}",true
d71fd0b4-9c01-542a-9261-b33fa19aa95c,c7df5212-ab60-5561-aa36-9acc415e9b5b,1.0,GENERATED,SYNTHETIC,accept,Building Electrician,"{""generator"":""v2"",""note"":""ground truth of the synthetic generator""}",true
e2ea8967-7b2f-54fc-a539-ef8aba6cbd57,c7df5212-ab60-5561-aa36-9acc415e9b5b,1.0,GENERATED,SYNTHETIC,accept,Industrial Electrician,"{""generator"":""v2"",""note"":""ground truth of the synthetic generator""}",true
e3fb7d31-52dd-526d-8b4a-91c2cadf7918,c7df5212-ab60-5561-aa36-9acc415e9b5b,1.0,GENERATED,SYNTHETIC,accept,Maintenance Electrician,"{""generator"":""v2"",""note"":""ground truth of the synthetic generator""}",true
098f0963-226e-595a-88f4-7481853ceaa2,c7df5212-ab60-5561-aa36-9acc415e9b5b,1.0,GENERATED,SYNTHETIC,accept,इलेक्ट्रिशियन,"{""generator"":""v2"",""note"":""ground truth of the synthetic generator""}",true
b121ad28-17d7-5851-a3aa-8627764d7cdb,c7df5212-ab60-5561-aa36-9acc415e9b5b,1.0,GENERATED,SYNTHETIC,accept,Electrician (ITI),"{""generator"":""v2"",""note"":""ground truth of the synthetic generator""}",true
4f097a31-b2b7-5cf3-87b3-4522f68cd899,c7df5212-ab60-5561-aa36-9acc415e9b5b,1.0,GENERATED,SYNTHETIC,accept,Electrician (ITI),"{""generator"":""v2"",""note"":""ground truth of the synthetic generator""}",true
e4933331-d66d-5199-85b3-8e98cb1d5acf,c7df5212-ab60-5561-aa36-9acc415e9b5b,1.0,GENERATED,SYNTHETIC,accept,Electrician,"{""generator"":""v2"",""note"":""ground truth of the synthetic generator""}",true
695490e4-bd55-5607-85b7-bb2b862a598d,c7df5212-ab60-5561-aa36-9acc415e9b5b,1.0,GENERATED,SYNTHETIC,accept,Building Electrician,"{""generator"":""v2"",""note"":""ground truth of the synthetic generator""}",true
fff518b4-9e56-55de-9131-5c0cc42274ec,c7df5212-ab60-5561-aa36-9acc415e9b5b,1.0,GENERATED,SYNTHETIC,accept,इलेक्ट्रिशियन,"{""generator"":""v2"",""note"":""ground truth of the synthetic generator""}",true
42623fe8-19c6-5c31-a8e3-b7efdaa13359,c7df5212-ab60-5561-aa36-9acc415e9b5b,1.0,GENERATED,SYNTHETIC,accept,Industrial Electrician,"{""generator"":""v2"",""note"":""ground truth of the synthetic generator""}",true
233e38b1-f4f9-585d-8476-34146aaec1f4,c7df5212-ab60-5561-aa36-9acc415e9b5b,1.0,GENERATED,SYNTHETIC,accept,Building Electrician,"{""generator"":""v2"",""note"":""ground truth of the synthetic generator""}",true
0f65f30c-4a84-586c-bf63-d9f4d0ace740,c7df5212-ab60-5561-aa36-9acc415e9b5b,1.0,GENERATED,SYNTHETIC,accept,Electrician (ITI),"{""generator"":""v2"",""note"":""ground truth of the synthetic generator""}",true
cd7831f3-7fd2-55d6-b6b4-67204c598b16,c7df5212-ab60-5561-aa36-9acc415e9b5b,1.0,GENERATED,SYNTHETIC,accept,Maintenance Electrician,"{""generator"":""v2"",""note"":""ground truth of the synthetic generator""}",true
3d30e668-1113-5f22-80d5-02fd1894761e,c7df5212-ab60-5561-aa36-9acc415e9b5b,1.0,GENERATED,SYNTHETIC,accept,इलेक्ट्रीशियन,"{""generator"":""v2"",""note"":""ground truth of the synthetic generator""}",true
a9eca96f-ef89-5905-b56b-210e0aad09c5,c7df5212-ab60-5561-aa36-9acc415e9b5b,1.0,GENERATED,SYNTHETIC,accept,Maintenance Electrician,"{""generator"":""v2"",""note"":""ground truth of the synthetic generator""}",true
adbf1ada-f353-52be-8aa0-6e239d42d41f,c7df5212-ab60-5561-aa36-9acc415e9b5b,1.0,GENERATED,SYNTHETIC,accept,इलेक्ट्रीशियन,"{""generator"":""v2"",""note"":""ground truth of the synthetic generator""}",true
3d5903f4-a6ef-5cea-861e-9a45e229f6cb,c7df5212-ab60-5561-aa36-9acc415e9b5b,1.0,GENERATED,SYNTHETIC,accept,Electrician (ITI),"{""generator"":""v2"",""note"":""ground truth of the synthetic generator""}",true
591b4858-884e-5fc0-8a6e-60ce15a4feab,c7df5212-ab60-5561-aa36-9acc415e9b5b,1.0,GENERATED,SYNTHETIC,accept,Electrician (ITI),"{""generator"":""v2"",""note"":""ground truth of the synthetic generator""}",true
ab12dc50-f337-5dfd-95b9-4be2ae0f8872,c7df5212-ab60-5561-aa36-9acc415e9b5b,1.0,GENERATED,SYNTHETIC,accept,Building Electrician,"{""generator"":""v2"",""note"":""ground truth of the synthetic generator""}",true
239f0a67-49ea-539e-b67e-e84b4f33169b,c7df5212-ab60-5561-aa36-9acc415e9b5b,1.0,GENERATED,SYNTHETIC,accept,Electrician (ITI),"{""generator"":""v2"",""note"":""ground truth of the synthetic generator""}",true
a4ba4691-3c2f-57fb-94dd-73d6daaef52b,c7df5212-ab60-5561-aa36-9acc415e9b5b,1.0,GENERATED,SYNTHETIC,accept,Industrial Electrician,"{""generator"":""v2"",""note"":""ground truth of the synthetic generator""}",true
3e46996c-b4f4-5e79-8d6b-7d2c8cfe56ef,c7df5212-ab60-5561-aa36-9acc415e9b5b,1.0,GENERATED,SYNTHETIC,accept,Maintenance Electrician,"{""generator"":""v2"",""note"":""ground truth of the synthetic generator""}",true
aea2688c-8adb-53ff-9547-e07b802fe559,c7df5212-ab60-5561-aa36-9acc415e9b5b,1.0,GENERATED,SYNTHETIC,accept,Industrial Electrician,"{""generator"":""v2"",""note"":""ground truth of the synthetic generator""}",true
2d1de7a1-3c9b-5f66-8de7-d57d608ed0e6,c7df5212-ab60-5561-aa36-9acc415e9b5b,1.0,GENERATED,SYNTHETIC,accept,Electrician (ITI),"{""generator"":""v2"",""note"":""ground truth of the synthetic generator""}",true
9e490d55-5d47-5d86-9e31-bab0f72ce0dc,c7df5212-ab60-5561-aa36-9acc415e9b5b,1.0,GENERATED,SYNTHETIC,accept,Industrial Electrician,"{""generator"":""v2"",""note"":""ground truth of the synthetic generator""}",true
adc463b8-703d-5d8b-9d3d-24efb679880c,c7df5212-ab60-5561-aa36-9acc415e9b5b,1.0,GENERATED,SYNTHETIC,accept,इलेक्ट्रीशियन,"{""generator"":""v2"",""note"":""ground truth of the synthetic generator""}",true
29b11771-78c5-5950-a4ba-693284a20c0a,c7df5212-ab60-5561-aa36-9acc415e9b5b,1.0,GENERATED,SYNTHETIC,accept,Industrial Electrician,"{""generator"":""v2"",""note"":""ground truth of the synthetic generator""}",true
84385c95-19bb-51f1-90ed-eb0e1573087d,c7df5212-ab60-5561-aa36-9acc415e9b5b,1.0,GENERATED,SYNTHETIC,accept,Industrial Electrician,"{""generator"":""v2"",""note"":""ground truth of the synthetic generator""}",true
df34d2b6-4bad-5744-9c02-1392d024ada1,c7df5212-ab60-5561-aa36-9acc415e9b5b,1.0,GENERATED,SYNTHETIC,accept,Industrial Electrician,"{""generator"":""v2"",""note"":""ground truth of the synthetic generator""}",true
8146836b-edc5-51de-96ac-6c4d161bfe76,c7df5212-ab60-5561-aa36-9acc415e9b5b,1.0,GENERATED,SYNTHETIC,accept,Electrician,"{""generator"":""v2"",""note"":""ground truth of the synthetic generator""}",true
93016909-2f8b-505b-a19f-ad6db6170be6,c7df5212-ab60-5561-aa36-9acc415e9b5b,1.0,GENERATED,SYNTHETIC,accept,Industrial Electrician,"{""generator"":""v2"",""note"":""ground truth of the synthetic generator""}",true
de587c87-07eb-50ee-abf7-65cccbf2e0e5,c7df5212-ab60-5561-aa36-9acc415e9b5b,1.0,GENERATED,SYNTHETIC,accept,Electrician,"{""generator"":""v2"",""note"":""ground truth of the synthetic generator""}",true
6efb8b17-b341-59ec-83b9-a31110167392,c7df5212-ab60-5561-aa36-9acc415e9b5b,1.0,GENERATED,SYNTHETIC,accept,Building Electrician,"{""generator"":""v2"",""note"":""ground truth of the synthetic generator""}",true
20104dda-46e0-5c0b-a408-28a14e97a07b,c7df5212-ab60-5561-aa36-9acc415e9b5b,1.0,GENERATED,SYNTHETIC,accept,Maintenance Electrician,"{""generator"":""v2"",""note"":""ground truth of the synthetic generator""}",true
cfebbe38-41c6-5a84-a7e2-d7dafedef755,c7df5212-ab60-5561-aa36-9acc415e9b5b,1.0,GENERATED,SYNTHETIC,accept,इलेक्ट्रिशियन,"{""generator"":""v2"",""note"":""ground truth of the synthetic generator""}",true
9b1e0d28-8f99-5f6b-b541-046fd99709b0,c7df5212-ab60-5561-aa36-9acc415e9b5b,1.0,GENERATED,SYNTHETIC,accept,Electrician (ITI),"{""generator"":""v2"",""note"":""ground truth of the synthetic generator""}",true
de38f77a-7adc-5734-b0f5-6feee870dcce,c7df5212-ab60-5561-aa36-9acc415e9b5b,1.0,GENERATED,SYNTHETIC,accept,Maintenance Electrician,"{""generator"":""v2"",""note"":""ground truth of the synthetic generator""}",true
03f1e3ae-f781-5063-b734-a97c32bb7613,c7df5212-ab60-5561-aa36-9acc415e9b5b,1.0,GENERATED,SYNTHETIC,accept,इलेक्ट्रिशियन,"{""generator"":""v2"",""note"":""ground truth of the synthetic generator""}",true
40eef9ff-9f03-5bbf-a91e-7130483eb853,c7df5212-ab60-5561-aa36-9acc415e9b5b,1.0,GENERATED,SYNTHETIC,accept,Maintenance Electrician,"{""generator"":""v2"",""note"":""ground truth of the synthetic generator""}",true
e53bf377-09c8-53a3-9d6f-e5534ac48f56,c7df5212-ab60-5561-aa36-9acc415e9b5b,1.0,GENERATED,SYNTHETIC,accept,Industrial Electrician,"{""generator"":""v2"",""note"":""ground truth of the synthetic generator""}",true
384afdec-1bcd-588d-9510-174079f56376,c7df5212-ab60-5561-aa36-9acc415e9b5b,1.0,GENERATED,SYNTHETIC,accept,Building Electrician,"{""generator"":""v2"",""note"":""ground truth of the synthetic generator""}",true
7cedf76f-a15d-5146-bb10-c13d3fcec245,c7df5212-ab60-5561-aa36-9acc415e9b5b,1.0,GENERATED,SYNTHETIC,accept,Building Electrician,"{""generator"":""v2"",""note"":""ground truth of the synthetic generator""}",true
171f9df5-1109-5f24-8c11-9d218804518f,c7df5212-ab60-5561-aa36-9acc415e9b5b,1.0,GENERATED,SYNTHETIC,accept,Industrial Electrician,"{""generator"":""v2"",""note"":""ground truth of the synthetic generator""}",true
527bf6e2-8f76-5836-8846-3ce20cd6f406,c7df5212-ab60-5561-aa36-9acc415e9b5b,1.0,GENERATED,SYNTHETIC,accept,इलेक्ट्रीशियन,"{""generator"":""v2"",""note"":""ground truth of the synthetic generator""}",true
3645424f-4cac-59ba-9617-601c6a7a22bf,c7df5212-ab60-5561-aa36-9acc415e9b5b,1.0,GENERATED,SYNTHETIC,accept,इलेक्ट्रीशियन,"{""generator"":""v2"",""note"":""ground truth of the synthetic generator""}",true
6d017b83-ef71-53ad-aac1-d6126b55c45a,c7df5212-ab60-5561-aa36-9acc415e9b5b,1.0,GENERATED,SYNTHETIC,accept,Electrician (ITI),"{""generator"":""v2"",""note"":""ground truth of the synthetic generator""}",true
f44aa5af-552b-5ff2-8f65-4cfa7b404a28,c7df5212-ab60-5561-aa36-9acc415e9b5b,1.0,GENERATED,SYNTHETIC,accept,Electrician,"{""generator"":""v2"",""note"":""ground truth of the synthetic generator""}",true
8ebb9447-d56e-57b7-88bd-b31db8d1d409,c7df5212-ab60-5561-aa36-9acc415e9b5b,1.0,GENERATED,SYNTHETIC,accept,इलेक्ट्रिशियन,"{""generator"":""v2"",""note"":""ground truth of the synthetic generator""}",true
b2c7d498-ea52-594c-b87a-68a7a2e50fe9,c7df5212-ab60-5561-aa36-9acc415e9b5b,1.0,GENERATED,SYNTHETIC,accept,इलेक्ट्रीशियन,"{""generator"":""v2"",""note"":""ground truth of the synthetic generator""}",true
99a47e50-fbf8-537c-82fa-2195a27132e7,c7df5212-ab60-5561-aa36-9acc415e9b5b,1.0,GENERATED,SYNTHETIC,accept,Building Electrician,"{""generator"":""v2"",""note"":""ground truth of the synthetic generator""}",true
bfc9c853-5900-56dc-81fc-62a502f50265,c7df5212-ab60-5561-aa36-9acc415e9b5b,1.0,GENERATED,SYNTHETIC,accept,इलेक्ट्रिशियन,"{""generator"":""v2"",""note"":""ground truth of the synthetic generator""}",true
2f53f4f5-e989-5551-82fd-d349a063d134,c7df5212-ab60-5561-aa36-9acc415e9b5b,1.0,GENERATED,SYNTHETIC,accept,Maintenance Electrician,"{""generator"":""v2"",""note"":""ground truth of the synthetic generator""}",true
63ccabee-fe31-5477-8649-4758ba51ab17,c7df5212-ab60-5561-aa36-9acc415e9b5b,1.0,GENERATED,SYNTHETIC,accept,Building Electrician,"{""generator"":""v2"",""note"":""ground truth of the synthetic generator""}",true
ede57718-23d1-5c3a-8337-473241c7f882,c7df5212-ab60-5561-aa36-9acc415e9b5b,1.0,GENERATED,SYNTHETIC,accept,Electrician (ITI),"{""generator"":""v2"",""note"":""ground truth of the synthetic generator""}",true
8df33b98-4f0c-5004-8c86-321a18f7b007,c7df5212-ab60-5561-aa36-9acc415e9b5b,1.0,GENERATED,SYNTHETIC,accept,इलेक्ट्रीशियन,"{""generator"":""v2"",""note"":""ground truth of the synthetic generator""}",true
c30a1da4-4e3e-5239-b1d3-5878a6de1ff1,c7df5212-ab60-5561-aa36-9acc415e9b5b,1.0,GENERATED,SYNTHETIC,accept,Building Electrician,"{""generator"":""v2"",""note"":""ground truth of the synthetic generator""}",true
e210b70e-c110-5876-b90d-afb1eb68b038,c7df5212-ab60-5561-aa36-9acc415e9b5b,1.0,GENERATED,SYNTHETIC,accept,Electrician,"{""generator"":""v2"",""note"":""ground truth of the synthetic generator""}",true
1bf36d68-a630-5330-8792-1a54025ae889,c7df5212-ab60-5561-aa36-9acc415e9b5b,1.0,GENERATED,SYNTHETIC,accept,इलेक्ट्रीशियन,"{""generator"":""v2"",""note"":""ground truth of the synthetic generator""}",true
55f13495-0043-5c90-a57e-3e9a6829c50f,c7df5212-ab60-5561-aa36-9acc415e9b5b,1.0,GENERATED,SYNTHETIC,accept,Building Electrician,"{""generator"":""v2"",""note"":""ground truth of the synthetic generator""}",true
e8b29599-3b8f-5a4b-b258-775f4818fe82,c7df5212-ab60-5561-aa36-9acc415e9b5b,1.0,GENERATED,SYNTHETIC,accept,Building Electrician,"{""generator"":""v2"",""note"":""ground truth of the synthetic generator""}",true
d5961b4b-f8ed-5d85-8605-7e3f915f3bdf,c7df5212-ab60-5561-aa36-9acc415e9b5b,1.0,GENERATED,SYNTHETIC,accept,Electrician,"{""generator"":""v2"",""note"":""ground truth of the synthetic generator""}",true
1cd376f7-ac3f-5fe3-bc0f-82a95a02f5a6,c7df5212-ab60-5561-aa36-9acc415e9b5b,1.0,GENERATED,SYNTHETIC,accept,Maintenance Electrician,"{""generator"":""v2"",""note"":""ground truth of the synthetic generator""}",true
e3aa0426-1365-574d-a0ff-4315cce3efca,c7df5212-ab60-5561-aa36-9acc415e9b5b,1.0,GENERATED,SYNTHETIC,accept,इलेक्ट्रीशियन,"{""generator"":""v2"",""note"":""ground truth of the synthetic generator""}",true
dd642cb5-5ba2-5b20-acc2-0e94b295869b,c7df5212-ab60-5561-aa36-9acc415e9b5b,1.0,GENERATED,SYNTHETIC,accept,Electrician,"{""generator"":""v2"",""note"":""ground truth of the synthetic generator""}",true
0e088935-d484-5fc1-968e-1dfc7918caec,c7df5212-ab60-5561-aa36-9acc415e9b5b,1.0,GENERATED,SYNTHETIC,accept,Electrician,"{""generator"":""v2"",""note"":""ground truth of the synthetic generator""}",true
dbbfc5fb-e3c8-5455-b485-fcfc891a4abd,c7df5212-ab60-5561-aa36-9acc415e9b5b,1.0,GENERATED,SYNTHETIC,accept,इलेक्ट्रिशियन,"{""generator"":""v2"",""note"":""ground truth of the synthetic generator""}",true
c7cbe5bd-d0c4-5c48-99f6-a3157d22bd5e,c7df5212-ab60-5561-aa36-9acc415e9b5b,1.0,GENERATED,SYNTHETIC,accept,Industrial Electrician,"{""generator"":""v2"",""note"":""ground truth of the synthetic generator""}",true
ae2a230a-2838-58a8-9f2c-a863b1072c69,c7df5212-ab60-5561-aa36-9acc415e9b5b,1.0,GENERATED,SYNTHETIC,accept,Electrician (ITI),"{""generator"":""v2"",""note"":""ground truth of the synthetic generator""}",true
44adb9dd-b576-59f1-b019-89c922da8e66,c7df5212-ab60-5561-aa36-9acc415e9b5b,1.0,GENERATED,SYNTHETIC,accept,इलेक्ट्रिशियन,"{""generator"":""v2"",""note"":""ground truth of the synthetic generator""}",true
03630d03-32a2-59a2-98fa-ba062a79cddb,c7df5212-ab60-5561-aa36-9acc415e9b5b,1.0,GENERATED,SYNTHETIC,accept,इलेक्ट्रीशियन,"{""generator"":""v2"",""note"":""ground truth of the synthetic generator""}",true
77dc90d4-f386-5261-acbc-310ddee36259,c7df5212-ab60-5561-aa36-9acc415e9b5b,1.0,GENERATED,SYNTHETIC,accept,इलेक्ट्रीशियन,"{""generator"":""v2"",""note"":""ground truth of the synthetic generator""}",true
13812314-c828-57d8-97eb-7d25ad9627e4,c7df5212-ab60-5561-aa36-9acc415e9b5b,1.0,GENERATED,SYNTHETIC,accept,Maintenance Electrician,"{""generator"":""v2"",""note"":""ground truth of the synthetic generator""}",true
d689d710-6c3f-5002-b1e2-26a70acc589b,c7df5212-ab60-5561-aa36-9acc415e9b5b,1.0,GENERATED,SYNTHETIC,accept,Electrician,"{""generator"":""v2"",""note"":""ground truth of the synthetic generator""}",true
62ce62f8-7256-5b2f-aedb-13dfc2337acb,c7df5212-ab60-5561-aa36-9acc415e9b5b,1.0,GENERATED,SYNTHETIC,accept,Building Electrician,"{""generator"":""v2"",""note"":""ground truth of the synthetic generator""}",true
a919e383-6ad7-505b-891c-0f7551d6a736,c7df5212-ab60-5561-aa36-9acc415e9b5b,1.0,GENERATED,SYNTHETIC,accept,इलेक्ट्रिशियन,"{""generator"":""v2"",""note"":""ground truth of the synthetic generator""}",true
2aeea744-021c-5418-87a6-a01b0e8d4fce,c7df5212-ab60-5561-aa36-9acc415e9b5b,1.0,GENERATED,SYNTHETIC,accept,Industrial Electrician,"{""generator"":""v2"",""note"":""ground truth of the synthetic generator""}",true
bcdfaf6d-1232-549a-97ce-44ec268ebc44,c7df5212-ab60-5561-aa36-9acc415e9b5b,1.0,GENERATED,SYNTHETIC,accept,Industrial Electrician,"{""generator"":""v2"",""note"":""ground truth of the synthetic generator""}",true
7a605749-5606-5744-99bb-91cb0cea5aac,c7df5212-ab60-5561-aa36-9acc415e9b5b,1.0,GENERATED,SYNTHETIC,accept,Maintenance Electrician,"{""generator"":""v2"",""note"":""ground truth of the synthetic generator""}",true
33793619-1257-5b11-82dd-f43c35c71a53,c7df5212-ab60-5561-aa36-9acc415e9b5b,1.0,GENERATED,SYNTHETIC,accept,इलेक्ट्रिशियन,"{""generator"":""v2"",""note"":""ground truth of the synthetic generator""}",true
48a9287f-c01d-5a72-8b84-54855715e6bf,c7df5212-ab60-5561-aa36-9acc415e9b5b,1.0,GENERATED,SYNTHETIC,accept,इलेक्ट्रिशियन,"{""generator"":""v2"",""note"":""ground truth of the synthetic generator""}",true
3965abe0-6548-5c46-9712-e59e4c2da229,c7df5212-ab60-5561-aa36-9acc415e9b5b,1.0,GENERATED,SYNTHETIC,accept,Electrician,"{""generator"":""v2"",""note"":""ground truth of the synthetic generator""}",true
4684fc3e-4109-58d8-81f2-01101b3524f8,c7df5212-ab60-5561-aa36-9acc415e9b5b,1.0,GENERATED,SYNTHETIC,accept,Maintenance Electrician,"{""generator"":""v2"",""note"":""ground truth of the synthetic generator""}",true
96a49cfd-04ea-59f8-b9a9-f639404a252e,c7df5212-ab60-5561-aa36-9acc415e9b5b,1.0,GENERATED,SYNTHETIC,accept,इलेक्ट्रिशियन,"{""generator"":""v2"",""note"":""ground truth of the synthetic generator""}",true
4f9bad6b-4e31-5532-9a13-4dc6d861eea8,c7df5212-ab60-5561-aa36-9acc415e9b5b,1.0,GENERATED,SYNTHETIC,accept,Electrician,"{""generator"":""v2"",""note"":""ground truth of the synthetic generator""}",true
6cb2f7bc-c3f5-56e3-9939-f58120962a5f,c7df5212-ab60-5561-aa36-9acc415e9b5b,1.0,GENERATED,SYNTHETIC,accept,Maintenance Electrician,"{""generator"":""v2"",""note"":""ground truth of the synthetic generator""}",true
36be9174-111d-5813-9f21-9d0875af8907,c7df5212-ab60-5561-aa36-9acc415e9b5b,1.0,GENERATED,SYNTHETIC,accept,Electrician (ITI),"{""generator"":""v2"",""note"":""ground truth of the synthetic generator""}",true
9ef1be9f-5a0b-5618-863f-95b9fb843dd8,c7df5212-ab60-5561-aa36-9acc415e9b5b,1.0,GENERATED,SYNTHETIC,accept,Electrician (ITI),"{""generator"":""v2"",""note"":""ground truth of the synthetic generator""}",true
f279b42b-10eb-5b7c-8068-cdfa073b0e43,c7df5212-ab60-5561-aa36-9acc415e9b5b,1.0,GENERATED,SYNTHETIC,accept,Building Electrician,"{""generator"":""v2"",""note"":""ground truth of the synthetic generator""}",true
ffb9ecba-7912-5fdc-a030-d21de967b7bc,c7df5212-ab60-5561-aa36-9acc415e9b5b,1.0,GENERATED,SYNTHETIC,accept,Maintenance Electrician,"{""generator"":""v2"",""note"":""ground truth of the synthetic generator""}",true
7c17d62f-23a3-549c-9487-07ec2e1e3369,c7df5212-ab60-5561-aa36-9acc415e9b5b,1.0,GENERATED,SYNTHETIC,accept,Maintenance Electrician,"{""generator"":""v2"",""note"":""ground truth of the synthetic generator""}",true
8cd8a9bd-4a84-53fe-8459-0b76215798c0,c7df5212-ab60-5561-aa36-9acc415e9b5b,1.0,GENERATED,SYNTHETIC,accept,Maintenance Electrician,"{""generator"":""v2"",""note"":""ground truth of the synthetic generator""}",true
64577ec4-ac68-5fdf-901a-410f74641385,c7df5212-ab60-5561-aa36-9acc415e9b5b,1.0,GENERATED,SYNTHETIC,accept,इलेक्ट्रीशियन,"{""generator"":""v2"",""note"":""ground truth of the synthetic generator""}",true
43db8e8b-4d2b-58ff-8a01-5e1d2f5e2dd1,c7df5212-ab60-5561-aa36-9acc415e9b5b,1.0,GENERATED,SYNTHETIC,accept,Electrician (ITI),"{""generator"":""v2"",""note"":""ground truth of the synthetic generator""}",true
29160282-03e5-59a2-8511-3b567414de36,c7df5212-ab60-5561-aa36-9acc415e9b5b,1.0,GENERATED,SYNTHETIC,accept,Maintenance Electrician,"{""generator"":""v2"",""note"":""ground truth of the synthetic generator""}",true
6ffb99c1-ccb2-54a8-bf9f-8e6e5a07e5a3,c7df5212-ab60-5561-aa36-9acc415e9b5b,1.0,GENERATED,SYNTHETIC,accept,Electrician,"{""generator"":""v2"",""note"":""ground truth of the synthetic generator""}",true
5161c98e-19d4-59f1-82f4-3f6fc85733e8,c7df5212-ab60-5561-aa36-9acc415e9b5b,1.0,GENERATED,SYNTHETIC,accept,Maintenance Electrician,"{""generator"":""v2"",""note"":""ground truth of the synthetic generator""}",true
ace1dab5-aa7b-5557-b414-57de70ea26c6,c7df5212-ab60-5561-aa36-9acc415e9b5b,1.0,GENERATED,SYNTHETIC,accept,इलेक्ट्रीशियन,"{""generator"":""v2"",""note"":""ground truth of the synthetic generator""}",true
6d6d3f12-e3cc-5df6-a0d6-d57dcc8840db,c7df5212-ab60-5561-aa36-9acc415e9b5b,1.0,GENERATED,SYNTHETIC,accept,इलेक्ट्रिशियन,"{""generator"":""v2"",""note"":""ground truth of the synthetic generator""}",true
3588bf5f-2773-5294-af3a-c4e3791c7498,c7df5212-ab60-5561-aa36-9acc415e9b5b,1.0,GENERATED,SYNTHETIC,accept,Industrial Electrician,"{""generator"":""v2"",""note"":""ground truth of the synthetic generator""}",true
dc2119c3-6c51-5c90-b900-338c5350016f,c7df5212-ab60-5561-aa36-9acc415e9b5b,1.0,GENERATED,SYNTHETIC,accept,इलेक्ट्रिशियन,"{""generator"":""v2"",""note"":""ground truth of the synthetic generator""}",true
1f3f6adb-943a-55f7-9512-e7aaeff8001d,c7df5212-ab60-5561-aa36-9acc415e9b5b,1.0,GENERATED,SYNTHETIC,accept,इलेक्ट्रिशियन,"{""generator"":""v2"",""note"":""ground truth of the synthetic generator""}",true
0560ed0e-ccc8-50f2-b001-e839112c21f2,c7df5212-ab60-5561-aa36-9acc415e9b5b,1.0,GENERATED,SYNTHETIC,accept,इलेक्ट्रिशियन,"{""generator"":""v2"",""note"":""ground truth of the synthetic generator""}",true
91497b69-b479-5066-ae0e-1225741229ae,c7df5212-ab60-5561-aa36-9acc415e9b5b,1.0,GENERATED,SYNTHETIC,accept,Maintenance Electrician,"{""generator"":""v2"",""note"":""ground truth of the synthetic generator""}",true
f96f0636-0025-552b-a702-bbd8f3274e9c,c7df5212-ab60-5561-aa36-9acc415e9b5b,1.0,GENERATED,SYNTHETIC,accept,Maintenance Electrician,"{""generator"":""v2"",""note"":""ground truth of the synthetic generator""}",true
a6cb9bc7-d168-583f-bd06-cb99453e3d77,c7df5212-ab60-5561-aa36-9acc415e9b5b,1.0,GENERATED,SYNTHETIC,accept,Building Electrician,"{""generator"":""v2"",""note"":""ground truth of the synthetic generator""}",true
35598152-30ff-5ada-8da0-eb39b6a27aaf,2f571be3-597c-576f-8dbd-e8baff7c9dfe,1.0,GENERATED,SYNTHETIC,accept,वायरमन,"{""generator"":""v2"",""note"":""ground truth of the synthetic generator""}",true
e6044a4d-af41-5d94-9507-2c9bfb200e51,2f571be3-597c-576f-8dbd-e8baff7c9dfe,1.0,GENERATED,SYNTHETIC,accept,House Wiring Technician,"{""generator"":""v2"",""note"":""ground truth of the synthetic generator""}",true
21c07bae-8c8c-5f7b-8539-fa2cc8126628,2f571be3-597c-576f-8dbd-e8baff7c9dfe,1.0,GENERATED,SYNTHETIC,accept,वायरमन,"{""generator"":""v2"",""note"":""ground truth of the synthetic generator""}",true
fb5ebf74-f3bc-51e4-a2bd-3cdee2893c10,2f571be3-597c-576f-8dbd-e8baff7c9dfe,1.0,GENERATED,SYNTHETIC,accept,Wireman,"{""generator"":""v2"",""note"":""ground truth of the synthetic generator""}",true
ccfe1680-f79c-53e7-8c5f-7e56b11354ce,2f571be3-597c-576f-8dbd-e8baff7c9dfe,1.0,GENERATED,SYNTHETIC,accept,Wireman,"{""generator"":""v2"",""note"":""ground truth of the synthetic generator""}",true
8dd1659d-cd3f-54b9-be06-aacf5cb6af1e,2f571be3-597c-576f-8dbd-e8baff7c9dfe,1.0,GENERATED,SYNTHETIC,accept,वायरमन,"{""generator"":""v2"",""note"":""ground truth of the synthetic generator""}",true
7b878a04-e120-566d-8eda-30047fbc5997,2f571be3-597c-576f-8dbd-e8baff7c9dfe,1.0,GENERATED,SYNTHETIC,accept,Wireman,"{""generator"":""v2"",""note"":""ground truth of the synthetic generator""}",true
19d52620-2986-5a0b-88f2-d520e312d678,2f571be3-597c-576f-8dbd-e8baff7c9dfe,1.0,GENERATED,SYNTHETIC,accept,House Wiring Technician,"{""generator"":""v2"",""note"":""ground truth of the synthetic generator""}",true
3867ba3a-eeca-5657-866a-eeb491dd51fa,2f571be3-597c-576f-8dbd-e8baff7c9dfe,1.0,GENERATED,SYNTHETIC,accept,Electrical Wireman,"{""generator"":""v2"",""note"":""ground truth of the synthetic generator""}",true
d15a9b4f-91fe-5d43-8669-e9df622fd4e4,2f571be3-597c-576f-8dbd-e8baff7c9dfe,1.0,GENERATED,SYNTHETIC,accept,Electrical Wireman,"{""generator"":""v2"",""note"":""ground truth of the synthetic generator""}",true
4490a59a-73ca-54ad-851f-7415947f1384,2f571be3-597c-576f-8dbd-e8baff7c9dfe,1.0,GENERATED,SYNTHETIC,accept,Electrical Wireman,"{""generator"":""v2"",""note"":""ground truth of the synthetic generator""}",true
07b39108-d155-5635-a6de-478aa93911e4,2f571be3-597c-576f-8dbd-e8baff7c9dfe,1.0,GENERATED,SYNTHETIC,accept,Electrical Wireman,"{""generator"":""v2"",""note"":""ground truth of the synthetic generator""}",true
257878b6-c350-5f2a-a57f-74a581e3134b,2f571be3-597c-576f-8dbd-e8baff7c9dfe,1.0,GENERATED,SYNTHETIC,accept,वायरमैन,"{""generator"":""v2"",""note"":""ground truth of the synthetic generator""}",true
c07d5489-deb4-563e-b5ad-7077de2efb8d,2f571be3-597c-576f-8dbd-e8baff7c9dfe,1.0,GENERATED,SYNTHETIC,accept,Electrical Wireman,"{""generator"":""v2"",""note"":""ground truth of the synthetic generator""}",true
05b60489-a765-5ecf-ab0c-c7efec1a8714,2f571be3-597c-576f-8dbd-e8baff7c9dfe,1.0,GENERATED,SYNTHETIC,accept,House Wiring Technician,"{""generator"":""v2"",""note"":""ground truth of the synthetic generator""}",true
96eb8d22-c770-5f62-9b85-03f870d8b815,2f571be3-597c-576f-8dbd-e8baff7c9dfe,1.0,GENERATED,SYNTHETIC,accept,वायरमन,"{""generator"":""v2"",""note"":""ground truth of the synthetic generator""}",true
42f4bfb6-9fa1-5ab4-93fa-d4fda8a3d957,2f571be3-597c-576f-8dbd-e8baff7c9dfe,1.0,GENERATED,SYNTHETIC,accept,Wireman,"{""generator"":""v2"",""note"":""ground truth of the synthetic generator""}",true
4d644891-72ef-5c57-86b3-a414195ddc73,2f571be3-597c-576f-8dbd-e8baff7c9dfe,1.0,GENERATED,SYNTHETIC,accept,Wireman,"{""generator"":""v2"",""note"":""ground truth of the synthetic generator""}",true
c54d1976-2290-55dd-a4ab-bee54221dea2,2f571be3-597c-576f-8dbd-e8baff7c9dfe,1.0,GENERATED,SYNTHETIC,accept,House Wiring Technician,"{""generator"":""v2"",""note"":""ground truth of the synthetic generator""}",true
f9a4657b-e240-502d-980c-e7da9483f66c,2f571be3-597c-576f-8dbd-e8baff7c9dfe,1.0,GENERATED,SYNTHETIC,accept,House Wiring Technician,"{""generator"":""v2"",""note"":""ground truth of the synthetic generator""}",true
50f1b576-0125-5aed-abf0-41b0cbcd5b29,2f571be3-597c-576f-8dbd-e8baff7c9dfe,1.0,GENERATED,SYNTHETIC,accept,वायरमन,"{""generator"":""v2"",""note"":""ground truth of the synthetic generator""}",true
dd6aaeb2-33ee-5b67-be16-ded1fd239f56,2f571be3-597c-576f-8dbd-e8baff7c9dfe,1.0,GENERATED,SYNTHETIC,accept,वायरमन,"{""generator"":""v2"",""note"":""ground truth of the synthetic generator""}",true
cba372f5-1d2f-5f70-8083-9bc3b0402929,2f571be3-597c-576f-8dbd-e8baff7c9dfe,1.0,GENERATED,SYNTHETIC,accept,वायरमैन,"{""generator"":""v2"",""note"":""ground truth of the synthetic generator""}",true
fc401d59-332f-521a-a322-c5a2ddccbe9d,2f571be3-597c-576f-8dbd-e8baff7c9dfe,1.0,GENERATED,SYNTHETIC,accept,Wireman,"{""generator"":""v2"",""note"":""ground truth of the synthetic generator""}",true
a592e8a5-3bd1-5b0d-b838-d6bc7a96479d,2f571be3-597c-576f-8dbd-e8baff7c9dfe,1.0,GENERATED,SYNTHETIC,accept,Wireman,"{""generator"":""v2"",""note"":""ground truth of the synthetic generator""}",true
0122ad1c-d2c7-5111-9ec0-9ceb856c07f6,2f571be3-597c-576f-8dbd-e8baff7c9dfe,1.0,GENERATED,SYNTHETIC,accept,Electrical Wireman,"{""generator"":""v2"",""note"":""ground truth of the synthetic generator""}",true
f30f0b7f-eea3-5aec-bacc-f945de95d002,2f571be3-597c-576f-8dbd-e8baff7c9dfe,1.0,GENERATED,SYNTHETIC,accept,Electrical Wireman,"{""generator"":""v2"",""note"":""ground truth of the synthetic generator""}",true
161579a2-54e5-5168-bf7c-21ae7a753a98,03766387-41ff-5119-95b7-86ce19e0d729,1.0,GENERATED,SYNTHETIC,accept,Motor Rewinder,"{""generator"":""v2"",""note"":""ground truth of the synthetic generator""}",true
acaed49b-547f-571a-893f-d16e7c50c9e7,03766387-41ff-5119-95b7-86ce19e0d729,1.0,GENERATED,SYNTHETIC,accept,Rewinding Mechanic,"{""generator"":""v2"",""note"":""ground truth of the synthetic generator""}",true
feef5f24-c402-58f3-b7de-818224abd88b,03766387-41ff-5119-95b7-86ce19e0d729,1.0,GENERATED,SYNTHETIC,accept,मोटर वाइंडर,"{""generator"":""v2"",""note"":""ground truth of the synthetic generator""}",true
b3eea6cb-2b95-57fa-8398-025c407933ba,03766387-41ff-5119-95b7-86ce19e0d729,1.0,GENERATED,SYNTHETIC,accept,मोटर वाइंडर,"{""generator"":""v2"",""note"":""ground truth of the synthetic generator""}",true
2d708f4d-d211-5409-8ebd-aed18dd6060a,03766387-41ff-5119-95b7-86ce19e0d729,1.0,GENERATED,SYNTHETIC,accept,Rewinding Mechanic,"{""generator"":""v2"",""note"":""ground truth of the synthetic generator""}",true
6b58cdc9-aa43-503f-9d91-cf4c70f6c28b,03766387-41ff-5119-95b7-86ce19e0d729,1.0,GENERATED,SYNTHETIC,accept,Motor Rewinder,"{""generator"":""v2"",""note"":""ground truth of the synthetic generator""}",true
ac425f7c-dd8f-55f0-8dfe-fa6cb662281a,03766387-41ff-5119-95b7-86ce19e0d729,1.0,GENERATED,SYNTHETIC,accept,Motor Rewinder,"{""generator"":""v2"",""note"":""ground truth of the synthetic generator""}",true
1903a711-6930-57c8-a329-8e7015ab94cb,03766387-41ff-5119-95b7-86ce19e0d729,1.0,GENERATED,SYNTHETIC,accept,मोटर वाइंडर,"{""generator"":""v2"",""note"":""ground truth of the synthetic generator""}",true
11eddecc-cee3-5220-b83a-63166200b395,03766387-41ff-5119-95b7-86ce19e0d729,1.0,GENERATED,SYNTHETIC,accept,Motor Rewinder,"{""generator"":""v2"",""note"":""ground truth of the synthetic generator""}",true
82f7dc78-53a5-5558-8487-aa9047199259,03766387-41ff-5119-95b7-86ce19e0d729,1.0,GENERATED,SYNTHETIC,accept,मोटर वाइंडर,"{""generator"":""v2"",""note"":""ground truth of the synthetic generator""}",true
51ae402a-b345-5c26-b12d-6bf2803d37a8,03766387-41ff-5119-95b7-86ce19e0d729,1.0,GENERATED,SYNTHETIC,accept,Motor Rewinder,"{""generator"":""v2"",""note"":""ground truth of the synthetic generator""}",true
95998d1f-11b1-58f4-b970-56d8bca8ae8a,03766387-41ff-5119-95b7-86ce19e0d729,1.0,GENERATED,SYNTHETIC,accept,Rewinding Mechanic,"{""generator"":""v2"",""note"":""ground truth of the synthetic generator""}",true
386c5c90-e9e3-5f4f-80a3-ba9bdf8fd807,03766387-41ff-5119-95b7-86ce19e0d729,1.0,GENERATED,SYNTHETIC,accept,Motor Winding Technician,"{""generator"":""v2"",""note"":""ground truth of the synthetic generator""}",true
b57475b4-3510-5e5b-abf7-1b69afd8e0af,03766387-41ff-5119-95b7-86ce19e0d729,1.0,GENERATED,SYNTHETIC,accept,Motor Rewinder,"{""generator"":""v2"",""note"":""ground truth of the synthetic generator""}",true
2ec55d60-a5f0-5a90-b779-5d842fc52846,03766387-41ff-5119-95b7-86ce19e0d729,1.0,GENERATED,SYNTHETIC,accept,मोटर वाइंडर,"{""generator"":""v2"",""note"":""ground truth of the synthetic generator""}",true
d788398e-5a85-51eb-9618-c49ca4c6d958,03766387-41ff-5119-95b7-86ce19e0d729,1.0,GENERATED,SYNTHETIC,accept,मोटर वाइंडर,"{""generator"":""v2"",""note"":""ground truth of the synthetic generator""}",true
f45b542e-0004-56b6-a595-58d780f2c880,03766387-41ff-5119-95b7-86ce19e0d729,1.0,GENERATED,SYNTHETIC,accept,Motor Rewinder,"{""generator"":""v2"",""note"":""ground truth of the synthetic generator""}",true
f925711d-d7e5-58ed-b692-2b0e9c571ba1,03766387-41ff-5119-95b7-86ce19e0d729,1.0,GENERATED,SYNTHETIC,accept,मोटर वाइंडर,"{""generator"":""v2"",""note"":""ground truth of the synthetic generator""}",true
9eb04769-a3b4-52be-9917-eade659eef72,03766387-41ff-5119-95b7-86ce19e0d729,1.0,GENERATED,SYNTHETIC,accept,मोटर वाइंडर,"{""generator"":""v2"",""note"":""ground truth of the synthetic generator""}",true
6a87de6c-d2bb-5943-afc2-0a670a001487,03766387-41ff-5119-95b7-86ce19e0d729,1.0,GENERATED,SYNTHETIC,accept,Motor Rewinder,"{""generator"":""v2"",""note"":""ground truth of the synthetic generator""}",true
3be5ce97-2a5c-574c-8fbe-d6b92aa87af1,608cbacd-5b75-535a-92f4-6a1d0aa606f5,1.0,GENERATED,SYNTHETIC,accept,Solar PV Installer,"{""generator"":""v2"",""note"":""ground truth of the synthetic generator""}",true
247b0e72-faa7-56b8-991c-6fccd888da14,608cbacd-5b75-535a-92f4-6a1d0aa606f5,1.0,GENERATED,SYNTHETIC,accept,सोलर पैनल इंस्टॉलर,"{""generator"":""v2"",""note"":""ground truth of the synthetic generator""}",true
33b920ad-db2f-59d0-90dc-fd8d98572f23,608cbacd-5b75-535a-92f4-6a1d0aa606f5,1.0,GENERATED,SYNTHETIC,accept,Solar Panel Fitter,"{""generator"":""v2"",""note"":""ground truth of the synthetic generator""}",true
982ec59b-a26e-50c9-89c1-30d609a39922,608cbacd-5b75-535a-92f4-6a1d0aa606f5,1.0,GENERATED,SYNTHETIC,accept,सोलर पॅनल इन्स्टॉलर,"{""generator"":""v2"",""note"":""ground truth of the synthetic generator""}",true
6f7f20b1-3202-5e54-991e-ef88184e6046,608cbacd-5b75-535a-92f4-6a1d0aa606f5,1.0,GENERATED,SYNTHETIC,accept,Solar PV Installer,"{""generator"":""v2"",""note"":""ground truth of the synthetic generator""}",true
6d2ef47b-d892-53d4-a956-6e029ad2ed2b,608cbacd-5b75-535a-92f4-6a1d0aa606f5,1.0,GENERATED,SYNTHETIC,accept,Solar Panel Fitter,"{""generator"":""v2"",""note"":""ground truth of the synthetic generator""}",true
145d5c7d-4735-583a-808b-0688e9d15b33,608cbacd-5b75-535a-92f4-6a1d0aa606f5,1.0,GENERATED,SYNTHETIC,accept,सोलर पॅनल इन्स्टॉलर,"{""generator"":""v2"",""note"":""ground truth of the synthetic generator""}",true
da608219-2151-5fef-abb0-f674cc134f84,608cbacd-5b75-535a-92f4-6a1d0aa606f5,1.0,GENERATED,SYNTHETIC,accept,Solar PV Installer,"{""generator"":""v2"",""note"":""ground truth of the synthetic generator""}",true
4269eed6-b909-54b4-8dfe-80c3db81117d,608cbacd-5b75-535a-92f4-6a1d0aa606f5,1.0,GENERATED,SYNTHETIC,accept,Rooftop Solar Installer,"{""generator"":""v2"",""note"":""ground truth of the synthetic generator""}",true
81d833f8-86cf-5342-91f7-3c792b305ce9,608cbacd-5b75-535a-92f4-6a1d0aa606f5,1.0,GENERATED,SYNTHETIC,accept,Solar PV Installer,"{""generator"":""v2"",""note"":""ground truth of the synthetic generator""}",true
af09fd92-3676-5a61-a45d-2a197161dd83,608cbacd-5b75-535a-92f4-6a1d0aa606f5,1.0,GENERATED,SYNTHETIC,accept,Solar PV Installer,"{""generator"":""v2"",""note"":""ground truth of the synthetic generator""}",true
1a3f1a2d-49ff-50cb-b403-cba51a2d484b,608cbacd-5b75-535a-92f4-6a1d0aa606f5,1.0,GENERATED,SYNTHETIC,accept,Solar Panel Fitter,"{""generator"":""v2"",""note"":""ground truth of the synthetic generator""}",true
5eda25a4-7bff-59c7-9ef3-e8bfd52c2131,608cbacd-5b75-535a-92f4-6a1d0aa606f5,1.0,GENERATED,SYNTHETIC,accept,Rooftop Solar Installer,"{""generator"":""v2"",""note"":""ground truth of the synthetic generator""}",true
d9c85d51-7b06-5d13-9c9b-c01a1116b30b,608cbacd-5b75-535a-92f4-6a1d0aa606f5,1.0,GENERATED,SYNTHETIC,accept,सोलर पैनल इंस्टॉलर,"{""generator"":""v2"",""note"":""ground truth of the synthetic generator""}",true
7bcdffd9-09fe-5a28-8499-a10bbe68d1d8,608cbacd-5b75-535a-92f4-6a1d0aa606f5,1.0,GENERATED,SYNTHETIC,accept,Rooftop Solar Installer,"{""generator"":""v2"",""note"":""ground truth of the synthetic generator""}",true
8f9f5912-2d20-51b0-a6ce-f4b8a18ff0c8,608cbacd-5b75-535a-92f4-6a1d0aa606f5,1.0,GENERATED,SYNTHETIC,accept,Solar Panel Fitter,"{""generator"":""v2"",""note"":""ground truth of the synthetic generator""}",true
de7e6cd5-b67c-5e6a-9db3-a27c28fee8c3,608cbacd-5b75-535a-92f4-6a1d0aa606f5,1.0,GENERATED,SYNTHETIC,accept,Solar Panel Fitter,"{""generator"":""v2"",""note"":""ground truth of the synthetic generator""}",true
73b89f11-77e4-5c55-9a15-cb7e4dc7215e,608cbacd-5b75-535a-92f4-6a1d0aa606f5,1.0,GENERATED,SYNTHETIC,accept,Solar PV Installer,"{""generator"":""v2"",""note"":""ground truth of the synthetic generator""}",true
d46ada30-04de-5d92-a70f-100287d7f778,608cbacd-5b75-535a-92f4-6a1d0aa606f5,1.0,GENERATED,SYNTHETIC,accept,Solar Panel Fitter,"{""generator"":""v2"",""note"":""ground truth of the synthetic generator""}",true
6fe04764-4417-5ec6-96a4-0cea5eb31001,608cbacd-5b75-535a-92f4-6a1d0aa606f5,1.0,GENERATED,SYNTHETIC,accept,Solar Panel Fitter,"{""generator"":""v2"",""note"":""ground truth of the synthetic generator""}",true
4026f79c-9f3e-59b3-9509-229ab1fa2795,608cbacd-5b75-535a-92f4-6a1d0aa606f5,1.0,GENERATED,SYNTHETIC,accept,Solar PV Installer,"{""generator"":""v2"",""note"":""ground truth of the synthetic generator""}",true
1ec6f97e-b552-52c9-aa11-ecbca1652a5a,608cbacd-5b75-535a-92f4-6a1d0aa606f5,1.0,GENERATED,SYNTHETIC,accept,सोलर पॅनल इन्स्टॉलर,"{""generator"":""v2"",""note"":""ground truth of the synthetic generator""}",true
5266506e-dc45-5dc0-8f9c-d67a86ef1b67,608cbacd-5b75-535a-92f4-6a1d0aa606f5,1.0,GENERATED,SYNTHETIC,accept,Solar Panel Fitter,"{""generator"":""v2"",""note"":""ground truth of the synthetic generator""}",true
9d42ad76-6a26-5157-bb41-acb78a5e1366,608cbacd-5b75-535a-92f4-6a1d0aa606f5,1.0,GENERATED,SYNTHETIC,accept,Solar Panel Fitter,"{""generator"":""v2"",""note"":""ground truth of the synthetic generator""}",true
184f969c-c4aa-5bf2-a9de-5c04d69238ca,608cbacd-5b75-535a-92f4-6a1d0aa606f5,1.0,GENERATED,SYNTHETIC,accept,सोलर पैनल इंस्टॉलर,"{""generator"":""v2"",""note"":""ground truth of the synthetic generator""}",true
2673191c-fc19-5271-bb0c-d33ac9ae70d2,608cbacd-5b75-535a-92f4-6a1d0aa606f5,1.0,GENERATED,SYNTHETIC,accept,Rooftop Solar Installer,"{""generator"":""v2"",""note"":""ground truth of the synthetic generator""}",true
b0748e6b-5a11-5e4d-a32e-7cdc3c47b4a4,608cbacd-5b75-535a-92f4-6a1d0aa606f5,1.0,GENERATED,SYNTHETIC,accept,Rooftop Solar Installer,"{""generator"":""v2"",""note"":""ground truth of the synthetic generator""}",true
032bb8b3-2e4c-5384-b44b-5ab69fa51efe,608cbacd-5b75-535a-92f4-6a1d0aa606f5,1.0,GENERATED,SYNTHETIC,accept,Solar Panel Fitter,"{""generator"":""v2"",""note"":""ground truth of the synthetic generator""}",true
72f5b8bd-4f59-5f58-8dc5-d1f61a8a99ad,608cbacd-5b75-535a-92f4-6a1d0aa606f5,1.0,GENERATED,SYNTHETIC,accept,सोलर पॅनल इन्स्टॉलर,"{""generator"":""v2"",""note"":""ground truth of the synthetic generator""}",true
c9121e19-51e9-5905-8dbb-d888345d350f,608cbacd-5b75-535a-92f4-6a1d0aa606f5,1.0,GENERATED,SYNTHETIC,accept,Solar Panel Fitter,"{""generator"":""v2"",""note"":""ground truth of the synthetic generator""}",true
d9c529e0-d15a-57ac-acc7-5fd78405fd75,608cbacd-5b75-535a-92f4-6a1d0aa606f5,1.0,GENERATED,SYNTHETIC,accept,Rooftop Solar Installer,"{""generator"":""v2"",""note"":""ground truth of the synthetic generator""}",true
053bbb23-f6cd-5a3f-8245-d191d42e2908,608cbacd-5b75-535a-92f4-6a1d0aa606f5,1.0,GENERATED,SYNTHETIC,accept,सोलर पॅनल इन्स्टॉलर,"{""generator"":""v2"",""note"":""ground truth of the synthetic generator""}",true
65b0d508-67ca-5ba2-9f1b-093998f3226c,608cbacd-5b75-535a-92f4-6a1d0aa606f5,1.0,GENERATED,SYNTHETIC,accept,Solar Panel Fitter,"{""generator"":""v2"",""note"":""ground truth of the synthetic generator""}",true
a39a6b85-2a26-501a-8f3b-f1f3468f6c74,608cbacd-5b75-535a-92f4-6a1d0aa606f5,1.0,GENERATED,SYNTHETIC,accept,Solar Panel Fitter,"{""generator"":""v2"",""note"":""ground truth of the synthetic generator""}",true
b6001760-1e2a-5e93-8177-7809c66e13c0,608cbacd-5b75-535a-92f4-6a1d0aa606f5,1.0,GENERATED,SYNTHETIC,accept,Solar PV Installer,"{""generator"":""v2"",""note"":""ground truth of the synthetic generator""}",true
a7a658d3-c402-5002-a76c-7de0477bbf6a,608cbacd-5b75-535a-92f4-6a1d0aa606f5,1.0,GENERATED,SYNTHETIC,accept,सोलर पॅनल इन्स्टॉलर,"{""generator"":""v2"",""note"":""ground truth of the synthetic generator""}",true
0f51a74d-637d-51fa-abc1-168c2a82d5e7,608cbacd-5b75-535a-92f4-6a1d0aa606f5,1.0,GENERATED,SYNTHETIC,accept,Solar PV Installer,"{""generator"":""v2"",""note"":""ground truth of the synthetic generator""}",true
e5744f6b-e43b-5074-9c6b-27b6188cc154,608cbacd-5b75-535a-92f4-6a1d0aa606f5,1.0,GENERATED,SYNTHETIC,accept,सोलर पॅनल इन्स्टॉलर,"{""generator"":""v2"",""note"":""ground truth of the synthetic generator""}",true
a14736d5-265f-5d8a-8bde-6ade2c4bd6a9,608cbacd-5b75-535a-92f4-6a1d0aa606f5,1.0,GENERATED,SYNTHETIC,accept,Solar PV Installer,"{""generator"":""v2"",""note"":""ground truth of the synthetic generator""}",true
b708c2da-a66d-5af7-b79b-09f15d950bc3,608cbacd-5b75-535a-92f4-6a1d0aa606f5,1.0,GENERATED,SYNTHETIC,accept,Solar Panel Fitter,"{""generator"":""v2"",""note"":""ground truth of the synthetic generator""}",true
a7df355c-b188-508a-b308-ae90bac3a253,608cbacd-5b75-535a-92f4-6a1d0aa606f5,1.0,GENERATED,SYNTHETIC,accept,Solar Panel Fitter,"{""generator"":""v2"",""note"":""ground truth of the synthetic generator""}",true
98c33c80-37db-5ec6-9d89-69364d430d7d,608cbacd-5b75-535a-92f4-6a1d0aa606f5,1.0,GENERATED,SYNTHETIC,accept,Solar PV Installer,"{""generator"":""v2"",""note"":""ground truth of the synthetic generator""}",true
5ef7f186-fe5f-586b-9b86-d3c48b60b603,608cbacd-5b75-535a-92f4-6a1d0aa606f5,1.0,GENERATED,SYNTHETIC,accept,Rooftop Solar Installer,"{""generator"":""v2"",""note"":""ground truth of the synthetic generator""}",true
77c70595-8a0b-5a87-bfc5-0792742e378e,608cbacd-5b75-535a-92f4-6a1d0aa606f5,1.0,GENERATED,SYNTHETIC,accept,Solar Panel Fitter,"{""generator"":""v2"",""note"":""ground truth of the synthetic generator""}",true
8223a90f-d1da-5fdf-ac3b-6c34bcd9844d,608cbacd-5b75-535a-92f4-6a1d0aa606f5,1.0,GENERATED,SYNTHETIC,accept,Solar PV Installer,"{""generator"":""v2"",""note"":""ground truth of the synthetic generator""}",true
2212b656-71cd-592d-b9fe-8a3c16efcae9,608cbacd-5b75-535a-92f4-6a1d0aa606f5,1.0,GENERATED,SYNTHETIC,accept,Rooftop Solar Installer,"{""generator"":""v2"",""note"":""ground truth of the synthetic generator""}",true
9b4ffef9-687e-5d5f-b4ad-048dbb9d2118,608cbacd-5b75-535a-92f4-6a1d0aa606f5,1.0,GENERATED,SYNTHETIC,accept,Solar PV Installer,"{""generator"":""v2"",""note"":""ground truth of the synthetic generator""}",true
40c82343-362a-51f2-a9a2-23a8bddab1e0,608cbacd-5b75-535a-92f4-6a1d0aa606f5,1.0,GENERATED,SYNTHETIC,accept,Solar Panel Fitter,"{""generator"":""v2"",""note"":""ground truth of the synthetic generator""}",true
f3ae1930-15ff-51b1-b604-f17b06ed4d97,608cbacd-5b75-535a-92f4-6a1d0aa606f5,1.0,GENERATED,SYNTHETIC,accept,सोलर पैनल इंस्टॉलर,"{""generator"":""v2"",""note"":""ground truth of the synthetic generator""}",true
496d1e80-b9df-546b-8b01-dc32bc8682a0,608cbacd-5b75-535a-92f4-6a1d0aa606f5,1.0,GENERATED,SYNTHETIC,accept,Solar PV Installer,"{""generator"":""v2"",""note"":""ground truth of the synthetic generator""}",true
f785e202-9fbc-5cf2-89f5-10791ecdcfe2,608cbacd-5b75-535a-92f4-6a1d0aa606f5,1.0,GENERATED,SYNTHETIC,accept,सोलर पॅनल इन्स्टॉलर,"{""generator"":""v2"",""note"":""ground truth of the synthetic generator""}",true
5a161657-5155-56e5-bb65-0306230224a0,608cbacd-5b75-535a-92f4-6a1d0aa606f5,1.0,GENERATED,SYNTHETIC,accept,Solar Panel Fitter,"{""generator"":""v2"",""note"":""ground truth of the synthetic generator""}",true
ab82103e-8dc1-528e-9338-5c9d81c12475,608cbacd-5b75-535a-92f4-6a1d0aa606f5,1.0,GENERATED,SYNTHETIC,accept,Solar Panel Fitter,"{""generator"":""v2"",""note"":""ground truth of the synthetic generator""}",true
bf82f4d7-dcc4-5360-b2c0-259e4ef39eb6,608cbacd-5b75-535a-92f4-6a1d0aa606f5,1.0,GENERATED,SYNTHETIC,accept,Solar Panel Fitter,"{""generator"":""v2"",""note"":""ground truth of the synthetic generator""}",true
2e72de87-0a74-5db2-a665-469deea9370e,608cbacd-5b75-535a-92f4-6a1d0aa606f5,1.0,GENERATED,SYNTHETIC,accept,Rooftop Solar Installer,"{""generator"":""v2"",""note"":""ground truth of the synthetic generator""}",true
c561349d-1fbe-566d-b3ca-4e95b44bd69c,608cbacd-5b75-535a-92f4-6a1d0aa606f5,1.0,GENERATED,SYNTHETIC,accept,Solar PV Installer,"{""generator"":""v2"",""note"":""ground truth of the synthetic generator""}",true
2d196b8e-1f95-56f7-b463-79ab9b8c2af3,608cbacd-5b75-535a-92f4-6a1d0aa606f5,1.0,GENERATED,SYNTHETIC,accept,Solar Panel Fitter,"{""generator"":""v2"",""note"":""ground truth of the synthetic generator""}",true
1be134b7-dd4b-530b-9796-0f08d2fd9b77,608cbacd-5b75-535a-92f4-6a1d0aa606f5,1.0,GENERATED,SYNTHETIC,accept,Solar Panel Fitter,"{""generator"":""v2"",""note"":""ground truth of the synthetic generator""}",true
fc0c24ae-a47e-5c0e-8a68-e8d917e7ca80,608cbacd-5b75-535a-92f4-6a1d0aa606f5,1.0,GENERATED,SYNTHETIC,accept,Rooftop Solar Installer,"{""generator"":""v2"",""note"":""ground truth of the synthetic generator""}",true
a9e163ed-89d9-5375-8b53-261b6380a62a,608cbacd-5b75-535a-92f4-6a1d0aa606f5,1.0,GENERATED,SYNTHETIC,accept,Rooftop Solar Installer,"{""generator"":""v2"",""note"":""ground truth of the synthetic generator""}",true
61faa0aa-e299-5119-8759-8c79a6f1ee1a,608cbacd-5b75-535a-92f4-6a1d0aa606f5,1.0,GENERATED,SYNTHETIC,accept,Rooftop Solar Installer,"{""generator"":""v2"",""note"":""ground truth of the synthetic generator""}",true
d1922f16-7f73-5d16-ad66-743bee60f2bb,608cbacd-5b75-535a-92f4-6a1d0aa606f5,1.0,GENERATED,SYNTHETIC,accept,Solar Panel Fitter,"{""generator"":""v2"",""note"":""ground truth of the synthetic generator""}",true
7b82e3d5-cc2e-5f4e-a73e-916386c97025,608cbacd-5b75-535a-92f4-6a1d0aa606f5,1.0,GENERATED,SYNTHETIC,accept,सोलर पैनल इंस्टॉलर,"{""generator"":""v2"",""note"":""ground truth of the synthetic generator""}",true
0c6098bd-4fc8-5b5a-b96c-b55d6d5c3c5e,608cbacd-5b75-535a-92f4-6a1d0aa606f5,1.0,GENERATED,SYNTHETIC,accept,Solar PV Installer,"{""generator"":""v2"",""note"":""ground truth of the synthetic generator""}",true
ea6202f2-ad0e-5ef9-8ecb-fbb08e6c0be0,608cbacd-5b75-535a-92f4-6a1d0aa606f5,1.0,GENERATED,SYNTHETIC,accept,Solar Panel Fitter,"{""generator"":""v2"",""note"":""ground truth of the synthetic generator""}",true
f605988b-8de8-54e3-8862-d8295cc5ee81,608cbacd-5b75-535a-92f4-6a1d0aa606f5,1.0,GENERATED,SYNTHETIC,accept,सोलर पॅनल इन्स्टॉलर,"{""generator"":""v2"",""note"":""ground truth of the synthetic generator""}",true
1158e413-b096-5326-aa8e-eb70dd22571c,608cbacd-5b75-535a-92f4-6a1d0aa606f5,1.0,GENERATED,SYNTHETIC,accept,Solar PV Installer,"{""generator"":""v2"",""note"":""ground truth of the synthetic generator""}",true
7a696430-80d5-53d1-8a56-cf05e3a15fef,608cbacd-5b75-535a-92f4-6a1d0aa606f5,1.0,GENERATED,SYNTHETIC,accept,Solar Panel Fitter,"{""generator"":""v2"",""note"":""ground truth of the synthetic generator""}",true
f4657a80-889d-5fa6-8418-c434b76c960e,608cbacd-5b75-535a-92f4-6a1d0aa606f5,1.0,GENERATED,SYNTHETIC,accept,Solar PV Installer,"{""generator"":""v2"",""note"":""ground truth of the synthetic generator""}",true
dbf5c3ab-3e60-517a-918a-31f75926ca1c,608cbacd-5b75-535a-92f4-6a1d0aa606f5,1.0,GENERATED,SYNTHETIC,accept,सोलर पॅनल इन्स्टॉलर,"{""generator"":""v2"",""note"":""ground truth of the synthetic generator""}",true
5c5be227-8d26-56be-88a5-b03ce774a7ea,608cbacd-5b75-535a-92f4-6a1d0aa606f5,1.0,GENERATED,SYNTHETIC,accept,Rooftop Solar Installer,"{""generator"":""v2"",""note"":""ground truth of the synthetic generator""}",true
3da05e6f-6cff-54d8-a612-2f07c0d762f5,608cbacd-5b75-535a-92f4-6a1d0aa606f5,1.0,GENERATED,SYNTHETIC,accept,Solar PV Installer,"{""generator"":""v2"",""note"":""ground truth of the synthetic generator""}",true
efc67837-0464-5a06-a204-97234dc51b90,608cbacd-5b75-535a-92f4-6a1d0aa606f5,1.0,GENERATED,SYNTHETIC,accept,Rooftop Solar Installer,"{""generator"":""v2"",""note"":""ground truth of the synthetic generator""}",true
d0f88d6b-5ebb-524b-952c-d63cb305ea2e,608cbacd-5b75-535a-92f4-6a1d0aa606f5,1.0,GENERATED,SYNTHETIC,accept,Rooftop Solar Installer,"{""generator"":""v2"",""note"":""ground truth of the synthetic generator""}",true
905647f3-707c-55a1-a33a-ba6b237bf61f,608cbacd-5b75-535a-92f4-6a1d0aa606f5,1.0,GENERATED,SYNTHETIC,accept,Solar PV Installer,"{""generator"":""v2"",""note"":""ground truth of the synthetic generator""}",true
36b3b2b3-4fb3-5b66-be51-8e871079e143,608cbacd-5b75-535a-92f4-6a1d0aa606f5,1.0,GENERATED,SYNTHETIC,accept,सोलर पॅनल इन्स्टॉलर,"{""generator"":""v2"",""note"":""ground truth of the synthetic generator""}",true
6ac90f90-94eb-5d73-b281-60fb2a3c9379,608cbacd-5b75-535a-92f4-6a1d0aa606f5,1.0,GENERATED,SYNTHETIC,accept,Solar PV Installer,"{""generator"":""v2"",""note"":""ground truth of the synthetic generator""}",true
37d2740e-fb35-585f-821b-dec2c440edd4,608cbacd-5b75-535a-92f4-6a1d0aa606f5,1.0,GENERATED,SYNTHETIC,accept,Solar Panel Fitter,"{""generator"":""v2"",""note"":""ground truth of the synthetic generator""}",true
d1048844-7e1c-571c-bb0c-8de4cfe1bbfd,b943fcf7-9b8c-5261-907f-3a3ad77dfba0,1.0,GENERATED,SYNTHETIC,accept,सोलर सर्व्हिस टेक्निशियन,"{""generator"":""v2"",""note"":""ground truth of the synthetic generator""}",true
06ce52dc-8afb-5cc4-8f02-4f30727377d1,b943fcf7-9b8c-5261-907f-3a3ad77dfba0,1.0,GENERATED,SYNTHETIC,accept,सोलर सर्व्हिस टेक्निशियन,"{""generator"":""v2"",""note"":""ground truth of the synthetic generator""}",true
a5bc5434-e664-5814-9608-dd55ed1482d2,b943fcf7-9b8c-5261-907f-3a3ad77dfba0,1.0,GENERATED,SYNTHETIC,accept,Solar Inverter Technician,"{""generator"":""v2"",""note"":""ground truth of the synthetic generator""}",true
ccbe2f57-a1b6-5843-a3a8-abb44b4b3514,b943fcf7-9b8c-5261-907f-3a3ad77dfba0,1.0,GENERATED,SYNTHETIC,accept,Solar Inverter Technician,"{""generator"":""v2"",""note"":""ground truth of the synthetic generator""}",true
3f3887aa-360d-5b4e-914b-c0cad0ee611c,b943fcf7-9b8c-5261-907f-3a3ad77dfba0,1.0,GENERATED,SYNTHETIC,accept,Solar Service Technician,"{""generator"":""v2"",""note"":""ground truth of the synthetic generator""}",true
937157cd-f79b-556b-ab48-a4d20891d5b8,b943fcf7-9b8c-5261-907f-3a3ad77dfba0,1.0,GENERATED,SYNTHETIC,accept,Solar O&M Technician,"{""generator"":""v2"",""note"":""ground truth of the synthetic generator""}",true
ff787d96-1f1e-5fbe-83b4-93e9a0295f61,b943fcf7-9b8c-5261-907f-3a3ad77dfba0,1.0,GENERATED,SYNTHETIC,accept,Solar O&M Technician,"{""generator"":""v2"",""note"":""ground truth of the synthetic generator""}",true
745d49d9-89cf-509a-ad19-69959163fc97,b943fcf7-9b8c-5261-907f-3a3ad77dfba0,1.0,GENERATED,SYNTHETIC,accept,Solar Inverter Technician,"{""generator"":""v2"",""note"":""ground truth of the synthetic generator""}",true
be05a066-c5cf-5083-9ef9-99d01584d6db,b943fcf7-9b8c-5261-907f-3a3ad77dfba0,1.0,GENERATED,SYNTHETIC,accept,Solar Inverter Technician,"{""generator"":""v2"",""note"":""ground truth of the synthetic generator""}",true
490869d8-2f54-5a13-8786-a8cee7c1727e,b943fcf7-9b8c-5261-907f-3a3ad77dfba0,1.0,GENERATED,SYNTHETIC,accept,Solar O&M Technician,"{""generator"":""v2"",""note"":""ground truth of the synthetic generator""}",true
391e4ee1-b258-5ffb-8cd9-6b986c042938,b943fcf7-9b8c-5261-907f-3a3ad77dfba0,1.0,GENERATED,SYNTHETIC,accept,Solar O&M Technician,"{""generator"":""v2"",""note"":""ground truth of the synthetic generator""}",true
399b87f2-04da-5081-8ebe-1931c82976fc,b943fcf7-9b8c-5261-907f-3a3ad77dfba0,1.0,GENERATED,SYNTHETIC,accept,सोलर सर्व्हिस टेक्निशियन,"{""generator"":""v2"",""note"":""ground truth of the synthetic generator""}",true
89bc80f7-da30-5bdb-8332-2331bfc68afc,b943fcf7-9b8c-5261-907f-3a3ad77dfba0,1.0,GENERATED,SYNTHETIC,accept,Solar Service Technician,"{""generator"":""v2"",""note"":""ground truth of the synthetic generator""}",true
853aacb5-db79-5c1b-8e9c-5c5b273834cf,b943fcf7-9b8c-5261-907f-3a3ad77dfba0,1.0,GENERATED,SYNTHETIC,accept,Solar Inverter Technician,"{""generator"":""v2"",""note"":""ground truth of the synthetic generator""}",true
f0db1be0-7e62-58ff-a4fe-49e2a83ae3c6,b943fcf7-9b8c-5261-907f-3a3ad77dfba0,1.0,GENERATED,SYNTHETIC,accept,Solar Inverter Technician,"{""generator"":""v2"",""note"":""ground truth of the synthetic generator""}",true
fd2a6105-4c60-55a5-a8e8-e5a803c5a69c,b943fcf7-9b8c-5261-907f-3a3ad77dfba0,1.0,GENERATED,SYNTHETIC,accept,सोलर सर्विस तकनीशियन,"{""generator"":""v2"",""note"":""ground truth of the synthetic generator""}",true
e7811104-dfa4-539a-a3c1-a22b980e6f95,b943fcf7-9b8c-5261-907f-3a3ad77dfba0,1.0,GENERATED,SYNTHETIC,accept,Solar Service Technician,"{""generator"":""v2"",""note"":""ground truth of the synthetic generator""}",true
b0a434bc-c8f6-57ea-a3c1-491a2f50fe84,b943fcf7-9b8c-5261-907f-3a3ad77dfba0,1.0,GENERATED,SYNTHETIC,accept,Solar Inverter Technician,"{""generator"":""v2"",""note"":""ground truth of the synthetic generator""}",true
e1def33c-2bea-5e6f-9b8a-b679ec12821a,b943fcf7-9b8c-5261-907f-3a3ad77dfba0,1.0,GENERATED,SYNTHETIC,accept,सोलर सर्व्हिस टेक्निशियन,"{""generator"":""v2"",""note"":""ground truth of the synthetic generator""}",true
c2b7c027-2a4c-5bf5-ab57-0ed072c2c9d1,b943fcf7-9b8c-5261-907f-3a3ad77dfba0,1.0,GENERATED,SYNTHETIC,accept,सोलर सर्व्हिस टेक्निशियन,"{""generator"":""v2"",""note"":""ground truth of the synthetic generator""}",true
ce1aec6b-11aa-5d30-bf26-f185b24d71f1,b943fcf7-9b8c-5261-907f-3a3ad77dfba0,1.0,GENERATED,SYNTHETIC,accept,Solar Service Technician,"{""generator"":""v2"",""note"":""ground truth of the synthetic generator""}",true
f2403fe0-9387-535b-b82a-5daa95623ce4,b943fcf7-9b8c-5261-907f-3a3ad77dfba0,1.0,GENERATED,SYNTHETIC,accept,सोलर सर्विस तकनीशियन,"{""generator"":""v2"",""note"":""ground truth of the synthetic generator""}",true
ce1da202-3bb2-5524-8d9b-f742ecd2125a,b943fcf7-9b8c-5261-907f-3a3ad77dfba0,1.0,GENERATED,SYNTHETIC,accept,Solar Service Technician,"{""generator"":""v2"",""note"":""ground truth of the synthetic generator""}",true
5b9fd068-616b-5485-8c6f-c627c11133be,b943fcf7-9b8c-5261-907f-3a3ad77dfba0,1.0,GENERATED,SYNTHETIC,accept,Solar Inverter Technician,"{""generator"":""v2"",""note"":""ground truth of the synthetic generator""}",true
da5dfc70-0112-5c65-af96-e69af532e87b,b943fcf7-9b8c-5261-907f-3a3ad77dfba0,1.0,GENERATED,SYNTHETIC,accept,सोलर सर्व्हिस टेक्निशियन,"{""generator"":""v2"",""note"":""ground truth of the synthetic generator""}",true
b69a803e-5404-53c3-8827-2c1fbd87a604,b943fcf7-9b8c-5261-907f-3a3ad77dfba0,1.0,GENERATED,SYNTHETIC,accept,Solar Inverter Technician,"{""generator"":""v2"",""note"":""ground truth of the synthetic generator""}",true
937aa673-3043-5c49-90c3-abdcf16409bf,b943fcf7-9b8c-5261-907f-3a3ad77dfba0,1.0,GENERATED,SYNTHETIC,accept,Solar Service Technician,"{""generator"":""v2"",""note"":""ground truth of the synthetic generator""}",true
7e8e268c-76bc-5d2f-a1f7-030da06d9e89,b943fcf7-9b8c-5261-907f-3a3ad77dfba0,1.0,GENERATED,SYNTHETIC,accept,सोलर सर्व्हिस टेक्निशियन,"{""generator"":""v2"",""note"":""ground truth of the synthetic generator""}",true
ed3c5853-9800-599d-aaa8-bfef342b76c4,b943fcf7-9b8c-5261-907f-3a3ad77dfba0,1.0,GENERATED,SYNTHETIC,accept,सोलर सर्विस तकनीशियन,"{""generator"":""v2"",""note"":""ground truth of the synthetic generator""}",true
4c21c556-a47f-588f-8d3f-4d385b7acf87,b943fcf7-9b8c-5261-907f-3a3ad77dfba0,1.0,GENERATED,SYNTHETIC,accept,Solar Service Technician,"{""generator"":""v2"",""note"":""ground truth of the synthetic generator""}",true
5b39d921-26f2-5dd5-a479-9e58f879d77d,b943fcf7-9b8c-5261-907f-3a3ad77dfba0,1.0,GENERATED,SYNTHETIC,accept,Solar Service Technician,"{""generator"":""v2"",""note"":""ground truth of the synthetic generator""}",true
6c8bf2cc-2967-5dd0-9873-089d80ad0961,b943fcf7-9b8c-5261-907f-3a3ad77dfba0,1.0,GENERATED,SYNTHETIC,accept,Solar Inverter Technician,"{""generator"":""v2"",""note"":""ground truth of the synthetic generator""}",true
f871c09f-f382-525d-87c9-b86b7d6bc2ed,b943fcf7-9b8c-5261-907f-3a3ad77dfba0,1.0,GENERATED,SYNTHETIC,accept,Solar Service Technician,"{""generator"":""v2"",""note"":""ground truth of the synthetic generator""}",true
77af435e-2be6-50b3-b3a7-00dadcbb6aaa,45a4b4a2-7e42-55f6-933d-be42ed3a5b81,1.0,GENERATED,SYNTHETIC,accept,EV Technician,"{""generator"":""v2"",""note"":""ground truth of the synthetic generator""}",true
00ce3be0-7f06-54bf-ae4e-2c9147e07139,45a4b4a2-7e42-55f6-933d-be42ed3a5b81,1.0,GENERATED,SYNTHETIC,accept,EV Workshop Technician,"{""generator"":""v2"",""note"":""ground truth of the synthetic generator""}",true
e62a96d5-c874-54f7-af14-4bc3c72470eb,45a4b4a2-7e42-55f6-933d-be42ed3a5b81,1.0,GENERATED,SYNTHETIC,accept,EV Technician,"{""generator"":""v2"",""note"":""ground truth of the synthetic generator""}",true
2a89b49c-e4d8-54be-b259-e159eec95e7c,45a4b4a2-7e42-55f6-933d-be42ed3a5b81,1.0,GENERATED,SYNTHETIC,accept,EV Service Technician,"{""generator"":""v2"",""note"":""ground truth of the synthetic generator""}",true
113ee494-d777-57d6-aa1d-1ad004721126,45a4b4a2-7e42-55f6-933d-be42ed3a5b81,1.0,GENERATED,SYNTHETIC,accept,Electric Vehicle Mechanic,"{""generator"":""v2"",""note"":""ground truth of the synthetic generator""}",true
224e09b9-75c4-5f39-b0b4-3a833296456b,45a4b4a2-7e42-55f6-933d-be42ed3a5b81,1.0,GENERATED,SYNTHETIC,accept,EV Workshop Technician,"{""generator"":""v2"",""note"":""ground truth of the synthetic generator""}",true
ae6159dc-5db2-507b-afa1-bc60d4042909,45a4b4a2-7e42-55f6-933d-be42ed3a5b81,1.0,GENERATED,SYNTHETIC,accept,ईव्ही सर्व्हिस टेक्निशियन,"{""generator"":""v2"",""note"":""ground truth of the synthetic generator""}",true
f5f3242d-a1b5-54a9-a1c6-7bad9a55ee1d,45a4b4a2-7e42-55f6-933d-be42ed3a5b81,1.0,GENERATED,SYNTHETIC,accept,ईव्ही सर्व्हिस टेक्निशियन,"{""generator"":""v2"",""note"":""ground truth of the synthetic generator""}",true
22f3e87a-bbaa-5bf8-bf12-0a2d6f2f24b1,45a4b4a2-7e42-55f6-933d-be42ed3a5b81,1.0,GENERATED,SYNTHETIC,accept,ईव्ही सर्व्हिस टेक्निशियन,"{""generator"":""v2"",""note"":""ground truth of the synthetic generator""}",true
f24bec97-e784-5cc1-b177-d4ed8fc031fb,45a4b4a2-7e42-55f6-933d-be42ed3a5b81,1.0,GENERATED,SYNTHETIC,accept,EV Workshop Technician,"{""generator"":""v2"",""note"":""ground truth of the synthetic generator""}",true
f1bd05cd-78a3-59e3-a34a-f456201ebb52,45a4b4a2-7e42-55f6-933d-be42ed3a5b81,1.0,GENERATED,SYNTHETIC,accept,ईव्ही सर्व्हिस टेक्निशियन,"{""generator"":""v2"",""note"":""ground truth of the synthetic generator""}",true
5a652485-b417-5c8d-abd2-1ab0dbead576,45a4b4a2-7e42-55f6-933d-be42ed3a5b81,1.0,GENERATED,SYNTHETIC,accept,Electric Vehicle Mechanic,"{""generator"":""v2"",""note"":""ground truth of the synthetic generator""}",true
f9efe065-d94e-5f37-b77a-90fb9c56301f,45a4b4a2-7e42-55f6-933d-be42ed3a5b81,1.0,GENERATED,SYNTHETIC,accept,EV Service Technician,"{""generator"":""v2"",""note"":""ground truth of the synthetic generator""}",true
8ba28e70-c37c-5743-aca3-ae46e5fb6f4a,45a4b4a2-7e42-55f6-933d-be42ed3a5b81,1.0,GENERATED,SYNTHETIC,accept,EV Service Technician,"{""generator"":""v2"",""note"":""ground truth of the synthetic generator""}",true
baa03f1a-b999-510a-9c52-2efa6a36f5d7,45a4b4a2-7e42-55f6-933d-be42ed3a5b81,1.0,GENERATED,SYNTHETIC,accept,EV Technician,"{""generator"":""v2"",""note"":""ground truth of the synthetic generator""}",true
8fcc9048-7fb9-5ef3-b005-4212e9e7ee66,19cab99e-6d9d-55f2-8e67-70f21663603e,1.0,GENERATED,SYNTHETIC,accept,EV Charger Installation Technician,"{""generator"":""v2"",""note"":""ground truth of the synthetic generator""}",true
562758a3-912a-5946-9c8c-1e58fbe4290e,19cab99e-6d9d-55f2-8e67-70f21663603e,1.0,GENERATED,SYNTHETIC,accept,EV Charging Technician,"{""generator"":""v2"",""note"":""ground truth of the synthetic generator""}",true
061019dc-1eaf-5835-8de4-32e55e6a590f,19cab99e-6d9d-55f2-8e67-70f21663603e,1.0,GENERATED,SYNTHETIC,accept,EV Charging Technician,"{""generator"":""v2"",""note"":""ground truth of the synthetic generator""}",true
98ae1135-14de-5270-b31d-133451ab969e,19cab99e-6d9d-55f2-8e67-70f21663603e,1.0,GENERATED,SYNTHETIC,accept,EV Charger Installation Technician,"{""generator"":""v2"",""note"":""ground truth of the synthetic generator""}",true
301af8b5-c18c-56e7-918e-fb16ed4be1df,19cab99e-6d9d-55f2-8e67-70f21663603e,1.0,GENERATED,SYNTHETIC,accept,Charging Station Installer,"{""generator"":""v2"",""note"":""ground truth of the synthetic generator""}",true
1c46640e-8c9e-5ced-976d-04bfaf89af83,19cab99e-6d9d-55f2-8e67-70f21663603e,1.0,GENERATED,SYNTHETIC,accept,ईव्ही चार्जर इन्स्टॉलेशन टेक्निशियन,"{""generator"":""v2"",""note"":""ground truth of the synthetic generator""}",true
a57b4ea2-e639-5634-a0ee-a4f70bc5571c,19cab99e-6d9d-55f2-8e67-70f21663603e,1.0,GENERATED,SYNTHETIC,accept,Charging Station Installer,"{""generator"":""v2"",""note"":""ground truth of the synthetic generator""}",true
0b404d2b-0e54-5ee8-ba5d-a42c76258832,19cab99e-6d9d-55f2-8e67-70f21663603e,1.0,GENERATED,SYNTHETIC,accept,EV Charging Technician,"{""generator"":""v2"",""note"":""ground truth of the synthetic generator""}",true
2645efa1-c83f-5714-a3e8-9e7b9b5d5189,19cab99e-6d9d-55f2-8e67-70f21663603e,1.0,GENERATED,SYNTHETIC,accept,EV Charging Technician,"{""generator"":""v2"",""note"":""ground truth of the synthetic generator""}",true
1e9c10b0-ac09-5ef6-a79c-bdf94d4dffd2,c7df5212-ab60-5561-aa36-9acc415e9b5b,1.0,GENERATED,SYNTHETIC,accept,इलेक्ट्रिशियन,"{""generator"":""v2"",""note"":""ground truth of the synthetic generator""}",true
cacbab4a-be2a-5fea-bbce-0fb655920773,c7df5212-ab60-5561-aa36-9acc415e9b5b,1.0,GENERATED,SYNTHETIC,accept,इलेक्ट्रिशियन,"{""generator"":""v2"",""note"":""ground truth of the synthetic generator""}",true
a143045a-f501-5f22-921f-fdcf8c30b4ad,c7df5212-ab60-5561-aa36-9acc415e9b5b,1.0,GENERATED,SYNTHETIC,accept,इलेक्ट्रिशियन,"{""generator"":""v2"",""note"":""ground truth of the synthetic generator""}",true
e3ac43d7-ec6a-5234-8e65-7caad504feb3,c7df5212-ab60-5561-aa36-9acc415e9b5b,1.0,GENERATED,SYNTHETIC,accept,Maintenance Electrician,"{""generator"":""v2"",""note"":""ground truth of the synthetic generator""}",true
b6aea112-2102-51a3-962d-8d7040378413,c7df5212-ab60-5561-aa36-9acc415e9b5b,1.0,GENERATED,SYNTHETIC,accept,Building Electrician,"{""generator"":""v2"",""note"":""ground truth of the synthetic generator""}",true
a845a695-552c-5d0e-b773-17f5dc8aa294,c7df5212-ab60-5561-aa36-9acc415e9b5b,1.0,GENERATED,SYNTHETIC,accept,Industrial Electrician,"{""generator"":""v2"",""note"":""ground truth of the synthetic generator""}",true
b1c8ea62-04b7-51fa-8910-5133cb288890,c7df5212-ab60-5561-aa36-9acc415e9b5b,1.0,GENERATED,SYNTHETIC,accept,Maintenance Electrician,"{""generator"":""v2"",""note"":""ground truth of the synthetic generator""}",true
80408340-0c11-50fc-adc8-472a16661e54,c7df5212-ab60-5561-aa36-9acc415e9b5b,1.0,GENERATED,SYNTHETIC,accept,Electrician,"{""generator"":""v2"",""note"":""ground truth of the synthetic generator""}",true
75564ed8-6a02-53c5-9cb2-9f2c0df5c082,c7df5212-ab60-5561-aa36-9acc415e9b5b,1.0,GENERATED,SYNTHETIC,accept,इलेक्ट्रिशियन,"{""generator"":""v2"",""note"":""ground truth of the synthetic generator""}",true
ac26687f-701c-503a-b6d2-7309256ac4dd,c7df5212-ab60-5561-aa36-9acc415e9b5b,1.0,GENERATED,SYNTHETIC,accept,Industrial Electrician,"{""generator"":""v2"",""note"":""ground truth of the synthetic generator""}",true
c3711f97-a519-5b08-80ff-6958bf4650de,c7df5212-ab60-5561-aa36-9acc415e9b5b,1.0,GENERATED,SYNTHETIC,accept,इलेक्ट्रीशियन,"{""generator"":""v2"",""note"":""ground truth of the synthetic generator""}",true
af905762-020b-5fe4-a95b-d53ebbda3c37,c7df5212-ab60-5561-aa36-9acc415e9b5b,1.0,GENERATED,SYNTHETIC,accept,इलेक्ट्रिशियन,"{""generator"":""v2"",""note"":""ground truth of the synthetic generator""}",true
3c5a2341-08d1-56bf-ad91-54fe61429329,c7df5212-ab60-5561-aa36-9acc415e9b5b,1.0,GENERATED,SYNTHETIC,accept,Industrial Electrician,"{""generator"":""v2"",""note"":""ground truth of the synthetic generator""}",true
cd83dd56-4710-5f8b-a44f-73bb44e48e1d,c7df5212-ab60-5561-aa36-9acc415e9b5b,1.0,GENERATED,SYNTHETIC,accept,इलेक्ट्रिशियन,"{""generator"":""v2"",""note"":""ground truth of the synthetic generator""}",true
7dead8e0-e434-58ef-b4cb-81f06f5e8061,c7df5212-ab60-5561-aa36-9acc415e9b5b,1.0,GENERATED,SYNTHETIC,accept,इलेक्ट्रिशियन,"{""generator"":""v2"",""note"":""ground truth of the synthetic generator""}",true
f6fc57ad-585f-56bf-8a9f-8f587eddc6a7,c7df5212-ab60-5561-aa36-9acc415e9b5b,1.0,GENERATED,SYNTHETIC,accept,Electrician (ITI),"{""generator"":""v2"",""note"":""ground truth of the synthetic generator""}",true
44ffe767-9bb6-51fe-9478-b39196348ba1,c7df5212-ab60-5561-aa36-9acc415e9b5b,1.0,GENERATED,SYNTHETIC,accept,Maintenance Electrician,"{""generator"":""v2"",""note"":""ground truth of the synthetic generator""}",true
f4aa957d-c0c5-5f1c-905d-46781d650936,c7df5212-ab60-5561-aa36-9acc415e9b5b,1.0,GENERATED,SYNTHETIC,accept,इलेक्ट्रिशियन,"{""generator"":""v2"",""note"":""ground truth of the synthetic generator""}",true
75baccad-be73-59b7-91d9-fae6b4e8bf3b,c7df5212-ab60-5561-aa36-9acc415e9b5b,1.0,GENERATED,SYNTHETIC,accept,Industrial Electrician,"{""generator"":""v2"",""note"":""ground truth of the synthetic generator""}",true
003e31f6-6e0b-5aaf-9c2b-aced1ffc58bf,c7df5212-ab60-5561-aa36-9acc415e9b5b,1.0,GENERATED,SYNTHETIC,accept,Building Electrician,"{""generator"":""v2"",""note"":""ground truth of the synthetic generator""}",true
7e226024-3e62-5994-a231-0fed776773e8,c7df5212-ab60-5561-aa36-9acc415e9b5b,1.0,GENERATED,SYNTHETIC,accept,Electrician (ITI),"{""generator"":""v2"",""note"":""ground truth of the synthetic generator""}",true
ced25221-1b19-5129-94ec-d48e7ff84a5f,c7df5212-ab60-5561-aa36-9acc415e9b5b,1.0,GENERATED,SYNTHETIC,accept,इलेक्ट्रिशियन,"{""generator"":""v2"",""note"":""ground truth of the synthetic generator""}",true
c2224990-15ce-5d48-af2d-9b6e632be5e8,c7df5212-ab60-5561-aa36-9acc415e9b5b,1.0,GENERATED,SYNTHETIC,accept,Electrician,"{""generator"":""v2"",""note"":""ground truth of the synthetic generator""}",true
9ae28606-2b2b-5d88-9777-c595d00c195b,c7df5212-ab60-5561-aa36-9acc415e9b5b,1.0,GENERATED,SYNTHETIC,accept,Maintenance Electrician,"{""generator"":""v2"",""note"":""ground truth of the synthetic generator""}",true
a874bddf-67d3-5271-84ca-b5c5421b1320,c7df5212-ab60-5561-aa36-9acc415e9b5b,1.0,GENERATED,SYNTHETIC,accept,Electrician,"{""generator"":""v2"",""note"":""ground truth of the synthetic generator""}",true
552e8494-61e3-5ef3-a6f1-1634fad49612,c7df5212-ab60-5561-aa36-9acc415e9b5b,1.0,GENERATED,SYNTHETIC,accept,Electrician,"{""generator"":""v2"",""note"":""ground truth of the synthetic generator""}",true
1ccb69f9-49c3-500b-be57-322bd1bfd96a,c7df5212-ab60-5561-aa36-9acc415e9b5b,1.0,GENERATED,SYNTHETIC,accept,Electrician (ITI),"{""generator"":""v2"",""note"":""ground truth of the synthetic generator""}",true
8c14d01c-a87a-586d-92e3-ebb58dedaf6f,c7df5212-ab60-5561-aa36-9acc415e9b5b,1.0,GENERATED,SYNTHETIC,accept,Industrial Electrician,"{""generator"":""v2"",""note"":""ground truth of the synthetic generator""}",true
f99e5711-1b4f-5015-8d33-d8f23df52ae1,c7df5212-ab60-5561-aa36-9acc415e9b5b,1.0,GENERATED,SYNTHETIC,accept,Building Electrician,"{""generator"":""v2"",""note"":""ground truth of the synthetic generator""}",true
5706cd7f-919d-5afa-91f6-9a09bce5b5a8,c7df5212-ab60-5561-aa36-9acc415e9b5b,1.0,GENERATED,SYNTHETIC,accept,Industrial Electrician,"{""generator"":""v2"",""note"":""ground truth of the synthetic generator""}",true
f5c409f0-9600-585d-886f-3cc81d3e9baa,c7df5212-ab60-5561-aa36-9acc415e9b5b,1.0,GENERATED,SYNTHETIC,accept,Electrician (ITI),"{""generator"":""v2"",""note"":""ground truth of the synthetic generator""}",true
6e34b768-6cf5-589d-9721-4c4743edf6b1,c7df5212-ab60-5561-aa36-9acc415e9b5b,1.0,GENERATED,SYNTHETIC,accept,Building Electrician,"{""generator"":""v2"",""note"":""ground truth of the synthetic generator""}",true
b8db976a-1553-5f25-aa76-071d1448fa09,c7df5212-ab60-5561-aa36-9acc415e9b5b,1.0,GENERATED,SYNTHETIC,accept,इलेक्ट्रिशियन,"{""generator"":""v2"",""note"":""ground truth of the synthetic generator""}",true
d5850097-0d37-55b2-a4d4-05e31d335c77,c7df5212-ab60-5561-aa36-9acc415e9b5b,1.0,GENERATED,SYNTHETIC,accept,Electrician,"{""generator"":""v2"",""note"":""ground truth of the synthetic generator""}",true
30cf16f5-bac8-52da-a110-f595b884689b,c7df5212-ab60-5561-aa36-9acc415e9b5b,1.0,GENERATED,SYNTHETIC,accept,इलेक्ट्रिशियन,"{""generator"":""v2"",""note"":""ground truth of the synthetic generator""}",true
40d09d60-71de-50e4-8bc3-2ea747e67230,c7df5212-ab60-5561-aa36-9acc415e9b5b,1.0,GENERATED,SYNTHETIC,accept,इलेक्ट्रिशियन,"{""generator"":""v2"",""note"":""ground truth of the synthetic generator""}",true
20139203-21ca-543b-84c8-63133f3b4d9f,c7df5212-ab60-5561-aa36-9acc415e9b5b,1.0,GENERATED,SYNTHETIC,accept,इलेक्ट्रिशियन,"{""generator"":""v2"",""note"":""ground truth of the synthetic generator""}",true
8f913d83-633a-5a3c-9624-a9b65a7c7b9b,c7df5212-ab60-5561-aa36-9acc415e9b5b,1.0,GENERATED,SYNTHETIC,accept,Electrician (ITI),"{""generator"":""v2"",""note"":""ground truth of the synthetic generator""}",true
8046fa27-e830-5c5d-94e2-bd6dfd0aacd8,c7df5212-ab60-5561-aa36-9acc415e9b5b,1.0,GENERATED,SYNTHETIC,accept,इलेक्ट्रिशियन,"{""generator"":""v2"",""note"":""ground truth of the synthetic generator""}",true
af572663-7560-54d7-9e85-c913e82c8ff0,c7df5212-ab60-5561-aa36-9acc415e9b5b,1.0,GENERATED,SYNTHETIC,accept,Building Electrician,"{""generator"":""v2"",""note"":""ground truth of the synthetic generator""}",true
14923df4-c29d-5f81-ba4f-d1f75679db12,c7df5212-ab60-5561-aa36-9acc415e9b5b,1.0,GENERATED,SYNTHETIC,accept,इलेक्ट्रिशियन,"{""generator"":""v2"",""note"":""ground truth of the synthetic generator""}",true
00f713ca-4fc7-5488-8133-d455eff68ad8,c7df5212-ab60-5561-aa36-9acc415e9b5b,1.0,GENERATED,SYNTHETIC,accept,इलेक्ट्रिशियन,"{""generator"":""v2"",""note"":""ground truth of the synthetic generator""}",true
192e17ae-c633-5499-88ad-b109cce65e79,c7df5212-ab60-5561-aa36-9acc415e9b5b,1.0,GENERATED,SYNTHETIC,accept,Electrician (ITI),"{""generator"":""v2"",""note"":""ground truth of the synthetic generator""}",true
ea45a9c4-4a1c-5a5d-8bcd-79cf5efd19e0,c7df5212-ab60-5561-aa36-9acc415e9b5b,1.0,GENERATED,SYNTHETIC,accept,इलेक्ट्रिशियन,"{""generator"":""v2"",""note"":""ground truth of the synthetic generator""}",true
9cd68b56-c76e-5a6f-93e3-659b481216d1,c7df5212-ab60-5561-aa36-9acc415e9b5b,1.0,GENERATED,SYNTHETIC,accept,Electrician (ITI),"{""generator"":""v2"",""note"":""ground truth of the synthetic generator""}",true
3a3aabeb-9d27-529e-80c5-9f38fff6a99a,c7df5212-ab60-5561-aa36-9acc415e9b5b,1.0,GENERATED,SYNTHETIC,accept,इलेक्ट्रीशियन,"{""generator"":""v2"",""note"":""ground truth of the synthetic generator""}",true
10f422c3-b7ef-5aaa-a51e-2b19b3a2a80b,c7df5212-ab60-5561-aa36-9acc415e9b5b,1.0,GENERATED,SYNTHETIC,accept,इलेक्ट्रिशियन,"{""generator"":""v2"",""note"":""ground truth of the synthetic generator""}",true
37f8bd12-2d53-5f1a-9706-63bae79e30ea,c7df5212-ab60-5561-aa36-9acc415e9b5b,1.0,GENERATED,SYNTHETIC,accept,Industrial Electrician,"{""generator"":""v2"",""note"":""ground truth of the synthetic generator""}",true
1b11c258-d9a2-5fb5-98ad-60d91c9067db,c7df5212-ab60-5561-aa36-9acc415e9b5b,1.0,GENERATED,SYNTHETIC,accept,Building Electrician,"{""generator"":""v2"",""note"":""ground truth of the synthetic generator""}",true
40097efc-33de-5f75-8ccc-65ae812f79a9,c7df5212-ab60-5561-aa36-9acc415e9b5b,1.0,GENERATED,SYNTHETIC,accept,इलेक्ट्रिशियन,"{""generator"":""v2"",""note"":""ground truth of the synthetic generator""}",true
20035bb2-742a-5488-b231-d55abc3f28a1,c7df5212-ab60-5561-aa36-9acc415e9b5b,1.0,GENERATED,SYNTHETIC,accept,Industrial Electrician,"{""generator"":""v2"",""note"":""ground truth of the synthetic generator""}",true
0c94a0a8-eca8-5d6c-ba39-8bee15996116,c7df5212-ab60-5561-aa36-9acc415e9b5b,1.0,GENERATED,SYNTHETIC,accept,Electrician,"{""generator"":""v2"",""note"":""ground truth of the synthetic generator""}",true
83485926-e3c2-5117-803a-159c18fab9c8,c7df5212-ab60-5561-aa36-9acc415e9b5b,1.0,GENERATED,SYNTHETIC,accept,Industrial Electrician,"{""generator"":""v2"",""note"":""ground truth of the synthetic generator""}",true
e3d01942-e24e-5128-b063-b9cd75188a00,c7df5212-ab60-5561-aa36-9acc415e9b5b,1.0,GENERATED,SYNTHETIC,accept,Industrial Electrician,"{""generator"":""v2"",""note"":""ground truth of the synthetic generator""}",true
84192476-46cf-52e7-aa91-07d3b7b621f0,c7df5212-ab60-5561-aa36-9acc415e9b5b,1.0,GENERATED,SYNTHETIC,accept,Industrial Electrician,"{""generator"":""v2"",""note"":""ground truth of the synthetic generator""}",true
346bbfe0-4a90-56e6-b4cb-1a790c9b9dc1,c7df5212-ab60-5561-aa36-9acc415e9b5b,1.0,GENERATED,SYNTHETIC,accept,Electrician (ITI),"{""generator"":""v2"",""note"":""ground truth of the synthetic generator""}",true
3151d72c-a169-5b22-95a6-7afe861088cc,c7df5212-ab60-5561-aa36-9acc415e9b5b,1.0,GENERATED,SYNTHETIC,accept,इलेक्ट्रिशियन,"{""generator"":""v2"",""note"":""ground truth of the synthetic generator""}",true
c24e9a4e-4067-59f2-b44c-06dd4fbcf764,c7df5212-ab60-5561-aa36-9acc415e9b5b,1.0,GENERATED,SYNTHETIC,accept,Electrician (ITI),"{""generator"":""v2"",""note"":""ground truth of the synthetic generator""}",true
87a82be9-70ba-5f8a-b5e6-b60ac1ced2a8,c7df5212-ab60-5561-aa36-9acc415e9b5b,1.0,GENERATED,SYNTHETIC,accept,Industrial Electrician,"{""generator"":""v2"",""note"":""ground truth of the synthetic generator""}",true
07caa1bc-774e-58d4-b28b-7f2b9ed06770,c7df5212-ab60-5561-aa36-9acc415e9b5b,1.0,GENERATED,SYNTHETIC,accept,Building Electrician,"{""generator"":""v2"",""note"":""ground truth of the synthetic generator""}",true
29e6f77a-1f5c-525d-b276-abdf4f8e8c69,c7df5212-ab60-5561-aa36-9acc415e9b5b,1.0,GENERATED,SYNTHETIC,accept,Maintenance Electrician,"{""generator"":""v2"",""note"":""ground truth of the synthetic generator""}",true
0ff35b01-bbb7-5c4f-bfc8-bf141c8ab317,c7df5212-ab60-5561-aa36-9acc415e9b5b,1.0,GENERATED,SYNTHETIC,accept,इलेक्ट्रिशियन,"{""generator"":""v2"",""note"":""ground truth of the synthetic generator""}",true
569219e7-f676-58d0-b355-1a854cd51813,c7df5212-ab60-5561-aa36-9acc415e9b5b,1.0,GENERATED,SYNTHETIC,accept,Building Electrician,"{""generator"":""v2"",""note"":""ground truth of the synthetic generator""}",true
ba816ab1-0349-58c3-97a8-1afbb69d2d48,c7df5212-ab60-5561-aa36-9acc415e9b5b,1.0,GENERATED,SYNTHETIC,accept,इलेक्ट्रिशियन,"{""generator"":""v2"",""note"":""ground truth of the synthetic generator""}",true
55dd1595-c623-5633-bd4d-1b90dd0534f7,c7df5212-ab60-5561-aa36-9acc415e9b5b,1.0,GENERATED,SYNTHETIC,accept,Electrician,"{""generator"":""v2"",""note"":""ground truth of the synthetic generator""}",true
29bc23a0-1b1e-5b45-ad9d-26bc6afe689c,c7df5212-ab60-5561-aa36-9acc415e9b5b,1.0,GENERATED,SYNTHETIC,accept,इलेक्ट्रिशियन,"{""generator"":""v2"",""note"":""ground truth of the synthetic generator""}",true
91072837-5498-533a-8520-c5ce54433d92,c7df5212-ab60-5561-aa36-9acc415e9b5b,1.0,GENERATED,SYNTHETIC,accept,Industrial Electrician,"{""generator"":""v2"",""note"":""ground truth of the synthetic generator""}",true
78c5889a-2d95-561b-969e-ea852ea3c52a,c7df5212-ab60-5561-aa36-9acc415e9b5b,1.0,GENERATED,SYNTHETIC,accept,Maintenance Electrician,"{""generator"":""v2"",""note"":""ground truth of the synthetic generator""}",true
f0b432e4-d367-5555-9b75-aa24d8bb2437,c7df5212-ab60-5561-aa36-9acc415e9b5b,1.0,GENERATED,SYNTHETIC,accept,Building Electrician,"{""generator"":""v2"",""note"":""ground truth of the synthetic generator""}",true
b01d6b2d-e44c-5e67-ae11-2ccacc7ebd45,c7df5212-ab60-5561-aa36-9acc415e9b5b,1.0,GENERATED,SYNTHETIC,accept,Industrial Electrician,"{""generator"":""v2"",""note"":""ground truth of the synthetic generator""}",true
acb0d25f-c57b-50b6-a12b-dcbcbe6b7f07,c7df5212-ab60-5561-aa36-9acc415e9b5b,1.0,GENERATED,SYNTHETIC,accept,Maintenance Electrician,"{""generator"":""v2"",""note"":""ground truth of the synthetic generator""}",true
a9b5db37-f281-5ff5-a79e-edddd2c2f055,c7df5212-ab60-5561-aa36-9acc415e9b5b,1.0,GENERATED,SYNTHETIC,accept,इलेक्ट्रिशियन,"{""generator"":""v2"",""note"":""ground truth of the synthetic generator""}",true
ec7cbeb5-3107-50c7-b767-d3c7a0210db0,c7df5212-ab60-5561-aa36-9acc415e9b5b,1.0,GENERATED,SYNTHETIC,accept,इलेक्ट्रिशियन,"{""generator"":""v2"",""note"":""ground truth of the synthetic generator""}",true
080cf79f-983d-5039-91a7-9573743a6f2e,c7df5212-ab60-5561-aa36-9acc415e9b5b,1.0,GENERATED,SYNTHETIC,accept,Building Electrician,"{""generator"":""v2"",""note"":""ground truth of the synthetic generator""}",true
b1b0cbc5-4a06-5904-b02b-99c9035e7979,c7df5212-ab60-5561-aa36-9acc415e9b5b,1.0,GENERATED,SYNTHETIC,accept,Electrician,"{""generator"":""v2"",""note"":""ground truth of the synthetic generator""}",true
d6c68ad4-612b-589a-9bbe-b5bdf37ad757,c7df5212-ab60-5561-aa36-9acc415e9b5b,1.0,GENERATED,SYNTHETIC,accept,Maintenance Electrician,"{""generator"":""v2"",""note"":""ground truth of the synthetic generator""}",true
3f2d9af3-be41-57d6-aba6-192df8784ae8,c7df5212-ab60-5561-aa36-9acc415e9b5b,1.0,GENERATED,SYNTHETIC,accept,Industrial Electrician,"{""generator"":""v2"",""note"":""ground truth of the synthetic generator""}",true
928de104-9a4d-5293-8753-b6ad5021e912,c7df5212-ab60-5561-aa36-9acc415e9b5b,1.0,GENERATED,SYNTHETIC,accept,Industrial Electrician,"{""generator"":""v2"",""note"":""ground truth of the synthetic generator""}",true
25da5d00-87b6-5f25-8130-0b2110737019,c7df5212-ab60-5561-aa36-9acc415e9b5b,1.0,GENERATED,SYNTHETIC,accept,इलेक्ट्रिशियन,"{""generator"":""v2"",""note"":""ground truth of the synthetic generator""}",true
84823275-499b-5dde-8428-f1a54c79124a,c7df5212-ab60-5561-aa36-9acc415e9b5b,1.0,GENERATED,SYNTHETIC,accept,इलेक्ट्रिशियन,"{""generator"":""v2"",""note"":""ground truth of the synthetic generator""}",true
c2ecb1be-63ff-504a-bf5b-9f576accd81b,c7df5212-ab60-5561-aa36-9acc415e9b5b,1.0,GENERATED,SYNTHETIC,accept,Maintenance Electrician,"{""generator"":""v2"",""note"":""ground truth of the synthetic generator""}",true
6f6d1131-8a0a-5769-99d1-2829ba46f773,c7df5212-ab60-5561-aa36-9acc415e9b5b,1.0,GENERATED,SYNTHETIC,accept,इलेक्ट्रिशियन,"{""generator"":""v2"",""note"":""ground truth of the synthetic generator""}",true
f9dd5ab5-04f5-5ccb-af04-74a43e3a6d2c,c7df5212-ab60-5561-aa36-9acc415e9b5b,1.0,GENERATED,SYNTHETIC,accept,Maintenance Electrician,"{""generator"":""v2"",""note"":""ground truth of the synthetic generator""}",true
b67f4798-925e-5e22-88e8-0fd3122d69a7,c7df5212-ab60-5561-aa36-9acc415e9b5b,1.0,GENERATED,SYNTHETIC,accept,इलेक्ट्रिशियन,"{""generator"":""v2"",""note"":""ground truth of the synthetic generator""}",true
02dacf31-9e4a-561b-a6d7-7a4ff8a2f20e,c7df5212-ab60-5561-aa36-9acc415e9b5b,1.0,GENERATED,SYNTHETIC,accept,Electrician (ITI),"{""generator"":""v2"",""note"":""ground truth of the synthetic generator""}",true
7a8ddf65-2750-50b0-a9e9-5dff26052851,c7df5212-ab60-5561-aa36-9acc415e9b5b,1.0,GENERATED,SYNTHETIC,accept,Building Electrician,"{""generator"":""v2"",""note"":""ground truth of the synthetic generator""}",true
3fd924ba-71a1-5de1-ba69-238e0bcaa47a,c7df5212-ab60-5561-aa36-9acc415e9b5b,1.0,GENERATED,SYNTHETIC,accept,इलेक्ट्रिशियन,"{""generator"":""v2"",""note"":""ground truth of the synthetic generator""}",true
0b329939-0691-5126-a83c-2ea68b373f0d,c7df5212-ab60-5561-aa36-9acc415e9b5b,1.0,GENERATED,SYNTHETIC,accept,इलेक्ट्रिशियन,"{""generator"":""v2"",""note"":""ground truth of the synthetic generator""}",true
50412a24-76c7-5034-960b-33c2241c3c6d,c7df5212-ab60-5561-aa36-9acc415e9b5b,1.0,GENERATED,SYNTHETIC,accept,Industrial Electrician,"{""generator"":""v2"",""note"":""ground truth of the synthetic generator""}",true
7309a986-de78-51bc-a6a6-db9d72c91ee2,c7df5212-ab60-5561-aa36-9acc415e9b5b,1.0,GENERATED,SYNTHETIC,accept,Electrician,"{""generator"":""v2"",""note"":""ground truth of the synthetic generator""}",true
3e7be109-9508-5610-8f8d-b469b73bef31,c7df5212-ab60-5561-aa36-9acc415e9b5b,1.0,GENERATED,SYNTHETIC,accept,इलेक्ट्रिशियन,"{""generator"":""v2"",""note"":""ground truth of the synthetic generator""}",true
6011ccf7-3407-54bc-b570-c3c3d1ac4517,c7df5212-ab60-5561-aa36-9acc415e9b5b,1.0,GENERATED,SYNTHETIC,accept,Electrician (ITI),"{""generator"":""v2"",""note"":""ground truth of the synthetic generator""}",true
053166b4-d663-5aa7-99ce-2c5a0df862b4,c7df5212-ab60-5561-aa36-9acc415e9b5b,1.0,GENERATED,SYNTHETIC,accept,Maintenance Electrician,"{""generator"":""v2"",""note"":""ground truth of the synthetic generator""}",true
5646c2d2-b6d5-5fe9-86db-3957ae675b5f,c7df5212-ab60-5561-aa36-9acc415e9b5b,1.0,GENERATED,SYNTHETIC,accept,इलेक्ट्रीशियन,"{""generator"":""v2"",""note"":""ground truth of the synthetic generator""}",true
5a6cbcf0-320a-50b9-9e43-397fb25166df,c7df5212-ab60-5561-aa36-9acc415e9b5b,1.0,GENERATED,SYNTHETIC,accept,इलेक्ट्रिशियन,"{""generator"":""v2"",""note"":""ground truth of the synthetic generator""}",true
aa946f88-a335-539c-9e27-7b23afdacdc9,c7df5212-ab60-5561-aa36-9acc415e9b5b,1.0,GENERATED,SYNTHETIC,accept,Industrial Electrician,"{""generator"":""v2"",""note"":""ground truth of the synthetic generator""}",true
527253c8-95ef-5b49-a66c-beb72dc84b8b,c7df5212-ab60-5561-aa36-9acc415e9b5b,1.0,GENERATED,SYNTHETIC,accept,इलेक्ट्रिशियन,"{""generator"":""v2"",""note"":""ground truth of the synthetic generator""}",true
734b24b8-71ba-5b35-b0ac-9d35e1a9c2c5,c7df5212-ab60-5561-aa36-9acc415e9b5b,1.0,GENERATED,SYNTHETIC,accept,Maintenance Electrician,"{""generator"":""v2"",""note"":""ground truth of the synthetic generator""}",true
271444d1-33cb-520d-8ec7-9f3dadf78a71,c7df5212-ab60-5561-aa36-9acc415e9b5b,1.0,GENERATED,SYNTHETIC,accept,इलेक्ट्रिशियन,"{""generator"":""v2"",""note"":""ground truth of the synthetic generator""}",true
80818160-34f8-5d87-8ba9-c349ac9bcd06,c7df5212-ab60-5561-aa36-9acc415e9b5b,1.0,GENERATED,SYNTHETIC,accept,Electrician,"{""generator"":""v2"",""note"":""ground truth of the synthetic generator""}",true
813eebbb-60db-547f-b27f-501bec833ecc,c7df5212-ab60-5561-aa36-9acc415e9b5b,1.0,GENERATED,SYNTHETIC,accept,Maintenance Electrician,"{""generator"":""v2"",""note"":""ground truth of the synthetic generator""}",true
5557ccae-8e56-5bb4-8667-55140a57fa47,c7df5212-ab60-5561-aa36-9acc415e9b5b,1.0,GENERATED,SYNTHETIC,accept,Electrician,"{""generator"":""v2"",""note"":""ground truth of the synthetic generator""}",true
d4550506-699c-5275-9882-8144012c3b19,c7df5212-ab60-5561-aa36-9acc415e9b5b,1.0,GENERATED,SYNTHETIC,accept,Electrician (ITI),"{""generator"":""v2"",""note"":""ground truth of the synthetic generator""}",true
30d1090b-5b0e-5914-aee4-ea209d0199d2,c7df5212-ab60-5561-aa36-9acc415e9b5b,1.0,GENERATED,SYNTHETIC,accept,Building Electrician,"{""generator"":""v2"",""note"":""ground truth of the synthetic generator""}",true
f20ef3ed-42bc-5e15-bbad-dbd238427028,c7df5212-ab60-5561-aa36-9acc415e9b5b,1.0,GENERATED,SYNTHETIC,accept,इलेक्ट्रिशियन,"{""generator"":""v2"",""note"":""ground truth of the synthetic generator""}",true
b0830f2b-7a72-59e3-b2c0-15267b730b2d,c7df5212-ab60-5561-aa36-9acc415e9b5b,1.0,GENERATED,SYNTHETIC,accept,Electrician (ITI),"{""generator"":""v2"",""note"":""ground truth of the synthetic generator""}",true
cb8efb63-4e48-5974-8551-9b3ddc6e40d3,c7df5212-ab60-5561-aa36-9acc415e9b5b,1.0,GENERATED,SYNTHETIC,accept,Electrician,"{""generator"":""v2"",""note"":""ground truth of the synthetic generator""}",true
b751566c-a10c-5b47-adb3-c5e67c73e20a,c7df5212-ab60-5561-aa36-9acc415e9b5b,1.0,GENERATED,SYNTHETIC,accept,इलेक्ट्रिशियन,"{""generator"":""v2"",""note"":""ground truth of the synthetic generator""}",true
0c5b7109-1ded-59fd-b7bb-f245066da91d,c7df5212-ab60-5561-aa36-9acc415e9b5b,1.0,GENERATED,SYNTHETIC,accept,Electrician,"{""generator"":""v2"",""note"":""ground truth of the synthetic generator""}",true
b7a73b96-dda7-57e1-99bf-d4d5cd1a6748,c7df5212-ab60-5561-aa36-9acc415e9b5b,1.0,GENERATED,SYNTHETIC,accept,Maintenance Electrician,"{""generator"":""v2"",""note"":""ground truth of the synthetic generator""}",true
6adf0370-7255-54d7-a522-28677332b96a,c7df5212-ab60-5561-aa36-9acc415e9b5b,1.0,GENERATED,SYNTHETIC,accept,Building Electrician,"{""generator"":""v2"",""note"":""ground truth of the synthetic generator""}",true
62b4f835-ccb5-597a-ae70-f43e57b49d70,c7df5212-ab60-5561-aa36-9acc415e9b5b,1.0,GENERATED,SYNTHETIC,accept,Building Electrician,"{""generator"":""v2"",""note"":""ground truth of the synthetic generator""}",true
c5087345-b147-5437-911a-cf6fc9ae9598,c7df5212-ab60-5561-aa36-9acc415e9b5b,1.0,GENERATED,SYNTHETIC,accept,Electrician,"{""generator"":""v2"",""note"":""ground truth of the synthetic generator""}",true
73d73ecb-3cb5-5f67-a2a8-eeadfc4fb68b,c7df5212-ab60-5561-aa36-9acc415e9b5b,1.0,GENERATED,SYNTHETIC,accept,Maintenance Electrician,"{""generator"":""v2"",""note"":""ground truth of the synthetic generator""}",true
5db7627c-756a-5719-820a-c15008d2dae4,c7df5212-ab60-5561-aa36-9acc415e9b5b,1.0,GENERATED,SYNTHETIC,accept,इलेक्ट्रिशियन,"{""generator"":""v2"",""note"":""ground truth of the synthetic generator""}",true
deb93340-677a-5891-8fec-7e80b560f546,c7df5212-ab60-5561-aa36-9acc415e9b5b,1.0,GENERATED,SYNTHETIC,accept,Electrician (ITI),"{""generator"":""v2"",""note"":""ground truth of the synthetic generator""}",true
7d92fe1a-32fa-58e1-aaf2-fd7978e967b3,c7df5212-ab60-5561-aa36-9acc415e9b5b,1.0,GENERATED,SYNTHETIC,accept,इलेक्ट्रिशियन,"{""generator"":""v2"",""note"":""ground truth of the synthetic generator""}",true
3df25bd4-ab2b-5903-a598-68c2ccd9ec60,c7df5212-ab60-5561-aa36-9acc415e9b5b,1.0,GENERATED,SYNTHETIC,accept,Electrician (ITI),"{""generator"":""v2"",""note"":""ground truth of the synthetic generator""}",true
b2ae8172-8497-5006-9932-a2f60cfb4d5b,c7df5212-ab60-5561-aa36-9acc415e9b5b,1.0,GENERATED,SYNTHETIC,accept,Maintenance Electrician,"{""generator"":""v2"",""note"":""ground truth of the synthetic generator""}",true
dcc2330c-c5a2-58f8-877a-515c71f5511f,c7df5212-ab60-5561-aa36-9acc415e9b5b,1.0,GENERATED,SYNTHETIC,accept,इलेक्ट्रिशियन,"{""generator"":""v2"",""note"":""ground truth of the synthetic generator""}",true
c82e4086-9095-58c5-af09-8dfc30df7848,c7df5212-ab60-5561-aa36-9acc415e9b5b,1.0,GENERATED,SYNTHETIC,accept,Electrician (ITI),"{""generator"":""v2"",""note"":""ground truth of the synthetic generator""}",true
5bcbaea5-ed72-5095-b07c-df1ab9a508df,c7df5212-ab60-5561-aa36-9acc415e9b5b,1.0,GENERATED,SYNTHETIC,accept,Electrician,"{""generator"":""v2"",""note"":""ground truth of the synthetic generator""}",true
2a51a60d-6130-5218-823d-8b59788231d3,c7df5212-ab60-5561-aa36-9acc415e9b5b,1.0,GENERATED,SYNTHETIC,accept,Building Electrician,"{""generator"":""v2"",""note"":""ground truth of the synthetic generator""}",true
ac39de94-1b88-509f-8f5c-9342ef4f57cf,c7df5212-ab60-5561-aa36-9acc415e9b5b,1.0,GENERATED,SYNTHETIC,accept,Maintenance Electrician,"{""generator"":""v2"",""note"":""ground truth of the synthetic generator""}",true
97f2bf97-70b2-5135-9873-c8871bf085aa,c7df5212-ab60-5561-aa36-9acc415e9b5b,1.0,GENERATED,SYNTHETIC,accept,Electrician,"{""generator"":""v2"",""note"":""ground truth of the synthetic generator""}",true
8ee0d1cf-9a68-583b-9c1b-f45c7f51677f,c7df5212-ab60-5561-aa36-9acc415e9b5b,1.0,GENERATED,SYNTHETIC,accept,इलेक्ट्रिशियन,"{""generator"":""v2"",""note"":""ground truth of the synthetic generator""}",true
77b0e77a-86eb-5aa2-9338-759972a384b1,c7df5212-ab60-5561-aa36-9acc415e9b5b,1.0,GENERATED,SYNTHETIC,accept,Building Electrician,"{""generator"":""v2"",""note"":""ground truth of the synthetic generator""}",true
2b6b8025-ea91-50b6-9220-f9ad130d7db0,c7df5212-ab60-5561-aa36-9acc415e9b5b,1.0,GENERATED,SYNTHETIC,accept,Electrician,"{""generator"":""v2"",""note"":""ground truth of the synthetic generator""}",true
205f1973-e44c-5ab9-9e82-e2c41622921d,c7df5212-ab60-5561-aa36-9acc415e9b5b,1.0,GENERATED,SYNTHETIC,accept,Building Electrician,"{""generator"":""v2"",""note"":""ground truth of the synthetic generator""}",true
ff308823-05ca-5d37-8cb9-0b27e2f44c9b,c7df5212-ab60-5561-aa36-9acc415e9b5b,1.0,GENERATED,SYNTHETIC,accept,Electrician,"{""generator"":""v2"",""note"":""ground truth of the synthetic generator""}",true
b3c33949-07da-5341-a157-f63882465a94,c7df5212-ab60-5561-aa36-9acc415e9b5b,1.0,GENERATED,SYNTHETIC,accept,इलेक्ट्रिशियन,"{""generator"":""v2"",""note"":""ground truth of the synthetic generator""}",true
9dd2fd85-2447-5c99-9123-8ceea73ab671,c7df5212-ab60-5561-aa36-9acc415e9b5b,1.0,GENERATED,SYNTHETIC,accept,Maintenance Electrician,"{""generator"":""v2"",""note"":""ground truth of the synthetic generator""}",true
913abef5-ba16-5fcc-a970-f8b3b75bf93a,c7df5212-ab60-5561-aa36-9acc415e9b5b,1.0,GENERATED,SYNTHETIC,accept,Industrial Electrician,"{""generator"":""v2"",""note"":""ground truth of the synthetic generator""}",true
f9291aa9-7feb-5f02-acc7-68df870a4482,c7df5212-ab60-5561-aa36-9acc415e9b5b,1.0,GENERATED,SYNTHETIC,accept,Maintenance Electrician,"{""generator"":""v2"",""note"":""ground truth of the synthetic generator""}",true
c6540092-0373-59a7-a177-e37a7612e4ba,c7df5212-ab60-5561-aa36-9acc415e9b5b,1.0,GENERATED,SYNTHETIC,accept,Industrial Electrician,"{""generator"":""v2"",""note"":""ground truth of the synthetic generator""}",true
39168113-3fb0-5cec-a8a3-1d647a618c2c,c7df5212-ab60-5561-aa36-9acc415e9b5b,1.0,GENERATED,SYNTHETIC,accept,इलेक्ट्रिशियन,"{""generator"":""v2"",""note"":""ground truth of the synthetic generator""}",true
35c27286-231a-55f5-b72a-ab4802ec60a3,c7df5212-ab60-5561-aa36-9acc415e9b5b,1.0,GENERATED,SYNTHETIC,accept,Maintenance Electrician,"{""generator"":""v2"",""note"":""ground truth of the synthetic generator""}",true
d312ac4c-15db-5e1a-a049-8ef079e586cd,c7df5212-ab60-5561-aa36-9acc415e9b5b,1.0,GENERATED,SYNTHETIC,accept,Electrician,"{""generator"":""v2"",""note"":""ground truth of the synthetic generator""}",true
857ccb75-4e9b-5f74-8a81-dad7d88761fc,c7df5212-ab60-5561-aa36-9acc415e9b5b,1.0,GENERATED,SYNTHETIC,accept,इलेक्ट्रिशियन,"{""generator"":""v2"",""note"":""ground truth of the synthetic generator""}",true
e2aee850-b96d-5f42-9259-dd0f4c0d168b,c7df5212-ab60-5561-aa36-9acc415e9b5b,1.0,GENERATED,SYNTHETIC,accept,Industrial Electrician,"{""generator"":""v2"",""note"":""ground truth of the synthetic generator""}",true
2f994743-945b-501b-8cf7-fe92646ba104,c7df5212-ab60-5561-aa36-9acc415e9b5b,1.0,GENERATED,SYNTHETIC,accept,Industrial Electrician,"{""generator"":""v2"",""note"":""ground truth of the synthetic generator""}",true
36e63600-cba8-59bc-91be-08759d81e493,c7df5212-ab60-5561-aa36-9acc415e9b5b,1.0,GENERATED,SYNTHETIC,accept,Electrician (ITI),"{""generator"":""v2"",""note"":""ground truth of the synthetic generator""}",true
e8bc2f36-eb24-558c-8aea-1a9f5e6af2c8,c7df5212-ab60-5561-aa36-9acc415e9b5b,1.0,GENERATED,SYNTHETIC,accept,Electrician,"{""generator"":""v2"",""note"":""ground truth of the synthetic generator""}",true
283c6402-dcef-5415-b9f7-3e8d451e62ef,c7df5212-ab60-5561-aa36-9acc415e9b5b,1.0,GENERATED,SYNTHETIC,accept,Electrician (ITI),"{""generator"":""v2"",""note"":""ground truth of the synthetic generator""}",true
cc1217f8-448b-5feb-bbea-a39cd19888a2,c7df5212-ab60-5561-aa36-9acc415e9b5b,1.0,GENERATED,SYNTHETIC,accept,Electrician (ITI),"{""generator"":""v2"",""note"":""ground truth of the synthetic generator""}",true
455ef107-89de-5e72-8c89-c3a83d94d276,c7df5212-ab60-5561-aa36-9acc415e9b5b,1.0,GENERATED,SYNTHETIC,accept,इलेक्ट्रिशियन,"{""generator"":""v2"",""note"":""ground truth of the synthetic generator""}",true
55cbb5d8-4c1d-5e3f-9884-adeb5f26d606,c7df5212-ab60-5561-aa36-9acc415e9b5b,1.0,GENERATED,SYNTHETIC,accept,Electrician,"{""generator"":""v2"",""note"":""ground truth of the synthetic generator""}",true
443de6b6-888c-5102-a4e2-1aee03cebb9f,c7df5212-ab60-5561-aa36-9acc415e9b5b,1.0,GENERATED,SYNTHETIC,accept,Electrician,"{""generator"":""v2"",""note"":""ground truth of the synthetic generator""}",true
5e1a0dd3-1f36-5981-aa7d-58352a6c43a9,c7df5212-ab60-5561-aa36-9acc415e9b5b,1.0,GENERATED,SYNTHETIC,accept,Building Electrician,"{""generator"":""v2"",""note"":""ground truth of the synthetic generator""}",true
42dc58a0-5a72-5f4b-805b-7981c56a4a48,c7df5212-ab60-5561-aa36-9acc415e9b5b,1.0,GENERATED,SYNTHETIC,accept,Electrician,"{""generator"":""v2"",""note"":""ground truth of the synthetic generator""}",true
7b936d53-3756-50c1-833f-0b4c1880d600,c7df5212-ab60-5561-aa36-9acc415e9b5b,1.0,GENERATED,SYNTHETIC,accept,इलेक्ट्रिशियन,"{""generator"":""v2"",""note"":""ground truth of the synthetic generator""}",true
ba4a0c68-b4fc-536e-9cca-2274775d0b91,c7df5212-ab60-5561-aa36-9acc415e9b5b,1.0,GENERATED,SYNTHETIC,accept,Electrician (ITI),"{""generator"":""v2"",""note"":""ground truth of the synthetic generator""}",true
49a80804-c898-5923-bc6c-123a879ca73f,c7df5212-ab60-5561-aa36-9acc415e9b5b,1.0,GENERATED,SYNTHETIC,accept,Maintenance Electrician,"{""generator"":""v2"",""note"":""ground truth of the synthetic generator""}",true
f3571098-781f-520b-80e0-6e51246ef893,c7df5212-ab60-5561-aa36-9acc415e9b5b,1.0,GENERATED,SYNTHETIC,accept,Maintenance Electrician,"{""generator"":""v2"",""note"":""ground truth of the synthetic generator""}",true
3545188a-177e-5818-bc24-27fafa641b6e,c7df5212-ab60-5561-aa36-9acc415e9b5b,1.0,GENERATED,SYNTHETIC,accept,Electrician (ITI),"{""generator"":""v2"",""note"":""ground truth of the synthetic generator""}",true
00844e25-1b39-5c20-a961-edef6fad12b5,c7df5212-ab60-5561-aa36-9acc415e9b5b,1.0,GENERATED,SYNTHETIC,accept,इलेक्ट्रिशियन,"{""generator"":""v2"",""note"":""ground truth of the synthetic generator""}",true
70a99ca6-45c2-580e-a5af-9d949c1c209f,c7df5212-ab60-5561-aa36-9acc415e9b5b,1.0,GENERATED,SYNTHETIC,accept,Building Electrician,"{""generator"":""v2"",""note"":""ground truth of the synthetic generator""}",true
e87c6d90-0ea0-5536-82e7-455f15914d9d,c7df5212-ab60-5561-aa36-9acc415e9b5b,1.0,GENERATED,SYNTHETIC,accept,Electrician (ITI),"{""generator"":""v2"",""note"":""ground truth of the synthetic generator""}",true
35e8c343-299d-5b70-bb5a-11fb63554f0c,c7df5212-ab60-5561-aa36-9acc415e9b5b,1.0,GENERATED,SYNTHETIC,accept,Industrial Electrician,"{""generator"":""v2"",""note"":""ground truth of the synthetic generator""}",true
64038dbb-c57c-5c23-88fc-a883f8e125c0,c7df5212-ab60-5561-aa36-9acc415e9b5b,1.0,GENERATED,SYNTHETIC,accept,Maintenance Electrician,"{""generator"":""v2"",""note"":""ground truth of the synthetic generator""}",true
9aaf464e-148f-59d3-9e2f-b6aa2da9e181,c7df5212-ab60-5561-aa36-9acc415e9b5b,1.0,GENERATED,SYNTHETIC,accept,Electrician (ITI),"{""generator"":""v2"",""note"":""ground truth of the synthetic generator""}",true
11fb1110-442f-5945-a4bb-576dc76737b2,c7df5212-ab60-5561-aa36-9acc415e9b5b,1.0,GENERATED,SYNTHETIC,accept,इलेक्ट्रिशियन,"{""generator"":""v2"",""note"":""ground truth of the synthetic generator""}",true
5b7d5a99-9fff-5061-849e-835f770454a9,c7df5212-ab60-5561-aa36-9acc415e9b5b,1.0,GENERATED,SYNTHETIC,accept,Industrial Electrician,"{""generator"":""v2"",""note"":""ground truth of the synthetic generator""}",true
68b31327-7bd2-5360-951f-12ea57b0f630,c7df5212-ab60-5561-aa36-9acc415e9b5b,1.0,GENERATED,SYNTHETIC,accept,इलेक्ट्रीशियन,"{""generator"":""v2"",""note"":""ground truth of the synthetic generator""}",true
82f44ccf-5500-5ce4-9e7a-1329d9e03d85,c7df5212-ab60-5561-aa36-9acc415e9b5b,1.0,GENERATED,SYNTHETIC,accept,Maintenance Electrician,"{""generator"":""v2"",""note"":""ground truth of the synthetic generator""}",true
c50340a8-3aa2-5dc9-9c87-2f80a08f99ab,c7df5212-ab60-5561-aa36-9acc415e9b5b,1.0,GENERATED,SYNTHETIC,accept,Maintenance Electrician,"{""generator"":""v2"",""note"":""ground truth of the synthetic generator""}",true
d54ab15e-4482-5434-a1bf-5658dfe6d901,c7df5212-ab60-5561-aa36-9acc415e9b5b,1.0,GENERATED,SYNTHETIC,accept,Electrician,"{""generator"":""v2"",""note"":""ground truth of the synthetic generator""}",true
b25f6d91-78e8-56bd-b1b3-ebb141a68db4,c7df5212-ab60-5561-aa36-9acc415e9b5b,1.0,GENERATED,SYNTHETIC,accept,Building Electrician,"{""generator"":""v2"",""note"":""ground truth of the synthetic generator""}",true
b6da9538-1637-5816-b6d8-cb3c00e7e109,c7df5212-ab60-5561-aa36-9acc415e9b5b,1.0,GENERATED,SYNTHETIC,accept,Maintenance Electrician,"{""generator"":""v2"",""note"":""ground truth of the synthetic generator""}",true
403fc42f-8cab-59f9-8bb9-65552ce36e19,c7df5212-ab60-5561-aa36-9acc415e9b5b,1.0,GENERATED,SYNTHETIC,accept,Industrial Electrician,"{""generator"":""v2"",""note"":""ground truth of the synthetic generator""}",true
7f404a64-6a60-5fba-98a2-506992f7e162,c7df5212-ab60-5561-aa36-9acc415e9b5b,1.0,GENERATED,SYNTHETIC,accept,Electrician (ITI),"{""generator"":""v2"",""note"":""ground truth of the synthetic generator""}",true
66c8a36b-3c64-567e-a579-a9904009321e,c7df5212-ab60-5561-aa36-9acc415e9b5b,1.0,GENERATED,SYNTHETIC,accept,Electrician (ITI),"{""generator"":""v2"",""note"":""ground truth of the synthetic generator""}",true
162f672b-d3b3-5c0e-8261-5bd7cdb19022,c7df5212-ab60-5561-aa36-9acc415e9b5b,1.0,GENERATED,SYNTHETIC,accept,Electrician (ITI),"{""generator"":""v2"",""note"":""ground truth of the synthetic generator""}",true
5e630c7d-d165-5fc6-9b3b-4e17968a4f67,c7df5212-ab60-5561-aa36-9acc415e9b5b,1.0,GENERATED,SYNTHETIC,accept,Electrician,"{""generator"":""v2"",""note"":""ground truth of the synthetic generator""}",true
2d621ff2-d97f-5d17-8ca1-45fce5f31071,c7df5212-ab60-5561-aa36-9acc415e9b5b,1.0,GENERATED,SYNTHETIC,accept,Industrial Electrician,"{""generator"":""v2"",""note"":""ground truth of the synthetic generator""}",true
b3be11de-eab0-5542-9484-e60c1c34a7e7,c7df5212-ab60-5561-aa36-9acc415e9b5b,1.0,GENERATED,SYNTHETIC,accept,इलेक्ट्रिशियन,"{""generator"":""v2"",""note"":""ground truth of the synthetic generator""}",true
adcc00de-94ac-5fbb-9714-6623688a801f,c7df5212-ab60-5561-aa36-9acc415e9b5b,1.0,GENERATED,SYNTHETIC,accept,Building Electrician,"{""generator"":""v2"",""note"":""ground truth of the synthetic generator""}",true
1e7b8f2d-c540-5bfa-85c1-e0f461838805,2f571be3-597c-576f-8dbd-e8baff7c9dfe,1.0,GENERATED,SYNTHETIC,accept,वायरमन,"{""generator"":""v2"",""note"":""ground truth of the synthetic generator""}",true
45230a0d-4737-554a-abf0-0d2a7a6be958,2f571be3-597c-576f-8dbd-e8baff7c9dfe,1.0,GENERATED,SYNTHETIC,accept,Wireman,"{""generator"":""v2"",""note"":""ground truth of the synthetic generator""}",true
b50b6f67-0339-5ada-8047-068ec56a6661,2f571be3-597c-576f-8dbd-e8baff7c9dfe,1.0,GENERATED,SYNTHETIC,accept,House Wiring Technician,"{""generator"":""v2"",""note"":""ground truth of the synthetic generator""}",true
adc4e355-b228-59e5-9000-45ea5e9b7ae0,2f571be3-597c-576f-8dbd-e8baff7c9dfe,1.0,GENERATED,SYNTHETIC,accept,Electrical Wireman,"{""generator"":""v2"",""note"":""ground truth of the synthetic generator""}",true
78761a91-9248-580d-abf0-de3c5c70256e,2f571be3-597c-576f-8dbd-e8baff7c9dfe,1.0,GENERATED,SYNTHETIC,accept,House Wiring Technician,"{""generator"":""v2"",""note"":""ground truth of the synthetic generator""}",true
322f2ecc-82ab-52c8-a4d6-c3a3051000d3,2f571be3-597c-576f-8dbd-e8baff7c9dfe,1.0,GENERATED,SYNTHETIC,accept,वायरमन,"{""generator"":""v2"",""note"":""ground truth of the synthetic generator""}",true
33bb0651-7e64-583e-a0ae-979b1f10556e,2f571be3-597c-576f-8dbd-e8baff7c9dfe,1.0,GENERATED,SYNTHETIC,accept,वायरमैन,"{""generator"":""v2"",""note"":""ground truth of the synthetic generator""}",true
584a47fe-0ae6-5fc0-a43f-737f09843bd3,2f571be3-597c-576f-8dbd-e8baff7c9dfe,1.0,GENERATED,SYNTHETIC,accept,Wireman,"{""generator"":""v2"",""note"":""ground truth of the synthetic generator""}",true
7e6f38c0-ab14-5903-beef-6d72f878b933,2f571be3-597c-576f-8dbd-e8baff7c9dfe,1.0,GENERATED,SYNTHETIC,accept,Wireman,"{""generator"":""v2"",""note"":""ground truth of the synthetic generator""}",true
5f1a1ff8-4877-5b27-aa36-df11273b568d,2f571be3-597c-576f-8dbd-e8baff7c9dfe,1.0,GENERATED,SYNTHETIC,accept,Wireman,"{""generator"":""v2"",""note"":""ground truth of the synthetic generator""}",true
19e45b7a-6ecf-5622-b570-9db42694d057,2f571be3-597c-576f-8dbd-e8baff7c9dfe,1.0,GENERATED,SYNTHETIC,accept,House Wiring Technician,"{""generator"":""v2"",""note"":""ground truth of the synthetic generator""}",true
fb38903a-7b72-5092-95d2-edb28e121e12,2f571be3-597c-576f-8dbd-e8baff7c9dfe,1.0,GENERATED,SYNTHETIC,accept,वायरमन,"{""generator"":""v2"",""note"":""ground truth of the synthetic generator""}",true
090fadab-56a2-590e-b3e5-a594af2b4ac0,2f571be3-597c-576f-8dbd-e8baff7c9dfe,1.0,GENERATED,SYNTHETIC,accept,House Wiring Technician,"{""generator"":""v2"",""note"":""ground truth of the synthetic generator""}",true
d6dfc90a-c3c6-5a13-9510-392b4b9e407c,2f571be3-597c-576f-8dbd-e8baff7c9dfe,1.0,GENERATED,SYNTHETIC,accept,वायरमैन,"{""generator"":""v2"",""note"":""ground truth of the synthetic generator""}",true
eaa7f45a-75b4-5b1b-a171-0b6c52280244,2f571be3-597c-576f-8dbd-e8baff7c9dfe,1.0,GENERATED,SYNTHETIC,accept,Wireman,"{""generator"":""v2"",""note"":""ground truth of the synthetic generator""}",true
cda04c57-2e71-58e0-b596-21c603ff6882,2f571be3-597c-576f-8dbd-e8baff7c9dfe,1.0,GENERATED,SYNTHETIC,accept,House Wiring Technician,"{""generator"":""v2"",""note"":""ground truth of the synthetic generator""}",true
b0847bc8-cf4c-5ef8-9fd9-c1943dc1390c,2f571be3-597c-576f-8dbd-e8baff7c9dfe,1.0,GENERATED,SYNTHETIC,accept,वायरमन,"{""generator"":""v2"",""note"":""ground truth of the synthetic generator""}",true
36ba8cca-26a9-5325-b516-c758382e54c1,2f571be3-597c-576f-8dbd-e8baff7c9dfe,1.0,GENERATED,SYNTHETIC,accept,Electrical Wireman,"{""generator"":""v2"",""note"":""ground truth of the synthetic generator""}",true
7ccce87c-7f33-5e68-afc8-717a5a3a0082,2f571be3-597c-576f-8dbd-e8baff7c9dfe,1.0,GENERATED,SYNTHETIC,accept,Electrical Wireman,"{""generator"":""v2"",""note"":""ground truth of the synthetic generator""}",true
b4879000-c418-59b2-a9bf-d2f3ccf178f9,2f571be3-597c-576f-8dbd-e8baff7c9dfe,1.0,GENERATED,SYNTHETIC,accept,Electrical Wireman,"{""generator"":""v2"",""note"":""ground truth of the synthetic generator""}",true
f60873ac-e00e-5ddb-9587-1b08c2ec3c24,2f571be3-597c-576f-8dbd-e8baff7c9dfe,1.0,GENERATED,SYNTHETIC,accept,Electrical Wireman,"{""generator"":""v2"",""note"":""ground truth of the synthetic generator""}",true
377faf0e-7ca7-5e94-9596-426180cbef15,2f571be3-597c-576f-8dbd-e8baff7c9dfe,1.0,GENERATED,SYNTHETIC,accept,Wireman,"{""generator"":""v2"",""note"":""ground truth of the synthetic generator""}",true
c3f84760-7971-5497-ac9a-79d284cd520c,2f571be3-597c-576f-8dbd-e8baff7c9dfe,1.0,GENERATED,SYNTHETIC,accept,Wireman,"{""generator"":""v2"",""note"":""ground truth of the synthetic generator""}",true
bb95bf37-ade7-5437-aea4-302c16c0057c,2f571be3-597c-576f-8dbd-e8baff7c9dfe,1.0,GENERATED,SYNTHETIC,accept,वायरमन,"{""generator"":""v2"",""note"":""ground truth of the synthetic generator""}",true
e48ebd87-3a42-5905-a66e-b3f3f9d1ea57,2f571be3-597c-576f-8dbd-e8baff7c9dfe,1.0,GENERATED,SYNTHETIC,accept,वायरमन,"{""generator"":""v2"",""note"":""ground truth of the synthetic generator""}",true
4805114f-9a30-591d-84a2-e68f70320fb7,2f571be3-597c-576f-8dbd-e8baff7c9dfe,1.0,GENERATED,SYNTHETIC,accept,House Wiring Technician,"{""generator"":""v2"",""note"":""ground truth of the synthetic generator""}",true
ebd1d9ef-4e78-5d85-a92c-9dcdf0806d9d,2f571be3-597c-576f-8dbd-e8baff7c9dfe,1.0,GENERATED,SYNTHETIC,accept,Electrical Wireman,"{""generator"":""v2"",""note"":""ground truth of the synthetic generator""}",true
cbfcb5b4-0467-5842-abf4-6ea0b214ab39,03766387-41ff-5119-95b7-86ce19e0d729,1.0,GENERATED,SYNTHETIC,accept,Motor Winding Technician,"{""generator"":""v2"",""note"":""ground truth of the synthetic generator""}",true
c1ec2a03-66e3-5663-a788-ed5d0f270866,03766387-41ff-5119-95b7-86ce19e0d729,1.0,GENERATED,SYNTHETIC,accept,Motor Rewinder,"{""generator"":""v2"",""note"":""ground truth of the synthetic generator""}",true
17a191bc-ecca-55b1-b45a-d961a249a228,03766387-41ff-5119-95b7-86ce19e0d729,1.0,GENERATED,SYNTHETIC,accept,Motor Winding Technician,"{""generator"":""v2"",""note"":""ground truth of the synthetic generator""}",true
1d59a05a-f7bc-5c52-b410-49fde144fa0b,03766387-41ff-5119-95b7-86ce19e0d729,1.0,GENERATED,SYNTHETIC,accept,Rewinding Mechanic,"{""generator"":""v2"",""note"":""ground truth of the synthetic generator""}",true
ed925f6a-089b-5fef-81ef-7af16f523b00,03766387-41ff-5119-95b7-86ce19e0d729,1.0,GENERATED,SYNTHETIC,accept,Rewinding Mechanic,"{""generator"":""v2"",""note"":""ground truth of the synthetic generator""}",true
05beed06-af04-5385-a04a-a3e4f68e274e,03766387-41ff-5119-95b7-86ce19e0d729,1.0,GENERATED,SYNTHETIC,accept,Motor Winding Technician,"{""generator"":""v2"",""note"":""ground truth of the synthetic generator""}",true
39ba2051-74ff-5bd1-b91e-f731e16c6a7c,03766387-41ff-5119-95b7-86ce19e0d729,1.0,GENERATED,SYNTHETIC,accept,मोटर वाइंडर,"{""generator"":""v2"",""note"":""ground truth of the synthetic generator""}",true
271adf69-a4ac-5dfc-a3d2-ec75e5375ea6,03766387-41ff-5119-95b7-86ce19e0d729,1.0,GENERATED,SYNTHETIC,accept,मोटर वाइंडर,"{""generator"":""v2"",""note"":""ground truth of the synthetic generator""}",true
3ed56329-0241-5912-b3ed-788c1abe2a07,03766387-41ff-5119-95b7-86ce19e0d729,1.0,GENERATED,SYNTHETIC,accept,Motor Winding Technician,"{""generator"":""v2"",""note"":""ground truth of the synthetic generator""}",true
5d882e7e-4c61-5ccc-8dc6-f707c612729c,03766387-41ff-5119-95b7-86ce19e0d729,1.0,GENERATED,SYNTHETIC,accept,Rewinding Mechanic,"{""generator"":""v2"",""note"":""ground truth of the synthetic generator""}",true
fdc42e3f-75ef-591e-9c17-2e69611f112a,03766387-41ff-5119-95b7-86ce19e0d729,1.0,GENERATED,SYNTHETIC,accept,Rewinding Mechanic,"{""generator"":""v2"",""note"":""ground truth of the synthetic generator""}",true
56f598bf-5ba2-5872-b9bd-2fb5e7223b0c,03766387-41ff-5119-95b7-86ce19e0d729,1.0,GENERATED,SYNTHETIC,accept,Motor Winding Technician,"{""generator"":""v2"",""note"":""ground truth of the synthetic generator""}",true
363a6b55-6754-54e1-a33d-23b2f2ddc663,03766387-41ff-5119-95b7-86ce19e0d729,1.0,GENERATED,SYNTHETIC,accept,Rewinding Mechanic,"{""generator"":""v2"",""note"":""ground truth of the synthetic generator""}",true
8d915323-d5ed-5011-aef7-46fdbe7463ba,03766387-41ff-5119-95b7-86ce19e0d729,1.0,GENERATED,SYNTHETIC,accept,Motor Winding Technician,"{""generator"":""v2"",""note"":""ground truth of the synthetic generator""}",true
d80cc68e-37a4-510b-8639-849b478adf4d,03766387-41ff-5119-95b7-86ce19e0d729,1.0,GENERATED,SYNTHETIC,accept,Motor Winding Technician,"{""generator"":""v2"",""note"":""ground truth of the synthetic generator""}",true
8571eff8-3860-5be8-8fef-c9fa86dad921,03766387-41ff-5119-95b7-86ce19e0d729,1.0,GENERATED,SYNTHETIC,accept,मोटर वाइंडर,"{""generator"":""v2"",""note"":""ground truth of the synthetic generator""}",true
d74a90b7-72fd-5f7e-8e54-bfa6888261c3,03766387-41ff-5119-95b7-86ce19e0d729,1.0,GENERATED,SYNTHETIC,accept,Rewinding Mechanic,"{""generator"":""v2"",""note"":""ground truth of the synthetic generator""}",true
3bc63099-f657-5333-8e87-0aba7214296b,03766387-41ff-5119-95b7-86ce19e0d729,1.0,GENERATED,SYNTHETIC,accept,Motor Rewinder,"{""generator"":""v2"",""note"":""ground truth of the synthetic generator""}",true
40215fb7-940d-539f-b3e6-99c1617aa1d3,03766387-41ff-5119-95b7-86ce19e0d729,1.0,GENERATED,SYNTHETIC,accept,Motor Winding Technician,"{""generator"":""v2"",""note"":""ground truth of the synthetic generator""}",true
359689c4-dcf8-5138-bbd2-ee9b323c2083,03766387-41ff-5119-95b7-86ce19e0d729,1.0,GENERATED,SYNTHETIC,accept,Motor Winding Technician,"{""generator"":""v2"",""note"":""ground truth of the synthetic generator""}",true
6006ec7d-0415-5f99-a0a8-17ecf1c5cf59,608cbacd-5b75-535a-92f4-6a1d0aa606f5,1.0,GENERATED,SYNTHETIC,accept,Solar PV Installer,"{""generator"":""v2"",""note"":""ground truth of the synthetic generator""}",true
4b5fa311-7dd4-5148-806a-a3d1f8c4316d,608cbacd-5b75-535a-92f4-6a1d0aa606f5,1.0,GENERATED,SYNTHETIC,accept,Solar PV Installer,"{""generator"":""v2"",""note"":""ground truth of the synthetic generator""}",true
849501c7-ce66-5b93-b77d-d3d7fb90d104,608cbacd-5b75-535a-92f4-6a1d0aa606f5,1.0,GENERATED,SYNTHETIC,accept,Solar Panel Fitter,"{""generator"":""v2"",""note"":""ground truth of the synthetic generator""}",true
f2aa0d0a-0dae-5de3-b71e-ebf06ba8d6d2,608cbacd-5b75-535a-92f4-6a1d0aa606f5,1.0,GENERATED,SYNTHETIC,accept,Solar Panel Fitter,"{""generator"":""v2"",""note"":""ground truth of the synthetic generator""}",true
a4f64588-d3c3-5794-b9c6-6d64e6b4e4e2,608cbacd-5b75-535a-92f4-6a1d0aa606f5,1.0,GENERATED,SYNTHETIC,accept,सोलर पॅनल इन्स्टॉलर,"{""generator"":""v2"",""note"":""ground truth of the synthetic generator""}",true
8c40dab1-3395-530e-8844-f42f2b92a85b,608cbacd-5b75-535a-92f4-6a1d0aa606f5,1.0,GENERATED,SYNTHETIC,accept,Solar PV Installer,"{""generator"":""v2"",""note"":""ground truth of the synthetic generator""}",true
459e6b20-65fb-5fdc-b51b-627cfe0dfd7d,608cbacd-5b75-535a-92f4-6a1d0aa606f5,1.0,GENERATED,SYNTHETIC,accept,Rooftop Solar Installer,"{""generator"":""v2"",""note"":""ground truth of the synthetic generator""}",true
2145d8eb-2de0-5ea8-a207-c821c2dea6ff,608cbacd-5b75-535a-92f4-6a1d0aa606f5,1.0,GENERATED,SYNTHETIC,accept,Rooftop Solar Installer,"{""generator"":""v2"",""note"":""ground truth of the synthetic generator""}",true
fdbfaaa2-7595-5c81-a74a-579a0a374002,608cbacd-5b75-535a-92f4-6a1d0aa606f5,1.0,GENERATED,SYNTHETIC,accept,Rooftop Solar Installer,"{""generator"":""v2"",""note"":""ground truth of the synthetic generator""}",true
78c5bd74-476d-5364-9c6e-236925a78686,608cbacd-5b75-535a-92f4-6a1d0aa606f5,1.0,GENERATED,SYNTHETIC,accept,Solar PV Installer,"{""generator"":""v2"",""note"":""ground truth of the synthetic generator""}",true
a255b82f-7710-5217-bac4-83219589215a,608cbacd-5b75-535a-92f4-6a1d0aa606f5,1.0,GENERATED,SYNTHETIC,accept,Rooftop Solar Installer,"{""generator"":""v2"",""note"":""ground truth of the synthetic generator""}",true
2a353719-3a5c-5073-8083-af5e33ff4449,608cbacd-5b75-535a-92f4-6a1d0aa606f5,1.0,GENERATED,SYNTHETIC,accept,Solar Panel Fitter,"{""generator"":""v2"",""note"":""ground truth of the synthetic generator""}",true
e168701e-147b-5641-bfa0-5174b5e79cec,608cbacd-5b75-535a-92f4-6a1d0aa606f5,1.0,GENERATED,SYNTHETIC,accept,Rooftop Solar Installer,"{""generator"":""v2"",""note"":""ground truth of the synthetic generator""}",true
bb1378de-7793-5cc0-a552-9dcdaf6b332e,608cbacd-5b75-535a-92f4-6a1d0aa606f5,1.0,GENERATED,SYNTHETIC,accept,Rooftop Solar Installer,"{""generator"":""v2"",""note"":""ground truth of the synthetic generator""}",true
a1d6b7f9-6d01-59da-b32d-21f0f0a08d28,608cbacd-5b75-535a-92f4-6a1d0aa606f5,1.0,GENERATED,SYNTHETIC,accept,सोलर पॅनल इन्स्टॉलर,"{""generator"":""v2"",""note"":""ground truth of the synthetic generator""}",true
49f73919-57e8-5d27-a6b5-6a95f9085191,608cbacd-5b75-535a-92f4-6a1d0aa606f5,1.0,GENERATED,SYNTHETIC,accept,Rooftop Solar Installer,"{""generator"":""v2"",""note"":""ground truth of the synthetic generator""}",true
becc8262-8d82-5fa2-a638-62433fa7388e,608cbacd-5b75-535a-92f4-6a1d0aa606f5,1.0,GENERATED,SYNTHETIC,accept,Rooftop Solar Installer,"{""generator"":""v2"",""note"":""ground truth of the synthetic generator""}",true
5bc9a175-d112-57bf-bc98-a63487e3317c,608cbacd-5b75-535a-92f4-6a1d0aa606f5,1.0,GENERATED,SYNTHETIC,accept,सोलर पैनल इंस्टॉलर,"{""generator"":""v2"",""note"":""ground truth of the synthetic generator""}",true
39c7a0e4-567f-5fb1-ab2a-ffac06b39182,608cbacd-5b75-535a-92f4-6a1d0aa606f5,1.0,GENERATED,SYNTHETIC,accept,Solar PV Installer,"{""generator"":""v2"",""note"":""ground truth of the synthetic generator""}",true
e23fa7f4-b449-5084-a546-c561bf05fff6,608cbacd-5b75-535a-92f4-6a1d0aa606f5,1.0,GENERATED,SYNTHETIC,accept,Solar PV Installer,"{""generator"":""v2"",""note"":""ground truth of the synthetic generator""}",true
c289f3b1-1bbe-5402-81a3-f4b93ffdc7dd,608cbacd-5b75-535a-92f4-6a1d0aa606f5,1.0,GENERATED,SYNTHETIC,accept,Rooftop Solar Installer,"{""generator"":""v2"",""note"":""ground truth of the synthetic generator""}",true
6e8ba758-422f-5ba9-8eec-63317285e287,608cbacd-5b75-535a-92f4-6a1d0aa606f5,1.0,GENERATED,SYNTHETIC,accept,Rooftop Solar Installer,"{""generator"":""v2"",""note"":""ground truth of the synthetic generator""}",true
de08095d-ca56-52eb-8f7a-7aa6b5438160,608cbacd-5b75-535a-92f4-6a1d0aa606f5,1.0,GENERATED,SYNTHETIC,accept,Rooftop Solar Installer,"{""generator"":""v2"",""note"":""ground truth of the synthetic generator""}",true
4b38f400-e5ed-5ab4-afff-fe6f7db09c92,608cbacd-5b75-535a-92f4-6a1d0aa606f5,1.0,GENERATED,SYNTHETIC,accept,सोलर पॅनल इन्स्टॉलर,"{""generator"":""v2"",""note"":""ground truth of the synthetic generator""}",true
caae1a0a-c1f0-5266-8331-efd7fcd54aa8,608cbacd-5b75-535a-92f4-6a1d0aa606f5,1.0,GENERATED,SYNTHETIC,accept,Solar Panel Fitter,"{""generator"":""v2"",""note"":""ground truth of the synthetic generator""}",true
919e639a-df47-5871-abb4-3442e2e4e572,608cbacd-5b75-535a-92f4-6a1d0aa606f5,1.0,GENERATED,SYNTHETIC,accept,Solar PV Installer,"{""generator"":""v2"",""note"":""ground truth of the synthetic generator""}",true
42aea63d-3b53-578c-b0ac-01e64ac57428,608cbacd-5b75-535a-92f4-6a1d0aa606f5,1.0,GENERATED,SYNTHETIC,accept,सोलर पॅनल इन्स्टॉलर,"{""generator"":""v2"",""note"":""ground truth of the synthetic generator""}",true
25877593-ee1e-5646-8a66-b6a9231c838c,608cbacd-5b75-535a-92f4-6a1d0aa606f5,1.0,GENERATED,SYNTHETIC,accept,Solar Panel Fitter,"{""generator"":""v2"",""note"":""ground truth of the synthetic generator""}",true
7192dcba-3eb8-5531-b5c4-2ea875a29e4b,608cbacd-5b75-535a-92f4-6a1d0aa606f5,1.0,GENERATED,SYNTHETIC,accept,Solar PV Installer,"{""generator"":""v2"",""note"":""ground truth of the synthetic generator""}",true
0b58c236-b6f2-5fa0-97bc-d3a554c24285,608cbacd-5b75-535a-92f4-6a1d0aa606f5,1.0,GENERATED,SYNTHETIC,accept,सोलर पॅनल इन्स्टॉलर,"{""generator"":""v2"",""note"":""ground truth of the synthetic generator""}",true
9886baed-b016-546c-b9a6-f9a101eadfda,608cbacd-5b75-535a-92f4-6a1d0aa606f5,1.0,GENERATED,SYNTHETIC,accept,Solar Panel Fitter,"{""generator"":""v2"",""note"":""ground truth of the synthetic generator""}",true
cac93314-2d8b-5c92-9fc4-c8bd4dddb4a8,608cbacd-5b75-535a-92f4-6a1d0aa606f5,1.0,GENERATED,SYNTHETIC,accept,Solar PV Installer,"{""generator"":""v2"",""note"":""ground truth of the synthetic generator""}",true
f24f4208-d087-55ef-880e-aa57205f6283,608cbacd-5b75-535a-92f4-6a1d0aa606f5,1.0,GENERATED,SYNTHETIC,accept,Rooftop Solar Installer,"{""generator"":""v2"",""note"":""ground truth of the synthetic generator""}",true
37dfd0f7-7ca6-5e8b-a959-3bf5b4d43648,608cbacd-5b75-535a-92f4-6a1d0aa606f5,1.0,GENERATED,SYNTHETIC,accept,Rooftop Solar Installer,"{""generator"":""v2"",""note"":""ground truth of the synthetic generator""}",true
54a02ff7-6b3a-58a0-b70b-abe9e4714702,608cbacd-5b75-535a-92f4-6a1d0aa606f5,1.0,GENERATED,SYNTHETIC,accept,Solar Panel Fitter,"{""generator"":""v2"",""note"":""ground truth of the synthetic generator""}",true
802d05b7-09af-5728-9b85-121b2f3771ed,608cbacd-5b75-535a-92f4-6a1d0aa606f5,1.0,GENERATED,SYNTHETIC,accept,सोलर पॅनल इन्स्टॉलर,"{""generator"":""v2"",""note"":""ground truth of the synthetic generator""}",true
7fab9d0c-7dea-5b1a-abe3-52625b42f739,608cbacd-5b75-535a-92f4-6a1d0aa606f5,1.0,GENERATED,SYNTHETIC,accept,Solar Panel Fitter,"{""generator"":""v2"",""note"":""ground truth of the synthetic generator""}",true
c2b34319-337b-53a1-aec0-81be714bd97b,608cbacd-5b75-535a-92f4-6a1d0aa606f5,1.0,GENERATED,SYNTHETIC,accept,Rooftop Solar Installer,"{""generator"":""v2"",""note"":""ground truth of the synthetic generator""}",true
979f8846-b6c7-5982-acea-6556c362e337,608cbacd-5b75-535a-92f4-6a1d0aa606f5,1.0,GENERATED,SYNTHETIC,accept,Solar Panel Fitter,"{""generator"":""v2"",""note"":""ground truth of the synthetic generator""}",true
0deafb36-6d6c-54ae-a292-8999ba1f2907,608cbacd-5b75-535a-92f4-6a1d0aa606f5,1.0,GENERATED,SYNTHETIC,accept,Rooftop Solar Installer,"{""generator"":""v2"",""note"":""ground truth of the synthetic generator""}",true
9709e26b-1c41-5cc6-9c23-6b7096d7928f,608cbacd-5b75-535a-92f4-6a1d0aa606f5,1.0,GENERATED,SYNTHETIC,accept,Solar PV Installer,"{""generator"":""v2"",""note"":""ground truth of the synthetic generator""}",true
418acf87-a12b-507a-a4d9-656c3adc2ea5,608cbacd-5b75-535a-92f4-6a1d0aa606f5,1.0,GENERATED,SYNTHETIC,accept,Rooftop Solar Installer,"{""generator"":""v2"",""note"":""ground truth of the synthetic generator""}",true
1d02b1a8-aa0d-55f8-a131-17680905efe8,608cbacd-5b75-535a-92f4-6a1d0aa606f5,1.0,GENERATED,SYNTHETIC,accept,Rooftop Solar Installer,"{""generator"":""v2"",""note"":""ground truth of the synthetic generator""}",true
ac34f9cf-2be4-5cf8-9d15-1e747e40c1f5,608cbacd-5b75-535a-92f4-6a1d0aa606f5,1.0,GENERATED,SYNTHETIC,accept,Solar Panel Fitter,"{""generator"":""v2"",""note"":""ground truth of the synthetic generator""}",true
d457db90-92ca-5dc3-98f4-f0a3f54c6306,608cbacd-5b75-535a-92f4-6a1d0aa606f5,1.0,GENERATED,SYNTHETIC,accept,Solar Panel Fitter,"{""generator"":""v2"",""note"":""ground truth of the synthetic generator""}",true
6d3068c0-15c9-58a1-a2b1-e7b0035a445a,608cbacd-5b75-535a-92f4-6a1d0aa606f5,1.0,GENERATED,SYNTHETIC,accept,Rooftop Solar Installer,"{""generator"":""v2"",""note"":""ground truth of the synthetic generator""}",true
d0b4c883-afa8-5cfa-accf-aa85181e2bb1,608cbacd-5b75-535a-92f4-6a1d0aa606f5,1.0,GENERATED,SYNTHETIC,accept,सोलर पैनल इंस्टॉलर,"{""generator"":""v2"",""note"":""ground truth of the synthetic generator""}",true
dd17f909-7da0-5a22-8d4d-9582dd32d801,b943fcf7-9b8c-5261-907f-3a3ad77dfba0,1.0,GENERATED,SYNTHETIC,accept,Solar O&M Technician,"{""generator"":""v2"",""note"":""ground truth of the synthetic generator""}",true
93cdf60b-b71d-55cc-96c2-70c1ec6e67e2,b943fcf7-9b8c-5261-907f-3a3ad77dfba0,1.0,GENERATED,SYNTHETIC,accept,सोलर सर्व्हिस टेक्निशियन,"{""generator"":""v2"",""note"":""ground truth of the synthetic generator""}",true
a2cc88b6-0c05-5f9a-9c8a-7686c9f0c674,b943fcf7-9b8c-5261-907f-3a3ad77dfba0,1.0,GENERATED,SYNTHETIC,accept,Solar Inverter Technician,"{""generator"":""v2"",""note"":""ground truth of the synthetic generator""}",true
d9e2e34b-dfff-50af-be92-4ccbb8fb2640,b943fcf7-9b8c-5261-907f-3a3ad77dfba0,1.0,GENERATED,SYNTHETIC,accept,Solar Service Technician,"{""generator"":""v2"",""note"":""ground truth of the synthetic generator""}",true
0d4c990a-f644-52b8-9302-2b6b1daf0fba,b943fcf7-9b8c-5261-907f-3a3ad77dfba0,1.0,GENERATED,SYNTHETIC,accept,Solar Service Technician,"{""generator"":""v2"",""note"":""ground truth of the synthetic generator""}",true
24f7cfd6-ce0e-56b6-94db-8a5f4822de3a,b943fcf7-9b8c-5261-907f-3a3ad77dfba0,1.0,GENERATED,SYNTHETIC,accept,सोलर सर्व्हिस टेक्निशियन,"{""generator"":""v2"",""note"":""ground truth of the synthetic generator""}",true
6601c0c7-f52f-5cec-af54-52dc8d544697,b943fcf7-9b8c-5261-907f-3a3ad77dfba0,1.0,GENERATED,SYNTHETIC,accept,Solar Service Technician,"{""generator"":""v2"",""note"":""ground truth of the synthetic generator""}",true
98bdf2f1-fa0a-5785-a9c5-0349e4905aff,b943fcf7-9b8c-5261-907f-3a3ad77dfba0,1.0,GENERATED,SYNTHETIC,accept,Solar O&M Technician,"{""generator"":""v2"",""note"":""ground truth of the synthetic generator""}",true
3d3480cc-b2db-538d-b6ca-c40e6255cc41,b943fcf7-9b8c-5261-907f-3a3ad77dfba0,1.0,GENERATED,SYNTHETIC,accept,Solar Service Technician,"{""generator"":""v2"",""note"":""ground truth of the synthetic generator""}",true
e8bef9ee-e924-565b-a764-c44a80560ee4,b943fcf7-9b8c-5261-907f-3a3ad77dfba0,1.0,GENERATED,SYNTHETIC,accept,Solar O&M Technician,"{""generator"":""v2"",""note"":""ground truth of the synthetic generator""}",true
97c0085c-1242-58be-be49-6e2e3186a66e,b943fcf7-9b8c-5261-907f-3a3ad77dfba0,1.0,GENERATED,SYNTHETIC,accept,Solar O&M Technician,"{""generator"":""v2"",""note"":""ground truth of the synthetic generator""}",true
428494aa-7a36-5a7a-abdc-2ec9cc59c25c,b943fcf7-9b8c-5261-907f-3a3ad77dfba0,1.0,GENERATED,SYNTHETIC,accept,Solar Inverter Technician,"{""generator"":""v2"",""note"":""ground truth of the synthetic generator""}",true
d3d51008-eaef-5380-9b62-5986d55d9343,b943fcf7-9b8c-5261-907f-3a3ad77dfba0,1.0,GENERATED,SYNTHETIC,accept,Solar O&M Technician,"{""generator"":""v2"",""note"":""ground truth of the synthetic generator""}",true
481fe10a-7244-5c87-b034-8066ff205f27,b943fcf7-9b8c-5261-907f-3a3ad77dfba0,1.0,GENERATED,SYNTHETIC,accept,सोलर सर्व्हिस टेक्निशियन,"{""generator"":""v2"",""note"":""ground truth of the synthetic generator""}",true
61d27a09-268e-5c29-aa99-66b966bcff26,b943fcf7-9b8c-5261-907f-3a3ad77dfba0,1.0,GENERATED,SYNTHETIC,accept,सोलर सर्व्हिस टेक्निशियन,"{""generator"":""v2"",""note"":""ground truth of the synthetic generator""}",true
fe72cd60-f53a-52f2-a8a4-568ffc65b046,b943fcf7-9b8c-5261-907f-3a3ad77dfba0,1.0,GENERATED,SYNTHETIC,accept,Solar O&M Technician,"{""generator"":""v2"",""note"":""ground truth of the synthetic generator""}",true
caea0022-380b-5f1f-9099-89d367190b29,b943fcf7-9b8c-5261-907f-3a3ad77dfba0,1.0,GENERATED,SYNTHETIC,accept,Solar Service Technician,"{""generator"":""v2"",""note"":""ground truth of the synthetic generator""}",true
c31ca448-be43-55b0-b103-43ef514e3ab8,b943fcf7-9b8c-5261-907f-3a3ad77dfba0,1.0,GENERATED,SYNTHETIC,accept,Solar Inverter Technician,"{""generator"":""v2"",""note"":""ground truth of the synthetic generator""}",true
ed555ccc-27c3-5420-a2e8-b2730d2ad852,b943fcf7-9b8c-5261-907f-3a3ad77dfba0,1.0,GENERATED,SYNTHETIC,accept,सोलर सर्व्हिस टेक्निशियन,"{""generator"":""v2"",""note"":""ground truth of the synthetic generator""}",true
edffce7a-9470-5533-9adf-c7b8b18d901d,b943fcf7-9b8c-5261-907f-3a3ad77dfba0,1.0,GENERATED,SYNTHETIC,accept,Solar O&M Technician,"{""generator"":""v2"",""note"":""ground truth of the synthetic generator""}",true
